Merknad;Spor;Tognummer;Terminal;Avgangsdato;Uke;Dag;Lastefrist;Ferdig opplastet;Avvik - lasteforsinkelse;Frist lok;Lok ankommet;Avvik - lokforsinkelse;Planlagt klart fra terminal;Klart fra terminal;Avvik - terminalforsinkelse;Planlagt avgang;Faktisk avgang;Avvik - avgangsforsinkelse;Årsakskode - avgangsforsinkelse;Kommentar;Forsinkelsesminutter;LoggTogID
Lastefristkl. 19:30 dag før avgang.;C45;5301.0;Alnabru;2026-01-01;1.0;Torsdag;19:30:00;;0.0;08:11:00;;0.0;08:46:00;;0.0;08:51:00;;0.0;;;0.0;01-01-2026_5301
;C45;5801.0;Alnabru;2026-01-01;1.0;Torsdag;08:50:00;;0.0;08:51:00;;0.0;09:26:00;;0.0;09:31:00;;0.0;;;0.0;01-01-2026_5801
PRI-TOG;C42;5731.0;Alnabru;2026-01-01;1.0;Torsdag;08:50:00;;0.0;09:02:00;;0.0;09:37:00;;0.0;09:42:00;;0.0;;;0.0;01-01-2026_5731
;C32 ;5507.0;Alnabru;2026-01-01;1.0;Torsdag;11:40:00;;0.0;11:43:00;;0.0;12:18:00;;0.0;12:23:00;;0.0;;;0.0;01-01-2026_5507
;C42;45960.0;Alnabru;2026-01-01;1.0;Torsdag;14:00:00;;0.0;15:02:00;;0.0;15:37:00;;0.0;15:42:00;;0.0;;;0.0;01-01-2026_45960
;C42;5707.0;Alnabru;2026-01-01;1.0;Torsdag;16:20:00;;0.0;16:32:00;;0.0;17:07:00;;0.0;17:12:00;;0.0;;;0.0;01-01-2026_5707
;C32 ;5509.0;Alnabru;2026-01-01;1.0;Torsdag;16:30:00;;0.0;16:44:00;;0.0;17:19:00;;0.0;17:24:00;;0.0;;;0.0;01-01-2026_5509
;C44;41960.0;Alnabru;2026-01-01;1.0;Torsdag;16:00:00;;0.0;16:48:00;;0.0;17:23:00;;0.0;17:28:00;;0.0;;;0.0;01-01-2026_41960
;C2/C5A;41971.0;Alnabru;2026-01-01;1.0;Torsdag;16:00:00;;0.0;17:04:00;;0.0;17:39:00;;0.0;17:44:00;;0.0;;;0.0;01-01-2026_41971
;C45;5805.0;Alnabru;2026-01-01;1.0;Torsdag;17:00:00;;0.0;17:11:00;;0.0;17:46:00;;0.0;17:51:00;;0.0;;;0.0;01-01-2026_5805
PRI-TOG;C23;41910.0;Alnabru;2026-01-01;1.0;Torsdag;17:35:00;;0.0;17:45:00;;0.0;18:20:00;;0.0;18:25:00;;0.0;;;0.0;01-01-2026_41910
;C32 ;5511.0;Alnabru;2026-01-01;1.0;Torsdag;18:40:00;;0.0;18:59:00;;0.0;19:34:00;;0.0;19:39:00;;0.0;;;0.0;01-01-2026_5511
;C42;5733.0;Alnabru;2026-01-01;1.0;Torsdag;19:20:00;;0.0;19:35:00;;0.0;20:05:00;;0.0;20:10:00;;0.0;;;0.0;01-01-2026_5733
PRI-TOG;C31;41900.0;Alnabru;2026-01-01;1.0;Torsdag;19:40:00;;0.0;19:46:00;;0.0;20:21:00;;0.0;20:26:00;;0.0;;;0.0;01-01-2026_41900
;C45;5709.0;Alnabru;2026-01-01;1.0;Torsdag;21:00:00;;0.0;21:02:00;;0.0;21:37:00;;0.0;21:42:00;;0.0;;;0.0;01-01-2026_5709
LANGTOG;C43;5811.0;Alnabru;2026-01-01;1.0;Torsdag;20:30:00;;0.0;20:51:00;;0.0;21:26:00;;0.0;21:31:00;;0.0;;;0.0;01-01-2026_5811
LANGTOG;C32 ;5515.0;Alnabru;2026-01-01;1.0;Torsdag;21:15:00;;0.0;21:17:00;;0.0;21:52:00;;0.0;21:57:00;;0.0;;;0.0;01-01-2026_5515
PRI-TOG;C23;5735.0;Alnabru;2026-01-01;1.0;Torsdag;21:50:00;;0.0;22:02:00;;0.0;22:37:00;;0.0;22:42:00;;0.0;;;0.0;01-01-2026_5735
Lastefristkl. 19:30 dag før avgang.;C45;5301.0;Alnabru;2026-01-02;1.0;Fredag;19:30:00;;0.0;08:11:00;;0.0;08:46:00;;0.0;08:51:00;;0.0;;;0.0;02-01-2026_5301
;C45;5801.0;Alnabru;2026-01-02;1.0;Fredag;08:50:00;;0.0;08:51:00;;0.0;09:26:00;;0.0;09:31:00;;0.0;;;0.0;02-01-2026_5801
PRI-TOG;C42;5731.0;Alnabru;2026-01-02;1.0;Fredag;08:50:00;;0.0;09:02:00;;0.0;09:37:00;;0.0;09:42:00;;0.0;;;0.0;02-01-2026_5731
;C32 ;5507.0;Alnabru;2026-01-02;1.0;Fredag;11:40:00;;0.0;11:43:00;;0.0;12:18:00;;0.0;12:23:00;;0.0;;;0.0;02-01-2026_5507
;C42;45960.0;Alnabru;2026-01-02;1.0;Fredag;14:00:00;;0.0;15:02:00;;0.0;15:37:00;;0.0;15:42:00;;0.0;;;0.0;02-01-2026_45960
;C32 ;5509.0;Alnabru;2026-01-02;1.0;Fredag;16:30:00;;0.0;16:44:00;;0.0;17:19:00;;0.0;17:24:00;;0.0;;;0.0;02-01-2026_5509
;C2/C5A;41971.0;Alnabru;2026-01-02;1.0;Fredag;16:00:00;;0.0;17:04:00;;0.0;17:39:00;;0.0;17:44:00;;0.0;;;0.0;02-01-2026_41971
;C45;5805.0;Alnabru;2026-01-02;1.0;Fredag;17:00:00;;0.0;17:11:00;;0.0;17:46:00;;0.0;17:51:00;;0.0;;;0.0;02-01-2026_5805
PRI-TOG;C23;41910.0;Alnabru;2026-01-02;1.0;Fredag;17:35:00;;0.0;17:45:00;;0.0;18:20:00;;0.0;18:25:00;;0.0;;;0.0;02-01-2026_41910
;C32 ;5511.0;Alnabru;2026-01-02;1.0;Fredag;18:40:00;;0.0;18:59:00;;0.0;19:34:00;;0.0;19:39:00;;0.0;;;0.0;02-01-2026_5511
;C42;5733.0;Alnabru;2026-01-02;1.0;Fredag;19:20:00;;0.0;19:35:00;;0.0;20:05:00;;0.0;20:10:00;;0.0;;;0.0;02-01-2026_5733
PRI-TOG;C31;41900.0;Alnabru;2026-01-02;1.0;Fredag;19:40:00;;0.0;19:46:00;;0.0;20:21:00;;0.0;20:26:00;;0.0;;;0.0;02-01-2026_41900
;C45;5709.0;Alnabru;2026-01-02;1.0;Fredag;21:00:00;;0.0;21:02:00;;0.0;21:37:00;;0.0;21:42:00;;0.0;;;0.0;02-01-2026_5709
LANGTOG;C43;5811.0;Alnabru;2026-01-02;1.0;Fredag;20:30:00;;0.0;20:51:00;;0.0;21:26:00;;0.0;21:31:00;;0.0;;;0.0;02-01-2026_5811
LANGTOG;C32 ;5515.0;Alnabru;2026-01-02;1.0;Fredag;21:15:00;;0.0;21:17:00;;0.0;21:52:00;;0.0;21:57:00;;0.0;;;0.0;02-01-2026_5515
PRI-TOG;C23;5735.0;Alnabru;2026-01-02;1.0;Fredag;21:50:00;;0.0;22:02:00;;0.0;22:37:00;;0.0;22:42:00;;0.0;;;0.0;02-01-2026_5735
FORHÅNDSLASTES C32 FREDAG;C32 ;5737.0;Alnabru;2026-01-03;1.0;Lørdag;11:00:00;;0.0;11:02:00;;0.0;11:37:00;;0.0;11:42:00;;0.0;;;0.0;03-01-2026_5737
;C44;41971.0;Alnabru;2026-01-03;1.0;Lørdag;13:30:00;;0.0;17:04:00;;0.0;17:39:00;;0.0;17:44:00;;0.0;;;0.0;03-01-2026_41971
PRI-TOG;C23;41910.0;Alnabru;2026-01-03;1.0;Lørdag;12:00:00;;0.0;17:45:00;;0.0;18:20:00;;0.0;18:25:00;;0.0;;;0.0;03-01-2026_41910
LASTEFRIST KL. 15:00 LØRDAG;C23;5711.0;Alnabru;2026-01-04;1.0;Søndag;14:30:00;;0.0;07:27:00;;0.0;08:02:00;;0.0;08:07:00;;0.0;;;0.0;04-01-2026_5711
Lastefrist 13:30 Søndag;C44;41960.0;Alnabru;2026-01-04;1.0;Søndag;13:30:00;;0.0;16:48:00;;0.0;17:23:00;;0.0;17:28:00;;0.0;;;0.0;04-01-2026_41960
;C44;41971.0;Alnabru;2026-01-04;1.0;Søndag;13:30:00;;0.0;17:04:00;;0.0;17:39:00;;0.0;17:44:00;;0.0;;;0.0;04-01-2026_41971
LANGTOG;C32;5523.0;Alnabru;2026-01-04;1.0;Søndag;16:00:00;;0.0;18:31:00;;0.0;19:06:00;;0.0;19:11:00;;0.0;;;0.0;04-01-2026_5523
;C23;5717.0;Alnabru;2026-01-04;1.0;Søndag;16:00:00;;0.0;18:57:00;;0.0;19:32:00;;0.0;19:37:00;;0.0;;;0.0;04-01-2026_5717
LANGTOG;C43;5811.0;Alnabru;2026-01-04;1.0;Søndag;13:30:00;;0.0;20:51:00;;0.0;21:26:00;;0.0;21:31:00;;0.0;;;0.0;04-01-2026_5811
;C32 Nord;5531.0;Alnabru;2026-01-05;2.0;Mandag;07:50:00;;0.0;07:43:00;;0.0;08:18:00;;0.0;08:23:00;;0.0;;;0.0;05-01-2026_5531
Lastefristkl. 19:30 dag før avgang.;C45;5301.0;Alnabru;2026-01-05;2.0;Mandag;19:30:00;;0.0;08:11:00;;0.0;08:46:00;;0.0;08:51:00;;0.0;;;0.0;05-01-2026_5301
;C45;5801.0;Alnabru;2026-01-05;2.0;Mandag;08:50:00;;0.0;08:51:00;;0.0;09:26:00;;0.0;09:31:00;;0.0;;;0.0;05-01-2026_5801
PRI-TOG;C42;5731.0;Alnabru;2026-01-05;2.0;Mandag;08:50:00;;0.0;09:02:00;;0.0;09:37:00;;0.0;09:42:00;;0.0;;;0.0;05-01-2026_5731
;C32 ;5507.0;Alnabru;2026-01-05;2.0;Mandag;11:40:00;;0.0;11:43:00;;0.0;12:18:00;;0.0;12:23:00;;0.0;;;0.0;05-01-2026_5507
;C42;45960.0;Alnabru;2026-01-05;2.0;Mandag;14:00:00;;0.0;15:02:00;;0.0;15:37:00;;0.0;15:42:00;;0.0;;;0.0;05-01-2026_45960
;C42;5707.0;Alnabru;2026-01-05;2.0;Mandag;16:20:00;;0.0;16:32:00;;0.0;17:07:00;;0.0;17:12:00;;0.0;;;0.0;05-01-2026_5707
;C32 ;5509.0;Alnabru;2026-01-05;2.0;Mandag;16:30:00;;0.0;16:44:00;;0.0;17:19:00;;0.0;17:24:00;;0.0;;;0.0;05-01-2026_5509
;C44;41960.0;Alnabru;2026-01-05;2.0;Mandag;16:00:00;;0.0;16:48:00;;0.0;17:23:00;;0.0;17:28:00;;0.0;;;0.0;05-01-2026_41960
;C2/C5A;41971.0;Alnabru;2026-01-05;2.0;Mandag;16:00:00;;0.0;17:04:00;;0.0;17:39:00;;0.0;17:44:00;;0.0;;;0.0;05-01-2026_41971
;C45;5805.0;Alnabru;2026-01-05;2.0;Mandag;17:00:00;;0.0;17:11:00;;0.0;17:46:00;;0.0;17:51:00;;0.0;;;0.0;05-01-2026_5805
PRI-TOG;C23;41910.0;Alnabru;2026-01-05;2.0;Mandag;17:35:00;;0.0;17:45:00;;0.0;18:20:00;;0.0;18:25:00;;0.0;;;0.0;05-01-2026_41910
;C32;5511.0;Alnabru;2026-01-05;2.0;Mandag;18:40:00;;0.0;18:59:00;;0.0;19:34:00;;0.0;19:39:00;;0.0;;;0.0;05-01-2026_5511
;C42;5733.0;Alnabru;2026-01-05;2.0;Mandag;19:20:00;;0.0;19:30:00;;0.0;20:05:00;;0.0;20:10:00;;0.0;;;0.0;05-01-2026_5733
PRI-TOG;C31;41900.0;Alnabru;2026-01-05;2.0;Mandag;19:40:00;;0.0;19:46:00;;0.0;20:21:00;;0.0;20:26:00;;0.0;;;0.0;05-01-2026_41900
;C45;5709.0;Alnabru;2026-01-05;2.0;Mandag;21:00:00;;0.0;21:02:00;;0.0;21:37:00;;0.0;21:42:00;;0.0;;;0.0;05-01-2026_5709
LANGTOG;C43;5811.0;Alnabru;2026-01-05;2.0;Mandag;20:30:00;;0.0;20:51:00;;0.0;21:26:00;;0.0;21:31:00;;0.0;;;0.0;05-01-2026_5811
LANGTOG;C32 ;5515.0;Alnabru;2026-01-05;2.0;Mandag;21:15:00;;0.0;21:17:00;;0.0;21:52:00;;0.0;21:57:00;;0.0;;;0.0;05-01-2026_5515
PRI-TOG;C23;5735.0;Alnabru;2026-01-05;2.0;Mandag;21:50:00;;0.0;22:02:00;;0.0;22:37:00;;0.0;22:42:00;;0.0;;;0.0;05-01-2026_5735
Lastefristkl. 19:30 dag før avgang.;C45;5301.0;Alnabru;2026-01-06;2.0;Tirsdag;19:30:00;;0.0;08:11:00;;0.0;08:46:00;;0.0;08:51:00;;0.0;;;0.0;06-01-2026_5301
;C45;5801.0;Alnabru;2026-01-06;2.0;Tirsdag;08:50:00;;0.0;08:51:00;;0.0;09:26:00;;0.0;09:31:00;;0.0;;;0.0;06-01-2026_5801
PRI-TOG;C42;5731.0;Alnabru;2026-01-06;2.0;Tirsdag;08:50:00;;0.0;09:02:00;;0.0;09:37:00;;0.0;09:42:00;;0.0;;;0.0;06-01-2026_5731
;C32 ;5507.0;Alnabru;2026-01-06;2.0;Tirsdag;11:40:00;;0.0;11:43:00;;0.0;12:18:00;;0.0;12:23:00;;0.0;;;0.0;06-01-2026_5507
;C42;45960.0;Alnabru;2026-01-06;2.0;Tirsdag;14:00:00;;0.0;15:02:00;;0.0;15:37:00;;0.0;15:42:00;;0.0;;;0.0;06-01-2026_45960
;C42;5707.0;Alnabru;2026-01-06;2.0;Tirsdag;16:20:00;;0.0;16:32:00;;0.0;17:07:00;;0.0;17:12:00;;0.0;;;0.0;06-01-2026_5707
;C32 ;5509.0;Alnabru;2026-01-06;2.0;Tirsdag;16:30:00;;0.0;16:44:00;;0.0;17:19:00;;0.0;17:24:00;;0.0;;;0.0;06-01-2026_5509
;C44;41960.0;Alnabru;2026-01-06;2.0;Tirsdag;16:00:00;;0.0;16:48:00;;0.0;17:23:00;;0.0;17:28:00;;0.0;;;0.0;06-01-2026_41960
;C2/C5A;41971.0;Alnabru;2026-01-06;2.0;Tirsdag;16:00:00;;0.0;17:04:00;;0.0;17:39:00;;0.0;17:44:00;;0.0;;;0.0;06-01-2026_41971
;C45;5805.0;Alnabru;2026-01-06;2.0;Tirsdag;17:00:00;;0.0;17:11:00;;0.0;17:46:00;;0.0;17:51:00;;0.0;;;0.0;06-01-2026_5805
PRI-TOG;C23;41910.0;Alnabru;2026-01-06;2.0;Tirsdag;17:35:00;;0.0;17:45:00;;0.0;18:20:00;;0.0;18:25:00;;0.0;;;0.0;06-01-2026_41910
;C32 ;5511.0;Alnabru;2026-01-06;2.0;Tirsdag;18:40:00;;0.0;18:59:00;;0.0;19:34:00;;0.0;19:39:00;;0.0;;;0.0;06-01-2026_5511
;C42;5733.0;Alnabru;2026-01-06;2.0;Tirsdag;19:20:00;;0.0;19:35:00;;0.0;20:05:00;;0.0;20:10:00;;0.0;;;0.0;06-01-2026_5733
PRI-TOG;C31;41900.0;Alnabru;2026-01-06;2.0;Tirsdag;19:40:00;;0.0;19:46:00;;0.0;20:21:00;;0.0;20:26:00;;0.0;;;0.0;06-01-2026_41900
;C45;5709.0;Alnabru;2026-01-06;2.0;Tirsdag;21:00:00;;0.0;21:02:00;;0.0;21:37:00;;0.0;21:42:00;;0.0;;;0.0;06-01-2026_5709
LANGTOG;C43;5811.0;Alnabru;2026-01-06;2.0;Tirsdag;20:30:00;;0.0;20:51:00;;0.0;21:26:00;;0.0;21:31:00;;0.0;;;0.0;06-01-2026_5811
LANGTOG;C32 ;5515.0;Alnabru;2026-01-06;2.0;Tirsdag;21:15:00;;0.0;21:17:00;;0.0;21:52:00;;0.0;21:57:00;;0.0;;;0.0;06-01-2026_5515
PRI-TOG;C23;5735.0;Alnabru;2026-01-06;2.0;Tirsdag;21:50:00;;0.0;22:02:00;;0.0;22:37:00;;0.0;22:42:00;;0.0;;;0.0;06-01-2026_5735
;C32 Nord;5531.0;Alnabru;2026-01-07;2.0;Onsdag;07:50:00;;0.0;07:43:00;;0.0;08:18:00;;0.0;08:23:00;08:46:00;-23.0;T21 - R206 ikke klar i tide;2 vogner var ikke i systemet, måtte legges inn. Tok tid med R206;-23.0;07-01-2026_5531
Lastefristkl. 19:30 dag før avgang.;C45;5301.0;Alnabru;2026-01-07;2.0;Onsdag;19:30:00;;0.0;08:11:00;;0.0;08:46:00;;0.0;08:51:00;;0.0;;;0.0;07-01-2026_5301
;C45;5801.0;Alnabru;2026-01-07;2.0;Onsdag;08:50:00;;0.0;08:51:00;;0.0;09:26:00;;0.0;09:31:00;;0.0;T17 - Innstilt tog;;0.0;07-01-2026_5801
PRI-TOG;C42;5731.0;Alnabru;2026-01-07;2.0;Onsdag;08:50:00;08:50:00;0.0;09:02:00;09:00:00;1.999999999999993;09:37:00;09:20:00;17.00000000000002;09:42:00;09:28:00;14.00000000000003;;;14.00000000000003;07-01-2026_5731
;C32 ;5507.0;Alnabru;2026-01-07;2.0;Onsdag;11:40:00;12:20:00;-39.999999999999936;11:43:00;11:43:00;7.993605777301127e-14;12:18:00;12:30:00;-11.999999999999957;12:23:00;12:42:00;-18.999999999999932;T14 - Ekstern datafeil TOS/GOS;PNLA0076 ble ikke med over fra GTS til TOS. Sen opplasting.;-18.999999999999932;07-01-2026_5507
;C42;45960.0;Alnabru;2026-01-07;2.0;Onsdag;14:00:00;;0.0;15:02:00;;0.0;15:37:00;;0.0;15:42:00;15:40:00;1.999999999999993;;;1.999999999999993;07-01-2026_45960
;C42;5707.0;Alnabru;2026-01-07;2.0;Onsdag;16:20:00;16:55:00;-35.000000000000036;16:32:00;16:45:00;-12.999999999999954;17:07:00;17:08:00;-0.9999999999999964;17:12:00;17:26:00;-13.99999999999995;T34 - Annen feil, forklaring i kommentarfelt;Fører fikk ikke med seg at opptak var kommet.;-13.99999999999995;07-01-2026_5707
;C32 ;5509.0;Alnabru;2026-01-07;2.0;Onsdag;16:30:00;;0.0;16:44:00;;0.0;17:19:00;;0.0;17:24:00;;0.0;T17 - Innstilt tog;;0.0;07-01-2026_5509
;C44;41960.0;Alnabru;2026-01-07;2.0;Onsdag;16:00:00;17:17:00;-77.00000000000004;16:48:00;16:48:00;0.0;17:23:00;18:00:00;-37.00000000000003;17:28:00;18:09:00;-41.000000000000014;T7 - Graving av snø;;-41.000000000000014;07-01-2026_41960
;C2/C5A;41971.0;Alnabru;2026-01-07;2.0;Onsdag;16:00:00;16:15:00;-15.000000000000107;17:04:00;16:30:00;34.00000000000004;17:39:00;17:34:00;5.000000000000142;17:44:00;17:43:00;0.9999999999999964;;;0.9999999999999964;07-01-2026_41971
;C45;5805.0;Alnabru;2026-01-07;2.0;Onsdag;17:00:00;17:42:00;-42.000000000000014;17:11:00;17:10:00;0.9999999999999964;17:46:00;17:56:00;-9.999999999999964;17:51:00;18:00:00;-8.999999999999968;T34 - Annen feil, forklaring i kommentarfelt;Følgefeil fra graving/opplasting av IKEA;-8.999999999999968;07-01-2026_5805
PRI-TOG;C23;41910.0;Alnabru;2026-01-07;2.0;Onsdag;17:35:00;;0.0;17:45:00;;0.0;18:20:00;;0.0;18:25:00;;0.0;T17 - Innstilt tog;;0.0;07-01-2026_41910
;C32 ;5511.0;Alnabru;2026-01-07;2.0;Onsdag;18:40:00;18:45:00;-4.999999999999982;18:59:00;19:04:00;-4.999999999999982;19:34:00;19:28:00;5.999999999999979;19:39:00;19:39:00;0.0;;;0.0;07-01-2026_5511
;C42;5733.0;Alnabru;2026-01-07;2.0;Onsdag;19:20:00;19:28:00;-7.999999999999972;19:35:00;19:15:00;19.99999999999993;20:05:00;20:02:00;2.9999999999999893;20:10:00;20:12:00;-1.999999999999993;;;-1.999999999999993;07-01-2026_5733
PRI-TOG;C31;41900.0;Alnabru;2026-01-07;2.0;Onsdag;19:40:00;;0.0;19:46:00;;0.0;20:21:00;;0.0;20:26:00;;0.0;T17 - Innstilt tog;;0.0;07-01-2026_41900
;C45;5709.0;Alnabru;2026-01-07;2.0;Onsdag;21:00:00;21:00:00;0.0;21:02:00;20:30:00;32.00000000000004;21:37:00;21:20:00;17.0000000000001;21:42:00;21:42:00;0.0;;;0.0;07-01-2026_5709
LANGTOG;C43;5811.0;Alnabru;2026-01-07;2.0;Onsdag;20:30:00;20:30:00;0.0;20:51:00;20:51:00;0.0;21:26:00;21:26:00;0.0;21:31:00;21:34:00;-2.9999999999999893;;;-2.9999999999999893;07-01-2026_5811
LANGTOG;C32 ;5515.0;Alnabru;2026-01-07;2.0;Onsdag;21:15:00;21:57:00;-42.000000000000014;21:17:00;21:40:00;-23.000000000000078;21:52:00;22:22:00;-30.000000000000053;21:57:00;22:24:00;-27.000000000000064;T34 - Annen feil, forklaring i kommentarfelt;Sent oppe til lossing;-27.000000000000064;07-01-2026_5515
PRI-TOG;C23;5735.0;Alnabru;2026-01-07;2.0;Onsdag;21:50:00;21:42:00;7.999999999999972;22:02:00;21:20:00;42.000000000000014;22:37:00;22:29:00;7.999999999999972;22:42:00;22:42:00;0.0;;;0.0;07-01-2026_5735
Lastefristkl. 19:30 dag før avgang.;C45;5301.0;Alnabru;2026-01-08;2.0;Torsdag;19:30:00;19:30:00;0.0;08:11:00;08:11:00;0.0;08:46:00;08:42:00;4.000000000000066;08:51:00;08:51:00;0.0;;;0.0;08-01-2026_5301
;C45;5801.0;Alnabru;2026-01-08;2.0;Torsdag;08:50:00;;0.0;08:51:00;;0.0;09:26:00;;0.0;09:31:00;;0.0;T17 - Innstilt tog;;0.0;08-01-2026_5801
PRI-TOG;C42;5731.0;Alnabru;2026-01-08;2.0;Torsdag;08:50:00;09:00:00;-9.999999999999964;09:02:00;09:00:00;1.999999999999993;09:37:00;09:25:00;12.000000000000037;09:42:00;09:27:00;15.000000000000027;;;15.000000000000027;08-01-2026_5731
;C32 ;5507.0;Alnabru;2026-01-08;2.0;Torsdag;11:40:00;12:00:00;-20.000000000000007;11:43:00;11:30:00;13.000000000000034;12:18:00;12:23:00;-4.999999999999982;12:23:00;12:30:00;-6.999999999999975;;;-6.999999999999975;08-01-2026_5507
;C42;45960.0;Alnabru;2026-01-08;2.0;Torsdag;14:00:00;14:00:00;0.0;15:02:00;14:52:00;9.999999999999964;15:37:00;15:27:00;9.999999999999964;15:42:00;15:36:00;5.999999999999979;;;5.999999999999979;08-01-2026_45960
;C42;5707.0;Alnabru;2026-01-08;2.0;Torsdag;16:20:00;15:56:00;24.000000000000075;16:32:00;16:20:00;11.999999999999957;17:07:00;16:36:00;31.00000000000005;17:12:00;16:58:00;13.99999999999995;;;13.99999999999995;08-01-2026_5707
;C32 ;5509.0;Alnabru;2026-01-08;2.0;Torsdag;16:30:00;;0.0;16:44:00;;0.0;17:19:00;;0.0;17:24:00;;0.0;T17 - Innstilt tog;;0.0;08-01-2026_5509
;C44;41960.0;Alnabru;2026-01-08;2.0;Torsdag;16:00:00;17:44:00;-104.00000000000011;16:48:00;16:44:00;3.999999999999986;17:23:00;18:15:00;-51.99999999999997;17:28:00;18:32:00;-64.00000000000009;T27 - Kranstopp;Følgefeil etter kran som sto på tidlid. Treg opplasting + lokfører som nektet å starte brems før siste enhet var satt på vogn, (manglet 1 semi);-64.00000000000009;08-01-2026_41960
;C2/C5A;41971.0;Alnabru;2026-01-08;2.0;Torsdag;16:00:00;16:30:00;-30.000000000000053;17:04:00;16:15:00;48.999999999999986;17:39:00;18:12:00;-32.999999999999886;17:44:00;18:18:00;-33.99999999999988;T34 - Annen feil, forklaring i kommentarfelt;Skifting ut fra gamla + fullstendig bremseprøve på Gspor. treg opplasting.;-33.99999999999988;08-01-2026_41971
;C45;5805.0;Alnabru;2026-01-08;2.0;Torsdag;17:00:00;18:14:00;-73.9999999999999;17:11:00;17:11:00;0.0;17:46:00;18:37:00;-50.99999999999998;17:51:00;19:05:00;-73.9999999999999;T34 - Annen feil, forklaring i kommentarfelt;Følgefeil fra IKEA og vinterproblemer. ;-73.9999999999999;08-01-2026_5805
PRI-TOG;C23;41910.0;Alnabru;2026-01-08;2.0;Torsdag;17:35:00;17:35:00;0.0;17:45:00;18:05:00;-19.99999999999993;18:20:00;18:18:00;2.0000000000001528;18:25:00;18:26:00;-0.9999999999999964;;;-0.9999999999999964;08-01-2026_41910
;C32 ;5511.0;Alnabru;2026-01-08;2.0;Torsdag;18:40:00;18:45:00;-4.999999999999982;18:59:00;18:49:00;9.999999999999964;19:34:00;19:34:00;0.0;19:39:00;19:38:00;0.9999999999999964;T1 - I rute;Feil avngangstid i skjema;0.9999999999999964;08-01-2026_5511
;C42;5733.0;Alnabru;2026-01-08;2.0;Torsdag;19:20:00;20:51:00;-91.0;19:35:00;19:35:00;0.0;20:05:00;21:18:00;-72.9999999999999;20:10:00;21:27:00;-77.00000000000004;T29 - Andre vinterproblemer;Vinter + Feil prioritering av fremkjøring.;-77.00000000000004;08-01-2026_5733
PRI-TOG;C31;41900.0;Alnabru;2026-01-08;2.0;Torsdag;19:40:00;19:40:00;0.0;19:46:00;19:45:00;0.9999999999999964;20:21:00;20:22:00;-0.9999999999999964;20:26:00;20:26:00;0.0;;;0.0;08-01-2026_41900
;C45;5709.0;Alnabru;2026-01-08;2.0;Torsdag;21:00:00;21:15:00;-14.999999999999947;21:02:00;20:32:00;30.000000000000053;21:37:00;22:13:00;-36.00000000000003;21:42:00;22:17:00;-35.000000000000036;;;-35.000000000000036;08-01-2026_5709
LANGTOG;C43;5811.0;Alnabru;2026-01-08;2.0;Torsdag;20:30:00;20:40:00;-10.000000000000124;20:51:00;20:38:00;12.999999999999954;21:26:00;21:10:00;16.000000000000103;21:31:00;21:38:00;-6.999999999999975;;;-6.999999999999975;08-01-2026_5811
LANGTOG;C32 ;5515.0;Alnabru;2026-01-08;2.0;Torsdag;21:15:00;22:06:00;-50.99999999999998;21:17:00;21:52:00;-35.000000000000036;21:52:00;22:20:00;-28.00000000000006;21:57:00;22:30:00;-33.00000000000004;T7 - Graving av snø;;-33.00000000000004;08-01-2026_5515
PRI-TOG;C23;5735.0;Alnabru;2026-01-08;2.0;Torsdag;21:50:00;21:50:00;0.0;22:02:00;22:08:00;-6.0000000000001386;22:37:00;22:42:00;-4.999999999999982;22:42:00;22:46:00;-3.999999999999986;;;-3.999999999999986;08-01-2026_5735
;;4911.0;Alnabru;2026-01-08;2.0;Torsdag;07:00:00;07:00:00;0.0;08:42:00;08:42:00;0.0;08:17:00;08:13:00;3.999999999999986;;09:23:00;-563.0;;;-563.0;08-01-2026_4911
Lastefristkl. 19:30 dag før avgang.;C45;5301.0;Alnabru;2026-01-09;2.0;Fredag;19:30:00;19:30:00;0.0;08:11:00;08:11:00;0.0;08:46:00;08:30:00;16.00000000000002;08:51:00;08:56:00;-4.999999999999982;;;-4.999999999999982;09-01-2026_5301
;C45;5801.0;Alnabru;2026-01-09;2.0;Fredag;08:50:00;;0.0;08:51:00;;0.0;09:26:00;;0.0;09:31:00;;0.0;T17 - Innstilt tog;;0.0;09-01-2026_5801
PRI-TOG;C42;5731.0;Alnabru;2026-01-09;2.0;Fredag;08:50:00;08:50:00;0.0;09:02:00;09:00:00;1.999999999999993;09:37:00;09:15:00;22.0;09:42:00;09:34:00;7.999999999999972;;;7.999999999999972;09-01-2026_5731
;C32 ;5507.0;Alnabru;2026-01-09;2.0;Fredag;11:40:00;11:35:00;4.999999999999982;11:43:00;11:43:00;7.993605777301127e-14;12:18:00;12:23:00;-4.999999999999982;12:23:00;12:29:00;-5.999999999999979;T3 - Lokfører;;-5.999999999999979;09-01-2026_5507
;C42;45960.0;Alnabru;2026-01-09;2.0;Fredag;14:00:00;14:00:00;0.0;15:02:00;14:10:00;51.99999999999997;15:37:00;15:37:00;0.0;15:42:00;15:39:00;2.9999999999999893;;;2.9999999999999893;09-01-2026_45960
;C32 ;5509.0;Alnabru;2026-01-09;2.0;Fredag;16:30:00;;0.0;16:44:00;;0.0;17:19:00;;0.0;17:24:00;;0.0;T17 - Innstilt tog;;0.0;09-01-2026_5509
;C2/C5A;41971.0;Alnabru;2026-01-09;2.0;Fredag;16:00:00;15:57:00;2.9999999999999893;17:04:00;16:38:00;26.000000000000068;17:39:00;17:21:00;18.000000000000096;17:44:00;17:23:00;21.000000000000085;;;21.000000000000085;09-01-2026_41971
;C45;5805.0;Alnabru;2026-01-09;2.0;Fredag;17:00:00;17:00:00;0.0;17:11:00;17:09:00;1.999999999999993;17:46:00;17:35:00;11.00000000000012;17:51:00;17:48:00;2.9999999999999893;;;2.9999999999999893;09-01-2026_5805
PRI-TOG;C23;41910.0;Alnabru;2026-01-09;2.0;Fredag;17:35:00;17:39:00;-4.000000000000146;17:45:00;17:08:00;37.00000000000003;18:20:00;18:25:00;-4.999999999999982;18:25:00;18:30:00;-4.999999999999982;;;-4.999999999999982;09-01-2026_41910
;C32 ;5511.0;Alnabru;2026-01-09;2.0;Fredag;18:40:00;18:40:00;0.0;18:59:00;18:40:00;18.999999999999932;19:34:00;18:57:00;37.00000000000003;19:39:00;19:14:00;24.99999999999991;;;24.99999999999991;09-01-2026_5511
;C42;5733.0;Alnabru;2026-01-09;2.0;Fredag;19:20:00;18:40:00;40.000000000000014;19:35:00;19:40:00;-4.999999999999982;20:05:00;19:54:00;10.999999999999961;20:10:00;20:00:00;9.999999999999964;;;9.999999999999964;09-01-2026_5733
PRI-TOG;C31;41900.0;Alnabru;2026-01-09;2.0;Fredag;19:40:00;19:26:00;13.99999999999995;19:46:00;19:38:00;7.999999999999972;20:21:00;20:00:00;20.999999999999925;20:26:00;20:10:00;15.999999999999943;;;15.999999999999943;09-01-2026_41900
;C45;5709.0;Alnabru;2026-01-09;2.0;Fredag;21:00:00;21:00:00;0.0;21:02:00;20:30:00;32.00000000000004;21:37:00;21:07:00;30.000000000000053;21:42:00;21:22:00;20.00000000000009;;;20.00000000000009;09-01-2026_5709
LANGTOG;C43;5811.0;Alnabru;2026-01-09;2.0;Fredag;20:30:00;20:34:00;-3.999999999999986;20:51:00;20:30:00;21.000000000000085;21:26:00;20:44:00;42.000000000000014;21:31:00;20:54:00;37.00000000000003;;;37.00000000000003;09-01-2026_5811
LANGTOG;C32 ;5515.0;Alnabru;2026-01-09;2.0;Fredag;21:15:00;21:15:00;0.0;21:17:00;21:17:00;0.0;21:52:00;21:49:00;2.9999999999999893;21:57:00;21:57:00;0.0;;;0.0;09-01-2026_5515
PRI-TOG;C23;5735.0;Alnabru;2026-01-09;2.0;Fredag;21:50:00;21:50:00;0.0;22:02:00;21:46:00;15.999999999999943;22:37:00;22:20:00;16.99999999999994;22:42:00;22:37:00;4.999999999999982;;;4.999999999999982;09-01-2026_5735
FORHÅNDSLASTES C32 FREDAG;C32 ;5737.0;Alnabru;2026-01-10;2.0;Lørdag;11:00:00;;0.0;11:02:00;;0.0;11:37:00;;0.0;11:42:00;;0.0;T17 - Innstilt tog;;0.0;10-01-2026_5737
;C44;41971.0;Alnabru;2026-01-10;2.0;Lørdag;13:30:00;13:30:00;0.0;17:04:00;;0.0;17:39:00;;0.0;17:44:00;17:44:00;0.0;;;0.0;10-01-2026_41971
PRI-TOG;C23;41910.0;Alnabru;2026-01-10;2.0;Lørdag;12:00:00;13:30:00;-90.0;17:45:00;;0.0;18:20:00;;0.0;18:25:00;;0.0;T17 - Innstilt tog;;0.0;10-01-2026_41910
LASTEFRIST KL. 15:00 LØRDAG;C23;5711.0;Alnabru;2026-01-11;2.0;Søndag;14:30:00;14:00:00;29.999999999999893;07:27:00;07:27:00;0.0;08:02:00;07:55:00;7.000000000000055;08:07:00;07:58:00;9.000000000000048;;;9.000000000000048;11-01-2026_5711
Lastefrist 13:30 Søndag;C44;41960.0;Alnabru;2026-01-11;2.0;Søndag;13:30:00;13:30:00;0.0;16:48:00;16:30:00;17.999999999999936;17:23:00;16:50:00;33.00000000000004;17:28:00;16:56:00;31.999999999999886;;;31.999999999999886;11-01-2026_41960
;C44;41971.0;Alnabru;2026-01-11;2.0;Søndag;13:30:00;15:30:00;-120.00000000000006;17:04:00;17:00:00;3.999999999999986;17:39:00;;0.0;17:44:00;17:41:00;2.9999999999999893;;;2.9999999999999893;11-01-2026_41971
LANGTOG;C32;5523.0;Alnabru;2026-01-11;2.0;Søndag;16:00:00;17:05:00;-65.00000000000009;18:31:00;19:05:00;-33.99999999999988;19:06:00;19:30:00;-23.999999999999915;19:11:00;19:39:00;-27.9999999999999;T19 - Feil på lok;;-27.9999999999999;11-01-2026_5523
;C23;5717.0;Alnabru;2026-01-11;2.0;Søndag;16:00:00;16:00:00;0.0;18:57:00;16:20:00;156.99999999999991;19:32:00;17:00:00;151.99999999999994;19:37:00;17:07:00;149.99999999999994;;;149.99999999999994;11-01-2026_5717
LANGTOG;C43;5811.0;Alnabru;2026-01-11;2.0;Søndag;13:30:00;13:30:00;0.0;20:51:00;20:50:00;0.9999999999999964;21:26:00;21:10:00;16.000000000000103;21:31:00;21:31:00;0.0;;;0.0;11-01-2026_5811
;C32 Nord;5531.0;Alnabru;2026-01-12;3.0;Mandag;07:50:00;;0.0;07:43:00;;0.0;08:18:00;;0.0;08:23:00;08:25:00;-1.999999999999993;;;-1.999999999999993;12-01-2026_5531
Lastefristkl. 19:30 dag før avgang.;C45;5301.0;Alnabru;2026-01-12;3.0;Mandag;19:30:00;08:00:00;690.0;08:11:00;08:00:00;11.00000000000004;08:46:00;08:37:00;9.000000000000048;08:51:00;08:50:00;0.9999999999999964;;;0.9999999999999964;12-01-2026_5301
;C45;5801.0;Alnabru;2026-01-12;3.0;Mandag;08:50:00;08:55:00;-4.999999999999982;08:51:00;08:37:00;13.99999999999995;09:26:00;09:33:00;-6.999999999999975;09:31:00;09:43:00;-12.000000000000037;T27 - Kranstopp;Kran syd stått i ro.;-12.000000000000037;12-01-2026_5801
PRI-TOG;C42;5731.0;Alnabru;2026-01-12;3.0;Mandag;08:50:00;08:50:00;0.0;09:02:00;09:18:00;-16.00000000000002;09:37:00;09:38:00;-0.9999999999999964;09:42:00;09:42:00;0.0;T18 - Sent lok til stamme;;0.0;12-01-2026_5731
;C32 ;5507.0;Alnabru;2026-01-12;3.0;Mandag;11:40:00;11:34:00;5.999999999999979;11:43:00;11:42:00;1.0000000000000764;12:18:00;12:12:00;6.0000000000001386;12:23:00;12:20:00;3.000000000000149;;;3.000000000000149;12-01-2026_5507
;C42;45960.0;Alnabru;2026-01-12;3.0;Mandag;14:00:00;14:00:00;0.0;15:02:00;15:02:00;0.0;15:37:00;;0.0;15:42:00;;0.0;T23 - Infrastruktur;;0.0;12-01-2026_45960
;C42;5707.0;Alnabru;2026-01-12;3.0;Mandag;16:20:00;17:09:00;-48.999999999999986;16:32:00;17:00:00;-28.00000000000006;17:07:00;18:05:00;-57.99999999999996;17:12:00;18:17:00;-64.99999999999993;T26 - Terminalforhold (Forklar nærmere i kommentar);;-64.99999999999993;12-01-2026_5707
;C32 ;5509.0;Alnabru;2026-01-12;3.0;Mandag;16:30:00;;0.0;16:44:00;;0.0;17:19:00;;0.0;17:24:00;;0.0;T17 - Innstilt tog;;0.0;12-01-2026_5509
;C44;41960.0;Alnabru;2026-01-12;3.0;Mandag;16:00:00;16:30:00;-30.000000000000053;16:48:00;16:48:00;0.0;17:23:00;17:50:00;-27.000000000000064;17:28:00;18:02:00;-34.00000000000004;T26 - Terminalforhold (Forklar nærmere i kommentar);;-34.00000000000004;12-01-2026_41960
;C2/C5A;41971.0;Alnabru;2026-01-12;3.0;Mandag;16:00:00;16:40:00;-40.000000000000014;17:04:00;18:30:00;-86.00000000000001;17:39:00;18:50:00;-70.99999999999991;17:44:00;19:00:00;-75.99999999999989;T18 - Sent lok til stamme;;-75.99999999999989;12-01-2026_41971
;C45;5805.0;Alnabru;2026-01-12;3.0;Mandag;17:00:00;18:00:00;-59.99999999999994;17:11:00;17:11:00;0.0;17:46:00;18:40:00;-53.99999999999997;17:51:00;18:51:00;-59.99999999999994;T26 - Terminalforhold (Forklar nærmere i kommentar);;-59.99999999999994;12-01-2026_5805
PRI-TOG;C23;41910.0;Alnabru;2026-01-12;3.0;Mandag;17:35:00;18:30:00;-55.00000000000013;17:45:00;17:45:00;0.0;18:20:00;19:20:00;-59.99999999999994;18:25:00;19:34:00;-68.99999999999991;T26 - Terminalforhold (Forklar nærmere i kommentar);;-68.99999999999991;12-01-2026_41910
;C32;5511.0;Alnabru;2026-01-12;3.0;Mandag;18:40:00;21:30:00;-170.00000000000003;18:59:00;20:30:00;-91.0;19:34:00;22:00:00;-145.99999999999997;19:39:00;22:11:00;-152.0000000000001;T26 - Terminalforhold (Forklar nærmere i kommentar);;-152.0000000000001;12-01-2026_5511
;C42;5733.0;Alnabru;2026-01-12;3.0;Mandag;19:20:00;21:15:00;-114.99999999999991;19:30:00;19:30:00;0.0;20:05:00;21:45:00;-99.99999999999997;20:10:00;22:00:00;-109.99999999999993;T26 - Terminalforhold (Forklar nærmere i kommentar);;-109.99999999999993;12-01-2026_5733
PRI-TOG;C31;41900.0;Alnabru;2026-01-12;3.0;Mandag;19:40:00;19:55:00;-15.000000000000107;19:46:00;19:46:00;0.0;20:21:00;20:35:00;-13.99999999999995;20:26:00;20:46:00;-20.00000000000009;T26 - Terminalforhold (Forklar nærmere i kommentar);;-20.00000000000009;12-01-2026_41900
;C45;5709.0;Alnabru;2026-01-12;3.0;Mandag;21:00:00;23:05:00;-125.00000000000003;21:02:00;;0.0;21:37:00;;0.0;21:42:00;;0.0;T26 - Terminalforhold (Forklar nærmere i kommentar);;0.0;12-01-2026_5709
LANGTOG;C43;5811.0;Alnabru;2026-01-12;3.0;Mandag;20:30:00;;0.0;20:51:00;;0.0;21:26:00;;0.0;21:31:00;22:05:00;-33.99999999999988;T26 - Terminalforhold (Forklar nærmere i kommentar);;-33.99999999999988;12-01-2026_5811
LANGTOG;C32 ;5515.0;Alnabru;2026-01-12;3.0;Mandag;21:15:00;;0.0;21:17:00;;0.0;21:52:00;;0.0;21:57:00;;0.0;;;0.0;12-01-2026_5515
PRI-TOG;C23;5735.0;Alnabru;2026-01-12;3.0;Mandag;21:50:00;;0.0;22:02:00;;0.0;22:37:00;;0.0;22:42:00;;0.0;;;0.0;12-01-2026_5735
Lastefristkl. 19:30 dag før avgang.;C45;5301.0;Alnabru;2026-01-13;3.0;Tirsdag;19:30:00;19:30:00;0.0;08:11:00;08:11:00;0.0;08:46:00;08:06:00;40.000000000000014;08:51:00;08:13:00;38.00000000000003;;;38.00000000000003;13-01-2026_5301
;C45;5801.0;Alnabru;2026-01-13;3.0;Tirsdag;08:50:00;09:20:00;-29.99999999999997;08:51:00;08:40:00;10.999999999999961;09:26:00;09:42:00;-16.00000000000002;09:31:00;09:59:00;-28.00000000000006;T12 - Mannskapsmangel;1 mann i krana.;-28.00000000000006;13-01-2026_5801
PRI-TOG;C42;5731.0;Alnabru;2026-01-13;3.0;Tirsdag;08:50:00;08:50:00;0.0;09:02:00;09:10:00;-7.999999999999972;09:37:00;09:49:00;-11.999999999999957;09:42:00;09:56:00;-13.99999999999995;T18 - Sent lok til stamme;;-13.99999999999995;13-01-2026_5731
;C32 ;5507.0;Alnabru;2026-01-13;3.0;Tirsdag;11:40:00;12:00:00;-20.000000000000007;11:43:00;11:40:00;3.0000000000000693;12:18:00;12:21:00;-2.9999999999998295;12:23:00;12:38:00;-14.999999999999947;T13 - Feil på last;;-14.999999999999947;13-01-2026_5507
;C42;45960.0;Alnabru;2026-01-13;3.0;Tirsdag;14:00:00;;0.0;15:02:00;;0.0;15:37:00;;0.0;15:42:00;;0.0;T17 - Innstilt tog;;0.0;13-01-2026_45960
;C42;5707.0;Alnabru;2026-01-13;3.0;Tirsdag;16:20:00;16:20:00;0.0;16:32:00;16:32:00;0.0;17:07:00;17:16:00;-8.999999999999968;17:12:00;17:26:00;-13.99999999999995;T29 - Andre vinterproblemer;;-13.99999999999995;13-01-2026_5707
;C32 ;5509.0;Alnabru;2026-01-13;3.0;Tirsdag;16:30:00;;0.0;16:44:00;;0.0;17:19:00;;0.0;17:24:00;;0.0;T17 - Innstilt tog;;0.0;13-01-2026_5509
;C44;41960.0;Alnabru;2026-01-13;3.0;Tirsdag;16:00:00;17:45:00;-105.00000000000011;16:48:00;16:48:00;0.0;17:23:00;17:55:00;-32.00000000000004;17:28:00;18:03:00;-35.000000000000036;T29 - Andre vinterproblemer;;-35.000000000000036;13-01-2026_41960
;C2/C5A;41971.0;Alnabru;2026-01-13;3.0;Tirsdag;16:00:00;16:00:00;0.0;17:04:00;17:00:00;3.999999999999986;17:39:00;17:15:00;24.000000000000075;17:44:00;17:32:00;12.000000000000117;;;12.000000000000117;13-01-2026_41971
;C45;5805.0;Alnabru;2026-01-13;3.0;Tirsdag;17:00:00;17:45:00;-45.0;17:11:00;17:11:00;0.0;17:46:00;18:15:00;-28.999999999999897;17:51:00;18:22:00;-30.99999999999989;T29 - Andre vinterproblemer;;-30.99999999999989;13-01-2026_5805
PRI-TOG;C23;41910.0;Alnabru;2026-01-13;3.0;Tirsdag;17:35:00;17:35:00;0.0;17:45:00;17:45:00;0.0;18:20:00;18:20:00;1.5987211554602254e-13;18:25:00;18:24:00;0.9999999999999964;;;0.9999999999999964;13-01-2026_41910
;C32 ;5511.0;Alnabru;2026-01-13;3.0;Tirsdag;18:40:00;18:45:00;-4.999999999999982;18:59:00;18:49:00;9.999999999999964;19:34:00;19:15:00;18.999999999999932;19:39:00;19:29:00;9.999999999999964;;;9.999999999999964;13-01-2026_5511
;C42;5733.0;Alnabru;2026-01-13;3.0;Tirsdag;19:20:00;19:40:00;-19.99999999999993;19:35:00;19:30:00;4.999999999999982;20:05:00;20:35:00;-29.999999999999893;20:10:00;20:42:00;-32.00000000000004;T29 - Andre vinterproblemer;;-32.00000000000004;13-01-2026_5733
PRI-TOG;C31;41900.0;Alnabru;2026-01-13;3.0;Tirsdag;19:40:00;19:40:00;0.0;19:46:00;19:46:00;0.0;20:21:00;20:15:00;5.999999999999979;20:26:00;20:47:00;-21.000000000000085;T20 - Trafikkstyring (TXP/Togleder);;-21.000000000000085;13-01-2026_41900
;C45;5709.0;Alnabru;2026-01-13;3.0;Tirsdag;21:00:00;21:00:00;0.0;21:02:00;20:32:00;30.000000000000053;21:37:00;21:30:00;6.999999999999975;21:42:00;21:42:00;0.0;T1 - I rute;;0.0;13-01-2026_5709
LANGTOG;C43;5811.0;Alnabru;2026-01-13;3.0;Tirsdag;20:30:00;20:30:00;0.0;20:51:00;20:51:00;0.0;21:26:00;21:35:00;-8.999999999999968;21:31:00;21:40:00;-8.999999999999968;T34 - Annen feil, forklaring i kommentarfelt;Vognvistører;-8.999999999999968;13-01-2026_5811
LANGTOG;C32 ;5515.0;Alnabru;2026-01-13;3.0;Tirsdag;21:15:00;21:30:00;-15.000000000000107;21:17:00;21:10:00;6.999999999999975;21:52:00;21:55:00;-2.9999999999999893;21:57:00;22:02:00;-4.999999999999982;T29 - Andre vinterproblemer;;-4.999999999999982;13-01-2026_5515
PRI-TOG;C23;5735.0;Alnabru;2026-01-13;3.0;Tirsdag;21:50:00;21:50:00;0.0;22:02:00;22:50:00;-47.999999999999986;22:37:00;22:55:00;-18.000000000000096;22:42:00;;0.0;T18 - Sent lok til stamme;;0.0;13-01-2026_5735
;C32 Nord;5531.0;Alnabru;2026-01-14;3.0;Onsdag;07:50:00;;0.0;07:43:00;;0.0;08:18:00;;0.0;08:23:00;10:15:00;-112.0;T18 - Sent lok til stamme;;-112.0;14-01-2026_5531
Lastefristkl. 19:30 dag før avgang.;C45;5301.0;Alnabru;2026-01-14;3.0;Onsdag;19:30:00;19:30:00;0.0;08:11:00;08:11:00;0.0;08:46:00;09:15:00;-28.99999999999998;08:51:00;09:17:00;-25.999999999999986;T16 - Kø skifting;;-25.999999999999986;14-01-2026_5301
;C45;5801.0;Alnabru;2026-01-14;3.0;Onsdag;08:50:00;09:17:00;-26.999999999999986;08:51:00;08:51:00;-7.993605777301127e-14;09:26:00;09:26:00;0.0;09:31:00;09:38:00;-7.000000000000055;;;-7.000000000000055;14-01-2026_5801
PRI-TOG;C42;5731.0;Alnabru;2026-01-14;3.0;Onsdag;08:50:00;09:28:00;-37.99999999999994;09:02:00;08:50:00;11.999999999999957;09:37:00;09:52:00;-14.999999999999947;09:42:00;10:05:00;-23.0;T26 - Terminalforhold (Forklar nærmere i kommentar);Mye snø, elendig føre. ;-23.0;14-01-2026_5731
;C32 ;5507.0;Alnabru;2026-01-14;3.0;Onsdag;11:40:00;12:27:00;-47.00000000000007;11:43:00;12:00:00;-16.99999999999994;12:18:00;12:46:00;-27.9999999999999;12:23:00;12:56:00;-32.999999999999886;T26 - Terminalforhold (Forklar nærmere i kommentar);Snø og is;-32.999999999999886;14-01-2026_5507
;C42;45960.0;Alnabru;2026-01-14;3.0;Onsdag;14:00:00;;0.0;15:02:00;;0.0;15:37:00;;0.0;15:42:00;;0.0;T17 - Innstilt tog;;0.0;14-01-2026_45960
;C42;5707.0;Alnabru;2026-01-14;3.0;Onsdag;16:20:00;16:20:00;0.0;16:32:00;16:32:00;0.0;17:07:00;17:08:00;-0.9999999999999964;17:12:00;17:13:00;-0.9999999999999964;;;-0.9999999999999964;14-01-2026_5707
;C32 ;5509.0;Alnabru;2026-01-14;3.0;Onsdag;16:30:00;;0.0;16:44:00;;0.0;17:19:00;;0.0;17:24:00;;0.0;T17 - Innstilt tog;;0.0;14-01-2026_5509
;C44;41960.0;Alnabru;2026-01-14;3.0;Onsdag;16:00:00;19:00:00;-180.0;16:48:00;16:48:00;0.0;17:23:00;19:35:00;-132.0;17:28:00;19:42:00;-134.0;T7 - Graving av snø;;-134.0;14-01-2026_41960
;C2/C5A;41971.0;Alnabru;2026-01-14;3.0;Onsdag;16:00:00;16:30:00;-30.000000000000053;17:04:00;17:04:00;0.0;17:39:00;17:44:00;-4.999999999999982;17:44:00;17:53:00;-8.999999999999968;T7 - Graving av snø;;-8.999999999999968;14-01-2026_41971
;C45;5805.0;Alnabru;2026-01-14;3.0;Onsdag;17:00:00;17:30:00;-29.999999999999893;17:11:00;17:11:00;0.0;17:46:00;17:52:00;-5.999999999999979;17:51:00;18:09:00;-17.999999999999936;T7 - Graving av snø;;-17.999999999999936;14-01-2026_5805
PRI-TOG;C23;41910.0;Alnabru;2026-01-14;3.0;Onsdag;17:35:00;19:30:00;-115.00000000000007;17:45:00;17:45:00;0.0;18:20:00;19:52:00;-91.99999999999983;18:25:00;20:03:00;-97.99999999999997;T7 - Graving av snø;;-97.99999999999997;14-01-2026_41910
;C32 ;5511.0;Alnabru;2026-01-14;3.0;Onsdag;18:40:00;20:30:00;-109.99999999999993;18:59:00;18:49:00;9.999999999999964;19:34:00;21:00:00;-86.00000000000001;19:39:00;20:36:00;-56.99999999999996;T7 - Graving av snø;;-56.99999999999996;14-01-2026_5511
;C42;5733.0;Alnabru;2026-01-14;3.0;Onsdag;19:20:00;20:00:00;-40.000000000000014;19:35:00;19:30:00;4.999999999999982;20:05:00;20:27:00;-21.999999999999922;20:10:00;20:36:00;-25.999999999999908;T7 - Graving av snø;;-25.999999999999908;14-01-2026_5733
PRI-TOG;C31;41900.0;Alnabru;2026-01-14;3.0;Onsdag;19:40:00;20:35:00;-54.999999999999964;19:46:00;19:46:00;0.0;20:21:00;21:05:00;-44.0;20:26:00;21:12:00;-46.0;T7 - Graving av snø;;-46.0;14-01-2026_41900
;C45;5709.0;Alnabru;2026-01-14;3.0;Onsdag;21:00:00;21:40:00;-40.000000000000014;21:02:00;20:32:00;30.000000000000053;21:37:00;22:17:00;-40.000000000000014;21:42:00;22:26:00;-44.0;T7 - Graving av snø;;-44.0;14-01-2026_5709
LANGTOG;C43;5811.0;Alnabru;2026-01-14;3.0;Onsdag;20:30:00;21:15:00;-45.0;20:51:00;20:51:00;0.0;21:26:00;21:39:00;-12.999999999999954;21:31:00;21:42:00;-10.999999999999961;T7 - Graving av snø;;-10.999999999999961;14-01-2026_5811
LANGTOG;C32 ;5515.0;Alnabru;2026-01-14;3.0;Onsdag;21:15:00;22:30:00;-75.00000000000006;21:17:00;21:17:00;0.0;21:52:00;22:52:00;-59.99999999999994;21:57:00;22:58:00;-61.0000000000001;T7 - Graving av snø;;-61.0000000000001;14-01-2026_5515
PRI-TOG;C23;5735.0;Alnabru;2026-01-14;3.0;Onsdag;21:50:00;21:50:00;0.0;22:02:00;22:02:00;0.0;22:37:00;22:38:00;-0.9999999999999964;22:42:00;22:41:00;0.9999999999999964;;;0.9999999999999964;14-01-2026_5735
Lastefristkl. 19:30 dag før avgang.;C45;5301.0;Alnabru;2026-01-15;3.0;Torsdag;19:30:00;19:30:00;0.0;08:11:00;08:11:00;0.0;08:46:00;08:50:00;-3.999999999999986;08:51:00;08:56:00;-4.999999999999982;;;-4.999999999999982;15-01-2026_5301
;C45;5801.0;Alnabru;2026-01-15;3.0;Torsdag;08:50:00;09:20:00;-29.99999999999997;08:51:00;08:50:00;0.9999999999999165;09:26:00;09:41:00;-15.000000000000027;09:31:00;09:48:00;-17.00000000000002;T7 - Graving av snø;;-17.00000000000002;15-01-2026_5801
PRI-TOG;C42;5731.0;Alnabru;2026-01-15;3.0;Torsdag;08:50:00;09:13:00;-23.0;09:02:00;09:00:00;1.999999999999993;09:37:00;09:29:00;8.000000000000052;09:42:00;09:38:00;3.999999999999986;;;3.999999999999986;15-01-2026_5731
;C32 ;5507.0;Alnabru;2026-01-15;3.0;Torsdag;11:40:00;11:45:00;-4.999999999999982;11:43:00;11:40:00;3.0000000000000693;12:18:00;12:20:00;-1.999999999999833;12:23:00;12:26:00;-2.9999999999999893;;;-2.9999999999999893;15-01-2026_5507
;C42;45960.0;Alnabru;2026-01-15;3.0;Torsdag;14:00:00;15:35:00;-94.99999999999999;15:02:00;15:00:00;1.999999999999993;15:37:00;15:45:00;-7.999999999999972;15:42:00;17:15:00;-92.99999999999999;T23 - Infrastruktur;Onrail kjørte strømløst i Nord.;-92.99999999999999;15-01-2026_45960
;C42;5707.0;Alnabru;2026-01-15;3.0;Torsdag;16:20:00;18:30:00;-130.00000000000003;16:32:00;16:32:00;0.0;17:07:00;18:50:00;-102.99999999999996;17:12:00;18:56:00;-103.99999999999994;;;-103.99999999999994;15-01-2026_5707
;C32 ;5509.0;Alnabru;2026-01-15;3.0;Torsdag;16:30:00;;0.0;16:44:00;;0.0;17:19:00;;0.0;17:24:00;;0.0;T17 - Innstilt tog;;0.0;15-01-2026_5509
;C44;41960.0;Alnabru;2026-01-15;3.0;Torsdag;16:00:00;16:00:00;0.0;16:48:00;19:40:00;-172.00000000000003;17:23:00;20:05:00;-162.00000000000006;17:28:00;20:17:00;-169.00000000000003;T18 - Sent lok til stamme;;-169.00000000000003;15-01-2026_41960
;C2/C5A;41971.0;Alnabru;2026-01-15;3.0;Torsdag;16:00:00;16:00:00;0.0;17:04:00;17:04:00;0.0;17:39:00;17:24:00;15.000000000000107;17:44:00;17:31:00;13.000000000000114;;;13.000000000000114;15-01-2026_41971
;C45;5805.0;Alnabru;2026-01-15;3.0;Torsdag;17:00:00;20:10:00;-189.99999999999997;17:11:00;17:11:00;0.0;17:46:00;20:45:00;-179.0;17:51:00;20:52:00;-181.0;T7 - Graving av snø;;-181.0;15-01-2026_5805
PRI-TOG;C23;41910.0;Alnabru;2026-01-15;3.0;Torsdag;17:35:00;22:00:00;-265.0;17:45:00;17:45:00;0.0;18:20:00;22:26:00;-245.99999999999991;18:25:00;22:28:00;-242.99999999999994;T7 - Graving av snø;;-242.99999999999994;15-01-2026_41910
;C32 ;5511.0;Alnabru;2026-01-15;3.0;Torsdag;18:40:00;22:25:00;-225.0;18:59:00;18:49:00;9.999999999999964;19:34:00;22:45:00;-190.99999999999997;19:39:00;22:56:00;-197.0000000000001;T7 - Graving av snø;;-197.0000000000001;15-01-2026_5511
;C42;5733.0;Alnabru;2026-01-15;3.0;Torsdag;19:20:00;20:10:00;-49.999999999999986;19:35:00;19:30:00;4.999999999999982;20:05:00;20:50:00;-45.0;20:10:00;21:00:00;-49.999999999999986;T7 - Graving av snø;;-49.999999999999986;15-01-2026_5733
PRI-TOG;C31;41900.0;Alnabru;2026-01-15;3.0;Torsdag;19:40:00;21:15:00;-94.99999999999999;19:46:00;19:46:00;0.0;20:21:00;21:45:00;-84.00000000000003;20:26:00;21:49:00;-83.00000000000003;T7 - Graving av snø;;-83.00000000000003;15-01-2026_41900
;C45;5709.0;Alnabru;2026-01-15;3.0;Torsdag;21:00:00;22:45:00;-104.99999999999994;21:02:00;20:32:00;30.000000000000053;21:37:00;23:13:00;-95.99999999999997;21:42:00;23:18:00;-95.99999999999997;T7 - Graving av snø;;-95.99999999999997;15-01-2026_5709
LANGTOG;C43;5811.0;Alnabru;2026-01-15;3.0;Torsdag;20:30:00;21:00:00;-30.000000000000053;20:51:00;20:51:00;0.0;21:26:00;21:25:00;0.9999999999999964;21:31:00;21:32:00;-0.9999999999999964;;;-0.9999999999999964;15-01-2026_5811
LANGTOG;C32 ;5515.0;Alnabru;2026-01-15;3.0;Torsdag;21:15:00;;0.0;21:17:00;;0.0;21:52:00;00:20:00;1292.0;21:57:00;00:30:00;1287.0;T7 - Graving av snø;;1287.0;15-01-2026_5515
PRI-TOG;C23;5735.0;Alnabru;2026-01-15;3.0;Torsdag;21:50:00;;0.0;22:02:00;;0.0;22:37:00;00:09:00;1348.0;22:42:00;00:24:00;1337.9999999999998;T7 - Graving av snø;;1337.9999999999998;15-01-2026_5735
;;4911.0;Alnabru;2026-01-15;3.0;Torsdag;;;0.0;1899-12-29 23:20:00;;0.0;1899-12-29 23:55:00;;0.0;;;0.0;;09:45 + 23min;0.0;15-01-2026_4911
Lastefristkl. 19:30 dag før avgang.;C45;5301.0;Alnabru;2026-01-16;3.0;Fredag;19:30:00;19:30:00;0.0;08:11:00;;0.0;08:46:00;08:40:00;6.000000000000059;08:51:00;08:54:00;-2.9999999999999893;T18 - Sent lok til stamme;Måtte stoppeoppkjøring av lok da Reachstacker sto på feil side av spor;-2.9999999999999893;16-01-2026_5301
;C45;5801.0;Alnabru;2026-01-16;3.0;Fredag;08:50:00;09:22:00;-31.999999999999964;08:51:00;08:51:00;-7.993605777301127e-14;09:26:00;09:43:00;-17.00000000000002;09:31:00;09:50:00;-19.000000000000014;T25 - Transittgods;Sen 5512 opp til lossing med transitt;-19.000000000000014;16-01-2026_5801
PRI-TOG;C42;5731.0;Alnabru;2026-01-16;3.0;Fredag;08:50:00;09:30:00;-39.999999999999936;09:02:00;09:02:00;0.0;09:37:00;09:41:00;-3.999999999999986;09:42:00;09:53:00;-10.999999999999961;T25 - Transittgods;Sen 5512 opp til lossing med transitt;-10.999999999999961;16-01-2026_5731
;C32 ;5507.0;Alnabru;2026-01-16;3.0;Fredag;11:40:00;12:40:00;-60.00000000000003;11:43:00;12:45:00;-61.99999999999994;12:18:00;13:06:00;-47.99999999999983;12:23:00;13:20:00;-56.99999999999996;T18 - Sent lok til stamme;Sent lok og treg opplasting. ;-56.99999999999996;16-01-2026_5507
;C42;45960.0;Alnabru;2026-01-16;3.0;Fredag;14:00:00;13:30:00;30.000000000000053;15:02:00;;0.0;15:37:00;15:50:00;-12.999999999999954;15:42:00;16:05:00;-22.99999999999992;T28 - Sen lasting/lossing av kunde/underleverandør;Manglet 2 tanker fra onrail.;-22.99999999999992;16-01-2026_45960
;C32 ;5509.0;Alnabru;2026-01-16;3.0;Fredag;16:30:00;;0.0;16:44:00;;0.0;17:19:00;;0.0;17:24:00;;0.0;T17 - Innstilt tog;;0.0;16-01-2026_5509
;C2/C5A;41971.0;Alnabru;2026-01-16;3.0;Fredag;16:00:00;16:30:00;-30.000000000000053;17:04:00;17:45:00;-41.000000000000014;17:39:00;17:55:00;-15.999999999999943;17:44:00;18:07:00;-22.99999999999992;T18 - Sent lok til stamme;;-22.99999999999992;16-01-2026_41971
;C45;5805.0;Alnabru;2026-01-16;3.0;Fredag;17:00:00;16:50:00;10.000000000000124;17:11:00;17:11:00;0.0;17:46:00;17:25:00;21.000000000000085;17:51:00;17:51:00;0.0;;;0.0;16-01-2026_5805
PRI-TOG;C23;41910.0;Alnabru;2026-01-16;3.0;Fredag;17:35:00;19:00:00;-85.00000000000001;17:45:00;17:45:00;0.0;18:20:00;19:45:00;-84.99999999999986;18:25:00;20:05:00;-99.99999999999997;T7 - Graving av snø;;-99.99999999999997;16-01-2026_41910
;C32 ;5511.0;Alnabru;2026-01-16;3.0;Fredag;18:40:00;18:30:00;9.999999999999964;18:59:00;18:40:00;18.999999999999932;19:34:00;18:48:00;46.0;19:39:00;19:26:00;12.999999999999954;;;12.999999999999954;16-01-2026_5511
;C42;5733.0;Alnabru;2026-01-16;3.0;Fredag;19:20:00;20:00:00;-40.000000000000014;19:35:00;19:45:00;-9.999999999999964;20:05:00;20:26:00;-20.999999999999925;20:10:00;20:34:00;-23.999999999999915;T7 - Graving av snø;;-23.999999999999915;16-01-2026_5733
PRI-TOG;C31;41900.0;Alnabru;2026-01-16;3.0;Fredag;19:40:00;21:00:00;-80.00000000000003;19:46:00;19:46:00;0.0;20:21:00;21:25:00;-64.00000000000009;20:26:00;21:37:00;-71.00000000000007;T7 - Graving av snø;;-71.00000000000007;16-01-2026_41900
;C45;5709.0;Alnabru;2026-01-16;3.0;Fredag;21:00:00;21:45:00;-45.0;21:02:00;20:32:00;30.000000000000053;21:37:00;22:00:00;-22.99999999999992;21:42:00;22:10:00;-28.00000000000006;T28 - Sen lasting/lossing av kunde/underleverandør;;-28.00000000000006;16-01-2026_5709
LANGTOG;C43;5811.0;Alnabru;2026-01-16;3.0;Fredag;20:30:00;20:50:00;-20.00000000000009;20:51:00;20:51:00;0.0;21:26:00;21:10:00;16.000000000000103;21:31:00;21:40:00;-8.999999999999968;T28 - Sen lasting/lossing av kunde/underleverandør;;-8.999999999999968;16-01-2026_5811
LANGTOG;C32 ;5515.0;Alnabru;2026-01-16;3.0;Fredag;21:15:00;21:20:00;-4.999999999999982;21:17:00;21:20:00;-2.9999999999999893;21:52:00;22:14:00;-22.00000000000008;21:57:00;22:20:00;-23.000000000000078;T7 - Graving av snø;;-23.000000000000078;16-01-2026_5515
PRI-TOG;C23;5735.0;Alnabru;2026-01-16;3.0;Fredag;21:50:00;21:50:00;0.0;22:02:00;22:00:00;1.999999999999993;22:37:00;22:36:00;0.9999999999999964;22:42:00;22:41:00;0.9999999999999964;;;0.9999999999999964;16-01-2026_5735
FORHÅNDSLASTES C32 FREDAG;C32 ;5737.0;Alnabru;2026-01-17;3.0;Lørdag;11:00:00;;0.0;11:02:00;;0.0;11:37:00;;0.0;11:42:00;;0.0;T17 - Innstilt tog;;0.0;17-01-2026_5737
;C44;41971.0;Alnabru;2026-01-17;3.0;Lørdag;13:30:00;15:20:00;-109.99999999999993;17:04:00;17:02:00;1.999999999999993;17:39:00;17:12:00;27.000000000000064;17:44:00;18:42:00;-57.99999999999996;;Ikke forsinket.Avgangstid: 19:05;-57.99999999999996;17-01-2026_41971
PRI-TOG;C23;41910.0;Alnabru;2026-01-17;3.0;Lørdag;12:00:00;16:00:00;-239.99999999999994;17:45:00;17:00:00;45.0;18:20:00;17:20:00;60.00000000000011;18:25:00;17:25:00;60.00000000000011;;;60.00000000000011;17-01-2026_41910
LASTEFRIST KL. 15:00 LØRDAG;C23;5711.0;Alnabru;2026-01-18;3.0;Søndag;14:30:00;14:30:00;0.0;07:27:00;07:27:00;0.0;08:02:00;07:45:00;17.00000000000002;08:07:00;07:48:00;19.000000000000014;;;19.000000000000014;18-01-2026_5711
Lastefrist 13:30 Søndag;C44;41960.0;Alnabru;2026-01-18;3.0;Søndag;13:30:00;13:30:00;0.0;16:48:00;16:40:00;7.999999999999972;17:23:00;16:15:00;67.99999999999991;17:28:00;16:57:00;30.99999999999989;;Avgtid:17:01;30.99999999999989;18-01-2026_41960
;C44;41971.0;Alnabru;2026-01-18;3.0;Søndag;13:30:00;13:30:00;0.0;17:04:00;17:00:00;3.999999999999986;17:39:00;16:40:00;59.000000000000114;17:44:00;16:54:00;49.999999999999986;;;49.999999999999986;18-01-2026_41971
LANGTOG;C32;5523.0;Alnabru;2026-01-18;3.0;Søndag;16:00:00;15:45:00;14.999999999999947;18:31:00;18:40:00;-8.999999999999968;19:06:00;19:20:00;-13.99999999999995;19:11:00;19:23:00;-11.999999999999957;T9 - Feil på vogn;Avgtid:19:16;-11.999999999999957;18-01-2026_5523
;C23;5717.0;Alnabru;2026-01-18;3.0;Søndag;16:00:00;15:00:00;59.99999999999994;18:57:00;16:20:00;156.99999999999991;19:32:00;16:29:00;183.0;19:37:00;17:07:00;149.99999999999994;;Avgtid: 17:12;149.99999999999994;18-01-2026_5717
LANGTOG;C43;5811.0;Alnabru;2026-01-18;3.0;Søndag;13:30:00;13:30:00;0.0;20:51:00;20:25:00;26.000000000000068;21:26:00;21:10:00;16.000000000000103;21:31:00;21:18:00;13.000000000000114;;;13.000000000000114;18-01-2026_5811
;C32 Nord;5531.0;Alnabru;2026-01-19;4.0;Mandag;07:50:00;07:50:00;0.0;07:43:00;07:43:00;-7.993605777301127e-14;08:18:00;08:18:00;0.0;08:23:00;08:36:00;-13.000000000000034;T20 - Trafikkstyring (TXP/Togleder);;-13.000000000000034;19-01-2026_5531
Lastefristkl. 19:30 dag før avgang.;C45;5301.0;Alnabru;2026-01-19;4.0;Mandag;19:30:00;19:30:00;0.0;08:11:00;08:11:00;0.0;08:46:00;08:50:00;-3.999999999999986;08:51:00;09:15:00;-23.999999999999993;T34 - Annen feil, forklaring i kommentarfelt;;-23.999999999999993;19-01-2026_5301
;C45;5801.0;Alnabru;2026-01-19;4.0;Mandag;08:50:00;09:05:00;-14.999999999999947;08:51:00;08:50:00;0.9999999999999165;09:26:00;09:22:00;3.999999999999986;09:31:00;09:31:00;0.0;;;0.0;19-01-2026_5801
PRI-TOG;C42;5731.0;Alnabru;2026-01-19;4.0;Mandag;08:50:00;09:20:00;-29.99999999999997;09:02:00;09:00:00;1.999999999999993;09:37:00;09:40:00;-2.9999999999999893;09:42:00;09:48:00;-5.999999999999979;T14 - Ekstern datafeil TOS/GOS;;-5.999999999999979;19-01-2026_5731
;C32 ;5507.0;Alnabru;2026-01-19;4.0;Mandag;11:40:00;11:35:00;4.999999999999982;11:43:00;11:40:00;3.0000000000000693;12:18:00;12:05:00;13.000000000000114;12:23:00;12:16:00;7.000000000000135;;;7.000000000000135;19-01-2026_5507
;C42;45960.0;Alnabru;2026-01-19;4.0;Mandag;14:00:00;;0.0;15:02:00;;0.0;15:37:00;;0.0;15:42:00;;0.0;T17 - Innstilt tog;;0.0;19-01-2026_45960
;C42;5707.0;Alnabru;2026-01-19;4.0;Mandag;16:20:00;16:20:00;0.0;16:32:00;16:30:00;1.999999999999993;17:07:00;16:50:00;17.0000000000001;17:12:00;16:53:00;18.999999999999932;;;18.999999999999932;19-01-2026_5707
;C32 ;5509.0;Alnabru;2026-01-19;4.0;Mandag;16:30:00;;0.0;16:44:00;;0.0;17:19:00;;0.0;17:24:00;;0.0;T17 - Innstilt tog;;0.0;19-01-2026_5509
;C44;41960.0;Alnabru;2026-01-19;4.0;Mandag;16:00:00;16:00:00;0.0;16:48:00;16:48:00;0.0;17:23:00;17:15:00;7.999999999999972;17:28:00;17:22:00;5.999999999999979;;;5.999999999999979;19-01-2026_41960
;C2/C5A;41971.0;Alnabru;2026-01-19;4.0;Mandag;16:00:00;16:00:00;0.0;17:04:00;18:00:00;-55.99999999999996;17:39:00;18:20:00;-40.99999999999986;17:44:00;18:31:00;-46.99999999999999;T18 - Sent lok til stamme;Sent lok fra lodalen. Ferdig fra oss i tide.;-46.99999999999999;19-01-2026_41971
;C45;5805.0;Alnabru;2026-01-19;4.0;Mandag;17:00:00;17:00:00;0.0;17:11:00;17:10:00;0.9999999999999964;17:46:00;17:40:00;5.999999999999979;17:51:00;17:53:00;-1.999999999999993;;Ferdig fra oss i tide;-1.999999999999993;19-01-2026_5805
PRI-TOG;C23;41910.0;Alnabru;2026-01-19;4.0;Mandag;17:35:00;17:35:00;0.0;17:45:00;17:45:00;0.0;18:20:00;18:19:00;1.0000000000001563;18:25:00;18:25:00;0.0;;;0.0;19-01-2026_41910
;C32;5511.0;Alnabru;2026-01-19;4.0;Mandag;18:40:00;18:40:00;0.0;18:59:00;18:49:00;9.999999999999964;19:34:00;19:30:00;3.999999999999986;19:39:00;19:34:00;4.999999999999982;T1 - I rute;Feil tid i rapp. Avgtid: 19:39;4.999999999999982;19-01-2026_5511
;C42;5733.0;Alnabru;2026-01-19;4.0;Mandag;19:20:00;19:20:00;0.0;19:30:00;19:30:00;0.0;20:05:00;19:39:00;26.000000000000068;20:10:00;20:10:00;0.0;;;0.0;19-01-2026_5733
PRI-TOG;C31;41900.0;Alnabru;2026-01-19;4.0;Mandag;19:40:00;19:45:00;-4.999999999999982;19:46:00;20:25:00;-39.00000000000002;20:21:00;20:05:00;15.999999999999943;20:26:00;20:59:00;-33.00000000000004;T18 - Sent lok til stamme;Sent lok opp fra lodalen, Ferdig fra oss i tide.;-33.00000000000004;19-01-2026_41900
;C45;5709.0;Alnabru;2026-01-19;4.0;Mandag;21:00:00;21:00:00;0.0;21:02:00;20:30:00;32.00000000000004;21:37:00;21:43:00;-5.999999999999979;21:42:00;21:47:00;-4.999999999999982;;feil tid i rapp. Avgtid: 21:42;-4.999999999999982;19-01-2026_5709
LANGTOG;C43;5811.0;Alnabru;2026-01-19;4.0;Mandag;20:30:00;20:30:00;0.0;20:51:00;20:51:00;0.0;21:26:00;21:15:00;11.00000000000012;21:31:00;21:33:00;-1.999999999999993;;;-1.999999999999993;19-01-2026_5811
LANGTOG;C32 ;5515.0;Alnabru;2026-01-19;4.0;Mandag;21:15:00;21:15:00;0.0;21:17:00;21:15:00;1.999999999999993;21:52:00;22:02:00;-9.999999999999964;21:57:00;22:09:00;-12.000000000000117;;;-12.000000000000117;19-01-2026_5515
PRI-TOG;C23;5735.0;Alnabru;2026-01-19;4.0;Mandag;21:50:00;21:50:00;0.0;22:02:00;22:00:00;1.999999999999993;22:37:00;22:30:00;6.999999999999975;22:42:00;22:42:00;0.0;;;0.0;19-01-2026_5735
Lastefristkl. 19:30 dag før avgang.;C45;5301.0;Alnabru;2026-01-20;4.0;Tirsdag;19:30:00;19:30:00;0.0;08:11:00;08:11:00;0.0;08:46:00;08:40:00;6.000000000000059;08:51:00;08:51:00;0.0;;;0.0;20-01-2026_5301
;C45;5801.0;Alnabru;2026-01-20;4.0;Tirsdag;08:50:00;09:15:00;-24.999999999999993;08:51:00;08:51:00;-7.993605777301127e-14;09:26:00;09:26:00;0.0;09:31:00;09:34:00;-3.0000000000000693;T20 - Trafikkstyring (TXP/Togleder);;-3.0000000000000693;20-01-2026_5801
PRI-TOG;C42;5731.0;Alnabru;2026-01-20;4.0;Tirsdag;08:50:00;08:50:00;0.0;09:02:00;09:00:00;1.999999999999993;09:37:00;09:25:00;12.000000000000037;09:42:00;09:41:00;0.9999999999999964;;;0.9999999999999964;20-01-2026_5731
;C32 ;5507.0;Alnabru;2026-01-20;4.0;Tirsdag;11:40:00;11:50:00;-10.000000000000044;11:43:00;12:00:00;-16.99999999999994;12:18:00;12:35:00;-16.99999999999994;12:23:00;12:45:00;-21.999999999999922;T18 - Sent lok til stamme;;-21.999999999999922;20-01-2026_5507
;C42;45960.0;Alnabru;2026-01-20;4.0;Tirsdag;14:00:00;12:00:00;120.00000000000006;15:02:00;;0.0;15:37:00;;0.0;15:42:00;;0.0;;;0.0;20-01-2026_45960
;C42;5707.0;Alnabru;2026-01-20;4.0;Tirsdag;16:20:00;16:20:00;0.0;16:32:00;16:59:00;-27.000000000000064;17:07:00;17:04:00;2.9999999999999893;17:12:00;17:09:00;2.9999999999999893;;;2.9999999999999893;20-01-2026_5707
;C32 ;5509.0;Alnabru;2026-01-20;4.0;Tirsdag;16:30:00;;0.0;16:44:00;;0.0;17:19:00;;0.0;17:24:00;;0.0;T17 - Innstilt tog;;0.0;20-01-2026_5509
;C44;41960.0;Alnabru;2026-01-20;4.0;Tirsdag;16:00:00;16:00:00;0.0;16:48:00;16:53:00;-5.000000000000142;17:23:00;16:58:00;24.99999999999991;17:28:00;17:18:00;9.999999999999964;;;9.999999999999964;20-01-2026_41960
;C2/C5A;41971.0;Alnabru;2026-01-20;4.0;Tirsdag;16:00:00;16:00:00;0.0;17:04:00;;0.0;17:39:00;19:48:00;-128.99999999999986;17:44:00;19:52:00;-127.99999999999986;T18 - Sent lok til stamme;Sent lok fra vst Lodalen;-127.99999999999986;20-01-2026_41971
;C45;5805.0;Alnabru;2026-01-20;4.0;Tirsdag;17:00:00;17:00:00;0.0;17:11:00;17:19:00;-7.999999999999972;17:46:00;17:30:00;16.000000000000103;17:51:00;17:33:00;18.000000000000096;;;18.000000000000096;20-01-2026_5805
PRI-TOG;C23;41910.0;Alnabru;2026-01-20;4.0;Tirsdag;17:35:00;17:35:00;0.0;17:45:00;18:12:00;-26.999999999999904;18:20:00;18:24:00;-3.999999999999986;18:25:00;18:30:00;-4.999999999999982;T18 - Sent lok til stamme;;-4.999999999999982;20-01-2026_41910
;C32 ;5511.0;Alnabru;2026-01-20;4.0;Tirsdag;18:40:00;19:04:00;-23.999999999999915;18:59:00;18:32:00;26.999999999999904;19:34:00;19:17:00;16.99999999999994;19:39:00;19:34:00;4.999999999999982;;Feill tid  avg er 19:39;4.999999999999982;20-01-2026_5511
;C42;5733.0;Alnabru;2026-01-20;4.0;Tirsdag;19:20:00;;0.0;19:35:00;19:30:00;4.999999999999982;20:05:00;21:08:00;-62.999999999999936;20:10:00;21:10:00;-59.99999999999994;;måtte ta ut vst vg i kveld;-59.99999999999994;20-01-2026_5733
PRI-TOG;C31;41900.0;Alnabru;2026-01-20;4.0;Tirsdag;19:40:00;19:40:00;0.0;19:46:00;20:08:00;-22.00000000000008;20:21:00;20:18:00;2.9999999999999893;20:26:00;20:26:00;0.0;T18 - Sent lok til stamme;Sent lok fra vst Lodalen;0.0;20-01-2026_41900
;C45;5709.0;Alnabru;2026-01-20;4.0;Tirsdag;21:00:00;21:00:00;0.0;21:02:00;20:00:00;61.99999999999994;21:37:00;21:24:00;12.999999999999954;21:42:00;21:32:00;9.999999999999964;;AVG tid er 21:42;9.999999999999964;20-01-2026_5709
LANGTOG;C43;5811.0;Alnabru;2026-01-20;4.0;Tirsdag;20:30:00;20:30:00;0.0;20:51:00;20:51:00;0.0;21:26:00;21:24:00;1.999999999999993;21:31:00;21:28:00;2.9999999999999893;;;2.9999999999999893;20-01-2026_5811
LANGTOG;C32 ;5515.0;Alnabru;2026-01-20;4.0;Tirsdag;21:15:00;21:25:00;-10.000000000000124;21:17:00;22:00:00;-43.00000000000001;21:52:00;22:20:00;-28.00000000000006;21:57:00;22:28:00;-31.00000000000005;T18 - Sent lok til stamme;;-31.00000000000005;20-01-2026_5515
PRI-TOG;C23;5735.0;Alnabru;2026-01-20;4.0;Tirsdag;21:50:00;21:44:00;5.999999999999979;22:02:00;;0.0;22:37:00;;0.0;22:42:00;;0.0;;sent lok fra 5734;0.0;20-01-2026_5735
;C32 Nord;5531.0;Alnabru;2026-01-21;4.0;Onsdag;07:50:00;07:50:00;0.0;07:43:00;07:30:00;12.999999999999954;08:18:00;08:40:00;-22.0;08:23:00;08:54:00;-31.00000000000005;T34 - Annen feil, forklaring i kommentarfelt;Hang på 1 vogn for mye og opptak måtte endres.;-31.00000000000005;21-01-2026_5531
Lastefristkl. 19:30 dag før avgang.;C45;5301.0;Alnabru;2026-01-21;4.0;Onsdag;19:30:00;19:30:00;0.0;08:11:00;08:01:00;10.000000000000044;08:46:00;08:46:00;7.993605777301127e-14;08:51:00;09:43:00;-51.99999999999997;T34 - Annen feil, forklaring i kommentarfelt;Sent opptak;-51.99999999999997;21-01-2026_5301
;C45;5801.0;Alnabru;2026-01-21;4.0;Onsdag;08:50:00;08:50:00;0.0;08:51:00;08:45:00;5.999999999999979;09:26:00;09:44:00;-18.000000000000014;09:31:00;09:55:00;-23.999999999999993;T34 - Annen feil, forklaring i kommentarfelt;5811 i retur i natt ut som 5801 i dag. Sent opptak grunnet dette. ;-23.999999999999993;21-01-2026_5801
PRI-TOG;C42;5731.0;Alnabru;2026-01-21;4.0;Onsdag;08:50:00;09:25:00;-34.99999999999996;09:02:00;09:02:00;0.0;09:37:00;09:36:00;0.9999999999999964;09:42:00;10:09:00;-26.999999999999986;;Klar fra oss i tide;-26.999999999999986;21-01-2026_5731
;C32 ;5507.0;Alnabru;2026-01-21;4.0;Onsdag;11:40:00;12:30:00;-50.000000000000064;11:43:00;11:43:00;7.993605777301127e-14;12:18:00;12:44:00;-25.999999999999908;12:23:00;12:53:00;-29.999999999999893;T28 - Sen lasting/lossing av kunde/underleverandør;treg opplasting + Sen belegging etter følgefeil fra 5811/5801 situasjonen. ;-29.999999999999893;21-01-2026_5507
;C42;45960.0;Alnabru;2026-01-21;4.0;Onsdag;14:00:00;;0.0;15:02:00;;0.0;15:37:00;;0.0;15:42:00;;0.0;T17 - Innstilt tog;;0.0;21-01-2026_45960
;C42;5707.0;Alnabru;2026-01-21;4.0;Onsdag;16:20:00;16:30:00;-9.999999999999964;16:32:00;16:45:00;-12.999999999999954;17:07:00;17:00:00;6.999999999999975;17:12:00;17:08:00;3.999999999999986;;;3.999999999999986;21-01-2026_5707
;C32 ;5509.0;Alnabru;2026-01-21;4.0;Onsdag;16:30:00;;0.0;16:44:00;;0.0;17:19:00;;0.0;17:24:00;;0.0;T17 - Innstilt tog;;0.0;21-01-2026_5509
;C44;41960.0;Alnabru;2026-01-21;4.0;Onsdag;16:00:00;16:40:00;-40.000000000000014;16:48:00;16:44:00;3.999999999999986;17:23:00;17:00:00;22.99999999999992;17:28:00;17:03:00;24.99999999999991;;;24.99999999999991;21-01-2026_41960
;C2/C5A;41971.0;Alnabru;2026-01-21;4.0;Onsdag;16:00:00;16:20:00;-20.00000000000009;17:04:00;17:35:00;-30.99999999999989;17:39:00;18:17:00;-37.999999999999865;17:44:00;18:32:00;-47.999999999999986;T34 - Annen feil, forklaring i kommentarfelt;Feil under bremseprøve + skifte problematikk.;-47.999999999999986;21-01-2026_41971
;C45;5805.0;Alnabru;2026-01-21;4.0;Onsdag;17:00:00;17:32:00;-31.999999999999886;17:11:00;17:15:00;-3.999999999999986;17:46:00;17:47:00;-0.9999999999999964;17:51:00;18:08:00;-16.99999999999994;T16 - Kø skifting;Kø ut fra terminalen.;-16.99999999999994;21-01-2026_5805
PRI-TOG;C23;41910.0;Alnabru;2026-01-21;4.0;Onsdag;17:35:00;17:20:00;14.999999999999947;17:45:00;17:39:00;5.999999999999979;18:20:00;18:07:00;13.000000000000114;18:25:00;18:22:00;3.000000000000149;;;3.000000000000149;21-01-2026_41910
;C32 ;5511.0;Alnabru;2026-01-21;4.0;Onsdag;18:40:00;20:10:00;-90.0;18:59:00;18:49:00;9.999999999999964;19:34:00;20:37:00;-62.999999999999936;19:39:00;20:49:00;-70.00000000000007;T34 - Annen feil, forklaring i kommentarfelt;Graving av andre tog, mye kø på skifting. Hadde bare 1 champ.;-70.00000000000007;21-01-2026_5511
;C42;5733.0;Alnabru;2026-01-21;4.0;Onsdag;19:20:00;20:35:00;-74.99999999999989;19:35:00;20:52:00;-77.00000000000004;20:05:00;21:03:00;-57.99999999999996;20:10:00;21:07:00;-56.99999999999996;T18 - Sent lok til stamme; sent lok og treg opplasting;-56.99999999999996;21-01-2026_5733
PRI-TOG;C31;41900.0;Alnabru;2026-01-21;4.0;Onsdag;19:40:00;19:43:00;-2.9999999999999893;19:46:00;19:49:00;-2.9999999999999893;20:21:00;20:18:00;2.9999999999999893;20:26:00;20:24:00;1.999999999999993;;;1.999999999999993;21-01-2026_41900
;C45;5709.0;Alnabru;2026-01-21;4.0;Onsdag;21:00:00;21:10:00;-9.999999999999964;21:02:00;21:05:00;-2.9999999999999893;21:37:00;21:37:00;0.0;21:42:00;21:44:00;-1.999999999999993;T18 - Sent lok til stamme;;-1.999999999999993;21-01-2026_5709
LANGTOG;C43;5811.0;Alnabru;2026-01-21;4.0;Onsdag;20:30:00;21:21:00;-50.99999999999998;20:51:00;20:51:00;0.0;21:26:00;22:00:00;-33.99999999999988;21:31:00;22:07:00;-35.99999999999987;T34 - Annen feil, forklaring i kommentarfelt;gods fra 5811 i retur i natt som skapte krøll.;-35.99999999999987;21-01-2026_5811
LANGTOG;C32 ;5515.0;Alnabru;2026-01-21;4.0;Onsdag;21:15:00;;0.0;21:17:00;;0.0;21:52:00;;0.0;21:57:00;;0.0;;;0.0;21-01-2026_5515
PRI-TOG;C23;5735.0;Alnabru;2026-01-21;4.0;Onsdag;21:50:00;;0.0;22:02:00;;0.0;22:37:00;;0.0;22:42:00;;0.0;;;0.0;21-01-2026_5735
Lastefristkl. 19:30 dag før avgang.;C45;5301.0;Alnabru;2026-01-22;4.0;Torsdag;19:30:00;;0.0;08:11:00;;0.0;08:46:00;;0.0;08:51:00;08:51:00;0.0;;;0.0;22-01-2026_5301
;C45;5801.0;Alnabru;2026-01-22;4.0;Torsdag;08:50:00;;0.0;08:51:00;;0.0;09:26:00;;0.0;09:31:00;09:33:00;-1.999999999999993;;;-1.999999999999993;22-01-2026_5801
PRI-TOG;C42;5731.0;Alnabru;2026-01-22;4.0;Torsdag;08:50:00;;0.0;09:02:00;;0.0;09:37:00;;0.0;09:42:00;09:32:00;10.000000000000044;;;10.000000000000044;22-01-2026_5731
;C32 ;5507.0;Alnabru;2026-01-22;4.0;Torsdag;11:40:00;;0.0;11:43:00;;0.0;12:18:00;;0.0;12:23:00;12:57:00;-33.99999999999988;T9 - Feil på vogn;VST vogn måtte byttes ut. ;-33.99999999999988;22-01-2026_5507
;C42;45960.0;Alnabru;2026-01-22;4.0;Torsdag;14:00:00;;0.0;15:02:00;;0.0;15:37:00;15:09:00;28.00000000000006;15:42:00;15:22:00;20.00000000000009;;;20.00000000000009;22-01-2026_45960
;C42;5707.0;Alnabru;2026-01-22;4.0;Torsdag;16:20:00;16:35:00;-14.999999999999947;16:32:00;16:45:00;-12.999999999999954;17:07:00;17:14:00;-6.999999999999975;17:12:00;17:21:00;-8.999999999999968;;;-8.999999999999968;22-01-2026_5707
;C32 ;5509.0;Alnabru;2026-01-22;4.0;Torsdag;16:30:00;;0.0;16:44:00;;0.0;17:19:00;;0.0;17:24:00;;0.0;T17 - Innstilt tog;;0.0;22-01-2026_5509
;C44;41960.0;Alnabru;2026-01-22;4.0;Torsdag;16:00:00;16:30:00;-30.000000000000053;16:48:00;17:22:00;-34.00000000000004;17:23:00;17:23:00;0.0;17:28:00;17:28:00;0.0;;;0.0;22-01-2026_41960
;C2/C5A;41971.0;Alnabru;2026-01-22;4.0;Torsdag;16:00:00;16:20:00;-20.00000000000009;17:04:00;17:00:00;3.999999999999986;17:39:00;19:28:00;-108.99999999999993;17:44:00;19:36:00;-111.99999999999991;;Sent ut fra Gamla å ned til r-sopr pga en skiftemaskin;-111.99999999999991;22-01-2026_41971
;C45;5805.0;Alnabru;2026-01-22;4.0;Torsdag;17:00:00;17:00:00;0.0;17:11:00;16:57:00;13.99999999999995;17:46:00;17:44:00;1.999999999999993;17:51:00;17:52:00;-0.9999999999999964;;;-0.9999999999999964;22-01-2026_5805
PRI-TOG;C23;41910.0;Alnabru;2026-01-22;4.0;Torsdag;17:35:00;17:42:00;-7.000000000000135;17:45:00;18:00:00;-14.999999999999947;18:20:00;18:32:00;-11.999999999999957;18:25:00;18:34:00;-8.999999999999968;;;-8.999999999999968;22-01-2026_41910
;C32 ;5511.0;Alnabru;2026-01-22;4.0;Torsdag;18:40:00;18:50:00;-9.999999999999964;18:59:00;18:53:00;5.999999999999979;19:34:00;19:16:00;17.999999999999936;19:39:00;19:28:00;10.999999999999961;;;10.999999999999961;22-01-2026_5511
;C42;5733.0;Alnabru;2026-01-22;4.0;Torsdag;19:20:00;20:41:00;-81.00000000000003;19:35:00;19:30:00;4.999999999999982;20:05:00;20:52:00;-46.99999999999999;20:10:00;20:56:00;-46.0;;Sent oppe  til lasting pga en skiftemaskin;-46.0;22-01-2026_5733
PRI-TOG;C31;41900.0;Alnabru;2026-01-22;4.0;Torsdag;19:40:00;19:40:00;0.0;19:46:00;19:24:00;21.999999999999922;20:21:00;19:56:00;24.99999999999991;20:26:00;20:12:00;13.99999999999995;;;13.99999999999995;22-01-2026_41900
;C45;5709.0;Alnabru;2026-01-22;4.0;Torsdag;21:00:00;22:06:00;-65.99999999999993;21:02:00;20:32:00;30.000000000000053;21:37:00;22:14:00;-37.00000000000003;21:42:00;22:24:00;-42.000000000000014;;Sent oppe til Laasting  pga en skifte maskin;-42.000000000000014;22-01-2026_5709
LANGTOG;C43;5811.0;Alnabru;2026-01-22;4.0;Torsdag;20:30:00;20:30:00;0.0;20:51:00;21:14:00;-22.99999999999992;21:26:00;21:21:00;5.000000000000142;21:31:00;21:30:00;0.9999999999999964;T17 - Innstilt tog;;0.9999999999999964;22-01-2026_5811
LANGTOG;C32 ;5515.0;Alnabru;2026-01-22;4.0;Torsdag;21:15:00;22:25:00;-70.00000000000007;21:17:00;22:30:00;-73.00000000000006;21:52:00;22:54:00;-62.0000000000001;21:57:00;23:04:00;-67.00000000000009;;;-67.00000000000009;22-01-2026_5515
PRI-TOG;C23;5735.0;Alnabru;2026-01-22;4.0;Torsdag;21:50:00;22:11:00;-21.000000000000085;22:02:00;21:31:00;30.99999999999989;22:37:00;22:28:00;8.999999999999968;22:42:00;22:36:00;5.999999999999979;;;5.999999999999979;22-01-2026_5735
Lastefristkl. 19:30 dag før avgang.;C45;5301.0;Alnabru;2026-01-23;4.0;Fredag;19:30:00;19:30:00;0.0;08:11:00;07:50:00;21.000000000000007;08:46:00;08:20:00;26.000000000000068;08:51:00;08:49:00;1.999999999999993;;;1.999999999999993;23-01-2026_5301
;C45;5801.0;Alnabru;2026-01-23;4.0;Fredag;08:50:00;09:10:00;-19.99999999999993;08:51:00;08:51:00;-7.993605777301127e-14;09:26:00;09:30:00;-3.999999999999986;09:31:00;09:41:00;-10.000000000000044;T26 - Terminalforhold (Forklar nærmere i kommentar);Sen opplasting pga vinterforhold og etterslep;-10.000000000000044;23-01-2026_5801
PRI-TOG;C42;5731.0;Alnabru;2026-01-23;4.0;Fredag;08:50:00;09:39:00;-48.999999999999986;09:02:00;09:02:00;0.0;09:37:00;09:50:00;-12.999999999999954;09:42:00;09:58:00;-16.00000000000002;T26 - Terminalforhold (Forklar nærmere i kommentar);Sen opplasting pga vinterforhold og etterslep;-16.00000000000002;23-01-2026_5731
;C32 ;5507.0;Alnabru;2026-01-23;4.0;Fredag;11:40:00;11:40:00;0.0;11:43:00;12:10:00;-26.999999999999904;12:18:00;12:39:00;-20.999999999999925;12:23:00;;0.0;T18 - Sent lok til stamme;Sent lok + problemer med tetthetsprøve;0.0;23-01-2026_5507
;C42;45960.0;Alnabru;2026-01-23;4.0;Fredag;14:00:00;14:00:00;0.0;15:02:00;15:12:00;-9.999999999999964;15:37:00;;0.0;15:42:00;15:46:00;-3.999999999999986;;Lok inn i tide. 2 lokførere som tok brems selv.;-3.999999999999986;23-01-2026_45960
;C32 ;5509.0;Alnabru;2026-01-23;4.0;Fredag;16:30:00;;0.0;16:44:00;;0.0;17:19:00;;0.0;17:24:00;;0.0;T17 - Innstilt tog;;0.0;23-01-2026_5509
;C2/C5A;41971.0;Alnabru;2026-01-23;4.0;Fredag;16:00:00;15:30:00;29.999999999999893;17:04:00;20:00:00;-176.0;17:39:00;20:50:00;-190.99999999999997;17:44:00;20:55:00;-190.99999999999997;T1 - I rute;Avgtid: 20:55;-190.99999999999997;23-01-2026_41971
;C45;5805.0;Alnabru;2026-01-23;4.0;Fredag;17:00:00;16:30:00;30.000000000000053;17:11:00;17:20:00;-8.999999999999968;17:46:00;17:35:00;11.00000000000012;17:51:00;17:50:00;0.9999999999999964;;;0.9999999999999964;23-01-2026_5805
PRI-TOG;C23;41910.0;Alnabru;2026-01-23;4.0;Fredag;17:35:00;17:00:00;34.99999999999987;17:45:00;17:45:00;0.0;18:20:00;18:00:00;20.00000000000009;18:25:00;18:10:00;15.000000000000107;;;15.000000000000107;23-01-2026_41910
;C32 ;5511.0;Alnabru;2026-01-23;4.0;Fredag;18:40:00;18:40:00;0.0;18:59:00;18:49:00;9.999999999999964;19:34:00;19:10:00;23.999999999999915;19:39:00;19:24:00;14.999999999999947;;;14.999999999999947;23-01-2026_5511
;C42;5733.0;Alnabru;2026-01-23;4.0;Fredag;19:20:00;19:20:00;0.0;19:35:00;19:30:00;4.999999999999982;20:05:00;19:30:00;35.000000000000036;20:10:00;19:56:00;13.99999999999995;;;13.99999999999995;23-01-2026_5733
PRI-TOG;C31;41900.0;Alnabru;2026-01-23;4.0;Fredag;19:40:00;19:40:00;0.0;19:46:00;19:46:00;0.0;20:21:00;20:00:00;20.999999999999925;20:26:00;20:28:00;-1.999999999999993;;Ferdig fra oss i tide, uviss grunn.;-1.999999999999993;23-01-2026_41900
;C45;5709.0;Alnabru;2026-01-23;4.0;Fredag;21:00:00;21:00:00;0.0;21:02:00;20:30:00;32.00000000000004;21:37:00;21:32:00;4.999999999999982;21:42:00;21:39:00;2.9999999999999893;T1 - I rute;Avgtid: 21:42;2.9999999999999893;23-01-2026_5709
LANGTOG;C43;5811.0;Alnabru;2026-01-23;4.0;Fredag;20:30:00;20:30:00;0.0;20:51:00;20:51:00;0.0;21:26:00;20:50:00;36.00000000000003;21:31:00;21:05:00;26.000000000000068;;;26.000000000000068;23-01-2026_5811
LANGTOG;C32 ;5515.0;Alnabru;2026-01-23;4.0;Fredag;21:15:00;21:40:00;-25.00000000000007;21:17:00;21:17:00;0.0;21:52:00;22:00:00;-7.999999999999972;21:57:00;22:10:00;-13.000000000000114;T7 - Graving av snø;Stamme måtte graves før opplasting.;-13.000000000000114;23-01-2026_5515
PRI-TOG;C23;5735.0;Alnabru;2026-01-23;4.0;Fredag;21:50:00;21:35:00;14.999999999999947;22:02:00;21:00:00;61.99999999999994;22:37:00;22:10:00;26.999999999999904;22:42:00;22:31:00;10.999999999999961;;;10.999999999999961;23-01-2026_5735
FORHÅNDSLASTES C32 FREDAG;C32 ;5737.0;Alnabru;2026-01-24;4.0;Lørdag;11:00:00;;0.0;11:02:00;;0.0;11:37:00;;0.0;11:42:00;;0.0;T17 - Innstilt tog;;0.0;24-01-2026_5737
;C44;41971.0;Alnabru;2026-01-24;4.0;Lørdag;13:30:00;13:30:00;0.0;17:04:00;;0.0;17:39:00;;0.0;17:44:00;;0.0;;;0.0;24-01-2026_41971
PRI-TOG;C23;41910.0;Alnabru;2026-01-24;4.0;Lørdag;12:00:00;12:00:00;0.0;17:45:00;;0.0;18:20:00;;0.0;18:25:00;;0.0;;;0.0;24-01-2026_41910
LASTEFRIST KL. 15:00 LØRDAG;C23;5711.0;Alnabru;2026-01-25;4.0;Søndag;14:30:00;14:30:00;0.0;07:27:00;07:10:00;17.00000000000002;08:02:00;07:30:00;32.00000000000004;08:07:00;07:41:00;26.000000000000068;;;26.000000000000068;25-01-2026_5711
Lastefrist 13:30 Søndag;C44;41960.0;Alnabru;2026-01-25;4.0;Søndag;13:30:00;13:30:00;0.0;16:48:00;16:08:00;39.99999999999986;17:23:00;16:35:00;47.999999999999986;17:28:00;17:11:00;16.99999999999994;;;16.99999999999994;25-01-2026_41960
;C44;41971.0;Alnabru;2026-01-25;4.0;Søndag;13:30:00;13:30:00;0.0;17:04:00;16:44:00;20.00000000000009;17:39:00;17:08:00;31.00000000000005;17:44:00;17:16:00;28.00000000000006;;;28.00000000000006;25-01-2026_41971
LANGTOG;C32;5523.0;Alnabru;2026-01-25;4.0;Søndag;16:00:00;16:00:00;0.0;18:31:00;18:19:00;12.000000000000117;19:06:00;18:45:00;21.000000000000085;19:11:00;18:57:00;14.00000000000011;;Ny rute: 19:16;14.00000000000011;25-01-2026_5523
;C23;5717.0;Alnabru;2026-01-25;4.0;Søndag;16:00:00;16:00:00;0.0;18:57:00;16:09:00;167.9999999999999;17:12:00;16:44:00;28.00000000000006;19:37:00;17:11:00;145.99999999999997;;Ny rute: 17:12;145.99999999999997;25-01-2026_5717
LANGTOG;C43;5811.0;Alnabru;2026-01-25;4.0;Søndag;13:30:00;13:30:00;0.0;20:51:00;18:12:00;159.00000000000009;21:26:00;18:25:00;181.0;21:31:00;18:30:00;181.0;;Ny rute: 18:40;181.0;25-01-2026_5811
;C32 Nord;5531.0;Alnabru;2026-01-26;5.0;Mandag;07:50:00;07:30:00;20.000000000000007;07:43:00;07:43:00;-7.993605777301127e-14;08:18:00;08:10:00;7.999999999999972;08:23:00;08:18:00;4.999999999999982;;;4.999999999999982;26-01-2026_5531
Lastefristkl. 19:30 dag før avgang.;C45;5301.0;Alnabru;2026-01-26;5.0;Mandag;19:30:00;19:30:00;0.0;08:11:00;08:11:00;0.0;08:46:00;08:46:00;7.993605777301127e-14;08:51:00;08:50:00;0.9999999999999964;;;0.9999999999999964;26-01-2026_5301
;C45;5801.0;Alnabru;2026-01-26;5.0;Mandag;08:50:00;08:50:00;0.0;08:51:00;08:50:00;0.9999999999999165;09:26:00;09:26:00;0.0;09:31:00;09:28:00;2.9999999999999893;;;2.9999999999999893;26-01-2026_5801
PRI-TOG;C42;5731.0;Alnabru;2026-01-26;5.0;Mandag;08:50:00;08:50:00;0.0;09:02:00;08:55:00;6.999999999999975;09:37:00;09:37:00;0.0;09:42:00;09:41:00;0.9999999999999964;;;0.9999999999999964;26-01-2026_5731
;C32 ;5507.0;Alnabru;2026-01-26;5.0;Mandag;11:40:00;11:50:00;-10.000000000000044;11:43:00;11:43:00;7.993605777301127e-14;12:18:00;12:19:00;-0.9999999999998366;12:23:00;12:23:00;0.0;;;0.0;26-01-2026_5507
;C42;45960.0;Alnabru;2026-01-26;5.0;Mandag;14:00:00;;0.0;15:02:00;;0.0;15:37:00;;0.0;15:42:00;15:51:00;-8.999999999999968;T20 - Trafikkstyring (TXP/Togleder);Uvvist årsak til forsinkelsen;-8.999999999999968;26-01-2026_45960
;C42;5707.0;Alnabru;2026-01-26;5.0;Mandag;16:20:00;16:20:00;0.0;16:32:00;17:23:00;-50.99999999999998;17:07:00;17:32:00;-24.99999999999991;17:12:00;17:47:00;-35.000000000000036;T18 - Sent lok til stamme;;-35.000000000000036;26-01-2026_5707
;C32 ;5509.0;Alnabru;2026-01-26;5.0;Mandag;16:30:00;;0.0;16:44:00;;0.0;17:19:00;;0.0;17:24:00;;0.0;T17 - Innstilt tog;;0.0;26-01-2026_5509
;C44;41960.0;Alnabru;2026-01-26;5.0;Mandag;16:00:00;16:00:00;0.0;16:48:00;16:45:00;2.9999999999999893;17:23:00;16:55:00;27.9999999999999;17:28:00;17:35:00;-6.999999999999975;T21 - R206 ikke klar i tide;Mye samtidighet med tog som skal leses inn og kontrolleres. Glemte å varsle ekspedisjonen om last OK.;-6.999999999999975;26-01-2026_41960
;C2/C5A;41971.0;Alnabru;2026-01-26;5.0;Mandag;16:00:00;16:00:00;0.0;17:04:00;17:04:00;0.0;17:39:00;17:35:00;4.000000000000146;17:44:00;17:40:00;3.999999999999986;T26 - Terminalforhold (Forklar nærmere i kommentar);Skiftemaskinen brukte lang tid på å komme seg opp fra gamla. Gikk i 1km/t opp mot C-21;3.999999999999986;26-01-2026_41971
;C45;5805.0;Alnabru;2026-01-26;5.0;Mandag;17:00:00;17:00:00;0.0;17:11:00;17:11:00;0.0;17:46:00;17:25:00;21.000000000000085;17:51:00;17:49:00;1.999999999999993;;;1.999999999999993;26-01-2026_5805
PRI-TOG;C23;41910.0;Alnabru;2026-01-26;5.0;Mandag;17:35:00;17:35:00;0.0;17:45:00;17:45:00;0.0;18:20:00;18:19:00;1.0000000000001563;18:25:00;18:30:00;-4.999999999999982;T20 - Trafikkstyring (TXP/Togleder);;-4.999999999999982;26-01-2026_41910
;C32;5511.0;Alnabru;2026-01-26;5.0;Mandag;18:40:00;18:40:00;0.0;18:59:00;19:50:00;-50.99999999999998;19:34:00;20:03:00;-29.000000000000057;19:39:00;20:12:00;-33.00000000000004;T18 - Sent lok til stamme;;-33.00000000000004;26-01-2026_5511
;C42;5733.0;Alnabru;2026-01-26;5.0;Mandag;19:20:00;19:20:00;0.0;19:30:00;19:30:00;0.0;20:05:00;19:50:00;15.000000000000107;20:10:00;19:58:00;11.999999999999957;;;11.999999999999957;26-01-2026_5733
PRI-TOG;C31;41900.0;Alnabru;2026-01-26;5.0;Mandag;19:40:00;19:40:00;0.0;19:46:00;19:45:00;0.9999999999999964;20:21:00;20:23:00;-1.999999999999993;20:26:00;20:27:00;-0.9999999999999964;;;-0.9999999999999964;26-01-2026_41900
;C45;5709.0;Alnabru;2026-01-26;5.0;Mandag;21:00:00;21:00:00;0.0;21:02:00;20:32:00;30.000000000000053;21:37:00;21:20:00;17.0000000000001;21:42:00;21:28:00;13.99999999999995;T1 - I rute;Feil rutetid. Riktig rute 21:42;13.99999999999995;26-01-2026_5709
LANGTOG;C43;5811.0;Alnabru;2026-01-26;5.0;Mandag;20:30:00;20:30:00;0.0;20:51:00;20:00:00;50.99999999999998;21:26:00;20:48:00;38.00000000000003;21:31:00;21:00:00;31.00000000000005;;;31.00000000000005;26-01-2026_5811
LANGTOG;C32 ;5515.0;Alnabru;2026-01-26;5.0;Mandag;21:15:00;21:50:00;-35.000000000000036;21:17:00;21:17:00;0.0;21:52:00;22:02:00;-9.999999999999964;21:57:00;22:22:00;-25.00000000000007;T26 - Terminalforhold (Forklar nærmere i kommentar);Følgeforsinkelse fra sent lok fra 5511.;-25.00000000000007;26-01-2026_5515
PRI-TOG;C23;5735.0;Alnabru;2026-01-26;5.0;Mandag;21:50:00;21:50:00;0.0;22:02:00;22:00:00;1.999999999999993;22:37:00;22:15:00;21.999999999999922;22:42:00;23:00:00;-18.000000000000096;T19 - Feil på lok;;-18.000000000000096;26-01-2026_5735
Lastefristkl. 19:30 dag før avgang.;C45;5301.0;Alnabru;2026-01-27;5.0;Tirsdag;19:30:00;19:30:00;0.0;08:11:00;07:55:00;16.00000000000002;08:46:00;;0.0;08:51:00;08:47:00;4.000000000000066;;;4.000000000000066;27-01-2026_5301
;C45;5801.0;Alnabru;2026-01-27;5.0;Tirsdag;08:50:00;09:00:00;-9.999999999999964;08:51:00;08:51:00;-7.993605777301127e-14;09:26:00;09:35:00;-9.000000000000048;09:31:00;09:40:00;-9.000000000000048;T12 - Mannskapsmangel;Sen opplasting, sen lastkontroll og med påfølgende forsinket bremseprøve;-9.000000000000048;27-01-2026_5801
PRI-TOG;C42;5731.0;Alnabru;2026-01-27;5.0;Tirsdag;08:50:00;08:50:00;0.0;09:02:00;09:02:00;0.0;09:37:00;09:35:00;1.999999999999993;09:42:00;09:38:00;3.999999999999986;;;3.999999999999986;27-01-2026_5731
;C32 ;5507.0;Alnabru;2026-01-27;5.0;Tirsdag;11:40:00;11:50:00;-10.000000000000044;11:43:00;11:40:00;3.0000000000000693;12:18:00;12:19:00;-0.9999999999998366;12:23:00;12:23:00;0.0;;;0.0;27-01-2026_5507
;C42;45960.0;Alnabru;2026-01-27;5.0;Tirsdag;14:00:00;;0.0;15:02:00;;0.0;15:37:00;15:10:00;27.000000000000064;15:42:00;;0.0;;;0.0;27-01-2026_45960
;C42;5707.0;Alnabru;2026-01-27;5.0;Tirsdag;16:20:00;16:20:00;0.0;16:32:00;16:32:00;0.0;17:07:00;16:35:00;32.00000000000004;17:12:00;16:41:00;31.00000000000005;;;31.00000000000005;27-01-2026_5707
;C32 ;5509.0;Alnabru;2026-01-27;5.0;Tirsdag;16:30:00;;0.0;16:44:00;;0.0;17:19:00;;0.0;17:24:00;;0.0;T17 - Innstilt tog;;0.0;27-01-2026_5509
;C44;41960.0;Alnabru;2026-01-27;5.0;Tirsdag;16:00:00;16:00:00;0.0;16:48:00;16:48:00;0.0;17:23:00;17:30:00;-6.999999999999975;17:28:00;17:34:00;-5.999999999999979;T12 - Mannskapsmangel;;-5.999999999999979;27-01-2026_41960
;C2/C5A;41971.0;Alnabru;2026-01-27;5.0;Tirsdag;16:00:00;16:00:00;0.0;17:04:00;17:04:00;0.0;17:39:00;17:50:00;-10.999999999999961;17:44:00;18:08:00;-23.999999999999915;T23 - Infrastruktur;Må trekkes fra gamla til G-spor for så å bremseprøve det. Tar lang tid.;-23.999999999999915;27-01-2026_41971
;C45;5805.0;Alnabru;2026-01-27;5.0;Tirsdag;17:00:00;17:00:00;0.0;17:11:00;17:55:00;-44.0;17:46:00;18:00:00;-13.99999999999995;17:51:00;18:24:00;-33.00000000000004;T18 - Sent lok til stamme;Lokproblemer.;-33.00000000000004;27-01-2026_5805
PRI-TOG;C23;41910.0;Alnabru;2026-01-27;5.0;Tirsdag;17:35:00;17:35:00;0.0;17:45:00;18:55:00;-69.99999999999991;18:20:00;19:05:00;-44.999999999999844;18:25:00;19:11:00;-46.0;T18 - Sent lok til stamme;Lokproblemer.;-46.0;27-01-2026_41910
;C32 ;5511.0;Alnabru;2026-01-27;5.0;Tirsdag;18:40:00;18:40:00;0.0;18:59:00;20:45:00;-106.0000000000001;19:34:00;19:20:00;13.99999999999995;19:39:00;21:28:00;-109.00000000000009;T18 - Sent lok til stamme;Lokhavari. Måtte bruke lokket fra 5804.;-109.00000000000009;27-01-2026_5511
;C42;5733.0;Alnabru;2026-01-27;5.0;Tirsdag;19:20:00;20:15:00;-54.999999999999964;19:35:00;19:30:00;4.999999999999982;20:05:00;20:33:00;-27.9999999999999;20:10:00;20:47:00;-37.00000000000003;T26 - Terminalforhold (Forklar nærmere i kommentar);Mistet en skiftemaskin da han ble bedt om å gjøre en annen oppgave midt i skiftet av vaktleder.;-37.00000000000003;27-01-2026_5733
PRI-TOG;C31;41900.0;Alnabru;2026-01-27;5.0;Tirsdag;19:40:00;19:40:00;0.0;19:46:00;19:46:00;0.0;20:21:00;20:00:00;20.999999999999925;20:26:00;20:25:00;0.9999999999999964;;;0.9999999999999964;27-01-2026_41900
;C45;5709.0;Alnabru;2026-01-27;5.0;Tirsdag;21:00:00;20:00:00;59.99999999999994;21:02:00;20:00:00;61.99999999999994;21:00:00;21:31:00;-31.00000000000005;21:42:00;21:45:00;-2.9999999999999893;T1 - I rute;Rute: 21:42;-2.9999999999999893;27-01-2026_5709
LANGTOG;C43;5811.0;Alnabru;2026-01-27;5.0;Tirsdag;20:30:00;20:30:00;0.0;20:51:00;20:51:00;0.0;21:26:00;21:12:00;14.00000000000011;21:31:00;21:17:00;14.00000000000011;;;14.00000000000011;27-01-2026_5811
LANGTOG;C32 ;5515.0;Alnabru;2026-01-27;5.0;Tirsdag;21:15:00;;0.0;21:17:00;;0.0;21:52:00;;0.0;21:57:00;23:34:00;-96.99999999999997;;;-96.99999999999997;27-01-2026_5515
PRI-TOG;C23;5735.0;Alnabru;2026-01-27;5.0;Tirsdag;21:50:00;;0.0;22:02:00;;0.0;22:37:00;;0.0;22:42:00;23:12:00;-30.000000000000053;;;-30.000000000000053;27-01-2026_5735
;;4911.0;Alnabru;2026-01-27;5.0;Tirsdag;;;0.0;1899-12-29 23:20:00;;0.0;1899-12-29 23:55:00;;0.0;;;0.0;T18 - Sent lok til stamme;Avgtid: 09:22.Kom i tide til stamme, men skulle ha med ett ekstra lok, så sen avgang kl 10:52;0.0;27-01-2026_4911
;C32 Nord;5531.0;Alnabru;2026-01-28;5.0;Onsdag;07:50:00;;0.0;07:43:00;;0.0;08:18:00;;0.0;08:23:00;08:30:00;-7.000000000000055;T26 - Terminalforhold (Forklar nærmere i kommentar);Sto en maskin fra Grenland rail i Syd foran vogn som skulle til Hønefoss.;-7.000000000000055;28-01-2026_5531
Lastefristkl. 19:30 dag før avgang.;C45;5301.0;Alnabru;2026-01-28;5.0;Onsdag;19:30:00;19:30:00;0.0;08:11:00;08:11:00;0.0;08:46:00;08:38:00;8.000000000000052;08:51:00;09:02:00;-10.999999999999961;T20 - Trafikkstyring (TXP/Togleder);;-10.999999999999961;28-01-2026_5301
;C45;5801.0;Alnabru;2026-01-28;5.0;Onsdag;08:50:00;09:10:00;-19.99999999999993;08:51:00;08:51:00;-7.993605777301127e-14;09:26:00;09:31:00;-4.999999999999982;09:31:00;09:48:00;-17.00000000000002;T25 - Transittgods;;-17.00000000000002;28-01-2026_5801
PRI-TOG;C42;5731.0;Alnabru;2026-01-28;5.0;Onsdag;08:50:00;09:15:00;-24.999999999999993;09:02:00;09:20:00;-18.000000000000014;09:37:00;09:45:00;-7.999999999999972;09:42:00;09:55:00;-12.999999999999954;T25 - Transittgods;;-12.999999999999954;28-01-2026_5731
;C32 ;5507.0;Alnabru;2026-01-28;5.0;Onsdag;11:40:00;11:40:00;0.0;11:43:00;11:43:00;7.993605777301127e-14;12:18:00;12:18:00;1.5987211554602254e-13;12:23:00;12:23:00;0.0;T1 - I rute;;0.0;28-01-2026_5507
;C42;45960.0;Alnabru;2026-01-28;5.0;Onsdag;14:00:00;;0.0;15:02:00;;0.0;15:37:00;;0.0;15:42:00;15:42:00;0.0;;;0.0;28-01-2026_45960
;C42;5707.0;Alnabru;2026-01-28;5.0;Onsdag;16:20:00;16:20:00;0.0;16:32:00;16:45:00;-12.999999999999954;17:07:00;17:05:00;1.999999999999993;17:12:00;17:13:00;-0.9999999999999964;;;-0.9999999999999964;28-01-2026_5707
;C32 ;5509.0;Alnabru;2026-01-28;5.0;Onsdag;16:30:00;;0.0;16:44:00;;0.0;17:19:00;;0.0;17:24:00;;0.0;T17 - Innstilt tog;;0.0;28-01-2026_5509
;C44;41960.0;Alnabru;2026-01-28;5.0;Onsdag;16:00:00;16:00:00;0.0;16:48:00;16:48:00;0.0;17:23:00;19:50:00;-146.99999999999994;17:28:00;19:56:00;-148.0000000000001;T27 - Kranstopp;Vedlikehold på kran, kun 1 kran i drift.;-148.0000000000001;28-01-2026_41960
;C2/C5A;41971.0;Alnabru;2026-01-28;5.0;Onsdag;16:00:00;16:00:00;0.0;17:04:00;17:04:00;0.0;17:39:00;17:39:00;0.0;17:44:00;17:46:00;-1.999999999999993;;;-1.999999999999993;28-01-2026_41971
;C45;5805.0;Alnabru;2026-01-28;5.0;Onsdag;17:00:00;17:00:00;0.0;17:11:00;17:00:00;10.999999999999961;17:46:00;17:46:00;0.0;17:51:00;17:53:00;-1.999999999999993;;;-1.999999999999993;28-01-2026_5805
PRI-TOG;C23;41910.0;Alnabru;2026-01-28;5.0;Onsdag;17:35:00;17:35:00;0.0;17:45:00;17:45:00;0.0;18:20:00;18:20:00;1.5987211554602254e-13;18:25:00;18:22:00;3.000000000000149;;;3.000000000000149;28-01-2026_41910
;C32 ;5511.0;Alnabru;2026-01-28;5.0;Onsdag;18:40:00;18:40:00;0.0;18:59:00;18:49:00;9.999999999999964;19:34:00;19:24:00;9.999999999999964;19:39:00;19:28:00;10.999999999999961;;;10.999999999999961;28-01-2026_5511
;C42;5733.0;Alnabru;2026-01-28;5.0;Onsdag;19:20:00;19:20:00;0.0;19:35:00;19:30:00;4.999999999999982;20:05:00;19:51:00;14.00000000000011;20:10:00;20:08:00;1.999999999999993;;;1.999999999999993;28-01-2026_5733
PRI-TOG;C31;41900.0;Alnabru;2026-01-28;5.0;Onsdag;19:40:00;19:40:00;0.0;19:46:00;19:46:00;0.0;20:21:00;20:20:00;0.9999999999999964;20:26:00;20:30:00;-3.999999999999986;;;-3.999999999999986;28-01-2026_41900
;C45;5709.0;Alnabru;2026-01-28;5.0;Onsdag;21:00:00;21:00:00;0.0;21:02:00;20:00:00;61.99999999999994;21:37:00;21:15:00;22.00000000000008;21:42:00;21:22:00;20.00000000000009;;Rute: 21:42;20.00000000000009;28-01-2026_5709
LANGTOG;C43;5811.0;Alnabru;2026-01-28;5.0;Onsdag;20:30:00;20:30:00;0.0;20:51:00;20:51:00;0.0;21:26:00;21:24:00;1.999999999999993;21:31:00;21:33:00;-1.999999999999993;;;-1.999999999999993;28-01-2026_5811
LANGTOG;C32 ;5515.0;Alnabru;2026-01-28;5.0;Onsdag;21:15:00;21:15:00;0.0;21:17:00;21:17:00;0.0;21:52:00;21:50:00;1.999999999999993;21:57:00;21:55:00;1.999999999999993;;;1.999999999999993;28-01-2026_5515
PRI-TOG;C23;5735.0;Alnabru;2026-01-28;5.0;Onsdag;21:50:00;21:50:00;0.0;22:02:00;22:00:00;1.999999999999993;22:37:00;22:03:00;34.00000000000004;22:42:00;22:42:00;0.0;;;0.0;28-01-2026_5735
Lastefristkl. 19:30 dag før avgang.;C45;5301.0;Alnabru;2026-01-29;5.0;Torsdag;19:30:00;19:30:00;0.0;08:11:00;07:55:00;16.00000000000002;08:46:00;08:23:00;23.000000000000078;08:51:00;08:47:00;4.000000000000066;;;4.000000000000066;29-01-2026_5301
;C45;5801.0;Alnabru;2026-01-29;5.0;Torsdag;08:50:00;09:12:00;-22.0;08:51:00;08:51:00;-7.993605777301127e-14;09:26:00;09:25:00;0.9999999999999964;09:31:00;09:31:00;0.0;;;0.0;29-01-2026_5801
PRI-TOG;C42;5731.0;Alnabru;2026-01-29;5.0;Torsdag;08:50:00;08:53:00;-2.9999999999999893;09:02:00;08:58:00;3.999999999999986;09:37:00;09:19:00;18.000000000000014;09:42:00;09:22:00;20.000000000000007;;;20.000000000000007;29-01-2026_5731
;C32 ;5507.0;Alnabru;2026-01-29;5.0;Torsdag;11:40:00;11:40:00;0.0;11:43:00;13:11:00;-88.0;12:18:00;13:39:00;-80.99999999999987;12:23:00;13:42:00;-78.99999999999989;T18 - Sent lok til stamme;;-78.99999999999989;29-01-2026_5507
;C42;45960.0;Alnabru;2026-01-29;5.0;Torsdag;14:00:00;;0.0;15:02:00;;0.0;15:37:00;;0.0;15:42:00;;0.0;T17 - Innstilt tog;;0.0;29-01-2026_45960
;C42;5707.0;Alnabru;2026-01-29;5.0;Torsdag;16:20:00;16:20:00;0.0;16:32:00;16:32:00;0.0;17:07:00;16:59:00;7.999999999999972;17:12:00;17:06:00;5.999999999999979;;;5.999999999999979;29-01-2026_5707
;C32 ;5509.0;Alnabru;2026-01-29;5.0;Torsdag;16:30:00;;0.0;16:44:00;;0.0;17:19:00;;0.0;17:24:00;;0.0;T17 - Innstilt tog;;0.0;29-01-2026_5509
;C44;41960.0;Alnabru;2026-01-29;5.0;Torsdag;16:00:00;17:00:00;-60.00000000000011;16:48:00;16:48:00;0.0;17:23:00;17:52:00;-29.000000000000057;17:28:00;18:00:00;-32.00000000000004;T13 - Feil på last;Tralle måtte avvises under lastkontroll;-32.00000000000004;29-01-2026_41960
;C2/C5A;41971.0;Alnabru;2026-01-29;5.0;Torsdag;16:00:00;16:00:00;0.0;17:04:00;17:05:00;-0.9999999999999964;17:39:00;17:50:00;-10.999999999999961;17:44:00;18:03:00;-18.999999999999932;T34 - Annen feil, forklaring i kommentarfelt;Feilprioritering av skiftelaget. ;-18.999999999999932;29-01-2026_41971
;C45;5805.0;Alnabru;2026-01-29;5.0;Torsdag;17:00:00;17:30:00;-29.999999999999893;17:11:00;17:11:00;0.0;17:46:00;17:50:00;-3.999999999999986;17:51:00;17:56:00;-4.999999999999982;T9 - Feil på vogn;Vogn som ikke ville løse under bremseprøve, visitører måtte fikse.;-4.999999999999982;29-01-2026_5805
PRI-TOG;C23;41910.0;Alnabru;2026-01-29;5.0;Torsdag;17:35:00;17:35:00;0.0;17:45:00;17:45:00;0.0;18:20:00;18:45:00;-24.99999999999991;18:25:00;18:50:00;-24.99999999999991;T12 - Mannskapsmangel;personell var opptatt med brems på 41960,41971 i samme tidsrom;-24.99999999999991;29-01-2026_41910
;C32 ;5511.0;Alnabru;2026-01-29;5.0;Torsdag;18:40:00;19:10:00;-30.000000000000053;18:59:00;18:49:00;9.999999999999964;19:34:00;19:32:00;1.999999999999993;19:39:00;19:39:00;0.0;T1 - I rute;Riktig avgtid: 19:39;0.0;29-01-2026_5511
;C42;5733.0;Alnabru;2026-01-29;5.0;Torsdag;19:20:00;20:00:00;-40.000000000000014;19:35:00;19:30:00;4.999999999999982;20:05:00;20:20:00;-14.999999999999947;20:10:00;20:28:00;-17.999999999999936;T12 - Mannskapsmangel;Forsinket bremseprøve;-17.999999999999936;29-01-2026_5733
PRI-TOG;C31;41900.0;Alnabru;2026-01-29;5.0;Torsdag;19:40:00;20:23:00;-43.00000000000001;19:46:00;19:46:00;0.0;20:21:00;20:33:00;-11.999999999999957;20:26:00;20:37:00;-10.999999999999961;T28 - Sen lasting/lossing av kunde/underleverandør;Sen opplasting;-10.999999999999961;29-01-2026_41900
;C45;5709.0;Alnabru;2026-01-29;5.0;Torsdag;21:00:00;21:00:00;0.0;21:02:00;20:32:00;30.000000000000053;21:37:00;21:35:00;1.999999999999993;21:42:00;21:42:00;0.0;T1 - I rute;Riktig avgtid: 21:42;0.0;29-01-2026_5709
LANGTOG;C43;5811.0;Alnabru;2026-01-29;5.0;Torsdag;20:30:00;20:30:00;0.0;20:51:00;21:40:00;-48.999999999999986;21:26:00;21:50:00;-23.999999999999915;21:31:00;22:04:00;-32.999999999999886;T12 - Mannskapsmangel;måtte prioritere da lok var sent opp og 5709 var ferdig lastet og måtte bremseprøves;-32.999999999999886;29-01-2026_5811
LANGTOG;C32 ;5515.0;Alnabru;2026-01-29;5.0;Torsdag;21:15:00;22:45:00;-90.0;21:17:00;21:17:00;0.0;21:52:00;22:55:00;-63.0000000000001;21:57:00;23:06:00;-69.00000000000007;T24 - Optimalisering av togstamme;Skjevlasting av enheter og sen opplasting av traller da det måtte fjernes is i brønn;-69.00000000000007;29-01-2026_5515
PRI-TOG;C23;5735.0;Alnabru;2026-01-29;5.0;Torsdag;21:50:00;22:30:00;-40.000000000000014;1899-12-29 23:20:00;;0.0;1899-12-29 23:55:00;03:09:00;-194.0;;03:11:00;-191.0;T18 - Sent lok til stamme;mangel på lok, kommer i enten 5510 eller 41913;-191.0;29-01-2026_5735
Lastefristkl. 19:30 dag før avgang.;C45;5301.0;Alnabru;2026-01-30;5.0;Fredag;19:30:00;19:30:00;0.0;08:11:00;08:11:00;0.0;08:46:00;08:44:00;2.000000000000073;08:51:00;08:54:00;-2.9999999999999893;;Kø i syd ut;-2.9999999999999893;30-01-2026_5301
;C45;5801.0;Alnabru;2026-01-30;5.0;Fredag;08:50:00;09:06:00;-15.999999999999943;08:51:00;08:58:00;-7.000000000000055;09:26:00;09:33:00;-6.999999999999975;09:31:00;09:35:00;-4.000000000000066;T12 - Mannskapsmangel;;-4.000000000000066;30-01-2026_5801
PRI-TOG;C42;5731.0;Alnabru;2026-01-30;5.0;Fredag;08:50:00;09:06:00;-15.999999999999943;09:02:00;08:59:00;2.9999999999999893;09:37:00;09:26:00;11.00000000000004;09:42:00;09:30:00;12.000000000000037;;;12.000000000000037;30-01-2026_5731
;C32 ;5507.0;Alnabru;2026-01-30;5.0;Fredag;11:40:00;12:08:00;-27.99999999999998;11:43:00;11:43:00;7.993605777301127e-14;12:18:00;12:15:00;3.000000000000149;12:23:00;12:23:00;0.0;;;0.0;30-01-2026_5507
;C42;45960.0;Alnabru;2026-01-30;5.0;Fredag;14:00:00;;0.0;15:02:00;;0.0;15:37:00;;0.0;15:42:00;;0.0;;;0.0;30-01-2026_45960
;C32 ;5509.0;Alnabru;2026-01-30;5.0;Fredag;16:30:00;;0.0;16:44:00;;0.0;17:19:00;;0.0;17:24:00;;0.0;T17 - Innstilt tog;;0.0;30-01-2026_5509
;C2/C5A;41971.0;Alnabru;2026-01-30;5.0;Fredag;16:00:00;16:15:00;-15.000000000000107;17:04:00;17:00:00;3.999999999999986;17:39:00;17:35:00;4.000000000000146;17:44:00;17:42:00;1.999999999999993;;;1.999999999999993;30-01-2026_41971
;C45;5805.0;Alnabru;2026-01-30;5.0;Fredag;17:00:00;17:15:00;-14.999999999999947;17:11:00;17:04:00;6.999999999999975;17:46:00;17:45:00;0.9999999999999964;17:51:00;17:55:00;-3.999999999999986;;;-3.999999999999986;30-01-2026_5805
PRI-TOG;C23;41910.0;Alnabru;2026-01-30;5.0;Fredag;17:35:00;17:30:00;4.999999999999982;17:45:00;17:35:00;10.000000000000124;18:20:00;18:11:00;9.000000000000128;18:25:00;18:31:00;-5.999999999999979;;;-5.999999999999979;30-01-2026_41910
;C32 ;5511.0;Alnabru;2026-01-30;5.0;Fredag;18:40:00;18:03:00;37.00000000000003;18:59:00;18:35:00;23.999999999999915;19:34:00;18:50:00;44.0;19:39:00;19:25:00;13.99999999999995;;;13.99999999999995;30-01-2026_5511
;C42;5733.0;Alnabru;2026-01-30;5.0;Fredag;19:20:00;20:05:00;-45.0;19:35:00;19:25:00;9.999999999999964;20:05:00;20:25:00;-19.99999999999993;20:10:00;20:37:00;-26.999999999999904;;;-26.999999999999904;30-01-2026_5733
PRI-TOG;C31;41900.0;Alnabru;2026-01-30;5.0;Fredag;19:40:00;20:02:00;-22.00000000000008;19:46:00;19:45:00;0.9999999999999964;20:21:00;20:20:00;0.9999999999999964;20:26:00;20:27:00;-0.9999999999999964;;;-0.9999999999999964;30-01-2026_41900
;C45;5709.0;Alnabru;2026-01-30;5.0;Fredag;21:00:00;20:30:00;30.000000000000053;21:02:00;20:10:00;51.99999999999997;21:37:00;20:40:00;56.99999999999996;21:42:00;21:27:00;14.999999999999947;;;14.999999999999947;30-01-2026_5709
LANGTOG;C43;5811.0;Alnabru;2026-01-30;5.0;Fredag;20:30:00;22:00:00;-90.0;20:51:00;20:45:00;5.999999999999979;21:26:00;21:55:00;-28.999999999999897;21:31:00;22:01:00;-29.999999999999893;;;-29.999999999999893;30-01-2026_5811
LANGTOG;C32 ;5515.0;Alnabru;2026-01-30;5.0;Fredag;21:15:00;22:15:00;-60.00000000000011;21:17:00;22:15:00;-58.000000000000114;21:52:00;22:35:00;-43.00000000000001;21:57:00;22:41:00;-44.0;;;-44.0;30-01-2026_5515
PRI-TOG;C23;5735.0;Alnabru;2026-01-30;5.0;Fredag;21:50:00;21:45:00;4.999999999999982;22:02:00;21:55:00;6.999999999999975;22:37:00;22:30:00;6.999999999999975;22:42:00;22:37:00;4.999999999999982;;;4.999999999999982;30-01-2026_5735
FORHÅNDSLASTES C32 FREDAG;C32 ;5737.0;Alnabru;2026-01-31;5.0;Lørdag;11:00:00;;0.0;11:02:00;;0.0;11:37:00;;0.0;11:42:00;;0.0;T17 - Innstilt tog;;0.0;31-01-2026_5737
;C44;41971.0;Alnabru;2026-01-31;5.0;Lørdag;13:30:00;15:00:00;-90.0;17:04:00;16:50:00;14.00000000000011;17:39:00;17:05:00;34.00000000000004;17:44:00;17:44:00;0.0;;;0.0;31-01-2026_41971
PRI-TOG;C23;41910.0;Alnabru;2026-01-31;5.0;Lørdag;12:00:00;15:00:00;-180.0;17:45:00;17:45:00;0.0;18:20:00;18:01:00;19.000000000000092;18:25:00;18:52:00;-26.999999999999904;;Sent oppmøte av lokførerf;-26.999999999999904;31-01-2026_41910
LASTEFRIST KL. 15:00 LØRDAG;C23;5711.0;Alnabru;2026-02-01;5.0;Søndag;14:30:00;00:01:00;869.0;07:27:00;07:00:00;26.999999999999986;08:02:00;07:30:00;32.00000000000004;08:07:00;08:07:00;0.0;;;0.0;01-02-2026_5711
Lastefrist 13:30 Søndag;C44;41960.0;Alnabru;2026-02-01;5.0;Søndag;13:30:00;13:00:00;30.000000000000053;16:48:00;16:08:00;39.99999999999986;17:23:00;16:13:00;69.99999999999991;17:28:00;16:22:00;65.99999999999993;;;65.99999999999993;01-02-2026_41960
;C44;41971.0;Alnabru;2026-02-01;5.0;Søndag;13:30:00;16:26:00;-176.0;17:04:00;16:31:00;33.00000000000004;17:39:00;16:58:00;41.000000000000014;17:44:00;17:08:00;36.00000000000003;;Sent oppe til latin pga defekt SKIFTEMASKIN;36.00000000000003;01-02-2026_41971
LANGTOG;C32;5523.0;Alnabru;2026-02-01;5.0;Søndag;16:00:00;16:00:00;0.0;18:31:00;18:08:00;23.000000000000078;19:06:00;18:18:00;48.00000000000015;19:11:00;18:33:00;38.00000000000003;;;38.00000000000003;01-02-2026_5523
;C23;5717.0;Alnabru;2026-02-01;5.0;Søndag;16:00:00;16:00:00;0.0;18:57:00;16:14:00;162.9999999999999;19:32:00;16:34:00;178.0;19:37:00;16:47:00;170.00000000000003;;;170.00000000000003;01-02-2026_5717
LANGTOG;C43;5811.0;Alnabru;2026-02-01;5.0;Søndag;13:30:00;13:00:00;30.000000000000053;20:51:00;20:00:00;50.99999999999998;21:26:00;20:09:00;77.00000000000004;21:31:00;20:38:00;52.99999999999997;;;52.99999999999997;01-02-2026_5811
;C32 Nord;5531.0;Alnabru;2026-02-02;6.0;Mandag;07:50:00;;0.0;07:43:00;;0.0;08:18:00;;0.0;08:23:00;08:57:00;-34.00000000000004;T18 - Sent lok til stamme;;-34.00000000000004;02-02-2026_5531
Lastefristkl. 19:30 dag før avgang.;C45;5301.0;Alnabru;2026-02-02;6.0;Mandag;19:30:00;19:30:00;0.0;08:11:00;08:00:00;11.00000000000004;08:46:00;08:29:00;17.00000000000002;08:51:00;08:52:00;-0.9999999999999964;;;-0.9999999999999964;02-02-2026_5301
;C45;5801.0;Alnabru;2026-02-02;6.0;Mandag;08:50:00;08:50:00;0.0;08:51:00;08:45:00;5.999999999999979;09:26:00;09:06:00;20.000000000000007;09:31:00;09:10:00;21.000000000000007;;;21.000000000000007;02-02-2026_5801
PRI-TOG;C42;5731.0;Alnabru;2026-02-02;6.0;Mandag;08:50:00;08:50:00;0.0;09:02:00;08:50:00;11.999999999999957;09:37:00;09:20:00;17.00000000000002;09:42:00;09:25:00;17.00000000000002;;;17.00000000000002;02-02-2026_5731
;C32 ;5507.0;Alnabru;2026-02-02;6.0;Mandag;11:40:00;11:40:00;0.0;11:43:00;12:00:00;-16.99999999999994;12:18:00;12:10:00;8.000000000000131;12:23:00;12:16:00;7.000000000000135;;;7.000000000000135;02-02-2026_5507
;C42;45960.0;Alnabru;2026-02-02;6.0;Mandag;14:00:00;;0.0;15:02:00;;0.0;15:37:00;;0.0;15:42:00;15:44:00;-1.999999999999993;;;-1.999999999999993;02-02-2026_45960
;C42;5707.0;Alnabru;2026-02-02;6.0;Mandag;16:20:00;16:08:00;11.999999999999957;16:32:00;16:21:00;10.999999999999961;17:07:00;16:39:00;28.00000000000006;17:12:00;16:44:00;28.00000000000006;;;28.00000000000006;02-02-2026_5707
;C32 ;5509.0;Alnabru;2026-02-02;6.0;Mandag;16:30:00;16:32:00;-1.999999999999993;16:44:00;16:51:00;-6.999999999999975;17:19:00;17:01:00;17.999999999999936;17:24:00;17:21:00;2.9999999999999893;;;2.9999999999999893;02-02-2026_5509
;C44;41960.0;Alnabru;2026-02-02;6.0;Mandag;16:00:00;15:36:00;23.999999999999915;16:48:00;16:41:00;6.999999999999975;17:23:00;16:53:00;29.999999999999893;17:28:00;17:17:00;10.999999999999961;;;10.999999999999961;02-02-2026_41960
;C2/C5A;41971.0;Alnabru;2026-02-02;6.0;Mandag;16:00:00;16:00:00;0.0;17:04:00;;0.0;17:39:00;;0.0;17:44:00;18:10:00;-25.999999999999908;T17 - Innstilt tog;Sent lok fra vst Lodalen;-25.999999999999908;02-02-2026_41971
;C45;5805.0;Alnabru;2026-02-02;6.0;Mandag;17:00:00;17:08:00;-7.999999999999972;17:11:00;17:15:00;-3.999999999999986;17:46:00;17:44:00;1.999999999999993;17:51:00;17:49:00;1.999999999999993;;;1.999999999999993;02-02-2026_5805
PRI-TOG;C23;41910.0;Alnabru;2026-02-02;6.0;Mandag;17:35:00;17:28:00;6.999999999999975;17:45:00;17:50:00;-4.999999999999982;18:20:00;18:02:00;18.000000000000096;18:25:00;18:19:00;6.0000000000001386;;;6.0000000000001386;02-02-2026_41910
;C32;5511.0;Alnabru;2026-02-02;6.0;Mandag;18:40:00;18:50:00;-9.999999999999964;18:59:00;18:49:00;9.999999999999964;19:34:00;19:21:00;12.999999999999954;19:39:00;19:33:00;5.999999999999979;;;5.999999999999979;02-02-2026_5511
;C42;5733.0;Alnabru;2026-02-02;6.0;Mandag;19:20:00;19:36:00;-15.999999999999943;19:30:00;19:11:00;18.999999999999932;20:05:00;19:51:00;14.00000000000011;20:10:00;19:59:00;10.999999999999961;;5733 måtte bytte lok etter avg;10.999999999999961;02-02-2026_5733
PRI-TOG;C31;41900.0;Alnabru;2026-02-02;6.0;Mandag;19:40:00;20:00:00;-20.00000000000009;19:46:00;19:46:00;0.0;20:21:00;20:18:00;2.9999999999999893;20:26:00;20:30:00;-3.999999999999986;T19 - Feil på lok;5733 spert for 41900 ;-3.999999999999986;02-02-2026_41900
;C45;5709.0;Alnabru;2026-02-02;6.0;Mandag;21:00:00;20:54:00;5.999999999999979;21:02:00;20:55:00;6.999999999999975;21:37:00;21:07:00;30.000000000000053;21:42:00;21:41:00;0.9999999999999964;T18 - Sent lok til stamme;5733 speret for lok til 5709  feil på avg tid 21:42 er riktig;0.9999999999999964;02-02-2026_5709
LANGTOG;C43;5811.0;Alnabru;2026-02-02;6.0;Mandag;20:30:00;20:30:00;0.0;20:51:00;20:32:00;19.000000000000092;21:26:00;21:00:00;26.000000000000068;21:31:00;21:18:00;13.000000000000114;;;13.000000000000114;02-02-2026_5811
LANGTOG;C32 ;5515.0;Alnabru;2026-02-02;6.0;Mandag;21:15:00;21:35:00;-20.00000000000009;21:17:00;21:09:00;7.999999999999972;21:52:00;21:55:00;-2.9999999999999893;21:57:00;22:00:00;-2.9999999999999893;;;-2.9999999999999893;02-02-2026_5515
PRI-TOG;C23;5735.0;Alnabru;2026-02-02;6.0;Mandag;21:50:00;21:50:00;0.0;22:02:00;21:56:00;5.999999999999979;22:37:00;22:16:00;20.999999999999925;22:42:00;22:39:00;2.9999999999999893;;;2.9999999999999893;02-02-2026_5735
Lastefristkl. 19:30 dag før avgang.;C45;5301.0;Alnabru;2026-02-03;6.0;Tirsdag;19:30:00;;0.0;08:11:00;;0.0;08:46:00;08:46:00;7.993605777301127e-14;08:51:00;08:50:00;0.9999999999999964;;;0.9999999999999964;03-02-2026_5301
;C45;5801.0;Alnabru;2026-02-03;6.0;Tirsdag;08:50:00;09:20:00;-29.99999999999997;08:51:00;08:50:00;0.9999999999999165;09:26:00;09:38:00;-12.000000000000037;09:31:00;09:42:00;-11.00000000000004;T28 - Sen lasting/lossing av kunde/underleverandør;Feil parkert semi. Brukte tid på å finne den.;-11.00000000000004;03-02-2026_5801
PRI-TOG;C42;5731.0;Alnabru;2026-02-03;6.0;Tirsdag;08:50:00;09:20:00;-29.99999999999997;09:02:00;09:00:00;1.999999999999993;09:37:00;09:42:00;-4.999999999999982;09:42:00;09:45:00;-2.9999999999999893;T12 - Mannskapsmangel;;-2.9999999999999893;03-02-2026_5731
;C32 ;5507.0;Alnabru;2026-02-03;6.0;Tirsdag;11:40:00;11:40:00;0.0;11:43:00;11:40:00;3.0000000000000693;12:18:00;11:58:00;20.00000000000009;12:23:00;12:23:00;0.0;;;0.0;03-02-2026_5507
;C42;45960.0;Alnabru;2026-02-03;6.0;Tirsdag;14:00:00;14:00:00;0.0;15:02:00;;0.0;15:37:00;;0.0;15:42:00;15:45:00;-2.9999999999999893;;;-2.9999999999999893;03-02-2026_45960
;C42;5707.0;Alnabru;2026-02-03;6.0;Tirsdag;16:20:00;16:15:00;4.999999999999982;16:32:00;16:12:00;19.99999999999993;17:07:00;16:23:00;44.0;17:12:00;16:50:00;22.00000000000008;;;22.00000000000008;03-02-2026_5707
;C32 ;5509.0;Alnabru;2026-02-03;6.0;Tirsdag;16:30:00;16:18:00;11.999999999999957;16:44:00;16:58:00;-14.00000000000011;17:19:00;17:08:00;10.999999999999961;17:24:00;17:23:00;0.9999999999999964;T18 - Sent lok til stamme;;0.9999999999999964;03-02-2026_5509
;C44;41960.0;Alnabru;2026-02-03;6.0;Tirsdag;16:00:00;16:25:00;-25.00000000000007;16:48:00;15:53:00;54.999999999999964;17:23:00;16:46:00;37.00000000000003;17:28:00;17:00:00;27.9999999999999;;;27.9999999999999;03-02-2026_41960
;C2/C5A;41971.0;Alnabru;2026-02-03;6.0;Tirsdag;16:00:00;16:05:00;-4.999999999999982;17:04:00;17:04:00;0.0;17:39:00;17:38:00;0.9999999999999964;17:44:00;17:44:00;0.0;;;0.0;03-02-2026_41971
;C45;5805.0;Alnabru;2026-02-03;6.0;Tirsdag;17:00:00;17:14:00;-13.99999999999995;17:11:00;17:23:00;-11.999999999999957;17:46:00;17:46:00;0.0;17:51:00;17:49:00;1.999999999999993;T18 - Sent lok til stamme;;1.999999999999993;03-02-2026_5805
PRI-TOG;C23;41910.0;Alnabru;2026-02-03;6.0;Tirsdag;17:35:00;17:40:00;-5.000000000000142;17:45:00;17:28:00;17.0000000000001;18:20:00;18:18:00;2.0000000000001528;18:25:00;18:30:00;-4.999999999999982;T3 - Lokfører;;-4.999999999999982;03-02-2026_41910
;C32 ;5511.0;Alnabru;2026-02-03;6.0;Tirsdag;18:40:00;18:58:00;-17.999999999999936;18:59:00;18:50:00;8.999999999999968;19:34:00;19:56:00;-22.00000000000008;19:39:00;20:00:00;-21.000000000000085;;Sent opp til lasting pga kø i syd;-21.000000000000085;03-02-2026_5511
;C42;5733.0;Alnabru;2026-02-03;6.0;Tirsdag;19:20:00;19:23:00;-2.9999999999999893;19:35:00;19:15:00;19.99999999999993;20:05:00;19:51:00;14.00000000000011;20:10:00;19:58:00;11.999999999999957;;;11.999999999999957;03-02-2026_5733
PRI-TOG;C31;41900.0;Alnabru;2026-02-03;6.0;Tirsdag;19:40:00;20:12:00;-32.00000000000004;19:46:00;19:50:00;-3.999999999999986;20:21:00;20:31:00;-9.999999999999964;20:26:00;20:35:00;-8.999999999999968;;Opplasting;-8.999999999999968;03-02-2026_41900
;C45;5709.0;Alnabru;2026-02-03;6.0;Tirsdag;21:00:00;21:00:00;0.0;21:02:00;20:32:00;30.000000000000053;21:37:00;21:18:00;19.000000000000092;21:42:00;21:26:00;15.999999999999943;;Avg tid er 21:42;15.999999999999943;03-02-2026_5709
LANGTOG;C43;5811.0;Alnabru;2026-02-03;6.0;Tirsdag;20:30:00;20:35:00;-4.999999999999982;20:51:00;20:51:00;0.0;21:26:00;20:59:00;27.000000000000064;21:31:00;21:04:00;27.000000000000064;;;27.000000000000064;03-02-2026_5811
LANGTOG;C32 ;5515.0;Alnabru;2026-02-03;6.0;Tirsdag;21:15:00;22:15:00;-60.00000000000011;21:17:00;22:00:00;-43.00000000000001;21:52:00;22:39:00;-46.99999999999999;21:57:00;22:48:00;-50.99999999999998;;vst vogn ut ny inn ;-50.99999999999998;03-02-2026_5515
PRI-TOG;C23;5735.0;Alnabru;2026-02-03;6.0;Tirsdag;21:50:00;21:35:00;14.999999999999947;22:02:00;21:55:00;6.999999999999975;22:37:00;22:07:00;30.000000000000053;22:42:00;22:23:00;18.999999999999932;;;18.999999999999932;03-02-2026_5735
;C32 Nord;5531.0;Alnabru;2026-02-04;6.0;Onsdag;07:50:00;;0.0;07:43:00;;0.0;08:18:00;;0.0;08:23:00;08:33:00;-10.000000000000044;T16 - Kø skifting;;-10.000000000000044;04-02-2026_5531
Lastefristkl. 19:30 dag før avgang.;C45;5301.0;Alnabru;2026-02-04;6.0;Onsdag;19:30:00;19:30:00;0.0;08:11:00;08:00:00;11.00000000000004;08:46:00;08:40:00;6.000000000000059;08:51:00;09:07:00;-15.999999999999943;T16 - Kø skifting;;-15.999999999999943;04-02-2026_5301
;C45;5801.0;Alnabru;2026-02-04;6.0;Onsdag;08:50:00;08:50:00;0.0;08:51:00;08:51:00;-7.993605777301127e-14;09:26:00;09:14:00;11.999999999999957;09:31:00;09:31:00;0.0;;;0.0;04-02-2026_5801
PRI-TOG;C42;5731.0;Alnabru;2026-02-04;6.0;Onsdag;08:50:00;08:50:00;0.0;09:02:00;09:02:00;0.0;09:37:00;09:18:00;19.000000000000014;09:42:00;09:31:00;11.00000000000004;;;11.00000000000004;04-02-2026_5731
;C32 ;5507.0;Alnabru;2026-02-04;6.0;Onsdag;11:40:00;11:40:00;0.0;11:43:00;11:40:00;3.0000000000000693;12:18:00;12:00:00;18.000000000000096;12:23:00;12:09:00;14.00000000000011;;;14.00000000000011;04-02-2026_5507
;C42;45960.0;Alnabru;2026-02-04;6.0;Onsdag;14:00:00;;0.0;15:02:00;;0.0;15:37:00;;0.0;15:42:00;15:44:00;-1.999999999999993;;;-1.999999999999993;04-02-2026_45960
;C42;5707.0;Alnabru;2026-02-04;6.0;Onsdag;16:20:00;15:39:00;41.000000000000014;16:32:00;17:00:00;-28.00000000000006;17:07:00;17:11:00;-3.999999999999986;17:12:00;17:18:00;-5.999999999999979;T18 - Sent lok til stamme;Sent lok fra vst Lodalen;-5.999999999999979;04-02-2026_5707
;C32 ;5509.0;Alnabru;2026-02-04;6.0;Onsdag;16:30:00;16:28:00;1.999999999999993;16:44:00;17:00:00;-16.000000000000103;17:19:00;17:18:00;0.9999999999999964;17:24:00;17:27:00;-2.9999999999999893;T18 - Sent lok til stamme;.sent lok fra vst;-2.9999999999999893;04-02-2026_5509
;C44;41960.0;Alnabru;2026-02-04;6.0;Onsdag;16:00:00;16:00:00;0.0;16:48:00;16:44:00;3.999999999999986;17:23:00;17:21:00;1.999999999999993;17:28:00;17:40:00;-12.000000000000117;T18 - Sent lok til stamme;.sent lok fra vst;-12.000000000000117;04-02-2026_41960
;C2/C5A;41971.0;Alnabru;2026-02-04;6.0;Onsdag;16:00:00;16:00:00;0.0;17:04:00;17:53:00;-48.999999999999986;17:39:00;17:59:00;-19.99999999999993;17:44:00;18:19:00;-34.99999999999987;T18 - Sent lok til stamme;.sent lok fra vst;-34.99999999999987;04-02-2026_41971
;C45;5805.0;Alnabru;2026-02-04;6.0;Onsdag;17:00:00;17:00:00;0.0;17:11:00;17:53:00;-42.000000000000014;17:46:00;18:09:00;-22.99999999999992;17:51:00;18:29:00;-38.00000000000003;T18 - Sent lok til stamme;.sent lok fra vst;-38.00000000000003;04-02-2026_5805
PRI-TOG;C23;41910.0;Alnabru;2026-02-04;6.0;Onsdag;17:35:00;17:34:00;0.9999999999999964;17:45:00;17:22:00;23.000000000000078;18:20:00;17:57:00;23.000000000000078;18:25:00;18:19:00;6.0000000000001386;;;6.0000000000001386;04-02-2026_41910
;C32 ;5511.0;Alnabru;2026-02-04;6.0;Onsdag;18:40:00;18:59:00;-18.999999999999932;18:59:00;19:04:00;-4.999999999999982;19:34:00;19:22:00;11.999999999999957;19:39:00;19:36:00;2.9999999999999893;T18 - Sent lok til stamme;;2.9999999999999893;04-02-2026_5511
;C42;5733.0;Alnabru;2026-02-04;6.0;Onsdag;19:20:00;19:35:00;-14.999999999999947;19:35:00;21:02:00;-87.00000000000001;20:05:00;21:11:00;-65.99999999999993;20:10:00;21:13:00;-62.999999999999936;T18 - Sent lok til stamme;sent ut .venta på lok fra 5734;-62.999999999999936;04-02-2026_5733
PRI-TOG;C31;41900.0;Alnabru;2026-02-04;6.0;Onsdag;19:40:00;19:40:00;0.0;19:46:00;19:35:00;10.999999999999961;20:21:00;20:18:00;2.9999999999999893;20:26:00;20:26:00;0.0;;;0.0;04-02-2026_41900
;C45;5709.0;Alnabru;2026-02-04;6.0;Onsdag;21:00:00;21:00:00;0.0;21:02:00;20:32:00;30.000000000000053;21:37:00;21:23:00;13.99999999999995;21:42:00;21:18:00;24.000000000000075;;Riktig avg er 21:42;24.000000000000075;04-02-2026_5709
LANGTOG;C43;5811.0;Alnabru;2026-02-04;6.0;Onsdag;20:30:00;20:30:00;0.0;20:51:00;20:55:00;-3.999999999999986;21:26:00;21:22:00;4.000000000000146;21:31:00;21:28:00;2.9999999999999893;;;2.9999999999999893;04-02-2026_5811
LANGTOG;C32 ;5515.0;Alnabru;2026-02-04;6.0;Onsdag;21:15:00;21:50:00;-35.000000000000036;21:17:00;21:34:00;-17.0000000000001;21:52:00;22:05:00;-12.999999999999954;21:57:00;22:16:00;-19.000000000000092;T7 - Graving av snø;Måtte vente på en Di 8 til Bergen;-19.000000000000092;04-02-2026_5515
PRI-TOG;C23;5735.0;Alnabru;2026-02-04;6.0;Onsdag;21:50:00;21:50:00;0.0;22:02:00;21:55:00;6.999999999999975;22:37:00;22:18:00;18.999999999999932;22:42:00;22:29:00;12.999999999999954;;;12.999999999999954;04-02-2026_5735
Lastefristkl. 19:30 dag før avgang.;C45;5301.0;Alnabru;2026-02-05;6.0;Torsdag;19:30:00;19:30:00;0.0;08:11:00;08:11:00;0.0;08:46:00;08:20:00;26.000000000000068;08:51:00;08:43:00;8.000000000000052;;;8.000000000000052;05-02-2026_5301
;C45;5801.0;Alnabru;2026-02-05;6.0;Torsdag;08:50:00;08:45:00;5.000000000000062;08:51:00;08:45:00;5.999999999999979;09:26:00;09:10:00;16.00000000000002;09:31:00;09:20:00;10.999999999999961;;;10.999999999999961;05-02-2026_5801
PRI-TOG;C42;5731.0;Alnabru;2026-02-05;6.0;Torsdag;08:50:00;08:45:00;5.000000000000062;09:02:00;09:20:00;-18.000000000000014;09:37:00;09:15:00;22.0;09:42:00;09:42:00;0.0;T18 - Sent lok til stamme;;0.0;05-02-2026_5731
;C32 ;5507.0;Alnabru;2026-02-05;6.0;Torsdag;11:40:00;11:35:00;4.999999999999982;11:43:00;11:43:00;7.993605777301127e-14;12:18:00;12:12:00;6.0000000000001386;12:23:00;12:16:00;7.000000000000135;;;7.000000000000135;05-02-2026_5507
;C42;45960.0;Alnabru;2026-02-05;6.0;Torsdag;14:00:00;;0.0;15:02:00;;0.0;15:37:00;;0.0;15:42:00;14:59:00;43.00000000000001;;;43.00000000000001;05-02-2026_45960
;C42;5707.0;Alnabru;2026-02-05;6.0;Torsdag;16:20:00;16:30:00;-9.999999999999964;16:32:00;16:20:00;11.999999999999957;17:07:00;16:53:00;13.99999999999995;17:12:00;17:12:00;0.0;;;0.0;05-02-2026_5707
;C32 ;5509.0;Alnabru;2026-02-05;6.0;Torsdag;16:30:00;16:35:00;-4.999999999999982;16:44:00;16:47:00;-2.9999999999999893;17:19:00;17:11:00;7.999999999999972;17:24:00;17:24:00;0.0;;;0.0;05-02-2026_5509
;C44;41960.0;Alnabru;2026-02-05;6.0;Torsdag;16:00:00;16:20:00;-20.00000000000009;16:48:00;16:43:00;4.999999999999982;17:23:00;17:04:00;18.999999999999932;17:28:00;17:30:00;-1.999999999999993;;;-1.999999999999993;05-02-2026_41960
;C2/C5A;41971.0;Alnabru;2026-02-05;6.0;Torsdag;16:00:00;15:46:00;13.99999999999995;17:04:00;17:00:00;3.999999999999986;17:39:00;17:37:00;2.0000000000001528;17:44:00;17:44:00;0.0;;;0.0;05-02-2026_41971
;C45;5805.0;Alnabru;2026-02-05;6.0;Torsdag;17:00:00;17:00:00;0.0;17:11:00;17:10:00;0.9999999999999964;17:46:00;17:43:00;2.9999999999999893;17:51:00;17:53:00;-1.999999999999993;;;-1.999999999999993;05-02-2026_5805
PRI-TOG;C23;41910.0;Alnabru;2026-02-05;6.0;Torsdag;17:35:00;17:30:00;4.999999999999982;17:45:00;18:20:00;-34.99999999999987;18:20:00;18:26:00;-5.999999999999979;18:25:00;18:29:00;-3.999999999999986;T18 - Sent lok til stamme;;-3.999999999999986;05-02-2026_41910
;C32 ;5511.0;Alnabru;2026-02-05;6.0;Torsdag;18:40:00;;0.0;18:59:00;;0.0;19:34:00;;0.0;19:39:00;;0.0;T17 - Innstilt tog;;0.0;05-02-2026_5511
;C42;5733.0;Alnabru;2026-02-05;6.0;Torsdag;19:20:00;19:18:00;1.999999999999993;19:35:00;20:05:00;-30.000000000000053;20:05:00;20:15:00;-9.999999999999964;20:10:00;20:26:00;-15.999999999999943;T18 - Sent lok til stamme;;-15.999999999999943;05-02-2026_5733
PRI-TOG;C31;41900.0;Alnabru;2026-02-05;6.0;Torsdag;19:40:00;19:29:00;10.999999999999961;19:46:00;19:35:00;10.999999999999961;20:21:00;19:52:00;29.000000000000057;20:26:00;20:06:00;19.99999999999993;;;19.99999999999993;05-02-2026_41900
;C45;5709.0;Alnabru;2026-02-05;6.0;Torsdag;21:00:00;20:30:00;30.000000000000053;21:02:00;20:32:00;30.000000000000053;21:37:00;21:01:00;36.00000000000003;21:42:00;21:32:00;9.999999999999964;;Riktig  avg er 21:42;9.999999999999964;05-02-2026_5709
LANGTOG;C43;5811.0;Alnabru;2026-02-05;6.0;Torsdag;20:30:00;20:14:00;15.999999999999943;20:51:00;20:36:00;15.000000000000107;21:26:00;20:54:00;32.00000000000004;21:31:00;21:10:00;21.000000000000085;;;21.000000000000085;05-02-2026_5811
LANGTOG;C32 ;5515.0;Alnabru;2026-02-05;6.0;Torsdag;21:15:00;;0.0;21:17:00;;0.0;21:52:00;;0.0;21:57:00;;0.0;T17 - Innstilt tog;;0.0;05-02-2026_5515
PRI-TOG;C23;5735.0;Alnabru;2026-02-05;6.0;Torsdag;21:50:00;21:25:00;24.99999999999991;22:02:00;21:10:00;51.99999999999997;22:37:00;21:48:00;48.999999999999986;22:42:00;;0.0;;;0.0;05-02-2026_5735
Lastefristkl. 19:30 dag før avgang.;C45;5301.0;Alnabru;2026-02-06;6.0;Fredag;19:30:00;19:30:00;0.0;08:11:00;08:00:00;11.00000000000004;08:46:00;08:54:00;-7.999999999999972;08:51:00;09:01:00;-9.999999999999964;T34 - Annen feil, forklaring i kommentarfelt;Bremseprøve tok litt lengre tid;-9.999999999999964;06-02-2026_5301
;C45;5801.0;Alnabru;2026-02-06;6.0;Fredag;08:50:00;08:35:00;15.000000000000027;08:51:00;08:50:00;0.9999999999999165;09:26:00;09:20:00;5.999999999999979;09:31:00;09:31:00;0.0;;;0.0;06-02-2026_5801
PRI-TOG;C42;5731.0;Alnabru;2026-02-06;6.0;Fredag;08:50:00;08:50:00;0.0;09:02:00;09:00:00;1.999999999999993;09:37:00;09:30:00;7.000000000000055;09:42:00;09:42:00;0.0;;;0.0;06-02-2026_5731
;C32 ;5507.0;Alnabru;2026-02-06;6.0;Fredag;11:40:00;;0.0;11:43:00;;0.0;12:18:00;;0.0;12:23:00;;0.0;T17 - Innstilt tog;;0.0;06-02-2026_5507
;C42;45960.0;Alnabru;2026-02-06;6.0;Fredag;14:00:00;;0.0;15:02:00;;0.0;15:37:00;;0.0;15:42:00;;0.0;;;0.0;06-02-2026_45960
;C32 ;5509.0;Alnabru;2026-02-06;6.0;Fredag;16:30:00;;0.0;16:44:00;;0.0;17:19:00;;0.0;17:24:00;;0.0;T17 - Innstilt tog;;0.0;06-02-2026_5509
;C2/C5A;41971.0;Alnabru;2026-02-06;6.0;Fredag;16:00:00;;0.0;17:04:00;;0.0;17:39:00;;0.0;17:44:00;;0.0;T17 - Innstilt tog;;0.0;06-02-2026_41971
;C45;5805.0;Alnabru;2026-02-06;6.0;Fredag;17:00:00;17:00:00;0.0;17:11:00;17:04:00;6.999999999999975;17:46:00;17:34:00;12.000000000000117;17:51:00;17:46:00;4.999999999999982;;;4.999999999999982;06-02-2026_5805
PRI-TOG;C23;41910.0;Alnabru;2026-02-06;6.0;Fredag;17:35:00;17:21:00;13.99999999999995;17:45:00;17:33:00;12.000000000000117;18:20:00;17:48:00;32.00000000000004;18:25:00;17:53:00;32.00000000000004;;;32.00000000000004;06-02-2026_41910
;C32 ;5511.0;Alnabru;2026-02-06;6.0;Fredag;18:40:00;;0.0;18:59:00;;0.0;19:34:00;;0.0;19:39:00;;0.0;T17 - Innstilt tog;;0.0;06-02-2026_5511
;C42;5733.0;Alnabru;2026-02-06;6.0;Fredag;19:20:00;19:17:00;2.9999999999999893;19:35:00;20:20:00;-45.0;20:05:00;20:25:00;-19.99999999999993;20:10:00;20:31:00;-20.999999999999925;T18 - Sent lok til stamme;;-20.999999999999925;06-02-2026_5733
PRI-TOG;C31;41900.0;Alnabru;2026-02-06;6.0;Fredag;19:40:00;19:23:00;16.99999999999994;19:46:00;19:38:00;7.999999999999972;20:21:00;19:48:00;33.00000000000004;20:26:00;20:25:00;0.9999999999999964;;;0.9999999999999964;06-02-2026_41900
;C45;5709.0;Alnabru;2026-02-06;6.0;Fredag;21:00:00;21:00:00;0.0;21:02:00;20:11:00;50.99999999999998;21:37:00;21:09:00;28.00000000000006;21:42:00;21:39:00;2.9999999999999893;;Riktig avg er 21:42;2.9999999999999893;06-02-2026_5709
LANGTOG;C43;5811.0;Alnabru;2026-02-06;6.0;Fredag;20:30:00;20:16:00;13.99999999999995;20:51:00;20:08:00;43.00000000000001;21:26:00;20:39:00;46.99999999999999;21:31:00;20:53:00;38.00000000000003;;;38.00000000000003;06-02-2026_5811
LANGTOG;C32 ;5515.0;Alnabru;2026-02-06;6.0;Fredag;21:15:00;;0.0;21:17:00;;0.0;21:52:00;;0.0;21:57:00;;0.0;T17 - Innstilt tog;;0.0;06-02-2026_5515
PRI-TOG;C23;5735.0;Alnabru;2026-02-06;6.0;Fredag;21:50:00;21:32:00;17.999999999999936;22:02:00;21:20:00;42.000000000000014;22:37:00;21:50:00;46.99999999999999;22:42:00;22:01:00;41.000000000000014;;;41.000000000000014;06-02-2026_5735
FORHÅNDSLASTES C32 FREDAG;C32 ;5737.0;Alnabru;2026-02-07;6.0;Lørdag;11:00:00;;0.0;11:02:00;;0.0;11:37:00;;0.0;11:42:00;;0.0;T17 - Innstilt tog;;0.0;07-02-2026_5737
;C44;41971.0;Alnabru;2026-02-07;6.0;Lørdag;13:30:00;13:30:00;0.0;17:04:00;;0.0;17:39:00;;0.0;17:44:00;;;T17 - Innstilt tog;;0.0;07-02-2026_41971
PRI-TOG;C23;41910.0;Alnabru;2026-02-07;6.0;Lørdag;12:00:00;12:00:00;0.0;17:45:00;17:30:00;15.000000000000107;18:20:00;18:00:00;20.00000000000009;18:25:00;18:10:00;15.000000000000107;;;15.000000000000107;07-02-2026_41910
LASTEFRIST KL. 15:00 LØRDAG;C23;5711.0;Alnabru;2026-02-08;6.0;Søndag;14:30:00;14:30:00;0.0;07:27:00;07:00:00;26.999999999999986;08:02:00;07:20:00;42.000000000000014;08:07:00;07:33:00;34.00000000000004;;;34.00000000000004;08-02-2026_5711
Lastefrist 13:30 Søndag;C44;41960.0;Alnabru;2026-02-08;6.0;Søndag;13:30:00;12:00:00;90.0;16:48:00;16:48:00;0.0;17:23:00;16:50:00;33.00000000000004;17:28:00;16:58:00;29.999999999999893;;;29.999999999999893;08-02-2026_41960
;C44;41971.0;Alnabru;2026-02-08;6.0;Søndag;13:30:00;13:30:00;0.0;17:04:00;17:00:00;3.999999999999986;17:39:00;17:15:00;24.000000000000075;17:44:00;17:21:00;23.000000000000078;;;23.000000000000078;08-02-2026_41971
LANGTOG;C32;5523.0;Alnabru;2026-02-08;6.0;Søndag;16:00:00;16:00:00;0.0;18:31:00;20:50:00;-139.0;19:06:00;21:00:00;-113.99999999999991;19:11:00;21:10:00;-118.9999999999999;;Ny rute 21:55;-118.9999999999999;08-02-2026_5523
;C23;5717.0;Alnabru;2026-02-08;6.0;Søndag;16:00:00;16:00:00;0.0;18:57:00;16:15:00;161.99999999999991;19:32:00;16:30:00;182.0;19:37:00;16:49:00;168.00000000000006;;Ny rute 17:12;168.00000000000006;08-02-2026_5717
LANGTOG;C43;5811.0;Alnabru;2026-02-08;6.0;Søndag;13:30:00;13:30:00;0.0;20:51:00;20:00:00;50.99999999999998;21:26:00;20:20:00;66.00000000000009;21:31:00;20:30:00;61.0000000000001;;;61.0000000000001;08-02-2026_5811
;C32 Nord;5531.0;Alnabru;2026-02-09;7.0;Mandag;07:50:00;07:50:00;0.0;07:43:00;07:43:00;-7.993605777301127e-14;08:18:00;;0.0;08:23:00;08:41:00;-18.000000000000014;;;-18.000000000000014;09-02-2026_5531
Lastefristkl. 19:30 dag før avgang.;C45;5301.0;Alnabru;2026-02-09;7.0;Mandag;19:30:00;19:30:00;0.0;08:11:00;08:10:00;0.9999999999999964;08:46:00;08:50:00;-3.999999999999986;08:51:00;09:02:00;-10.999999999999961;T9 - Feil på vogn;;-10.999999999999961;09-02-2026_5301
;C45;5801.0;Alnabru;2026-02-09;7.0;Mandag;08:50:00;09:00:00;-9.999999999999964;08:51:00;08:48:00;2.9999999999999893;09:26:00;09:24:00;1.999999999999993;09:31:00;09:30:00;0.9999999999999964;;;0.9999999999999964;09-02-2026_5801
PRI-TOG;C42;5731.0;Alnabru;2026-02-09;7.0;Mandag;08:50:00;09:00:00;-9.999999999999964;09:02:00;08:47:00;15.000000000000027;09:37:00;09:22:00;15.000000000000027;09:42:00;09:38:00;3.999999999999986;;;3.999999999999986;09-02-2026_5731
;C32 ;5507.0;Alnabru;2026-02-09;7.0;Mandag;11:40:00;11:40:00;0.0;11:43:00;12:30:00;-46.99999999999999;12:18:00;12:42:00;-23.999999999999915;12:23:00;12:48:00;-24.99999999999991;T18 - Sent lok til stamme;;-24.99999999999991;09-02-2026_5507
;C42;45960.0;Alnabru;2026-02-09;7.0;Mandag;14:00:00;14:00:00;0.0;15:02:00;14:10:00;51.99999999999997;15:37:00;14:00:00;96.99999999999997;15:42:00;14:39:00;62.999999999999936;;;62.999999999999936;09-02-2026_45960
;C42;5707.0;Alnabru;2026-02-09;7.0;Mandag;16:20:00;16:20:00;0.0;16:32:00;17:05:00;-33.00000000000004;17:07:00;16:30:00;37.00000000000003;17:12:00;17:30:00;-17.999999999999936;T18 - Sent lok til stamme;;-17.999999999999936;09-02-2026_5707
;C32 ;5509.0;Alnabru;2026-02-09;7.0;Mandag;16:30:00;16:30:00;0.0;16:44:00;16:44:00;0.0;17:19:00;17:00:00;18.999999999999932;17:24:00;17:30:00;-5.999999999999979;;Klar fra oss i tide, uviss årsak.;-5.999999999999979;09-02-2026_5509
;C44;41960.0;Alnabru;2026-02-09;7.0;Mandag;16:00:00;16:45:00;-45.0;16:48:00;16:48:00;0.0;17:23:00;17:25:00;-1.999999999999993;17:28:00;17:43:00;-15.000000000000107;T34 - Annen feil, forklaring i kommentarfelt;Høy samtidighet i krana, Litt sen opplasting. Opptak ute 17:33;-15.000000000000107;09-02-2026_41960
;C2/C5A;41971.0;Alnabru;2026-02-09;7.0;Mandag;16:00:00;16:30:00;-30.000000000000053;17:04:00;17:00:00;3.999999999999986;17:39:00;17:15:00;24.000000000000075;17:44:00;17:26:00;18.000000000000096;;;18.000000000000096;09-02-2026_41971
;C45;5805.0;Alnabru;2026-02-09;7.0;Mandag;17:00:00;17:20:00;-19.99999999999993;17:11:00;17:11:00;0.0;17:46:00;17:40:00;5.999999999999979;17:51:00;17:46:00;4.999999999999982;;;4.999999999999982;09-02-2026_5805
PRI-TOG;C23;41910.0;Alnabru;2026-02-09;7.0;Mandag;17:35:00;17:30:00;4.999999999999982;17:45:00;19:05:00;-79.99999999999987;18:20:00;17:50:00;30.000000000000053;18:25:00;19:22:00;-56.99999999999996;T18 - Sent lok til stamme;;-56.99999999999996;09-02-2026_41910
;C32;5511.0;Alnabru;2026-02-09;7.0;Mandag;18:40:00;18:40:00;0.0;18:59:00;18:49:00;9.999999999999964;19:34:00;19:15:00;18.999999999999932;19:39:00;19:44:00;-4.999999999999982;;Rute er 19:39 Klar fra oss i tide, uviss årsak.;-4.999999999999982;09-02-2026_5511
;C42;5733.0;Alnabru;2026-02-09;7.0;Mandag;19:20:00;19:30:00;-9.999999999999964;19:30:00;20:10:00;-40.000000000000014;20:05:00;20:00:00;4.999999999999982;20:10:00;20:16:00;-5.999999999999979;T18 - Sent lok til stamme;;-5.999999999999979;09-02-2026_5733
PRI-TOG;C31;41900.0;Alnabru;2026-02-09;7.0;Mandag;19:40:00;19:40:00;0.0;19:46:00;19:50:00;-3.999999999999986;20:21:00;20:15:00;5.999999999999979;20:26:00;20:24:00;1.999999999999993;T18 - Sent lok til stamme;;1.999999999999993;09-02-2026_41900
;C45;5709.0;Alnabru;2026-02-09;7.0;Mandag;21:00:00;20:40:00;19.99999999999993;21:02:00;20:00:00;61.99999999999994;21:37:00;21:15:00;22.00000000000008;21:42:00;21:40:00;1.999999999999993;;Rute er 21:42;1.999999999999993;09-02-2026_5709
LANGTOG;C43;5811.0;Alnabru;2026-02-09;7.0;Mandag;20:30:00;20:45:00;-15.000000000000107;20:51:00;20:30:00;21.000000000000085;21:26:00;21:10:00;16.000000000000103;21:31:00;21:18:00;13.000000000000114;;;13.000000000000114;09-02-2026_5811
LANGTOG;C32 ;5515.0;Alnabru;2026-02-09;7.0;Mandag;21:15:00;21:25:00;-10.000000000000124;21:17:00;22:05:00;-47.999999999999986;21:52:00;21:45:00;6.999999999999975;21:57:00;22:34:00;-37.00000000000003;T18 - Sent lok til stamme;;-37.00000000000003;09-02-2026_5515
PRI-TOG;C23;5735.0;Alnabru;2026-02-09;7.0;Mandag;21:50:00;21:50:00;0.0;22:02:00;22:00:00;1.999999999999993;22:37:00;22:25:00;11.999999999999957;22:42:00;22:36:00;5.999999999999979;;;5.999999999999979;09-02-2026_5735
Lastefristkl. 19:30 dag før avgang.;C45;5301.0;Alnabru;2026-02-10;7.0;Tirsdag;19:30:00;19:30:00;0.0;08:11:00;07:55:00;16.00000000000002;08:46:00;08:05:00;41.000000000000014;08:51:00;08:49:00;1.999999999999993;;;1.999999999999993;10-02-2026_5301
;C45;5801.0;Alnabru;2026-02-10;7.0;Tirsdag;08:50:00;09:49:00;-58.99999999999995;08:51:00;08:46:00;4.999999999999982;09:26:00;10:14:00;-47.999999999999986;09:31:00;10:20:00;-49.000000000000064;T27 - Kranstopp;;-49.000000000000064;10-02-2026_5801
PRI-TOG;C42;5731.0;Alnabru;2026-02-10;7.0;Tirsdag;08:50:00;09:00:00;-9.999999999999964;09:02:00;08:54:00;7.999999999999972;09:37:00;10:39:00;-61.99999999999994;09:42:00;10:42:00;-60.00000000000003;T9 - Feil på vogn;;-60.00000000000003;10-02-2026_5731
;C32 ;5507.0;Alnabru;2026-02-10;7.0;Tirsdag;11:40:00;11:45:00;-4.999999999999982;11:43:00;11:28:00;15.000000000000027;12:18:00;12:18:00;1.5987211554602254e-13;12:23:00;12:23:00;0.0;;;0.0;10-02-2026_5507
;C42;45960.0;Alnabru;2026-02-10;7.0;Tirsdag;14:00:00;14:00:00;0.0;15:02:00;14:30:00;32.00000000000004;15:37:00;14:00:00;96.99999999999997;15:42:00;15:38:00;3.999999999999986;;;3.999999999999986;10-02-2026_45960
;C42;5707.0;Alnabru;2026-02-10;7.0;Tirsdag;16:20:00;16:20:00;0.0;16:32:00;17:12:00;-40.000000000000014;17:07:00;16:50:00;17.0000000000001;17:12:00;17:24:00;-11.999999999999957;T18 - Sent lok til stamme;Ble ytterligere forsinket pga feil på lok.;-11.999999999999957;10-02-2026_5707
;C32 ;5509.0;Alnabru;2026-02-10;7.0;Tirsdag;16:30:00;16:30:00;0.0;16:44:00;16:44:00;0.0;17:19:00;17:00:00;18.999999999999932;17:24:00;17:20:00;3.999999999999986;;;3.999999999999986;10-02-2026_5509
;C44;41960.0;Alnabru;2026-02-10;7.0;Tirsdag;16:00:00;16:00:00;0.0;16:48:00;16:48:00;0.0;17:23:00;17:00:00;22.99999999999992;17:28:00;17:15:00;12.999999999999954;;;12.999999999999954;10-02-2026_41960
;C2/C5A;41971.0;Alnabru;2026-02-10;7.0;Tirsdag;16:00:00;16:00:00;0.0;17:04:00;17:00:00;3.999999999999986;17:39:00;17:15:00;24.000000000000075;17:44:00;17:21:00;23.000000000000078;;;23.000000000000078;10-02-2026_41971
;C45;5805.0;Alnabru;2026-02-10;7.0;Tirsdag;17:00:00;17:15:00;-14.999999999999947;17:11:00;17:11:00;0.0;17:46:00;17:39:00;6.999999999999975;17:51:00;17:45:00;5.999999999999979;;;5.999999999999979;10-02-2026_5805
PRI-TOG;C23;41910.0;Alnabru;2026-02-10;7.0;Tirsdag;17:35:00;17:35:00;0.0;17:45:00;18:00:00;-14.999999999999947;18:20:00;18:15:00;5.000000000000142;18:25:00;18:25:00;0.0;T18 - Sent lok til stamme;;0.0;10-02-2026_41910
;C32 ;5511.0;Alnabru;2026-02-10;7.0;Tirsdag;18:40:00;18:40:00;0.0;18:59:00;18:49:00;9.999999999999964;19:34:00;19:20:00;13.99999999999995;19:39:00;19:29:00;9.999999999999964;;Riktig rute 19:39;9.999999999999964;10-02-2026_5511
;C42;5733.0;Alnabru;2026-02-10;7.0;Tirsdag;19:20:00;19:20:00;0.0;19:35:00;19:30:00;4.999999999999982;20:05:00;20:09:00;-3.999999999999986;20:10:00;20:12:00;-1.999999999999993;;Sent opp pga henting av 5707 som fikk problemer med lok;-1.999999999999993;10-02-2026_5733
PRI-TOG;C31;41900.0;Alnabru;2026-02-10;7.0;Tirsdag;19:40:00;19:40:00;0.0;19:46:00;19:35:00;10.999999999999961;20:21:00;20:38:00;-17.0000000000001;20:26:00;20:47:00;-21.000000000000085;;Mye feil på lastkontroll, spesielt på vogner. Pigger som må festes osv.;-21.000000000000085;10-02-2026_41900
;C45;5709.0;Alnabru;2026-02-10;7.0;Tirsdag;21:00:00;21:00:00;0.0;21:02:00;20:00:00;61.99999999999994;21:37:00;21:15:00;22.00000000000008;21:42:00;21:42:00;0.0;;Riktig rute 21:42;0.0;10-02-2026_5709
LANGTOG;C43;5811.0;Alnabru;2026-02-10;7.0;Tirsdag;20:30:00;20:30:00;0.0;20:51:00;21:20:00;-28.999999999999897;21:26:00;21:10:00;16.000000000000103;21:31:00;21:36:00;-4.999999999999982;T18 - Sent lok til stamme;;-4.999999999999982;10-02-2026_5811
LANGTOG;C32 ;5515.0;Alnabru;2026-02-10;7.0;Tirsdag;21:15:00;21:31:00;-16.000000000000103;21:17:00;21:15:00;1.999999999999993;21:52:00;21:52:00;0.0;21:57:00;21:57:00;0.0;;;0.0;10-02-2026_5515
PRI-TOG;C23;5735.0;Alnabru;2026-02-10;7.0;Tirsdag;21:50:00;21:50:00;0.0;22:02:00;21:30:00;31.999999999999886;22:37:00;22:10:00;26.999999999999904;22:42:00;22:26:00;15.999999999999943;;;15.999999999999943;10-02-2026_5735
;C32 Nord;5531.0;Alnabru;2026-02-11;7.0;Onsdag;07:50:00;07:50:00;0.0;07:43:00;08:12:00;-29.000000000000057;08:18:00;08:54:00;-36.00000000000003;08:23:00;09:01:00;-38.00000000000003;T18 - Sent lok til stamme;;-38.00000000000003;11-02-2026_5531
Lastefristkl. 19:30 dag før avgang.;C45;5301.0;Alnabru;2026-02-11;7.0;Onsdag;19:30:00;19:30:00;0.0;08:11:00;08:08:00;2.9999999999999893;08:46:00;08:36:00;10.000000000000044;08:51:00;08:48:00;3.0000000000000693;;;3.0000000000000693;11-02-2026_5301
;C45;5801.0;Alnabru;2026-02-11;7.0;Onsdag;08:50:00;08:50:00;0.0;08:51:00;08:28:00;22.99999999999992;09:26:00;09:21:00;4.999999999999982;09:31:00;09:40:00;-9.000000000000048;T21 - R206 ikke klar i tide;;-9.000000000000048;11-02-2026_5801
PRI-TOG;C42;5731.0;Alnabru;2026-02-11;7.0;Onsdag;08:50:00;08:47:00;3.0000000000000693;09:02:00;08:47:00;15.000000000000027;09:37:00;09:11:00;26.000000000000068;09:42:00;09:36:00;5.999999999999979;;;5.999999999999979;11-02-2026_5731
;C32 ;5507.0;Alnabru;2026-02-11;7.0;Onsdag;11:40:00;11:50:00;-10.000000000000044;11:43:00;11:40:00;3.0000000000000693;12:18:00;12:11:00;7.000000000000135;12:23:00;12:23:00;0.0;;;0.0;11-02-2026_5507
;C42;45960.0;Alnabru;2026-02-11;7.0;Onsdag;14:00:00;12:00:00;120.00000000000006;15:02:00;14:10:00;51.99999999999997;15:37:00;14:00:00;96.99999999999997;15:42:00;15:29:00;12.999999999999954;;;12.999999999999954;11-02-2026_45960
;C42;5707.0;Alnabru;2026-02-11;7.0;Onsdag;16:20:00;16:35:00;-14.999999999999947;16:32:00;16:50:00;-17.999999999999936;17:07:00;17:00:00;6.999999999999975;17:12:00;17:07:00;4.999999999999982;T18 - Sent lok til stamme;;4.999999999999982;11-02-2026_5707
;C32 ;5509.0;Alnabru;2026-02-11;7.0;Onsdag;16:30:00;16:30:00;0.0;16:44:00;16:44:00;0.0;17:19:00;16:50:00;29.000000000000057;17:24:00;17:24:00;0.0;;;0.0;11-02-2026_5509
;C44;41960.0;Alnabru;2026-02-11;7.0;Onsdag;16:00:00;16:00:00;0.0;16:48:00;16:40:00;7.999999999999972;17:23:00;17:10:00;12.999999999999954;17:28:00;17:25:00;2.9999999999999893;;;2.9999999999999893;11-02-2026_41960
;C2/C5A;41971.0;Alnabru;2026-02-11;7.0;Onsdag;16:00:00;16:00:00;0.0;17:04:00;17:00:00;3.999999999999986;17:39:00;18:30:00;-50.99999999999998;17:44:00;18:38:00;-53.99999999999997;T9 - Feil på vogn;Måtte sette igjen en tankvogn pga feil på brems;-53.99999999999997;11-02-2026_41971
;C45;5805.0;Alnabru;2026-02-11;7.0;Onsdag;17:00:00;17:00:00;0.0;17:11:00;17:10:00;0.9999999999999964;17:46:00;17:35:00;11.00000000000012;17:51:00;17:50:00;0.9999999999999964;;;0.9999999999999964;11-02-2026_5805
PRI-TOG;C23;41910.0;Alnabru;2026-02-11;7.0;Onsdag;17:35:00;17:20:00;14.999999999999947;17:45:00;17:25:00;20.00000000000009;18:20:00;17:40:00;40.000000000000014;18:25:00;18:00:00;25.00000000000007;;;25.00000000000007;11-02-2026_41910
;C32 ;5511.0;Alnabru;2026-02-11;7.0;Onsdag;18:40:00;18:40:00;0.0;18:59:00;18:45:00;13.99999999999995;19:34:00;19:00:00;34.00000000000004;19:39:00;19:12:00;26.999999999999904;;Riktig rute 19:39;26.999999999999904;11-02-2026_5511
;C42;5733.0;Alnabru;2026-02-11;7.0;Onsdag;19:20:00;19:30:00;-9.999999999999964;19:35:00;20:10:00;-35.000000000000036;20:05:00;19:45:00;20.00000000000009;20:10:00;20:18:00;-7.999999999999972;T18 - Sent lok til stamme;;-7.999999999999972;11-02-2026_5733
PRI-TOG;C31;41900.0;Alnabru;2026-02-11;7.0;Onsdag;19:40:00;19:35:00;4.999999999999982;19:46:00;19:30:00;15.999999999999943;20:21:00;20:02:00;18.999999999999932;20:26:00;20:15:00;10.999999999999961;;;10.999999999999961;11-02-2026_41900
;C45;5709.0;Alnabru;2026-02-11;7.0;Onsdag;21:00:00;20:30:00;30.000000000000053;21:02:00;21:30:00;-28.00000000000006;21:37:00;21:00:00;37.00000000000003;21:42:00;21:42:00;0.0;T18 - Sent lok til stamme;Riktig rute 21:42;0.0;11-02-2026_5709
LANGTOG;C43;5811.0;Alnabru;2026-02-11;7.0;Onsdag;20:30:00;20:15:00;14.999999999999947;20:51:00;20:10:00;41.000000000000014;21:26:00;20:39:00;46.99999999999999;21:31:00;20:45:00;46.0;;;46.0;11-02-2026_5811
LANGTOG;C32 ;5515.0;Alnabru;2026-02-11;7.0;Onsdag;21:15:00;21:15:00;0.0;21:17:00;21:00:00;16.99999999999994;21:52:00;21:30:00;21.999999999999922;21:57:00;21:40:00;16.99999999999994;;;16.99999999999994;11-02-2026_5515
PRI-TOG;C23;5735.0;Alnabru;2026-02-11;7.0;Onsdag;21:50:00;21:30:00;19.99999999999993;22:02:00;21:20:00;42.000000000000014;22:37:00;21:45:00;51.99999999999997;22:42:00;22:10:00;31.999999999999886;;;31.999999999999886;11-02-2026_5735
Lastefristkl. 19:30 dag før avgang.;C45;5301.0;Alnabru;2026-02-12;7.0;Torsdag;19:30:00;;0.0;08:11:00;08:05:00;5.999999999999979;08:46:00;08:43:00;3.0000000000000693;08:51:00;08:56:00;-4.999999999999982;;;-4.999999999999982;12-02-2026_5301
;C45;5801.0;Alnabru;2026-02-12;7.0;Torsdag;08:50:00;09:10:00;-19.99999999999993;08:51:00;09:10:00;-19.000000000000014;09:26:00;09:50:00;-23.999999999999993;09:31:00;10:01:00;-30.000000000000053;;;-30.000000000000053;12-02-2026_5801
PRI-TOG;C42;5731.0;Alnabru;2026-02-12;7.0;Torsdag;08:50:00;;0.0;09:02:00;;0.0;09:37:00;;0.0;09:42:00;;0.0;T17 - Innstilt tog;;0.0;12-02-2026_5731
;C32 ;5507.0;Alnabru;2026-02-12;7.0;Torsdag;11:40:00;11:40:00;0.0;11:43:00;11:35:00;8.000000000000052;12:18:00;12:05:00;13.000000000000114;12:23:00;12:23:00;0.0;;;0.0;12-02-2026_5507
;C42;45960.0;Alnabru;2026-02-12;7.0;Torsdag;14:00:00;;0.0;15:02:00;;0.0;15:37:00;;0.0;15:42:00;15:37:00;4.999999999999982;;;4.999999999999982;12-02-2026_45960
;C42;5707.0;Alnabru;2026-02-12;7.0;Torsdag;16:20:00;;0.0;16:32:00;;0.0;17:07:00;;0.0;17:12:00;;0.0;T17 - Innstilt tog;;0.0;12-02-2026_5707
;C32 ;5509.0;Alnabru;2026-02-12;7.0;Torsdag;16:30:00;17:06:00;-36.00000000000003;16:44:00;16:44:00;0.0;17:19:00;17:16:00;2.9999999999999893;17:24:00;17:22:00;1.999999999999993;;;1.999999999999993;12-02-2026_5509
;C44;41960.0;Alnabru;2026-02-12;7.0;Torsdag;16:00:00;16:00:00;0.0;16:48:00;16:20:00;27.9999999999999;17:23:00;16:40:00;43.00000000000001;17:28:00;16:50:00;38.00000000000003;;;38.00000000000003;12-02-2026_41960
;C2/C5A;41971.0;Alnabru;2026-02-12;7.0;Torsdag;16:00:00;16:00:00;0.0;17:04:00;17:00:00;3.999999999999986;17:39:00;17:38:00;0.9999999999999964;17:44:00;17:44:00;0.0;;;0.0;12-02-2026_41971
;C45;5805.0;Alnabru;2026-02-12;7.0;Torsdag;17:00:00;17:00:00;0.0;17:11:00;17:00:00;10.999999999999961;17:46:00;17:33:00;13.000000000000114;17:51:00;17:43:00;7.999999999999972;;;7.999999999999972;12-02-2026_5805
PRI-TOG;C23;41910.0;Alnabru;2026-02-12;7.0;Torsdag;17:35:00;17:35:00;0.0;17:45:00;17:38:00;6.999999999999975;18:20:00;17:56:00;24.000000000000075;18:25:00;18:09:00;16.000000000000103;;;16.000000000000103;12-02-2026_41910
;C32 ;5511.0;Alnabru;2026-02-12;7.0;Torsdag;18:40:00;19:00:00;-19.99999999999993;18:59:00;18:37:00;21.999999999999922;19:34:00;19:11:00;22.99999999999992;19:39:00;19:20:00;18.999999999999932;;;18.999999999999932;12-02-2026_5511
;C42;5733.0;Alnabru;2026-02-12;7.0;Torsdag;19:20:00;;0.0;19:35:00;;0.0;20:05:00;;0.0;20:10:00;;0.0;T17 - Innstilt tog;;0.0;12-02-2026_5733
PRI-TOG;C31;41900.0;Alnabru;2026-02-12;7.0;Torsdag;19:40:00;19:40:00;0.0;19:46:00;21:00:00;-74.00000000000006;20:21:00;21:08:00;-46.99999999999999;20:26:00;21:19:00;-52.99999999999997;T18 - Sent lok til stamme;;-52.99999999999997;12-02-2026_41900
LANGTOG;C43;5811.0;Alnabru;2026-02-12;7.0;Torsdag;20:30:00;19:55:00;34.99999999999987;20:51:00;20:46:00;4.999999999999982;21:26:00;21:11:00;15.000000000000107;21:31:00;21:23:00;7.999999999999972;T14 - Ekstern datafeil TOS/GOS;;7.999999999999972;12-02-2026_5811
;C45;5709.0;Alnabru;2026-02-12;7.0;Torsdag;21:00:00;23:18:00;-138.0;21:02:00;21:17:00;-14.999999999999947;21:37:00;23:30:00;-112.99999999999991;21:42:00;23:43:00;-121.00000000000006;;;-121.00000000000006;12-02-2026_5709
LANGTOG;C32 ;5515.0;Alnabru;2026-02-12;7.0;Torsdag;21:15:00;21:32:00;-17.0000000000001;21:17:00;21:14:00;2.9999999999999893;21:52:00;21:51:00;0.9999999999999964;21:57:00;;0.0;;;0.0;12-02-2026_5515
PRI-TOG;C23;5735.0;Alnabru;2026-02-12;7.0;Torsdag;21:50:00;23:20:00;-90.0;22:02:00;22:00:00;1.999999999999993;22:37:00;23:38:00;-61.0000000000001;22:42:00;;0.0;T14 - Ekstern datafeil TOS/GOS;;0.0;12-02-2026_5735
Lastefristkl. 19:30 dag før avgang.;C45;5301.0;Alnabru;2026-02-13;7.0;Fredag;19:30:00;;0.0;08:11:00;;0.0;08:46:00;08:45:00;1.0000000000000764;08:51:00;09:06:00;-14.999999999999947;;;-14.999999999999947;13-02-2026_5301
;C45;5801.0;Alnabru;2026-02-13;7.0;Fredag;08:50:00;09:45:00;-54.999999999999964;08:51:00;08:51:00;-7.993605777301127e-14;09:26:00;09:50:00;-23.999999999999993;09:31:00;09:57:00;-26.000000000000068;T24 - Optimalisering av togstamme;;-26.000000000000068;13-02-2026_5801
PRI-TOG;C42;5731.0;Alnabru;2026-02-13;7.0;Fredag;08:50:00;09:55:00;-64.99999999999993;09:02:00;09:00:00;1.999999999999993;09:37:00;10:10:00;-32.999999999999964;09:42:00;10:19:00;-37.00000000000003;T24 - Optimalisering av togstamme;;-37.00000000000003;13-02-2026_5731
;C32 ;5507.0;Alnabru;2026-02-13;7.0;Fredag;11:40:00;11:40:00;0.0;11:43:00;11:25:00;18.000000000000096;12:18:00;12:10:00;8.000000000000131;12:23:00;12:26:00;-2.9999999999999893;;;-2.9999999999999893;13-02-2026_5507
;C42;45960.0;Alnabru;2026-02-13;7.0;Fredag;14:00:00;;0.0;15:02:00;;0.0;15:37:00;;0.0;15:42:00;15:08:00;34.00000000000004;;;34.00000000000004;13-02-2026_45960
;C32 ;5509.0;Alnabru;2026-02-13;7.0;Fredag;16:30:00;16:30:00;0.0;16:44:00;18:00:00;-76.00000000000006;17:19:00;16:50:00;29.000000000000057;17:24:00;18:05:00;-41.000000000000014;T18 - Sent lok til stamme;;-41.000000000000014;13-02-2026_5509
;C2/C5A;41971.0;Alnabru;2026-02-13;7.0;Fredag;16:00:00;16:30:00;-30.000000000000053;17:04:00;;0.0;17:39:00;17:20:00;19.000000000000092;17:44:00;19:35:00;-110.99999999999993;T19 - Feil på lok;;-110.99999999999993;13-02-2026_41971
;C45;5805.0;Alnabru;2026-02-13;7.0;Fredag;17:00:00;17:10:00;-9.999999999999964;17:11:00;17:25:00;-13.99999999999995;17:46:00;17:45:00;0.9999999999999964;17:51:00;18:01:00;-9.999999999999964;T18 - Sent lok til stamme;Klar fra oss i tide, uviss årsak.;-9.999999999999964;13-02-2026_5805
PRI-TOG;C23;41910.0;Alnabru;2026-02-13;7.0;Fredag;17:35:00;17:49:00;-14.00000000000011;17:45:00;17:45:00;0.0;18:20:00;18:18:00;2.0000000000001528;18:25:00;18:29:00;-3.999999999999986;;Klar fra oss i tide, uviss årsak.;-3.999999999999986;13-02-2026_41910
;C32 ;5511.0;Alnabru;2026-02-13;7.0;Fredag;18:40:00;19:10:00;-30.000000000000053;18:59:00;18:49:00;9.999999999999964;19:34:00;19:23:00;10.999999999999961;19:39:00;20:41:00;-62.0000000000001;T19 - Feil på lok;Riktig rute 19:39.;-62.0000000000001;13-02-2026_5511
;C42;5733.0;Alnabru;2026-02-13;7.0;Fredag;19:20:00;19:30:00;-9.999999999999964;19:35:00;19:50:00;-14.999999999999947;20:05:00;20:15:00;-9.999999999999964;20:10:00;20:24:00;-13.99999999999995;T18 - Sent lok til stamme;;-13.99999999999995;13-02-2026_5733
PRI-TOG;C31;41900.0;Alnabru;2026-02-13;7.0;Fredag;19:40:00;19:40:00;0.0;19:46:00;19:55:00;-9.000000000000128;20:21:00;20:15:00;5.999999999999979;20:26:00;20:33:00;-6.999999999999975;T18 - Sent lok til stamme;Klar fra oss i tide, uviss årsak.;-6.999999999999975;13-02-2026_41900
;C45;5709.0;Alnabru;2026-02-13;7.0;Fredag;21:00:00;21:00:00;0.0;21:02:00;20:56:00;5.999999999999979;21:37:00;21:42:00;-4.999999999999982;21:42:00;22:12:00;-30.000000000000053;T9 - Feil på vogn;Riktig rute 21:42;-30.000000000000053;13-02-2026_5709
LANGTOG;C43;5811.0;Alnabru;2026-02-13;7.0;Fredag;20:30:00;20:15:00;14.999999999999947;20:51:00;21:15:00;-23.999999999999915;21:26:00;21:00:00;26.000000000000068;21:31:00;21:36:00;-4.999999999999982;T18 - Sent lok til stamme;;-4.999999999999982;13-02-2026_5811
LANGTOG;C32 ;5515.0;Alnabru;2026-02-13;7.0;Fredag;21:15:00;22:10:00;-55.00000000000013;21:17:00;21:00:00;16.99999999999994;21:52:00;22:43:00;-50.99999999999998;21:57:00;22:47:00;-49.999999999999986;;Følgeforsinkelse pga lokproblemer 5511. Samme spor.;-49.999999999999986;13-02-2026_5515
PRI-TOG;C23;5735.0;Alnabru;2026-02-13;7.0;Fredag;21:50:00;21:50:00;0.0;22:02:00;22:00:00;1.999999999999993;22:37:00;22:30:00;6.999999999999975;22:42:00;;0.0;T19 - Feil på lok;Visitører måtte hjelpe å fikse noe på loket. Uviss avgang.;0.0;13-02-2026_5735
FORHÅNDSLASTES C32 FREDAG;C32 ;5737.0;Alnabru;2026-02-14;7.0;Lørdag;11:00:00;;0.0;11:02:00;;0.0;11:37:00;;0.0;11:42:00;;0.0;;;0.0;14-02-2026_5737
;C44;41971.0;Alnabru;2026-02-14;7.0;Lørdag;13:30:00;;0.0;17:04:00;;0.0;17:39:00;;0.0;17:44:00;;0.0;;;0.0;14-02-2026_41971
PRI-TOG;C23;41910.0;Alnabru;2026-02-14;7.0;Lørdag;12:00:00;;0.0;17:45:00;;0.0;18:20:00;;0.0;18:25:00;;0.0;;;0.0;14-02-2026_41910
LASTEFRIST KL. 15:00 LØRDAG;C23;5711.0;Alnabru;2026-02-15;7.0;Søndag;14:30:00;14:30:00;0.0;07:27:00;07:30:00;-2.9999999999999893;08:02:00;07:55:00;7.000000000000055;08:07:00;08:03:00;4.000000000000066;T1 - I rute;;4.000000000000066;15-02-2026_5711
Lastefrist 13:30 Søndag;C44;41960.0;Alnabru;2026-02-15;7.0;Søndag;13:30:00;13:30:00;0.0;16:48:00;16:50:00;-1.999999999999993;17:23:00;17:15:00;7.999999999999972;17:28:00;17:22:00;5.999999999999979;T18 - Sent lok til stamme;Avgtid: 17:01. +21 min.;5.999999999999979;15-02-2026_41960
;C44;41971.0;Alnabru;2026-02-15;7.0;Søndag;13:30:00;13:30:00;0.0;17:04:00;16:45:00;19.000000000000092;17:39:00;17:30:00;9.000000000000128;17:44:00;17:34:00;10.000000000000124;T1 - I rute;;10.000000000000124;15-02-2026_41971
LANGTOG;C32;5523.0;Alnabru;2026-02-15;7.0;Søndag;16:00:00;16:00:00;0.0;18:31:00;21:12:00;-160.99999999999991;19:06:00;21:26:00;-139.99999999999997;19:11:00;21:30:00;-139.0;T18 - Sent lok til stamme;Avgtid: 19:16. +135 min;-139.0;15-02-2026_5523
;C23;5717.0;Alnabru;2026-02-15;7.0;Søndag;16:00:00;16:00:00;0.0;18:57:00;17:15:00;101.99999999999996;19:32:00;17:40:00;111.99999999999991;19:37:00;17:47:00;109.99999999999993;T18 - Sent lok til stamme;Avgtid: 17:12. +35 min. Klargjørerne holdt på med brems på 41960 og 41971 i samme tidsrom;109.99999999999993;15-02-2026_5717
LANGTOG;C43;5811.0;Alnabru;2026-02-15;7.0;Søndag;13:30:00;13:30:00;0.0;20:51:00;19:47:00;64.00000000000009;21:26:00;20:55:00;31.00000000000005;21:31:00;21:04:00;27.000000000000064;T18 - Sent lok til stamme;Tognnr 85811. avg tid 18:40. +264 min;27.000000000000064;15-02-2026_5811
;C32 Nord;5531.0;Alnabru;2026-02-16;8.0;Mandag;07:50:00;07:50:00;0.0;07:43:00;07:45:00;-2.000000000000073;08:18:00;;0.0;08:23:00;08:33:00;-10.000000000000044;T34 - Annen feil, forklaring i kommentarfelt;Lok og opptak i tide. Ukjent årsak;-10.000000000000044;16-02-2026_5531
Lastefristkl. 19:30 dag før avgang.;C45;5301.0;Alnabru;2026-02-16;8.0;Mandag;19:30:00;19:30:00;0.0;08:11:00;08:00:00;11.00000000000004;08:46:00;08:31:00;15.000000000000027;08:51:00;08:41:00;10.000000000000044;;;10.000000000000044;16-02-2026_5301
;C45;5801.0;Alnabru;2026-02-16;8.0;Mandag;08:50:00;08:50:00;0.0;08:51:00;08:45:00;5.999999999999979;09:26:00;09:08:00;18.000000000000014;09:31:00;09:25:00;5.999999999999979;;;5.999999999999979;16-02-2026_5801
PRI-TOG;C42;5731.0;Alnabru;2026-02-16;8.0;Mandag;08:50:00;08:50:00;0.0;09:02:00;09:00:00;1.999999999999993;09:37:00;09:15:00;22.0;09:42:00;09:27:00;15.000000000000027;;;15.000000000000027;16-02-2026_5731
;C32 ;5507.0;Alnabru;2026-02-16;8.0;Mandag;11:40:00;12:00:00;-20.000000000000007;11:43:00;12:05:00;-21.999999999999922;12:18:00;12:15:00;3.000000000000149;12:23:00;12:20:00;3.000000000000149;;;3.000000000000149;16-02-2026_5507
;C42;45960.0;Alnabru;2026-02-16;8.0;Mandag;14:00:00;14:00:00;0.0;15:02:00;14:30:00;32.00000000000004;15:37:00;15:00:00;37.00000000000003;15:42:00;15:11:00;31.00000000000005;;;31.00000000000005;16-02-2026_45960
;C42;5707.0;Alnabru;2026-02-16;8.0;Mandag;16:20:00;16:20:00;0.0;16:32:00;16:30:00;1.999999999999993;17:07:00;16:50:00;17.0000000000001;17:12:00;17:11:00;0.9999999999999964;;;0.9999999999999964;16-02-2026_5707
;C32 ;5509.0;Alnabru;2026-02-16;8.0;Mandag;16:30:00;16:30:00;0.0;16:44:00;16:44:00;0.0;17:19:00;16:54:00;24.99999999999991;17:24:00;17:16:00;7.999999999999972;;;7.999999999999972;16-02-2026_5509
;C44;41960.0;Alnabru;2026-02-16;8.0;Mandag;16:00:00;16:00:00;0.0;16:48:00;16:48:00;0.0;17:23:00;17:28:00;-4.999999999999982;17:28:00;17:33:00;-4.999999999999982;T12 - Mannskapsmangel;;-4.999999999999982;16-02-2026_41960
;C2/C5A;41971.0;Alnabru;2026-02-16;8.0;Mandag;16:00:00;16:00:00;0.0;17:04:00;17:04:00;0.0;17:39:00;16:50:00;49.00000000000014;17:44:00;17:13:00;31.00000000000005;;;31.00000000000005;16-02-2026_41971
;C45;5805.0;Alnabru;2026-02-16;8.0;Mandag;17:00:00;17:00:00;0.0;17:11:00;17:11:00;0.0;17:46:00;17:50:00;-3.999999999999986;17:51:00;18:03:00;-11.999999999999957;T34 - Annen feil, forklaring i kommentarfelt;Ventet på lastkontroll;-11.999999999999957;16-02-2026_5805
PRI-TOG;C23;41910.0;Alnabru;2026-02-16;8.0;Mandag;17:35:00;17:35:00;0.0;17:45:00;17:45:00;0.0;18:20:00;18:10:00;10.000000000000124;18:25:00;18:18:00;7.000000000000135;;;7.000000000000135;16-02-2026_41910
;C32;5511.0;Alnabru;2026-02-16;8.0;Mandag;18:40:00;18:40:00;0.0;18:59:00;18:49:00;9.999999999999964;19:34:00;19:15:00;18.999999999999932;19:39:00;19:24:00;14.999999999999947;;;14.999999999999947;16-02-2026_5511
;C42;5733.0;Alnabru;2026-02-16;8.0;Mandag;19:20:00;19:44:00;-23.999999999999915;19:30:00;19:30:00;0.0;20:05:00;20:15:00;-9.999999999999964;20:10:00;20:18:00;-7.999999999999972;T34 - Annen feil, forklaring i kommentarfelt;Enhet med åpne sidedører funnet under lastkontroll, forsøkt ubedret,Ble avvist, forsinket bremseprøve;-7.999999999999972;16-02-2026_5733
PRI-TOG;C31;41900.0;Alnabru;2026-02-16;8.0;Mandag;19:40:00;19:40:00;0.0;19:46:00;19:46:00;0.0;20:21:00;20:49:00;-28.00000000000006;20:26:00;20:52:00;-26.000000000000068;T34 - Annen feil, forklaring i kommentarfelt;Meldt inn for sent til Ekspedisjon om R206 fra OPL;-26.000000000000068;16-02-2026_41900
LANGTOG;C43;5811.0;Alnabru;2026-02-16;8.0;Mandag;20:30:00;20:30:00;0.0;20:51:00;20:51:00;0.0;21:26:00;21:30:00;-3.999999999999986;21:31:00;21:31:00;0.0;;;0.0;16-02-2026_5811
;C45;5709.0;Alnabru;2026-02-16;8.0;Mandag;21:00:00;21:20:00;-19.99999999999993;21:02:00;20:32:00;30.000000000000053;21:37:00;21:45:00;-7.999999999999972;21:42:00;21:47:00;-4.999999999999982;T34 - Annen feil, forklaring i kommentarfelt;Ventet på lastkontroll;-4.999999999999982;16-02-2026_5709
LANGTOG;C32 ;5515.0;Alnabru;2026-02-16;8.0;Mandag;21:15:00;;0.0;21:17:00;21:17:00;0.0;21:52:00;21:45:00;6.999999999999975;21:57:00;21:53:00;3.999999999999986;;;3.999999999999986;16-02-2026_5515
PRI-TOG;C23;5735.0;Alnabru;2026-02-16;8.0;Mandag;21:50:00;21:50:00;0.0;22:02:00;22:00:00;1.999999999999993;22:37:00;22:15:00;21.999999999999922;22:42:00;22:17:00;24.99999999999991;;;24.99999999999991;16-02-2026_5735
Lastefristkl. 19:30 dag før avgang.;C45;5301.0;Alnabru;2026-02-17;8.0;Tirsdag;19:30:00;19:30:00;0.0;08:11:00;08:10:00;0.9999999999999964;08:46:00;08:45:00;1.0000000000000764;08:51:00;08:50:00;0.9999999999999964;;;0.9999999999999964;17-02-2026_5301
;C45;5801.0;Alnabru;2026-02-17;8.0;Tirsdag;08:50:00;09:00:00;-9.999999999999964;08:51:00;09:05:00;-14.00000000000003;09:26:00;09:33:00;-6.999999999999975;09:31:00;09:42:00;-11.00000000000004;;Feil, bremseprøve, vst vogn, den nye var full av snø.;-11.00000000000004;17-02-2026_5801
PRI-TOG;C42;5731.0;Alnabru;2026-02-17;8.0;Tirsdag;08:50:00;08:40:00;10.000000000000044;09:02:00;09:00:00;1.999999999999993;09:37:00;09:12:00;24.999999999999993;09:42:00;09:40:00;1.999999999999993;;;1.999999999999993;17-02-2026_5731
;C32 ;5507.0;Alnabru;2026-02-17;8.0;Tirsdag;11:40:00;11:30:00;9.999999999999964;11:43:00;11:25:00;18.000000000000096;12:18:00;12:01:00;17.0000000000001;12:23:00;12:05:00;18.000000000000096;;;18.000000000000096;17-02-2026_5507
;C42;45960.0;Alnabru;2026-02-17;8.0;Tirsdag;14:00:00;14:00:00;0.0;15:02:00;15:00:00;1.999999999999993;15:37:00;15:30:00;6.999999999999975;15:42:00;15:35:00;6.999999999999975;;;6.999999999999975;17-02-2026_45960
;C42;5707.0;Alnabru;2026-02-17;8.0;Tirsdag;16:20:00;16:20:00;0.0;16:32:00;15:50:00;42.000000000000014;17:07:00;16:20:00;46.99999999999999;17:12:00;16:34:00;38.00000000000003;;;38.00000000000003;17-02-2026_5707
;C32 ;5509.0;Alnabru;2026-02-17;8.0;Tirsdag;16:30:00;16:30:00;0.0;16:44:00;16:30:00;13.99999999999995;17:19:00;16:45:00;34.00000000000004;17:24:00;17:00:00;23.999999999999915;;;23.999999999999915;17-02-2026_5509
;C44;41960.0;Alnabru;2026-02-17;8.0;Tirsdag;16:00:00;16:35:00;-35.000000000000036;16:48:00;16:10:00;37.999999999999865;17:23:00;17:00:00;22.99999999999992;17:28:00;17:15:00;12.999999999999954;;;12.999999999999954;17-02-2026_41960
;C2/C5A;41971.0;Alnabru;2026-02-17;8.0;Tirsdag;16:00:00;16:00:00;0.0;17:04:00;17:00:00;3.999999999999986;17:39:00;17:25:00;14.00000000000011;17:44:00;17:31:00;13.000000000000114;;;13.000000000000114;17-02-2026_41971
;C45;5805.0;Alnabru;2026-02-17;8.0;Tirsdag;17:00:00;17:00:00;0.0;17:11:00;17:45:00;-34.00000000000004;17:46:00;17:35:00;11.00000000000012;17:51:00;18:05:00;-13.99999999999995;T18 - Sent lok til stamme;;-13.99999999999995;17-02-2026_5805
PRI-TOG;C23;41910.0;Alnabru;2026-02-17;8.0;Tirsdag;17:35:00;;0.0;17:45:00;;0.0;18:20:00;;0.0;18:25:00;;0.0;T17 - Innstilt tog;;0.0;17-02-2026_41910
;C32 ;5511.0;Alnabru;2026-02-17;8.0;Tirsdag;18:40:00;19:20:00;-40.000000000000014;18:59:00;19:00:00;-0.9999999999999964;19:34:00;19:25:00;8.999999999999968;19:39:00;19:32:00;6.999999999999975;;;6.999999999999975;17-02-2026_5511
;C42;5733.0;Alnabru;2026-02-17;8.0;Tirsdag;19:20:00;19:20:00;0.0;19:35:00;19:30:00;4.999999999999982;20:05:00;20:05:00;0.0;20:10:00;20:39:00;-29.000000000000057;T14 - Ekstern datafeil TOS/GOS;Enheter fysisk lastet, ikke endret lastestatus,oppdaget når R206 skulle lages, forsinket R206.;-29.000000000000057;17-02-2026_5733
PRI-TOG;C31;41900.0;Alnabru;2026-02-17;8.0;Tirsdag;19:40:00;19:40:00;0.0;19:46:00;19:46:00;0.0;20:21:00;20:20:00;0.9999999999999964;20:26:00;20:32:00;-5.999999999999979;;Uviss grunn;-5.999999999999979;17-02-2026_41900
LANGTOG;C43;5811.0;Alnabru;2026-02-17;8.0;Tirsdag;20:30:00;20:30:00;0.0;20:51:00;20:30:00;21.000000000000085;21:26:00;20:45:00;41.000000000000014;21:31:00;20:53:00;38.00000000000003;;;38.00000000000003;17-02-2026_5811
;C45;5709.0;Alnabru;2026-02-17;8.0;Tirsdag;21:00:00;21:00:00;0.0;21:02:00;21:02:00;0.0;21:37:00;21:12:00;25.00000000000007;21:42:00;21:17:00;25.00000000000007;;;25.00000000000007;17-02-2026_5709
LANGTOG;C32 ;5515.0;Alnabru;2026-02-17;8.0;Tirsdag;21:15:00;21:15:00;0.0;21:17:00;21:17:00;0.0;21:52:00;21:35:00;16.99999999999994;21:57:00;21:44:00;12.999999999999954;;;12.999999999999954;17-02-2026_5515
PRI-TOG;C23;5735.0;Alnabru;2026-02-17;8.0;Tirsdag;21:50:00;21:50:00;0.0;22:02:00;21:30:00;31.999999999999886;22:37:00;21:55:00;42.000000000000014;22:42:00;22:01:00;41.000000000000014;;;41.000000000000014;17-02-2026_5735
;C32 Nord;5531.0;Alnabru;2026-02-18;8.0;Onsdag;07:50:00;07:50:00;0.0;07:43:00;;0.0;08:18:00;08:18:00;0.0;08:23:00;08:37:00;-14.00000000000003;T15 - Intern datafeil GTS;;-14.00000000000003;18-02-2026_5531
Lastefristkl. 19:30 dag før avgang.;C45;5301.0;Alnabru;2026-02-18;8.0;Onsdag;19:30:00;;0.0;08:11:00;;0.0;08:46:00;;0.0;08:51:00;;0.0;T17 - Innstilt tog;lokhavari på loket som skulle brukes;0.0;18-02-2026_5301
;C45;5801.0;Alnabru;2026-02-18;8.0;Onsdag;08:50:00;09:00:00;-9.999999999999964;08:51:00;08:44:00;6.999999999999975;09:26:00;09:09:00;17.00000000000002;09:31:00;09:29:00;1.999999999999993;;;1.999999999999993;18-02-2026_5801
PRI-TOG;C42;5731.0;Alnabru;2026-02-18;8.0;Onsdag;08:50:00;08:50:00;0.0;09:02:00;09:35:00;-33.00000000000004;09:37:00;09:00:00;37.00000000000003;09:42:00;10:01:00;-19.000000000000014;T4 - Forsinket ankommet tog. (kort snutid);lok som ankom i 5730 kom rett før avgang. måtte rigges opp og klargjøres, dette forårsaket forsinkelse. Resten ferdig i god tid;-19.000000000000014;18-02-2026_5731
;C32 ;5507.0;Alnabru;2026-02-18;8.0;Onsdag;11:40:00;11:20:00;20.000000000000007;11:43:00;11:45:00;-1.999999999999913;12:18:00;11:55:00;23.000000000000078;12:23:00;12:16:00;7.000000000000135;;;7.000000000000135;18-02-2026_5507
;C42;45960.0;Alnabru;2026-02-18;8.0;Onsdag;14:00:00;14:00:00;0.0;15:02:00;14:45:00;16.99999999999994;15:37:00;15:00:00;37.00000000000003;15:42:00;15:08:00;34.00000000000004;;;34.00000000000004;18-02-2026_45960
;C42;5707.0;Alnabru;2026-02-18;8.0;Onsdag;16:20:00;16:20:00;0.0;16:32:00;16:32:00;0.0;17:07:00;16:50:00;17.0000000000001;17:12:00;17:01:00;10.999999999999961;;;10.999999999999961;18-02-2026_5707
;C32 ;5509.0;Alnabru;2026-02-18;8.0;Onsdag;16:30:00;17:20:00;-49.999999999999986;16:44:00;16:44:00;0.0;17:19:00;17:42:00;-23.000000000000078;17:24:00;18:03:00;-39.00000000000002;;Graving av snø/ Sperret for avgang pga SRE som ble trekt opp fra C2;-39.00000000000002;18-02-2026_5509
;C44;41960.0;Alnabru;2026-02-18;8.0;Onsdag;16:00:00;16:00:00;0.0;16:48:00;16:45:00;2.9999999999999893;17:23:00;17:00:00;22.99999999999992;17:28:00;17:36:00;-7.999999999999972;T20 - Trafikkstyring (TXP/Togleder);Forsinket avgang grunnet lok til 41910 fra Nord;-7.999999999999972;18-02-2026_41960
;C2/C5A;41971.0;Alnabru;2026-02-18;8.0;Onsdag;16:00:00;16:30:00;-30.000000000000053;17:04:00;17:04:00;0.0;17:39:00;17:10:00;29.000000000000057;17:44:00;18:49:00;-64.99999999999993;;Vognsammensetting;-64.99999999999993;18-02-2026_41971
;C45;5805.0;Alnabru;2026-02-18;8.0;Onsdag;17:00:00;17:00:00;0.0;17:11:00;17:11:00;0.0;17:46:00;17:36:00;10.000000000000124;17:51:00;17:50:00;0.9999999999999964;;;0.9999999999999964;18-02-2026_5805
PRI-TOG;C23;41910.0;Alnabru;2026-02-18;8.0;Onsdag;17:35:00;17:35:00;0.0;17:45:00;17:30:00;15.000000000000107;18:20:00;18:20:00;1.5987211554602254e-13;18:25:00;18:47:00;-21.999999999999922;T21 - R206 ikke klar i tide;problemer med å lage opptak;-21.999999999999922;18-02-2026_41910
;C32 ;5511.0;Alnabru;2026-02-18;8.0;Onsdag;18:40:00;20:20:00;-99.99999999999997;18:59:00;18:59:00;0.0;19:34:00;20:40:00;-66.00000000000009;19:39:00;20:47:00;-68.00000000000009;T26 - Terminalforhold (Forklar nærmere i kommentar);Følgeforsinkelse;-68.00000000000009;18-02-2026_5511
;C42;5733.0;Alnabru;2026-02-18;8.0;Onsdag;19:20:00;19:20:00;0.0;19:35:00;19:30:00;4.999999999999982;20:05:00;19:55:00;9.999999999999964;20:10:00;20:01:00;8.999999999999968;;;8.999999999999968;18-02-2026_5733
PRI-TOG;C31;41900.0;Alnabru;2026-02-18;8.0;Onsdag;19:40:00;19:40:00;0.0;19:46:00;19:46:00;0.0;20:21:00;20:20:00;0.9999999999999964;20:26:00;20:25:00;0.9999999999999964;;;0.9999999999999964;18-02-2026_41900
;C45;5709.0;Alnabru;2026-02-18;8.0;Onsdag;21:00:00;21:00:00;0.0;21:02:00;21:02:00;0.0;21:37:00;21:30:00;6.999999999999975;21:42:00;21:37:00;4.999999999999982;;;4.999999999999982;18-02-2026_5709
LANGTOG;C43;5811.0;Alnabru;2026-02-18;8.0;Onsdag;20:30:00;20:30:00;0.0;20:51:00;20:51:00;0.0;21:26:00;21:30:00;-3.999999999999986;21:31:00;21:31:00;0.0;T1 - I rute;;0.0;18-02-2026_5811
LANGTOG;C32 ;5515.0;Alnabru;2026-02-18;8.0;Onsdag;21:15:00;22:20:00;-65.00000000000009;21:17:00;21:17:00;0.0;21:52:00;22:30:00;-38.00000000000003;21:57:00;22:40:00;-43.00000000000001;T26 - Terminalforhold (Forklar nærmere i kommentar);følgeforsinkelse;-43.00000000000001;18-02-2026_5515
PRI-TOG;C23;5735.0;Alnabru;2026-02-18;8.0;Onsdag;21:50:00;21:50:00;0.0;22:02:00;21:50:00;11.999999999999957;22:37:00;22:21:00;15.999999999999943;22:42:00;22:27:00;14.999999999999947;;;14.999999999999947;18-02-2026_5735
Lastefristkl. 19:30 dag før avgang.;C45;5301.0;Alnabru;2026-02-19;8.0;Torsdag;19:30:00;;0.0;08:11:00;;0.0;08:46:00;;0.0;08:51:00;08:41:00;10.000000000000044;;;10.000000000000044;19-02-2026_5301
;C45;5801.0;Alnabru;2026-02-19;8.0;Torsdag;08:50:00;09:32:00;-41.99999999999993;08:51:00;08:50:00;0.9999999999999165;09:26:00;09:50:00;-23.999999999999993;09:31:00;09:52:00;-21.000000000000007;T9 - Feil på vogn;Lekkasje på HL på en vogn. Måtte skiftes ut. Medførte sen opplasting.;-21.000000000000007;19-02-2026_5801
PRI-TOG;C42;5731.0;Alnabru;2026-02-19;8.0;Torsdag;08:50:00;;0.0;09:02:00;;0.0;09:37:00;;0.0;09:42:00;;0.0;T17 - Innstilt tog;;0.0;19-02-2026_5731
;C32 ;5507.0;Alnabru;2026-02-19;8.0;Torsdag;11:40:00;11:40:00;0.0;11:43:00;11:25:00;18.000000000000096;12:18:00;12:15:00;3.000000000000149;12:23:00;12:30:00;-6.999999999999975;T20 - Trafikkstyring (TXP/Togleder);Klar fra oss i tide. Kø ut fra term.;-6.999999999999975;19-02-2026_5507
;C42;45960.0;Alnabru;2026-02-19;8.0;Torsdag;14:00:00;14:00:00;0.0;15:02:00;15:00:00;1.999999999999993;15:37:00;15:45:00;-7.999999999999972;15:42:00;15:47:00;-4.999999999999982;T34 - Annen feil, forklaring i kommentarfelt;Uviss årsak, lok ankom i tide.;-4.999999999999982;19-02-2026_45960
;C42;5707.0;Alnabru;2026-02-19;8.0;Torsdag;16:20:00;16:00:00;20.00000000000009;16:32:00;16:32:00;0.0;17:07:00;17:07:00;0.0;17:12:00;17:11:00;0.9999999999999964;;;0.9999999999999964;19-02-2026_5707
;C32 ;5509.0;Alnabru;2026-02-19;8.0;Torsdag;16:30:00;16:30:00;0.0;16:44:00;16:50:00;-5.999999999999979;17:19:00;16:40:00;39.00000000000002;17:24:00;17:04:00;19.99999999999993;;;19.99999999999993;19-02-2026_5509
;C44;41960.0;Alnabru;2026-02-19;8.0;Torsdag;16:00:00;16:00:00;0.0;16:48:00;16:48:00;0.0;17:23:00;17:23:00;0.0;17:28:00;17:36:00;-7.999999999999972;T21 - R206 ikke klar i tide;R206 ferdig 1 min før avgangstid;-7.999999999999972;19-02-2026_41960
;C2/C5A;41971.0;Alnabru;2026-02-19;8.0;Torsdag;16:00:00;16:00:00;0.0;17:04:00;17:00:00;3.999999999999986;17:39:00;17:30:00;9.000000000000128;17:44:00;17:35:00;9.000000000000128;;;9.000000000000128;19-02-2026_41971
;C45;5805.0;Alnabru;2026-02-19;8.0;Torsdag;17:00:00;17:00:00;0.0;17:11:00;17:11:00;0.0;17:46:00;17:46:00;0.0;17:51:00;17:53:00;-1.999999999999993;T20 - Trafikkstyring (TXP/Togleder);Sen ut av txp, ferdig i tide;-1.999999999999993;19-02-2026_5805
PRI-TOG;C23;41910.0;Alnabru;2026-02-19;8.0;Torsdag;17:35:00;17:35:00;0.0;17:45:00;17:45:00;0.0;18:20:00;18:20:00;1.5987211554602254e-13;18:25:00;18:25:00;0.0;;;0.0;19-02-2026_41910
;C32 ;5511.0;Alnabru;2026-02-19;8.0;Torsdag;18:40:00;18:40:00;0.0;18:59:00;18:59:00;0.0;19:34:00;19:34:00;0.0;19:39:00;19:38:00;0.9999999999999964;;;0.9999999999999964;19-02-2026_5511
;C42;5733.0;Alnabru;2026-02-19;8.0;Torsdag;19:20:00;19:20:00;0.0;19:35:00;19:30:00;4.999999999999982;20:05:00;20:05:00;0.0;20:10:00;20:24:00;-13.99999999999995;T34 - Annen feil, forklaring i kommentarfelt;Fører som skulle kjøre kom sent opp til lok i nord C42;-13.99999999999995;19-02-2026_5733
PRI-TOG;C31;41900.0;Alnabru;2026-02-19;8.0;Torsdag;19:40:00;19:40:00;0.0;19:46:00;19:46:00;0.0;20:21:00;20:20:00;0.9999999999999964;20:26:00;21:56:00;-90.0;T23 - Infrastruktur;Feil på sporveksel på grorud, trekt ned på G Spor og går over Aker;-90.0;19-02-2026_41900
;C45;5709.0;Alnabru;2026-02-19;8.0;Torsdag;21:00:00;21:00:00;0.0;21:02:00;21:00:00;1.999999999999993;21:37:00;21:30:00;6.999999999999975;21:42:00;23:00:00;-78.00000000000004;T23 - Infrastruktur;Feil på sporveksel på grorud, trekt ned på G Spor og går over Aker;-78.00000000000004;19-02-2026_5709
LANGTOG;C43;5811.0;Alnabru;2026-02-19;8.0;Torsdag;20:30:00;20:30:00;0.0;20:51:00;20:51:00;0.0;21:26:00;21:26:00;0.0;21:31:00;21:11:00;20.00000000000009;;;20.00000000000009;19-02-2026_5811
LANGTOG;C32 ;5515.0;Alnabru;2026-02-19;8.0;Torsdag;21:15:00;21:45:00;-30.000000000000053;21:17:00;21:17:00;0.0;21:52:00;22:00:00;-7.999999999999972;21:57:00;22:00:00;-2.9999999999999893;T7 - Graving av snø;Mye Is under snøen der det skulle gå traller.;-2.9999999999999893;19-02-2026_5515
PRI-TOG;C23;5735.0;Alnabru;2026-02-19;8.0;Torsdag;21:50:00;21:50:00;0.0;22:02:00;22:00:00;1.999999999999993;22:37:00;22:20:00;16.99999999999994;22:42:00;23:22:00;-40.000000000000014;T23 - Infrastruktur;Feil på sporveksel på Grorud;-40.000000000000014;19-02-2026_5735
Lastefristkl. 19:30 dag før avgang.;C45;5301.0;Alnabru;2026-02-20;8.0;Fredag;19:30:00;19:30:00;0.0;08:11:00;08:00:00;11.00000000000004;08:46:00;08:30:00;16.00000000000002;08:51:00;08:43:00;8.000000000000052;;;8.000000000000052;20-02-2026_5301
;C45;5801.0;Alnabru;2026-02-20;8.0;Fredag;08:50:00;08:50:00;0.0;08:51:00;08:51:00;-7.993605777301127e-14;09:26:00;09:12:00;13.99999999999995;09:31:00;09:31:00;0.0;;;0.0;20-02-2026_5801
PRI-TOG;C42;5731.0;Alnabru;2026-02-20;8.0;Fredag;08:50:00;08:50:00;0.0;09:02:00;09:00:00;1.999999999999993;09:37:00;09:10:00;27.000000000000064;09:42:00;09:35:00;6.999999999999975;;;6.999999999999975;20-02-2026_5731
;C32 ;5507.0;Alnabru;2026-02-20;8.0;Fredag;11:40:00;11:40:00;0.0;11:43:00;11:15:00;28.00000000000006;12:18:00;12:10:00;8.000000000000131;12:23:00;12:20:00;3.000000000000149;;;3.000000000000149;20-02-2026_5507
;C42;45960.0;Alnabru;2026-02-20;8.0;Fredag;14:00:00;;0.0;15:02:00;14:10:00;51.99999999999997;15:37:00;;0.0;15:42:00;14:44:00;57.99999999999996;;;57.99999999999996;20-02-2026_45960
;C32 ;5509.0;Alnabru;2026-02-20;8.0;Fredag;16:30:00;16:10:00;19.99999999999993;16:44:00;16:22:00;21.999999999999922;17:19:00;16:31:00;47.999999999999986;17:24:00;16:39:00;45.0;;;45.0;20-02-2026_5509
;C2/C5A;41971.0;Alnabru;2026-02-20;8.0;Fredag;16:00:00;15:50:00;9.999999999999964;17:04:00;16:20:00;44.0;17:39:00;16:40:00;59.000000000000114;17:44:00;17:18:00;26.000000000000068;;;26.000000000000068;20-02-2026_41971
;C45;5805.0;Alnabru;2026-02-20;8.0;Fredag;17:00:00;17:00:00;0.0;17:11:00;16:32:00;39.00000000000002;17:46:00;17:23:00;23.000000000000078;17:51:00;17:50:00;0.9999999999999964;;;0.9999999999999964;20-02-2026_5805
PRI-TOG;C23;41910.0;Alnabru;2026-02-20;8.0;Fredag;17:35:00;17:44:00;-9.000000000000128;17:45:00;17:28:00;17.0000000000001;18:20:00;18:01:00;19.000000000000092;18:25:00;18:09:00;16.000000000000103;;;16.000000000000103;20-02-2026_41910
;C32 ;5511.0;Alnabru;2026-02-20;8.0;Fredag;18:40:00;18:21:00;19.000000000000092;18:59:00;18:52:00;6.999999999999975;19:34:00;19:09:00;24.99999999999991;19:39:00;19:21:00;17.999999999999936;;;17.999999999999936;20-02-2026_5511
;C42;5733.0;Alnabru;2026-02-20;8.0;Fredag;19:20:00;;0.0;19:35:00;;0.0;20:05:00;;0.0;20:10:00;;0.0;T17 - Innstilt tog;;0.0;20-02-2026_5733
PRI-TOG;C31;41900.0;Alnabru;2026-02-20;8.0;Fredag;19:40:00;19:32:00;7.999999999999972;19:46:00;19:28:00;17.999999999999936;20:21:00;20:06:00;14.999999999999947;20:26:00;20:23:00;2.9999999999999893;;;2.9999999999999893;20-02-2026_41900
LANGTOG;C43;5811.0;Alnabru;2026-02-20;8.0;Fredag;20:30:00;20:33:00;-2.9999999999999893;20:51:00;20:28:00;23.000000000000078;21:26:00;20:55:00;31.00000000000005;21:31:00;21:14:00;17.0000000000001;;;17.0000000000001;20-02-2026_5811
;C45;5709.0;Alnabru;2026-02-20;8.0;Fredag;21:00:00;20:30:00;30.000000000000053;21:02:00;20:28:00;34.00000000000004;21:37:00;20:43:00;53.99999999999997;21:42:00;21:00:00;42.000000000000014;;;42.000000000000014;20-02-2026_5709
LANGTOG;C32 ;5515.0;Alnabru;2026-02-20;8.0;Fredag;21:15:00;21:00:00;14.999999999999947;21:17:00;21:06:00;10.999999999999961;21:52:00;21:20:00;32.00000000000004;21:57:00;21:54:00;2.9999999999999893;;;2.9999999999999893;20-02-2026_5515
PRI-TOG;C23;5735.0;Alnabru;2026-02-20;8.0;Fredag;21:50:00;21:31:00;18.999999999999932;22:02:00;21:27:00;34.99999999999987;22:37:00;21:49:00;47.999999999999986;22:42:00;21:53:00;48.999999999999986;;;48.999999999999986;20-02-2026_5735
FORHÅNDSLASTES C32 FREDAG;C32 ;5737.0;Alnabru;2026-02-21;8.0;Lørdag;11:00:00;;0.0;11:02:00;;0.0;11:37:00;;0.0;11:42:00;;0.0;T17 - Innstilt tog;;0.0;21-02-2026_5737
;C44;41971.0;Alnabru;2026-02-21;8.0;Lørdag;13:30:00;13:30:00;0.0;17:04:00;17:00:00;3.999999999999986;17:39:00;17:20:00;19.000000000000092;17:44:00;17:30:00;14.00000000000011;;;14.00000000000011;21-02-2026_41971
PRI-TOG;C23;41910.0;Alnabru;2026-02-21;8.0;Lørdag;12:00:00;12:00:00;0.0;17:45:00;17:40:00;4.999999999999982;18:20:00;17:50:00;30.000000000000053;18:25:00;17:57:00;28.00000000000006;;;28.00000000000006;21-02-2026_41910
LASTEFRIST KL. 15:00 LØRDAG;C23;5711.0;Alnabru;2026-02-22;8.0;Søndag;14:30:00;14:30:00;0.0;07:27:00;07:15:00;12.000000000000037;08:02:00;07:30:00;32.00000000000004;08:07:00;07:37:00;30.000000000000053;;;30.000000000000053;22-02-2026_5711
Lastefrist 13:30 Søndag;C44;41960.0;Alnabru;2026-02-22;8.0;Søndag;13:30:00;13:30:00;0.0;16:48:00;15:50:00;57.99999999999996;17:23:00;16:13:00;69.99999999999991;17:28:00;16:40:00;47.999999999999986;;;47.999999999999986;22-02-2026_41960
;C44;41971.0;Alnabru;2026-02-22;8.0;Søndag;13:30:00;13:30:00;0.0;17:04:00;16:13:00;50.99999999999998;17:39:00;17:10:00;29.000000000000057;17:44:00;17:40:00;3.999999999999986;;;3.999999999999986;22-02-2026_41971
LANGTOG;C32;5523.0;Alnabru;2026-02-22;8.0;Søndag;16:00:00;16:00:00;0.0;18:31:00;18:24:00;6.999999999999975;19:06:00;18:51:00;15.000000000000107;19:11:00;19:00:00;11.00000000000012;;;11.00000000000012;22-02-2026_5523
;C23;5717.0;Alnabru;2026-02-22;8.0;Søndag;16:00:00;16:00:00;0.0;18:57:00;16:25:00;151.99999999999994;19:32:00;17:00:00;151.99999999999994;19:37:00;17:08:00;148.99999999999994;;;148.99999999999994;22-02-2026_5717
LANGTOG;C43;5811.0;Alnabru;2026-02-22;8.0;Søndag;13:30:00;13:30:00;0.0;20:51:00;20:00:00;50.99999999999998;21:26:00;20:18:00;68.00000000000009;21:31:00;20:47:00;44.0;;;44.0;22-02-2026_5811
;C32 Nord;5531.0;Alnabru;2026-02-23;9.0;Mandag;07:50:00;;0.0;07:43:00;;0.0;08:18:00;;0.0;08:23:00;08:11:00;11.999999999999957;;;11.999999999999957;23-02-2026_5531
Lastefristkl. 19:30 dag før avgang.;C45;5301.0;Alnabru;2026-02-23;9.0;Mandag;19:30:00;;0.0;08:11:00;;0.0;08:46:00;;0.0;08:51:00;08:53:00;-1.999999999999993;T20 - Trafikkstyring (TXP/Togleder);Ferdig i i tide.;-1.999999999999993;23-02-2026_5301
;C45;5801.0;Alnabru;2026-02-23;9.0;Mandag;08:50:00;09:20:00;-29.99999999999997;08:51:00;08:51:00;-7.993605777301127e-14;09:26:00;09:40:00;-14.00000000000003;09:31:00;09:45:00;-14.00000000000003;T34 - Annen feil, forklaring i kommentarfelt;Skifting på stamme, Verkstedvogn som måtte skiftes ut. Forsinket opplastingen.;-14.00000000000003;23-02-2026_5801
PRI-TOG;C42;5731.0;Alnabru;2026-02-23;9.0;Mandag;08:50:00;08:50:00;0.0;09:02:00;09:00:00;1.999999999999993;09:37:00;09:35:00;1.999999999999993;09:42:00;09:41:00;0.9999999999999964;;;0.9999999999999964;23-02-2026_5731
;C32 ;5507.0;Alnabru;2026-02-23;9.0;Mandag;11:40:00;11:50:00;-10.000000000000044;11:43:00;;0.0;12:18:00;12:18:00;1.5987211554602254e-13;12:23:00;13:35:00;-71.9999999999999;T18 - Sent lok til stamme;Lok kom sent opp fra Loenga, Ferdig med bremseprøve i tide.;-71.9999999999999;23-02-2026_5507
;C42;45960.0;Alnabru;2026-02-23;9.0;Mandag;14:00:00;;0.0;15:02:00;;0.0;15:37:00;;0.0;15:42:00;15:24:00;17.999999999999936;;;17.999999999999936;23-02-2026_45960
;C42;5707.0;Alnabru;2026-02-23;9.0;Mandag;16:20:00;16:20:00;0.0;16:32:00;16:30:00;1.999999999999993;17:07:00;17:00:00;6.999999999999975;17:12:00;17:05:00;6.999999999999975;;;6.999999999999975;23-02-2026_5707
;C32 ;5509.0;Alnabru;2026-02-23;9.0;Mandag;16:30:00;16:30:00;0.0;16:44:00;16:45:00;-0.9999999999999964;17:19:00;17:05:00;13.99999999999995;17:24:00;17:24:00;0.0;;;0.0;23-02-2026_5509
;C44;41960.0;Alnabru;2026-02-23;9.0;Mandag;16:00:00;16:00:00;0.0;16:48:00;16:45:00;2.9999999999999893;17:23:00;17:05:00;17.999999999999936;17:28:00;17:20:00;7.999999999999972;;;7.999999999999972;23-02-2026_41960
;C2/C5A;41971.0;Alnabru;2026-02-23;9.0;Mandag;16:00:00;16:00:00;0.0;17:04:00;17:30:00;-25.999999999999908;17:39:00;17:50:00;-10.999999999999961;17:44:00;18:05:00;-20.999999999999925;T23 - Infrastruktur;Snøfreser gravde over en ledning. TXP fikk ikke kontroll og vi måtte vente med å sette sammen SRE.;-20.999999999999925;23-02-2026_41971
;C45;5805.0;Alnabru;2026-02-23;9.0;Mandag;17:00:00;17:00:00;0.0;17:11:00;17:05:00;5.999999999999979;17:46:00;17:28:00;18.000000000000096;17:51:00;17:47:00;3.999999999999986;;;3.999999999999986;23-02-2026_5805
PRI-TOG;C23;41910.0;Alnabru;2026-02-23;9.0;Mandag;17:35:00;17:35:00;0.0;17:45:00;17:45:00;0.0;18:20:00;18:04:00;16.000000000000103;18:25:00;18:10:00;15.000000000000107;;;15.000000000000107;23-02-2026_41910
;C32;5511.0;Alnabru;2026-02-23;9.0;Mandag;18:40:00;18:40:00;0.0;18:59:00;18:58:00;0.9999999999999964;19:34:00;19:10:00;23.999999999999915;19:39:00;19:27:00;11.999999999999957;;;11.999999999999957;23-02-2026_5511
;C42;5733.0;Alnabru;2026-02-23;9.0;Mandag;19:20:00;19:35:00;-14.999999999999947;19:30:00;19:30:00;0.0;20:05:00;19:55:00;9.999999999999964;20:10:00;20:01:00;8.999999999999968;;;8.999999999999968;23-02-2026_5733
PRI-TOG;C31;41900.0;Alnabru;2026-02-23;9.0;Mandag;19:40:00;20:18:00;-38.00000000000003;19:46:00;19:22:00;23.999999999999915;20:21:00;20:28:00;-6.999999999999975;20:26:00;20:32:00;-5.999999999999979;T7 - Graving av snø;;-5.999999999999979;23-02-2026_41900
;C45;5709.0;Alnabru;2026-02-23;9.0;Mandag;21:00:00;21:00:00;0.0;21:02:00;21:01:00;0.9999999999999964;21:37:00;21:10:00;27.000000000000064;21:42:00;21:18:00;24.000000000000075;;;24.000000000000075;23-02-2026_5709
LANGTOG;C43;5811.0;Alnabru;2026-02-23;9.0;Mandag;20:30:00;20:30:00;0.0;20:51:00;20:35:00;16.000000000000103;21:26:00;21:15:00;11.00000000000012;21:31:00;21:23:00;7.999999999999972;;;7.999999999999972;23-02-2026_5811
LANGTOG;C32 ;5515.0;Alnabru;2026-02-23;9.0;Mandag;21:15:00;21:15:00;0.0;21:17:00;21:00:00;16.99999999999994;21:52:00;21:45:00;6.999999999999975;21:57:00;21:49:00;7.999999999999972;;;7.999999999999972;23-02-2026_5515
PRI-TOG;C23;5735.0;Alnabru;2026-02-23;9.0;Mandag;21:50:00;21:50:00;0.0;22:02:00;21:30:00;31.999999999999886;22:37:00;22:30:00;6.999999999999975;22:42:00;22:42:00;0.0;;;0.0;23-02-2026_5735
Lastefristkl. 19:30 dag før avgang.;C45;5301.0;Alnabru;2026-02-24;9.0;Tirsdag;19:30:00;;0.0;08:11:00;08:00:00;11.00000000000004;08:46:00;;0.0;08:51:00;09:11:00;-19.99999999999993;;Sen ut av txp, Lok på plass nesten 2 timer før avgangstid..;-19.99999999999993;24-02-2026_5301
;C45;5801.0;Alnabru;2026-02-24;9.0;Tirsdag;08:50:00;08:50:00;0.0;08:51:00;08:30:00;20.999999999999925;09:26:00;09:15:00;10.999999999999961;09:31:00;09:24:00;6.999999999999975;;;6.999999999999975;24-02-2026_5801
PRI-TOG;C42;5731.0;Alnabru;2026-02-24;9.0;Tirsdag;08:50:00;08:50:00;0.0;09:02:00;08:20:00;42.000000000000014;09:37:00;09:20:00;17.00000000000002;09:42:00;09:19:00;23.0;;;23.0;24-02-2026_5731
;C32 ;5507.0;Alnabru;2026-02-24;9.0;Tirsdag;11:40:00;11:40:00;0.0;11:43:00;11:20:00;23.000000000000078;12:18:00;12:18:00;1.5987211554602254e-13;12:23:00;12:23:00;0.0;;;0.0;24-02-2026_5507
;C42;45960.0;Alnabru;2026-02-24;9.0;Tirsdag;14:00:00;;0.0;15:02:00;;0.0;15:37:00;;0.0;15:42:00;15:16:00;26.000000000000068;;;26.000000000000068;24-02-2026_45960
;C42;5707.0;Alnabru;2026-02-24;9.0;Tirsdag;16:20:00;;0.0;16:32:00;;0.0;17:07:00;;0.0;17:12:00;17:24:00;-11.999999999999957;T8 - Maskinmangel skifting;Mangel på fungerende skiftemaskin;-11.999999999999957;24-02-2026_5707
;C32 ;5509.0;Alnabru;2026-02-24;9.0;Tirsdag;16:30:00;17:11:00;-41.000000000000014;16:44:00;16:44:00;0.0;17:19:00;17:25:00;-5.999999999999979;17:24:00;17:28:00;-3.999999999999986;T8 - Maskinmangel skifting;Mangel på fungerende skiftemaskin;-3.999999999999986;24-02-2026_5509
;C44;41960.0;Alnabru;2026-02-24;9.0;Tirsdag;16:00:00;16:00:00;0.0;16:48:00;16:45:00;2.9999999999999893;17:23:00;17:15:00;7.999999999999972;17:28:00;17:30:00;-1.999999999999993;;;-1.999999999999993;24-02-2026_41960
;C2/C5A;41971.0;Alnabru;2026-02-24;9.0;Tirsdag;16:00:00;16:00:00;0.0;17:04:00;17:04:00;0.0;17:39:00;19:40:00;-120.99999999999989;17:44:00;19:45:00;-120.99999999999989;T8 - Maskinmangel skifting;Mangel på fungerende skiftemaskin;-120.99999999999989;24-02-2026_41971
;C45;5805.0;Alnabru;2026-02-24;9.0;Tirsdag;17:00:00;17:00:00;0.0;17:11:00;17:11:00;0.0;17:46:00;17:45:00;0.9999999999999964;17:51:00;17:58:00;-6.999999999999975;T16 - Kø skifting;;-6.999999999999975;24-02-2026_5805
PRI-TOG;C23;41910.0;Alnabru;2026-02-24;9.0;Tirsdag;17:35:00;17:35:00;0.0;17:45:00;17:45:00;0.0;18:20:00;18:15:00;5.000000000000142;18:25:00;18:27:00;-1.999999999999993;T8 - Maskinmangel skifting;Mangel på fungerende skiftemaskin;-1.999999999999993;24-02-2026_41910
;C32 ;5511.0;Alnabru;2026-02-24;9.0;Tirsdag;18:40:00;18:40:00;0.0;18:59:00;18:59:00;0.0;19:34:00;21:31:00;-117.00000000000006;19:39:00;21:33:00;-114.00000000000007;T8 - Maskinmangel skifting;;-114.00000000000007;24-02-2026_5511
;C42;5733.0;Alnabru;2026-02-24;9.0;Tirsdag;19:20:00;22:30:00;-189.99999999999997;19:35:00;19:30:00;4.999999999999982;20:05:00;22:50:00;-164.9999999999999;20:10:00;22:59:00;-169.00000000000003;;;-169.00000000000003;24-02-2026_5733
PRI-TOG;C31;41900.0;Alnabru;2026-02-24;9.0;Tirsdag;19:40:00;20:50:00;-70.00000000000007;19:46:00;19:46:00;0.0;20:21:00;21:15:00;-53.99999999999997;20:26:00;21:19:00;-52.99999999999997;T8 - Maskinmangel skifting;;-52.99999999999997;24-02-2026_41900
LANGTOG;C43;5811.0;Alnabru;2026-02-24;9.0;Tirsdag;20:30:00;20:30:00;0.0;20:51:00;20:51:00;0.0;21:26:00;21:38:00;-11.999999999999957;21:31:00;21:51:00;-19.99999999999993;T9 - Feil på vogn;;-19.99999999999993;24-02-2026_5811
;C45;5709.0;Alnabru;2026-02-24;9.0;Tirsdag;21:00:00;22:30:00;-90.0;21:02:00;21:02:00;0.0;21:37:00;23:00:00;-83.00000000000003;21:42:00;23:26:00;-103.99999999999994;T8 - Maskinmangel skifting;;-103.99999999999994;24-02-2026_5709
LANGTOG;C32 ;5515.0;Alnabru;2026-02-24;9.0;Tirsdag;21:15:00;;0.0;21:17:00;;0.0;21:52:00;00:22:00;1290.0;21:57:00;00:28:00;1289.0;T8 - Maskinmangel skifting;;1289.0;24-02-2026_5515
PRI-TOG;C23;5735.0;Alnabru;2026-02-24;9.0;Tirsdag;21:50:00;;0.0;22:02:00;;0.0;22:37:00;23:40:00;-63.0000000000001;22:42:00;23:44:00;-62.0000000000001;T8 - Maskinmangel skifting;;-62.0000000000001;24-02-2026_5735
;C32 Nord;5531.0;Alnabru;2026-02-25;9.0;Onsdag;07:50:00;;0.0;07:43:00;;0.0;08:18:00;;0.0;08:23:00;08:34:00;-11.00000000000004;;;-11.00000000000004;25-02-2026_5531
Lastefristkl. 19:30 dag før avgang.;C45;5301.0;Alnabru;2026-02-25;9.0;Onsdag;19:30:00;;0.0;08:11:00;08:11:00;0.0;08:46:00;08:48:00;-1.999999999999913;08:51:00;08:51:00;0.0;;;0.0;25-02-2026_5301
;C45;5801.0;Alnabru;2026-02-25;9.0;Onsdag;08:50:00;08:48:00;2.000000000000073;08:51:00;09:00:00;-9.000000000000048;09:26:00;09:23:00;2.9999999999999893;09:31:00;09:29:00;1.999999999999993;;;1.999999999999993;25-02-2026_5801
PRI-TOG;C42;5731.0;Alnabru;2026-02-25;9.0;Onsdag;08:50:00;08:50:00;0.0;09:02:00;09:02:00;0.0;09:37:00;09:24:00;13.000000000000034;09:42:00;09:29:00;13.000000000000034;;;13.000000000000034;25-02-2026_5731
;C32 ;5507.0;Alnabru;2026-02-25;9.0;Onsdag;11:40:00;11:40:00;0.0;11:43:00;11:45:00;-1.999999999999913;12:18:00;12:18:00;1.5987211554602254e-13;12:23:00;12:27:00;-3.999999999999986;;klar i tide. Sen ut av TXP;-3.999999999999986;25-02-2026_5507
;C42;45960.0;Alnabru;2026-02-25;9.0;Onsdag;14:00:00;12:15:00;105.00000000000011;15:02:00;13:42:00;80.00000000000003;15:37:00;;0.0;15:42:00;14:26:00;76.00000000000006;;;76.00000000000006;25-02-2026_45960
;C42;5707.0;Alnabru;2026-02-25;9.0;Onsdag;16:20:00;16:20:00;0.0;16:32:00;16:30:00;1.999999999999993;17:07:00;16:50:00;17.0000000000001;17:12:00;16:53:00;18.999999999999932;;;18.999999999999932;25-02-2026_5707
;C32 ;5509.0;Alnabru;2026-02-25;9.0;Onsdag;16:30:00;16:30:00;0.0;16:44:00;16:40:00;3.999999999999986;17:19:00;17:19:00;0.0;17:24:00;17:24:00;0.0;;;0.0;25-02-2026_5509
;C44;41960.0;Alnabru;2026-02-25;9.0;Onsdag;16:00:00;16:00:00;0.0;16:48:00;16:45:00;2.9999999999999893;17:23:00;17:00:00;22.99999999999992;17:28:00;17:16:00;11.999999999999957;;;11.999999999999957;25-02-2026_41960
;C2/C5A;41971.0;Alnabru;2026-02-25;9.0;Onsdag;16:00:00;16:00:00;0.0;17:04:00;17:04:00;0.0;17:39:00;17:54:00;-14.999999999999947;17:44:00;17:50:00;-5.999999999999979;T3 - Lokfører;Lokfører som skulle trekke toget opp fra gamla møtte aldri opp på jobb. Måtte bruke skiftemaskin fører da vi innså dette.;-5.999999999999979;25-02-2026_41971
;C45;5805.0;Alnabru;2026-02-25;9.0;Onsdag;17:00:00;17:00:00;0.0;17:11:00;17:00:00;10.999999999999961;17:46:00;17:32:00;14.00000000000011;17:51:00;17:51:00;0.0;T1 - I rute;;0.0;25-02-2026_5805
PRI-TOG;C23;41910.0;Alnabru;2026-02-25;9.0;Onsdag;17:35:00;17:35:00;0.0;17:45:00;17:40:00;4.999999999999982;18:20:00;18:13:00;7.000000000000135;18:25:00;18:20:00;5.000000000000142;;;5.000000000000142;25-02-2026_41910
;C32 ;5511.0;Alnabru;2026-02-25;9.0;Onsdag;18:40:00;18:40:00;0.0;18:59:00;19:00:00;-0.9999999999999964;19:34:00;19:25:00;8.999999999999968;19:39:00;19:32:00;6.999999999999975;;;6.999999999999975;25-02-2026_5511
;C42;5733.0;Alnabru;2026-02-25;9.0;Onsdag;19:20:00;19:20:00;0.0;19:35:00;19:30:00;4.999999999999982;20:05:00;19:47:00;18.000000000000096;20:10:00;19:50:00;20.00000000000009;;;20.00000000000009;25-02-2026_5733
PRI-TOG;C31;41900.0;Alnabru;2026-02-25;9.0;Onsdag;19:40:00;19:35:00;4.999999999999982;19:46:00;19:44:00;1.999999999999993;20:21:00;20:20:00;0.9999999999999964;20:26:00;20:24:00;1.999999999999993;;;1.999999999999993;25-02-2026_41900
;C45;5709.0;Alnabru;2026-02-25;9.0;Onsdag;21:00:00;21:00:00;0.0;21:02:00;21:00:00;1.999999999999993;21:37:00;20:58:00;39.00000000000002;21:42:00;21:24:00;17.999999999999936;;;17.999999999999936;25-02-2026_5709
LANGTOG;C43;5811.0;Alnabru;2026-02-25;9.0;Onsdag;20:30:00;20:30:00;0.0;20:51:00;20:49:00;1.999999999999993;21:26:00;21:15:00;11.00000000000012;21:31:00;21:37:00;-5.999999999999979;T20 - Trafikkstyring (TXP/Togleder);Klar fra oss i god tid.;-5.999999999999979;25-02-2026_5811
LANGTOG;C32 ;5515.0;Alnabru;2026-02-25;9.0;Onsdag;21:15:00;21:15:00;0.0;21:17:00;21:17:00;0.0;21:52:00;21:40:00;11.999999999999957;21:57:00;21:54:00;2.9999999999999893;;;2.9999999999999893;25-02-2026_5515
PRI-TOG;C23;5735.0;Alnabru;2026-02-25;9.0;Onsdag;21:50:00;21:50:00;0.0;22:02:00;21:30:00;31.999999999999886;22:37:00;22:05:00;32.00000000000004;22:42:00;22:37:00;4.999999999999982;;;4.999999999999982;25-02-2026_5735
Lastefristkl. 19:30 dag før avgang.;C45;5301.0;Alnabru;2026-02-26;9.0;Torsdag;19:30:00;19:30:00;0.0;08:11:00;08:10:00;0.9999999999999964;08:46:00;08:40:00;6.000000000000059;08:51:00;08:49:00;1.999999999999993;;;1.999999999999993;26-02-2026_5301
;C45;5801.0;Alnabru;2026-02-26;9.0;Torsdag;08:50:00;08:50:00;0.0;08:51:00;08:51:00;-7.993605777301127e-14;09:26:00;09:20:00;5.999999999999979;09:31:00;09:29:00;1.999999999999993;;;1.999999999999993;26-02-2026_5801
PRI-TOG;C42;5731.0;Alnabru;2026-02-26;9.0;Torsdag;08:50:00;08:50:00;0.0;09:02:00;09:00:00;1.999999999999993;09:37:00;09:15:00;22.0;09:42:00;09:19:00;23.0;;;23.0;26-02-2026_5731
;C32 ;5507.0;Alnabru;2026-02-26;9.0;Torsdag;11:40:00;11:15:00;24.999999999999993;11:43:00;11:10:00;33.00000000000004;12:18:00;11:50:00;28.00000000000006;12:23:00;12:03:00;20.00000000000009;;;20.00000000000009;26-02-2026_5507
;C42;45960.0;Alnabru;2026-02-26;9.0;Torsdag;14:00:00;;0.0;15:02:00;;0.0;15:37:00;14:45:00;51.99999999999997;15:42:00;15:38:00;3.999999999999986;;;3.999999999999986;26-02-2026_45960
;C42;5707.0;Alnabru;2026-02-26;9.0;Torsdag;16:20:00;16:20:00;0.0;16:32:00;16:30:00;1.999999999999993;17:07:00;16:45:00;22.00000000000008;17:12:00;17:00:00;11.999999999999957;;;11.999999999999957;26-02-2026_5707
;C32 ;5509.0;Alnabru;2026-02-26;9.0;Torsdag;16:30:00;16:30:00;0.0;16:44:00;16:40:00;3.999999999999986;17:19:00;17:13:00;5.999999999999979;17:24:00;17:23:00;0.9999999999999964;;;0.9999999999999964;26-02-2026_5509
;C44;41960.0;Alnabru;2026-02-26;9.0;Torsdag;16:00:00;16:00:00;0.0;16:48:00;16:45:00;2.9999999999999893;17:23:00;17:09:00;13.99999999999995;17:28:00;17:25:00;2.9999999999999893;;;2.9999999999999893;26-02-2026_41960
;C2/C5A;41971.0;Alnabru;2026-02-26;9.0;Torsdag;16:00:00;16:45:00;-45.0;17:04:00;17:04:00;0.0;17:39:00;18:00:00;-20.999999999999925;17:44:00;18:17:00;-32.999999999999886;T4 - Forsinket ankommet tog. (kort snutid);SRE inne til lossing 14:00. Alt for kort snutid.;-32.999999999999886;26-02-2026_41971
;C45;5805.0;Alnabru;2026-02-26;9.0;Torsdag;17:00:00;17:00:00;0.0;17:11:00;17:10:00;0.9999999999999964;17:46:00;17:30:00;16.000000000000103;17:51:00;17:51:00;0.0;;;0.0;26-02-2026_5805
PRI-TOG;C23;41910.0;Alnabru;2026-02-26;9.0;Torsdag;17:35:00;17:20:00;14.999999999999947;17:45:00;17:15:00;30.000000000000053;18:20:00;17:43:00;37.00000000000003;18:25:00;18:08:00;17.0000000000001;;;17.0000000000001;26-02-2026_41910
;C32 ;5511.0;Alnabru;2026-02-26;9.0;Torsdag;18:40:00;18:37:00;2.9999999999999893;18:59:00;18:37:00;21.999999999999922;19:34:00;18:58:00;36.00000000000003;19:39:00;19:18:00;20.999999999999925;;;20.999999999999925;26-02-2026_5511
;C42;5733.0;Alnabru;2026-02-26;9.0;Torsdag;19:20:00;19:20:00;0.0;19:35:00;19:30:00;4.999999999999982;20:05:00;19:55:00;9.999999999999964;20:10:00;20:08:00;1.999999999999993;;;1.999999999999993;26-02-2026_5733
PRI-TOG;C31;41900.0;Alnabru;2026-02-26;9.0;Torsdag;19:40:00;19:40:00;0.0;19:46:00;19:46:00;0.0;20:21:00;20:05:00;15.999999999999943;20:26:00;20:26:00;0.0;;;0.0;26-02-2026_41900
;C45;5709.0;Alnabru;2026-02-26;9.0;Torsdag;21:00:00;20:30:00;30.000000000000053;21:02:00;20:30:00;32.00000000000004;21:37:00;20:51:00;46.0;21:42:00;20:56:00;46.0;;;46.0;26-02-2026_5709
LANGTOG;C43;5811.0;Alnabru;2026-02-26;9.0;Torsdag;20:30:00;20:30:00;0.0;20:51:00;20:30:00;21.000000000000085;21:26:00;21:05:00;21.000000000000085;21:31:00;21:20:00;11.00000000000012;;;11.00000000000012;26-02-2026_5811
LANGTOG;C32 ;5515.0;Alnabru;2026-02-26;9.0;Torsdag;21:15:00;21:45:00;-30.000000000000053;21:17:00;21:15:00;1.999999999999993;21:52:00;22:15:00;-23.000000000000078;21:57:00;22:26:00;-29.000000000000057;;8xverksted vogner på 5506;-29.000000000000057;26-02-2026_5515
PRI-TOG;C23;5735.0;Alnabru;2026-02-26;9.0;Torsdag;21:50:00;21:30:00;19.99999999999993;22:02:00;21:55:00;6.999999999999975;22:37:00;21:40:00;56.99999999999996;22:42:00;22:06:00;36.00000000000003;;;36.00000000000003;26-02-2026_5735
Lastefristkl. 19:30 dag før avgang.;C45;5301.0;Alnabru;2026-02-27;9.0;Fredag;19:30:00;19:30:00;0.0;08:11:00;08:05:00;5.999999999999979;08:46:00;08:30:00;16.00000000000002;08:51:00;08:46:00;5.000000000000062;;;5.000000000000062;27-02-2026_5301
;C45;5801.0;Alnabru;2026-02-27;9.0;Fredag;08:50:00;09:10:00;-19.99999999999993;08:51:00;09:02:00;-11.00000000000004;09:26:00;09:29:00;-2.9999999999999893;09:31:00;09:31:00;0.0;;;0.0;27-02-2026_5801
PRI-TOG;C42;5731.0;Alnabru;2026-02-27;9.0;Fredag;08:50:00;09:19:00;-28.99999999999998;09:02:00;08:55:00;6.999999999999975;09:37:00;09:29:00;8.000000000000052;09:42:00;09:40:00;1.999999999999993;;;1.999999999999993;27-02-2026_5731
;C32 ;5507.0;Alnabru;2026-02-27;9.0;Fredag;11:40:00;11:45:00;-4.999999999999982;11:43:00;10:56:00;47.00000000000007;12:18:00;12:06:00;12.000000000000117;12:23:00;12:23:00;0.0;;;0.0;27-02-2026_5507
;C42;45960.0;Alnabru;2026-02-27;9.0;Fredag;14:00:00;10:57:00;183.00000000000006;15:02:00;;0.0;15:37:00;;0.0;15:42:00;15:40:00;1.999999999999993;;;1.999999999999993;27-02-2026_45960
;C32 ;5509.0;Alnabru;2026-02-27;9.0;Fredag;16:30:00;16:30:00;0.0;16:44:00;16:44:00;0.0;17:19:00;17:32:00;-12.999999999999954;17:24:00;17:35:00;-10.999999999999961;T9 - Feil på vogn;Opdaget feil på vogn under bremseprøve. Måtte skifte ut vognen.;-10.999999999999961;27-02-2026_5509
;C2/C5A;41971.0;Alnabru;2026-02-27;9.0;Fredag;16:00:00;16:00:00;0.0;17:04:00;17:04:00;0.0;17:39:00;17:41:00;-1.999999999999993;17:44:00;17:47:00;-2.9999999999999893;T20 - Trafikkstyring (TXP/Togleder);;-2.9999999999999893;27-02-2026_41971
;C45;5805.0;Alnabru;2026-02-27;9.0;Fredag;17:00:00;17:00:00;0.0;17:11:00;17:11:00;0.0;17:46:00;17:40:00;5.999999999999979;17:51:00;17:54:00;-2.9999999999999893;T20 - Trafikkstyring (TXP/Togleder);Klar fra oss i tide. Kø ut fra term.;-2.9999999999999893;27-02-2026_5805
PRI-TOG;C23;41910.0;Alnabru;2026-02-27;9.0;Fredag;17:35:00;17:35:00;0.0;17:45:00;17:45:00;0.0;18:20:00;18:15:00;5.000000000000142;18:25:00;18:20:00;5.000000000000142;;;5.000000000000142;27-02-2026_41910
;C32 ;5511.0;Alnabru;2026-02-27;9.0;Fredag;18:40:00;;0.0;18:59:00;;0.0;19:34:00;;0.0;19:39:00;;0.0;T17 - Innstilt tog;;0.0;27-02-2026_5511
;C42;5733.0;Alnabru;2026-02-27;9.0;Fredag;19:20:00;18:45:00;35.000000000000036;19:35:00;19:30:00;4.999999999999982;20:05:00;19:50:00;15.000000000000107;20:10:00;20:04:00;5.999999999999979;;;5.999999999999979;27-02-2026_5733
PRI-TOG;C31;41900.0;Alnabru;2026-02-27;9.0;Fredag;19:40:00;19:40:00;0.0;19:46:00;19:46:00;0.0;20:21:00;20:10:00;10.999999999999961;20:26:00;20:21:00;4.999999999999982;;;4.999999999999982;27-02-2026_41900
;C45;5709.0;Alnabru;2026-02-27;9.0;Fredag;21:00:00;20:30:00;30.000000000000053;21:02:00;20:32:00;30.000000000000053;21:37:00;20:49:00;47.999999999999986;21:42:00;20:52:00;49.999999999999986;;;49.999999999999986;27-02-2026_5709
LANGTOG;C43;5811.0;Alnabru;2026-02-27;9.0;Fredag;20:30:00;20:30:00;0.0;20:51:00;20:35:00;16.000000000000103;21:26:00;20:49:00;37.00000000000003;21:31:00;20:54:00;37.00000000000003;;;37.00000000000003;27-02-2026_5811
LANGTOG;C32 ;5515.0;Alnabru;2026-02-27;9.0;Fredag;21:15:00;21:15:00;0.0;21:17:00;20:54:00;22.99999999999992;21:52:00;21:40:00;11.999999999999957;21:57:00;21:44:00;12.999999999999954;;;12.999999999999954;27-02-2026_5515
PRI-TOG;C23;5735.0;Alnabru;2026-02-27;9.0;Fredag;21:50:00;21:50:00;0.0;22:02:00;22:00:00;1.999999999999993;22:37:00;22:37:00;0.0;22:42:00;22:44:00;-1.999999999999993;;;-1.999999999999993;27-02-2026_5735
FORHÅNDSLASTES C32 FREDAG;C32 ;5737.0;Alnabru;2026-02-28;9.0;Lørdag;11:00:00;;0.0;11:02:00;;0.0;11:37:00;;0.0;11:42:00;;0.0;T17 - Innstilt tog;;0.0;28-02-2026_5737
;C44;41971.0;Alnabru;2026-02-28;9.0;Lørdag;13:30:00;12:00:00;90.0;17:04:00;;0.0;17:39:00;;0.0;17:44:00;17:18:00;26.000000000000068;;;26.000000000000068;28-02-2026_41971
PRI-TOG;C23;41910.0;Alnabru;2026-02-28;9.0;Lørdag;12:00:00;14:00:00;-120.00000000000006;17:45:00;;0.0;18:20:00;;0.0;18:25:00;18:07:00;18.000000000000096;;;18.000000000000096;28-02-2026_41910
LASTEFRIST KL. 15:00 LØRDAG;C23;5711.0;Alnabru;2026-03-01;9.0;Søndag;14:30:00;14:00:00;29.999999999999893;07:27:00;07:27:00;0.0;08:02:00;08:00:00;2.000000000000073;08:07:00;08:07:00;0.0;;;0.0;01-03-2026_5711
Lastefrist 13:30 Søndag;C44;41960.0;Alnabru;2026-03-01;9.0;Søndag;13:30:00;12:00:00;90.0;16:48:00;16:05:00;43.00000000000001;17:23:00;16:18:00;64.99999999999993;17:28:00;16:51:00;37.00000000000003;;;37.00000000000003;01-03-2026_41960
;C44;41971.0;Alnabru;2026-03-01;9.0;Søndag;13:30:00;13:05:00;25.00000000000007;17:04:00;17:04:00;0.0;17:39:00;17:18:00;21.000000000000085;17:44:00;17:23:00;21.000000000000085;;;21.000000000000085;01-03-2026_41971
LANGTOG;C32;5523.0;Alnabru;2026-03-01;9.0;Søndag;16:00:00;16:00:00;0.0;18:31:00;18:39:00;-7.999999999999972;19:06:00;18:49:00;17.0000000000001;19:11:00;19:11:00;0.0;;;0.0;01-03-2026_5523
;C23;5717.0;Alnabru;2026-03-01;9.0;Søndag;16:00:00;16:00:00;0.0;18:57:00;16:21:00;155.99999999999991;19:32:00;16:32:00;180.0;19:37:00;17:05:00;151.99999999999994;;Feil AVG tid riktig tid er 17:12;151.99999999999994;01-03-2026_5717
LANGTOG;C43;5811.0;Alnabru;2026-03-01;9.0;Søndag;13:30:00;13:00:00;30.000000000000053;20:51:00;20:33:00;18.000000000000096;21:26:00;20:46:00;40.000000000000014;21:31:00;20:53:00;38.00000000000003;;;38.00000000000003;01-03-2026_5811
;C32 Nord;5531.0;Alnabru;2026-03-02;10.0;Mandag;07:50:00;07:50:00;0.0;07:43:00;07:50:00;-7.000000000000055;08:18:00;08:10:00;7.999999999999972;08:23:00;08:17:00;5.999999999999979;;;5.999999999999979;02-03-2026_5531
Lastefristkl. 19:30 dag før avgang.;C45;5301.0;Alnabru;2026-03-02;10.0;Mandag;19:30:00;19:30:00;0.0;08:11:00;08:25:00;-13.99999999999995;08:46:00;08:49:00;-2.9999999999999893;08:51:00;08:57:00;-5.999999999999979;T18 - Sent lok til stamme;;-5.999999999999979;02-03-2026_5301
;C45;5801.0;Alnabru;2026-03-02;10.0;Mandag;08:50:00;08:50:00;0.0;08:51:00;08:51:00;-7.993605777301127e-14;09:26:00;09:10:00;16.00000000000002;09:31:00;09:19:00;11.999999999999957;;;11.999999999999957;02-03-2026_5801
PRI-TOG;C42;5731.0;Alnabru;2026-03-02;10.0;Mandag;08:50:00;08:50:00;0.0;09:02:00;09:00:00;1.999999999999993;09:37:00;09:19:00;18.000000000000014;09:42:00;09:27:00;15.000000000000027;;;15.000000000000027;02-03-2026_5731
;C32 ;5507.0;Alnabru;2026-03-02;10.0;Mandag;11:40:00;11:40:00;0.0;11:43:00;11:43:00;7.993605777301127e-14;12:18:00;12:20:00;-1.999999999999833;12:23:00;12:25:00;-1.999999999999993;T20 - Trafikkstyring (TXP/Togleder);;-1.999999999999993;02-03-2026_5507
;C42;45960.0;Alnabru;2026-03-02;10.0;Mandag;14:00:00;;0.0;15:02:00;;0.0;15:37:00;;0.0;15:42:00;;0.0;;;0.0;02-03-2026_45960
;C42;5707.0;Alnabru;2026-03-02;10.0;Mandag;16:20:00;16:30:00;-9.999999999999964;16:32:00;16:44:00;-11.999999999999957;17:07:00;17:00:00;6.999999999999975;17:12:00;17:03:00;8.999999999999968;;;8.999999999999968;02-03-2026_5707
;C32 ;5509.0;Alnabru;2026-03-02;10.0;Mandag;16:30:00;16:14:00;15.999999999999943;16:44:00;17:18:00;-34.00000000000004;17:19:00;17:28:00;-8.999999999999968;17:24:00;17:33:00;-8.999999999999968;T18 - Sent lok til stamme;;-8.999999999999968;02-03-2026_5509
;C44;41960.0;Alnabru;2026-03-02;10.0;Mandag;16:00:00;15:20:00;40.000000000000014;16:48:00;16:30:00;17.999999999999936;17:23:00;16:46:00;37.00000000000003;17:28:00;17:14:00;13.99999999999995;;;13.99999999999995;02-03-2026_41960
;C2/C5A;41971.0;Alnabru;2026-03-02;10.0;Mandag;16:00:00;16:00:00;0.0;17:04:00;18:14:00;-69.99999999999991;17:39:00;18:21:00;-41.99999999999985;17:44:00;18:35:00;-50.99999999999998;T18 - Sent lok til stamme;;-50.99999999999998;02-03-2026_41971
;C45;5805.0;Alnabru;2026-03-02;10.0;Mandag;17:00:00;17:00:00;0.0;17:11:00;17:24:00;-12.999999999999954;17:46:00;17:38:00;7.999999999999972;17:51:00;17:42:00;8.999999999999968;T18 - Sent lok til stamme;;8.999999999999968;02-03-2026_5805
PRI-TOG;C23;41910.0;Alnabru;2026-03-02;10.0;Mandag;17:35:00;17:35:00;0.0;17:45:00;17:41:00;3.999999999999986;18:20:00;17:56:00;24.000000000000075;18:25:00;18:22:00;3.000000000000149;;;3.000000000000149;02-03-2026_41910
;C32;5511.0;Alnabru;2026-03-02;10.0;Mandag;18:40:00;18:46:00;-5.999999999999979;18:59:00;19:21:00;-22.00000000000008;19:34:00;19:25:00;8.999999999999968;19:39:00;19:36:00;2.9999999999999893;T18 - Sent lok til stamme;;2.9999999999999893;02-03-2026_5511
;C42;5733.0;Alnabru;2026-03-02;10.0;Mandag;19:20:00;19:14:00;5.999999999999979;19:30:00;20:03:00;-33.00000000000004;20:05:00;20:09:00;-3.999999999999986;20:10:00;20:11:00;-0.9999999999999964;T18 - Sent lok til stamme;;-0.9999999999999964;02-03-2026_5733
PRI-TOG;C31;41900.0;Alnabru;2026-03-02;10.0;Mandag;19:40:00;19:26:00;13.99999999999995;19:46:00;19:38:00;7.999999999999972;20:21:00;19:54:00;26.999999999999904;20:26:00;20:05:00;20.999999999999925;;;20.999999999999925;02-03-2026_41900
;C45;5709.0;Alnabru;2026-03-02;10.0;Mandag;21:00:00;21:00:00;0.0;21:02:00;20:05:00;56.99999999999996;21:37:00;21:27:00;9.999999999999964;21:42:00;21:42:00;0.0;;;0.0;02-03-2026_5709
LANGTOG;C43;5811.0;Alnabru;2026-03-02;10.0;Mandag;20:30:00;20:45:00;-15.000000000000107;20:51:00;20:41:00;9.999999999999964;21:26:00;21:11:00;15.000000000000107;21:31:00;21:16:00;15.000000000000107;;;15.000000000000107;02-03-2026_5811
LANGTOG;C32 ;5515.0;Alnabru;2026-03-02;10.0;Mandag;21:15:00;21:15:00;0.0;21:17:00;21:08:00;8.999999999999968;21:52:00;21:28:00;23.999999999999915;21:57:00;21:47:00;9.999999999999964;;;9.999999999999964;02-03-2026_5515
PRI-TOG;C23;5735.0;Alnabru;2026-03-02;10.0;Mandag;21:50:00;21:50:00;0.0;22:02:00;21:37:00;24.99999999999991;22:37:00;21:58:00;39.00000000000002;22:42:00;22:15:00;26.999999999999904;;;26.999999999999904;02-03-2026_5735
Lastefristkl. 19:30 dag før avgang.;C45;5301.0;Alnabru;2026-03-03;10.0;Tirsdag;19:30:00;19:30:00;0.0;08:11:00;08:11:00;0.0;08:46:00;08:40:00;6.000000000000059;08:51:00;08:28:00;23.0;;;23.0;03-03-2026_5301
;C45;5801.0;Alnabru;2026-03-03;10.0;Tirsdag;08:50:00;09:00:00;-9.999999999999964;08:51:00;08:50:00;0.9999999999999165;09:26:00;09:12:00;13.99999999999995;09:31:00;09:26:00;4.999999999999982;;;4.999999999999982;03-03-2026_5801
PRI-TOG;C42;5731.0;Alnabru;2026-03-03;10.0;Tirsdag;08:50:00;09:00:00;-9.999999999999964;09:02:00;09:00:00;1.999999999999993;09:37:00;09:20:00;17.00000000000002;09:42:00;09:27:00;15.000000000000027;;;15.000000000000027;03-03-2026_5731
;C32 ;5507.0;Alnabru;2026-03-03;10.0;Tirsdag;11:40:00;11:40:00;0.0;11:43:00;11:43:00;7.993605777301127e-14;12:18:00;12:15:00;3.000000000000149;12:23:00;12:23:00;0.0;;;0.0;03-03-2026_5507
;C42;45960.0;Alnabru;2026-03-03;10.0;Tirsdag;14:00:00;12:00:00;120.00000000000006;15:02:00;;0.0;15:37:00;;0.0;15:42:00;15:27:00;14.999999999999947;;;14.999999999999947;03-03-2026_45960
;C42;5707.0;Alnabru;2026-03-03;10.0;Tirsdag;16:20:00;16:20:00;0.0;16:32:00;16:24:00;7.999999999999972;17:07:00;16:44:00;23.000000000000078;17:12:00;16:59:00;12.999999999999954;;;12.999999999999954;03-03-2026_5707
;C32 ;5509.0;Alnabru;2026-03-03;10.0;Tirsdag;16:30:00;16:20:00;9.999999999999964;16:44:00;16:51:00;-6.999999999999975;17:19:00;17:01:00;17.999999999999936;17:24:00;17:17:00;6.999999999999975;T18 - Sent lok til stamme;;6.999999999999975;03-03-2026_5509
;C44;41960.0;Alnabru;2026-03-03;10.0;Tirsdag;16:00:00;14:58:00;61.99999999999994;16:48:00;16:25:00;22.99999999999992;17:23:00;16:37:00;46.0;17:28:00;17:14:00;13.99999999999995;;;13.99999999999995;03-03-2026_41960
;C2/C5A;41971.0;Alnabru;2026-03-03;10.0;Tirsdag;16:00:00;16:35:00;-35.000000000000036;17:04:00;17:04:00;0.0;17:39:00;17:15:00;24.000000000000075;17:44:00;17:21:00;23.000000000000078;T24 - Optimalisering av togstamme;;23.000000000000078;03-03-2026_41971
;C45;5805.0;Alnabru;2026-03-03;10.0;Tirsdag;17:00:00;17:00:00;0.0;17:11:00;16:38:00;33.00000000000004;17:46:00;17:23:00;23.000000000000078;17:51:00;17:32:00;19.000000000000092;;;19.000000000000092;03-03-2026_5805
PRI-TOG;C23;41910.0;Alnabru;2026-03-03;10.0;Tirsdag;17:35:00;17:32:00;2.9999999999999893;17:45:00;17:38:00;6.999999999999975;18:20:00;17:52:00;28.00000000000006;18:25:00;18:09:00;16.000000000000103;;;16.000000000000103;03-03-2026_41910
;C32 ;5511.0;Alnabru;2026-03-03;10.0;Tirsdag;18:40:00;18:54:00;-13.99999999999995;18:59:00;18:38:00;20.999999999999925;19:34:00;19:12:00;21.999999999999922;19:39:00;19:26:00;12.999999999999954;;;12.999999999999954;03-03-2026_5511
;C42;5733.0;Alnabru;2026-03-03;10.0;Tirsdag;19:20:00;19:55:00;-35.000000000000036;19:35:00;19:30:00;4.999999999999982;20:05:00;20:07:00;-1.999999999999993;20:10:00;20:30:00;-19.99999999999993;;;-19.99999999999993;03-03-2026_5733
PRI-TOG;C31;41900.0;Alnabru;2026-03-03;10.0;Tirsdag;19:40:00;19:56:00;-16.000000000000103;19:46:00;19:34:00;11.999999999999957;20:21:00;20:07:00;13.99999999999995;20:26:00;20:18:00;7.999999999999972;;;7.999999999999972;03-03-2026_41900
;C45;5709.0;Alnabru;2026-03-03;10.0;Tirsdag;21:00:00;20:37:00;23.000000000000078;21:02:00;21:09:00;-6.999999999999975;21:37:00;21:18:00;19.000000000000092;21:42:00;21:28:00;13.99999999999995;;;13.99999999999995;03-03-2026_5709
LANGTOG;C43;5811.0;Alnabru;2026-03-03;10.0;Tirsdag;20:30:00;20:30:00;0.0;20:51:00;20:26:00;25.00000000000007;21:26:00;21:00:00;26.000000000000068;21:31:00;21:04:00;27.000000000000064;;;27.000000000000064;03-03-2026_5811
LANGTOG;C32 ;5515.0;Alnabru;2026-03-03;10.0;Tirsdag;21:15:00;21:15:00;0.0;21:17:00;21:17:00;0.0;21:52:00;21:39:00;12.999999999999954;21:57:00;21:54:00;2.9999999999999893;;;2.9999999999999893;03-03-2026_5515
PRI-TOG;C23;5735.0;Alnabru;2026-03-03;10.0;Tirsdag;21:50:00;21:36:00;13.99999999999995;22:02:00;22:17:00;-15.000000000000107;22:37:00;22:26:00;10.999999999999961;22:42:00;22:39:00;2.9999999999999893;T18 - Sent lok til stamme;;2.9999999999999893;03-03-2026_5735
;C32 Nord;5531.0;Alnabru;2026-03-04;10.0;Onsdag;07:50:00;;0.0;07:43:00;07:55:00;-12.000000000000037;08:18:00;08:10:00;7.999999999999972;08:23:00;08:26:00;-2.9999999999999893;T18 - Sent lok til stamme;Trafikk i syd;-2.9999999999999893;04-03-2026_5531
Lastefristkl. 19:30 dag før avgang.;C45;5301.0;Alnabru;2026-03-04;10.0;Onsdag;19:30:00;19:30:00;0.0;08:11:00;08:15:00;-3.999999999999986;08:46:00;08:31:00;15.000000000000027;08:51:00;09:01:00;-9.999999999999964;T20 - Trafikkstyring (TXP/Togleder);Trafikk i syd;-9.999999999999964;04-03-2026_5301
;C45;5801.0;Alnabru;2026-03-04;10.0;Onsdag;08:50:00;08:50:00;0.0;08:51:00;08:00:00;50.99999999999998;09:26:00;09:15:00;10.999999999999961;09:31:00;09:24:00;6.999999999999975;;;6.999999999999975;04-03-2026_5801
PRI-TOG;C42;5731.0;Alnabru;2026-03-04;10.0;Onsdag;08:50:00;08:50:00;0.0;09:02:00;09:00:00;1.999999999999993;09:37:00;09:11:00;26.000000000000068;09:42:00;09:24:00;18.000000000000014;;;18.000000000000014;04-03-2026_5731
;C32 ;5507.0;Alnabru;2026-03-04;10.0;Onsdag;11:40:00;11:40:00;0.0;11:43:00;11:40:00;3.0000000000000693;12:18:00;12:21:00;-2.9999999999998295;12:23:00;12:33:00;-9.999999999999964;T34 - Annen feil, forklaring i kommentarfelt;;-9.999999999999964;04-03-2026_5507
;C42;45960.0;Alnabru;2026-03-04;10.0;Onsdag;14:00:00;;0.0;15:02:00;;0.0;15:37:00;;0.0;15:42:00;15:54:00;-11.999999999999957;T11 - Endring av togstamme;;-11.999999999999957;04-03-2026_45960
;C42;5707.0;Alnabru;2026-03-04;10.0;Onsdag;16:20:00;16:58:00;-38.00000000000003;16:32:00;16:32:00;0.0;17:07:00;17:24:00;-16.99999999999994;17:12:00;17:42:00;-30.000000000000053;T9 - Feil på vogn;;-30.000000000000053;04-03-2026_5707
;C32 ;5509.0;Alnabru;2026-03-04;10.0;Onsdag;16:30:00;16:21:00;8.999999999999968;16:44:00;16:44:00;0.0;17:19:00;17:16:00;2.9999999999999893;17:24:00;17:36:00;-11.999999999999957;;;-11.999999999999957;04-03-2026_5509
;C44;41960.0;Alnabru;2026-03-04;10.0;Onsdag;16:00:00;16:30:00;-30.000000000000053;16:48:00;16:14:00;33.99999999999988;17:23:00;16:45:00;38.00000000000003;17:28:00;16:37:00;50.99999999999998;;;50.99999999999998;04-03-2026_41960
;C2/C5A;41971.0;Alnabru;2026-03-04;10.0;Onsdag;16:00:00;13:20:00;159.99999999999991;17:04:00;17:15:00;-10.999999999999961;17:39:00;17:25:00;14.00000000000011;17:44:00;17:34:00;10.000000000000124;T18 - Sent lok til stamme;;10.000000000000124;04-03-2026_41971
;C45;5805.0;Alnabru;2026-03-04;10.0;Onsdag;17:00:00;17:00:00;0.0;17:11:00;17:11:00;0.0;17:46:00;17:24:00;22.00000000000008;17:51:00;17:42:00;8.999999999999968;;;8.999999999999968;04-03-2026_5805
PRI-TOG;C23;41910.0;Alnabru;2026-03-04;10.0;Onsdag;17:35:00;17:16:00;18.999999999999932;17:45:00;17:39:00;5.999999999999979;18:20:00;17:48:00;32.00000000000004;18:25:00;18:09:00;16.000000000000103;;;16.000000000000103;04-03-2026_41910
;C32 ;5511.0;Alnabru;2026-03-04;10.0;Onsdag;18:40:00;18:40:00;0.0;18:59:00;20:12:00;-73.00000000000006;19:34:00;20:23:00;-48.999999999999986;19:39:00;20:32:00;-52.99999999999997;T18 - Sent lok til stamme;;-52.99999999999997;04-03-2026_5511
;C42;5733.0;Alnabru;2026-03-04;10.0;Onsdag;19:20:00;;0.0;19:35:00;;0.0;20:05:00;;0.0;20:10:00;;0.0;T17 - Innstilt tog;;0.0;04-03-2026_5733
PRI-TOG;C31;41900.0;Alnabru;2026-03-04;10.0;Onsdag;19:40:00;19:31:00;8.999999999999968;19:46:00;19:49:00;-2.9999999999999893;20:21:00;20:10:00;10.999999999999961;20:26:00;20:57:00;-31.00000000000005;T23 - Infrastruktur;;-31.00000000000005;04-03-2026_41900
;C45;5709.0;Alnabru;2026-03-04;10.0;Onsdag;21:00:00;20:45:00;14.999999999999947;21:02:00;20:48:00;13.99999999999995;21:37:00;21:08:00;29.000000000000057;21:42:00;21:25:00;16.99999999999994;;;16.99999999999994;04-03-2026_5709
LANGTOG;C43;5811.0;Alnabru;2026-03-04;10.0;Onsdag;20:30:00;20:18:00;11.999999999999957;20:51:00;21:00:00;-8.999999999999968;21:26:00;21:24:00;1.999999999999993;21:31:00;21:31:00;0.0;;;0.0;04-03-2026_5811
LANGTOG;C32 ;5515.0;Alnabru;2026-03-04;10.0;Onsdag;21:15:00;21:39:00;-24.000000000000075;21:17:00;21:37:00;-20.00000000000009;21:52:00;21:58:00;-5.999999999999979;21:57:00;22:01:00;-3.999999999999986;T18 - Sent lok til stamme;;-3.999999999999986;04-03-2026_5515
PRI-TOG;C23;5735.0;Alnabru;2026-03-04;10.0;Onsdag;21:50:00;21:35:00;14.999999999999947;22:02:00;19:30:00;151.99999999999994;22:37:00;21:41:00;55.99999999999996;22:42:00;22:15:00;26.999999999999904;;;26.999999999999904;04-03-2026_5735
Lastefristkl. 19:30 dag før avgang.;C45;5301.0;Alnabru;2026-03-05;10.0;Torsdag;19:30:00;19:30:00;0.0;08:11:00;08:00:00;11.00000000000004;08:46:00;08:40:00;6.000000000000059;08:51:00;08:51:00;0.0;;;0.0;05-03-2026_5301
;C45;5801.0;Alnabru;2026-03-05;10.0;Torsdag;08:50:00;09:25:00;-34.99999999999996;08:51:00;08:51:00;-7.993605777301127e-14;09:26:00;09:36:00;-10.000000000000044;09:31:00;09:45:00;-14.00000000000003;T8 - Maskinmangel skifting;1 skiftemaskin før 07:45 og skifting på 5801 + flere losse tog som måtte opp.;-14.00000000000003;05-03-2026_5801
PRI-TOG;C42;5731.0;Alnabru;2026-03-05;10.0;Torsdag;08:50:00;09:00:00;-9.999999999999964;09:02:00;08:57:00;4.999999999999982;09:37:00;09:12:00;24.999999999999993;09:42:00;09:18:00;23.999999999999993;;;23.999999999999993;05-03-2026_5731
;C32 ;5507.0;Alnabru;2026-03-05;10.0;Torsdag;11:40:00;11:20:00;20.000000000000007;11:43:00;11:35:00;8.000000000000052;12:18:00;11:52:00;26.000000000000068;12:23:00;12:23:00;0.0;;;0.0;05-03-2026_5507
;C42;45960.0;Alnabru;2026-03-05;10.0;Torsdag;14:00:00;;0.0;15:02:00;;0.0;15:37:00;;0.0;15:42:00;;0.0;;;0.0;05-03-2026_45960
;C42;5707.0;Alnabru;2026-03-05;10.0;Torsdag;16:20:00;16:25:00;-4.999999999999982;16:32:00;16:42:00;-9.999999999999964;17:07:00;16:49:00;18.000000000000096;17:12:00;17:11:00;0.9999999999999964;T18 - Sent lok til stamme;;0.9999999999999964;05-03-2026_5707
;C32 ;5509.0;Alnabru;2026-03-05;10.0;Torsdag;16:30:00;16:29:00;0.9999999999999964;16:44:00;16:47:00;-2.9999999999999893;17:19:00;17:11:00;7.999999999999972;17:24:00;17:45:00;-21.000000000000085;T20 - Trafikkstyring (TXP/Togleder);;-21.000000000000085;05-03-2026_5509
;C44;41960.0;Alnabru;2026-03-05;10.0;Torsdag;16:00:00;15:51:00;8.999999999999968;16:48:00;16:43:00;4.999999999999982;17:23:00;17:00:00;22.99999999999992;17:28:00;17:07:00;20.999999999999925;;;20.999999999999925;05-03-2026_41960
;C2/C5A;41971.0;Alnabru;2026-03-05;10.0;Torsdag;16:00:00;16:49:00;-48.999999999999986;17:04:00;17:00:00;3.999999999999986;17:39:00;17:28:00;11.00000000000012;17:44:00;17:32:00;12.000000000000117;;;12.000000000000117;05-03-2026_41971
;C45;5805.0;Alnabru;2026-03-05;10.0;Torsdag;17:00:00;17:00:00;0.0;17:11:00;17:09:00;1.999999999999993;17:46:00;17:29:00;17.0000000000001;17:51:00;17:40:00;10.999999999999961;;;10.999999999999961;05-03-2026_5805
PRI-TOG;C23;41910.0;Alnabru;2026-03-05;10.0;Torsdag;17:35:00;17:00:00;34.99999999999987;17:45:00;17:35:00;10.000000000000124;18:20:00;17:53:00;27.000000000000064;18:25:00;18:10:00;15.000000000000107;;;15.000000000000107;05-03-2026_41910
;C32 ;5511.0;Alnabru;2026-03-05;10.0;Torsdag;18:40:00;18:45:00;-4.999999999999982;18:59:00;18:59:00;0.0;19:34:00;19:30:00;3.999999999999986;19:39:00;19:39:00;0.0;;;0.0;05-03-2026_5511
;C42;5733.0;Alnabru;2026-03-05;10.0;Torsdag;19:20:00;19:16:00;3.999999999999986;19:35:00;19:33:00;1.999999999999993;20:05:00;19:46:00;19.000000000000092;20:10:00;19:58:00;11.999999999999957;;;11.999999999999957;05-03-2026_5733
PRI-TOG;C31;41900.0;Alnabru;2026-03-05;10.0;Torsdag;19:40:00;19:38:00;1.999999999999993;19:46:00;19:31:00;14.999999999999947;20:21:00;19:58:00;22.99999999999992;20:26:00;20:31:00;-4.999999999999982;T20 - Trafikkstyring (TXP/Togleder);;-4.999999999999982;05-03-2026_41900
;C45;5709.0;Alnabru;2026-03-05;10.0;Torsdag;21:00:00;20:25:00;35.000000000000036;21:02:00;20:22:00;40.000000000000014;21:37:00;20:59:00;38.00000000000003;21:42:00;21:42:00;0.0;;;0.0;05-03-2026_5709
LANGTOG;C43;5811.0;Alnabru;2026-03-05;10.0;Torsdag;20:30:00;20:18:00;11.999999999999957;20:51:00;20:19:00;32.00000000000004;21:26:00;20:55:00;31.00000000000005;21:31:00;21:31:00;0.0;;;0.0;05-03-2026_5811
LANGTOG;C32 ;5515.0;Alnabru;2026-03-05;10.0;Torsdag;21:15:00;21:30:00;-15.000000000000107;21:17:00;21:20:00;-2.9999999999999893;21:52:00;22:05:00;-12.999999999999954;21:57:00;22:08:00;-11.00000000000012;T12 - Mannskapsmangel;ca 17 min sen opp til lossing. Derav sen opplasting og sen brems.;-11.00000000000012;05-03-2026_5515
PRI-TOG;C23;5735.0;Alnabru;2026-03-05;10.0;Torsdag;21:50:00;21:40:00;9.999999999999964;22:02:00;22:00:00;1.999999999999993;22:37:00;22:05:00;32.00000000000004;22:42:00;22:06:00;36.00000000000003;;;36.00000000000003;05-03-2026_5735
Lastefristkl. 19:30 dag før avgang.;C45;5301.0;Alnabru;2026-03-06;10.0;Fredag;19:30:00;19:30:00;0.0;08:11:00;07:45:00;25.999999999999986;08:46:00;08:27:00;19.000000000000014;08:51:00;08:41:00;10.000000000000044;;;10.000000000000044;06-03-2026_5301
;C45;5801.0;Alnabru;2026-03-06;10.0;Fredag;08:50:00;08:50:00;0.0;08:51:00;08:46:00;4.999999999999982;09:26:00;09:16:00;9.999999999999964;09:31:00;09:22:00;8.999999999999968;;;8.999999999999968;06-03-2026_5801
PRI-TOG;C42;5731.0;Alnabru;2026-03-06;10.0;Fredag;08:50:00;08:45:00;5.000000000000062;09:02:00;09:20:00;-18.000000000000014;09:37:00;09:32:00;5.000000000000062;09:42:00;09:40:00;1.999999999999993;T18 - Sent lok til stamme;;1.999999999999993;06-03-2026_5731
;C32 ;5507.0;Alnabru;2026-03-06;10.0;Fredag;11:40:00;11:40:00;0.0;11:43:00;11:43:00;7.993605777301127e-14;12:18:00;11:54:00;24.000000000000075;12:23:00;12:13:00;10.000000000000124;;;10.000000000000124;06-03-2026_5507
;C42;45960.0;Alnabru;2026-03-06;10.0;Fredag;14:00:00;14:00:00;0.0;15:02:00;15:02:00;0.0;15:37:00;15:10:00;27.000000000000064;15:42:00;15:09:00;33.00000000000004;;;33.00000000000004;06-03-2026_45960
;C32 ;5509.0;Alnabru;2026-03-06;10.0;Fredag;16:30:00;16:00:00;30.000000000000053;16:44:00;16:44:00;0.0;17:19:00;17:00:00;18.999999999999932;17:24:00;17:12:00;11.999999999999957;;;11.999999999999957;06-03-2026_5509
;C2/C5A;41971.0;Alnabru;2026-03-06;10.0;Fredag;16:00:00;;0.0;17:04:00;;0.0;17:39:00;;0.0;17:44:00;;0.0;T17 - Innstilt tog;;0.0;06-03-2026_41971
;C45;5805.0;Alnabru;2026-03-06;10.0;Fredag;17:00:00;17:00:00;0.0;17:11:00;16:45:00;26.000000000000068;17:46:00;17:10:00;36.00000000000003;17:51:00;17:16:00;35.000000000000036;;;35.000000000000036;06-03-2026_5805
PRI-TOG;C23;41910.0;Alnabru;2026-03-06;10.0;Fredag;17:35:00;17:35:00;0.0;17:45:00;17:45:00;0.0;18:20:00;18:00:00;20.00000000000009;18:25:00;18:10:00;15.000000000000107;;;15.000000000000107;06-03-2026_41910
;C32 ;5511.0;Alnabru;2026-03-06;10.0;Fredag;18:40:00;18:40:00;0.0;18:59:00;19:00:00;-0.9999999999999964;19:34:00;19:06:00;28.00000000000006;19:39:00;19:15:00;23.999999999999915;;;23.999999999999915;06-03-2026_5511
;C42;5733.0;Alnabru;2026-03-06;10.0;Fredag;19:20:00;19:00:00;20.00000000000009;19:35:00;19:30:00;4.999999999999982;20:05:00;19:50:00;15.000000000000107;20:10:00;19:54:00;15.999999999999943;;;15.999999999999943;06-03-2026_5733
PRI-TOG;C31;41900.0;Alnabru;2026-03-06;10.0;Fredag;19:40:00;19:40:00;0.0;19:46:00;19:45:00;0.9999999999999964;20:21:00;20:20:00;0.9999999999999964;20:26:00;20:24:00;1.999999999999993;;;1.999999999999993;06-03-2026_41900
;C45;5709.0;Alnabru;2026-03-06;10.0;Fredag;21:00:00;21:00:00;0.0;21:02:00;21:00:00;1.999999999999993;21:37:00;21:30:00;6.999999999999975;21:42:00;21:37:00;4.999999999999982;;;4.999999999999982;06-03-2026_5709
LANGTOG;C43;5811.0;Alnabru;2026-03-06;10.0;Fredag;20:30:00;20:30:00;0.0;20:51:00;20:51:00;0.0;21:26:00;21:25:00;0.9999999999999964;21:31:00;21:31:00;0.0;;;0.0;06-03-2026_5811
LANGTOG;C32 ;5515.0;Alnabru;2026-03-06;10.0;Fredag;21:15:00;21:15:00;0.0;21:17:00;21:30:00;-13.000000000000114;21:52:00;21:50:00;1.999999999999993;21:57:00;21:58:00;-0.9999999999999964;;;-0.9999999999999964;06-03-2026_5515
PRI-TOG;C23;5735.0;Alnabru;2026-03-06;10.0;Fredag;21:50:00;21:50:00;0.0;22:02:00;21:30:00;31.999999999999886;22:37:00;22:37:00;0.0;22:42:00;22:07:00;35.000000000000036;;;35.000000000000036;06-03-2026_5735
FORHÅNDSLASTES C32 FREDAG;C32 ;5737.0;Alnabru;2026-03-07;10.0;Lørdag;11:00:00;;0.0;11:02:00;;0.0;11:37:00;;0.0;11:42:00;;0.0;T17 - Innstilt tog;;0.0;07-03-2026_5737
;C44;41971.0;Alnabru;2026-03-07;10.0;Lørdag;13:30:00;;0.0;17:04:00;;0.0;17:39:00;;0.0;17:44:00;;0.0;T17 - Innstilt tog;;0.0;07-03-2026_41971
PRI-TOG;C23;41910.0;Alnabru;2026-03-07;10.0;Lørdag;12:00:00;12:00:00;0.0;17:45:00;;0.0;18:20:00;;0.0;18:25:00;18:13:00;12.000000000000117;;;12.000000000000117;07-03-2026_41910
LASTEFRIST KL. 15:00 LØRDAG;C23;5711.0;Alnabru;2026-03-08;10.0;Søndag;14:30:00;14:30:00;0.0;07:27:00;07:20:00;6.999999999999975;08:02:00;07:00:00;62.00000000000002;08:07:00;07:06:00;61.00000000000002;;;61.00000000000002;08-03-2026_5711
Lastefrist 13:30 Søndag;C44;41960.0;Alnabru;2026-03-08;10.0;Søndag;13:30:00;12:00:00;90.0;16:48:00;16:11:00;36.99999999999987;17:23:00;16:22:00;60.99999999999994;17:28:00;16:52:00;36.00000000000003;;;36.00000000000003;08-03-2026_41960
;C44;41971.0;Alnabru;2026-03-08;10.0;Søndag;13:30:00;;0.0;17:04:00;;0.0;17:39:00;;0.0;17:44:00;;0.0;T17 - Innstilt tog;;0.0;08-03-2026_41971
LANGTOG;C32;5523.0;Alnabru;2026-03-08;10.0;Søndag;16:00:00;16:00:00;0.0;18:31:00;18:17:00;14.00000000000011;19:06:00;18:32:00;34.00000000000004;19:11:00;18:35:00;36.00000000000003;;;36.00000000000003;08-03-2026_5523
;C23;5717.0;Alnabru;2026-03-08;10.0;Søndag;16:00:00;16:00:00;0.0;18:57:00;16:17:00;159.99999999999991;19:32:00;16:29:00;183.0;19:37:00;16:43:00;174.00000000000003;;Riktig avg er 17:12;174.00000000000003;08-03-2026_5717
LANGTOG;C43;5811.0;Alnabru;2026-03-08;10.0;Søndag;13:30:00;13:30:00;0.0;20:51:00;20:39:00;11.999999999999957;21:26:00;20:45:00;41.000000000000014;21:31:00;20:55:00;36.00000000000003;;;36.00000000000003;08-03-2026_5811
;C32 Nord;5531.0;Alnabru;2026-03-09;11.0;Mandag;07:50:00;07:50:00;0.0;07:43:00;07:43:00;-7.993605777301127e-14;08:18:00;07:55:00;23.0;08:23:00;08:10:00;12.999999999999954;;;12.999999999999954;09-03-2026_5531
Lastefristkl. 19:30 dag før avgang.;C45;5301.0;Alnabru;2026-03-09;11.0;Mandag;19:30:00;19:30:00;0.0;08:11:00;08:11:00;0.0;08:46:00;08:49:00;-2.9999999999999893;08:51:00;08:56:00;-4.999999999999982;T9 - Feil på vogn;;-4.999999999999982;09-03-2026_5301
;C45;5801.0;Alnabru;2026-03-09;11.0;Mandag;08:50:00;08:45:00;5.000000000000062;08:51:00;08:46:00;4.999999999999982;09:26:00;09:14:00;11.999999999999957;09:31:00;09:25:00;5.999999999999979;;;5.999999999999979;09-03-2026_5801
PRI-TOG;C42;5731.0;Alnabru;2026-03-09;11.0;Mandag;08:50:00;08:28:00;22.0;09:02:00;09:10:00;-7.999999999999972;09:37:00;09:29:00;8.000000000000052;09:42:00;09:37:00;4.999999999999982;;;4.999999999999982;09-03-2026_5731
;C32 ;5507.0;Alnabru;2026-03-09;11.0;Mandag;11:40:00;11:36:00;3.999999999999986;11:43:00;11:22:00;21.000000000000085;12:18:00;12:03:00;15.000000000000107;12:23:00;12:19:00;4.000000000000146;;;4.000000000000146;09-03-2026_5507
;C42;45960.0;Alnabru;2026-03-09;11.0;Mandag;14:00:00;14:00:00;0.0;15:02:00;;0.0;15:37:00;;0.0;15:42:00;;0.0;;;0.0;09-03-2026_45960
;C42;5707.0;Alnabru;2026-03-09;11.0;Mandag;16:20:00;16:20:00;0.0;16:32:00;16:29:00;2.9999999999999893;17:07:00;16:45:00;22.00000000000008;17:12:00;16:58:00;13.99999999999995;;;13.99999999999995;09-03-2026_5707
;C32 ;5509.0;Alnabru;2026-03-09;11.0;Mandag;16:30:00;16:30:00;0.0;16:44:00;16:43:00;0.9999999999999964;17:19:00;17:04:00;14.999999999999947;17:24:00;17:18:00;5.999999999999979;;;5.999999999999979;09-03-2026_5509
;C44;41960.0;Alnabru;2026-03-09;11.0;Mandag;16:00:00;12:08:00;231.99999999999997;16:48:00;16:30:00;17.999999999999936;17:23:00;16:40:00;43.00000000000001;17:28:00;17:28:00;0.0;;;0.0;09-03-2026_41960
;C2/C5A;41971.0;Alnabru;2026-03-09;11.0;Mandag;16:00:00;16:00:00;0.0;17:04:00;16:55:00;8.999999999999968;17:39:00;17:19:00;20.00000000000009;17:44:00;17:27:00;17.0000000000001;;;17.0000000000001;09-03-2026_41971
;C45;5805.0;Alnabru;2026-03-09;11.0;Mandag;17:00:00;16:50:00;10.000000000000124;17:11:00;17:00:00;10.999999999999961;17:46:00;17:30:00;16.000000000000103;17:51:00;17:42:00;8.999999999999968;;;8.999999999999968;09-03-2026_5805
PRI-TOG;C23;41910.0;Alnabru;2026-03-09;11.0;Mandag;17:35:00;17:25:00;9.999999999999964;17:45:00;17:41:00;3.999999999999986;18:20:00;17:55:00;25.00000000000007;18:25:00;18:17:00;8.000000000000131;;;8.000000000000131;09-03-2026_41910
;C32;5511.0;Alnabru;2026-03-09;11.0;Mandag;18:40:00;18:40:00;0.0;18:59:00;18:54:00;4.999999999999982;19:34:00;19:03:00;31.00000000000005;19:39:00;19:31:00;7.999999999999972;;;7.999999999999972;09-03-2026_5511
;C42;5733.0;Alnabru;2026-03-09;11.0;Mandag;19:20:00;19:20:00;0.0;19:30:00;20:05:00;-35.000000000000036;20:05:00;20:13:00;-7.999999999999972;20:10:00;20:19:00;-8.999999999999968;T18 - Sent lok til stamme;;-8.999999999999968;09-03-2026_5733
PRI-TOG;C31;41900.0;Alnabru;2026-03-09;11.0;Mandag;19:40:00;19:40:00;0.0;19:46:00;19:55:00;-9.000000000000128;20:21:00;20:10:00;10.999999999999961;20:26:00;21:26:00;-60.00000000000011;;;-60.00000000000011;09-03-2026_41900
LANGTOG;C43;5811.0;Alnabru;2026-03-09;11.0;Mandag;20:30:00;20:27:00;2.9999999999999893;20:51:00;21:00:00;-8.999999999999968;21:26:00;21:10:00;16.000000000000103;21:31:00;21:15:00;16.000000000000103;;;16.000000000000103;09-03-2026_5811
;C45;5709.0;Alnabru;2026-03-09;11.0;Mandag;21:00:00;21:00:00;0.0;21:02:00;20:56:00;5.999999999999979;21:37:00;21:15:00;22.00000000000008;21:42:00;21:28:00;13.99999999999995;;;13.99999999999995;09-03-2026_5709
LANGTOG;C32 ;5515.0;Alnabru;2026-03-09;11.0;Mandag;21:15:00;21:15:00;0.0;21:17:00;21:10:00;6.999999999999975;21:52:00;21:40:00;11.999999999999957;21:57:00;21:55:00;1.999999999999993;;;1.999999999999993;09-03-2026_5515
PRI-TOG;C23;5735.0;Alnabru;2026-03-09;11.0;Mandag;21:50:00;21:40:00;9.999999999999964;22:02:00;21:40:00;21.999999999999922;22:37:00;21:56:00;41.000000000000014;22:42:00;22:12:00;29.999999999999893;;;29.999999999999893;09-03-2026_5735
Lastefristkl. 19:30 dag før avgang.;C45;5301.0;Alnabru;2026-03-10;11.0;Tirsdag;19:30:00;19:30:00;0.0;08:11:00;08:15:00;-3.999999999999986;08:46:00;08:46:00;7.993605777301127e-14;08:51:00;08:51:00;0.0;;;0.0;10-03-2026_5301
;C45;5801.0;Alnabru;2026-03-10;11.0;Tirsdag;08:50:00;08:54:00;-3.999999999999986;08:51:00;08:27:00;23.999999999999915;09:26:00;09:03:00;23.0;09:31:00;09:39:00;-8.000000000000052;T34 - Annen feil, forklaring i kommentarfelt;Oslo S stengt grunnet jordingsfeil. ;-8.000000000000052;10-03-2026_5801
PRI-TOG;C42;5731.0;Alnabru;2026-03-10;11.0;Tirsdag;08:50:00;08:48:00;2.000000000000073;09:02:00;08:55:00;6.999999999999975;09:37:00;09:05:00;32.00000000000004;09:42:00;09:15:00;26.999999999999986;;;26.999999999999986;10-03-2026_5731
;C32 ;5507.0;Alnabru;2026-03-10;11.0;Tirsdag;11:40:00;11:50:00;-10.000000000000044;11:43:00;12:20:00;-36.99999999999987;12:18:00;12:33:00;-14.999999999999947;12:23:00;12:43:00;-19.99999999999993;T18 - Sent lok til stamme;Sent lok til stammen.;-19.99999999999993;10-03-2026_5507
;C42;45960.0;Alnabru;2026-03-10;11.0;Tirsdag;14:00:00;11:50:00;130.00000000000003;15:02:00;;0.0;15:37:00;;0.0;15:42:00;;0.0;;;0.0;10-03-2026_45960
;C42;5707.0;Alnabru;2026-03-10;11.0;Tirsdag;16:20:00;16:20:00;0.0;16:32:00;16:32:00;0.0;17:07:00;16:45:00;22.00000000000008;17:12:00;17:16:00;-3.999999999999986;;;-3.999999999999986;10-03-2026_5707
;C32 ;5509.0;Alnabru;2026-03-10;11.0;Tirsdag;16:30:00;16:30:00;0.0;16:44:00;16:55:00;-11.00000000000012;17:19:00;17:05:00;13.99999999999995;17:24:00;17:13:00;10.999999999999961;;;10.999999999999961;10-03-2026_5509
;C44;41960.0;Alnabru;2026-03-10;11.0;Tirsdag;16:00:00;16:00:00;0.0;16:48:00;17:30:00;-42.000000000000014;17:23:00;17:37:00;-13.99999999999995;17:28:00;17:45:00;-17.0000000000001;T18 - Sent lok til stamme;;-17.0000000000001;10-03-2026_41960
;C2/C5A;41971.0;Alnabru;2026-03-10;11.0;Tirsdag;16:00:00;16:00:00;0.0;17:04:00;17:05:00;-0.9999999999999964;17:39:00;17:35:00;4.000000000000146;17:44:00;17:40:00;3.999999999999986;;;3.999999999999986;10-03-2026_41971
;C45;5805.0;Alnabru;2026-03-10;11.0;Tirsdag;17:00:00;17:00:00;0.0;17:11:00;17:20:00;-8.999999999999968;17:46:00;17:35:00;11.00000000000012;17:51:00;17:46:00;4.999999999999982;;;4.999999999999982;10-03-2026_5805
PRI-TOG;C23;41910.0;Alnabru;2026-03-10;11.0;Tirsdag;17:35:00;17:40:00;-5.000000000000142;17:45:00;17:29:00;16.000000000000103;18:20:00;17:56:00;24.000000000000075;18:25:00;18:14:00;11.00000000000012;;;11.00000000000012;10-03-2026_41910
;C32 ;5511.0;Alnabru;2026-03-10;11.0;Tirsdag;18:40:00;18:40:00;0.0;18:59:00;18:55:00;3.999999999999986;19:34:00;19:12:00;21.999999999999922;19:39:00;19:36:00;2.9999999999999893;;;2.9999999999999893;10-03-2026_5511
;C42;5733.0;Alnabru;2026-03-10;11.0;Tirsdag;19:20:00;19:20:00;0.0;19:35:00;19:30:00;4.999999999999982;20:05:00;19:48:00;17.0000000000001;20:10:00;20:06:00;3.999999999999986;;;3.999999999999986;10-03-2026_5733
PRI-TOG;C31;41900.0;Alnabru;2026-03-10;11.0;Tirsdag;19:40:00;19:40:00;0.0;19:46:00;20:00:00;-14.00000000000011;20:21:00;20:05:00;15.999999999999943;20:26:00;20:24:00;1.999999999999993;;;1.999999999999993;10-03-2026_41900
;C45;5709.0;Alnabru;2026-03-10;11.0;Tirsdag;21:00:00;22:10:00;-70.00000000000007;21:02:00;21:00:00;1.999999999999993;21:37:00;22:22:00;-45.0;21:42:00;22:26:00;-44.0;T27 - Kranstopp;;-44.0;10-03-2026_5709
LANGTOG;C43;5811.0;Alnabru;2026-03-10;11.0;Tirsdag;20:30:00;21:25:00;-55.00000000000013;20:51:00;20:45:00;5.999999999999979;21:26:00;21:50:00;-23.999999999999915;21:31:00;21:50:00;-18.999999999999932;T27 - Kranstopp;;-18.999999999999932;10-03-2026_5811
LANGTOG;C32 ;5515.0;Alnabru;2026-03-10;11.0;Tirsdag;21:15:00;21:15:00;0.0;21:17:00;21:17:00;0.0;21:52:00;21:40:00;11.999999999999957;21:57:00;22:20:00;-23.000000000000078;T28 - Sen lasting/lossing av kunde/underleverandør;;-23.000000000000078;10-03-2026_5515
PRI-TOG;C23;5735.0;Alnabru;2026-03-10;11.0;Tirsdag;21:50:00;21:50:00;0.0;22:02:00;22:01:00;0.9999999999999964;22:37:00;22:31:00;5.999999999999979;22:42:00;;0.0;;;0.0;10-03-2026_5735
;C32 Nord;5531.0;Alnabru;2026-03-11;11.0;Onsdag;07:50:00;07:32:00;18.000000000000014;07:43:00;07:10:00;32.999999999999964;08:18:00;08:00:00;18.000000000000014;08:23:00;08:12:00;10.999999999999961;;;10.999999999999961;11-03-2026_5531
Lastefristkl. 19:30 dag før avgang.;C45;5301.0;Alnabru;2026-03-11;11.0;Onsdag;19:30:00;00:00:00;0.0;08:11:00;08:00:00;11.00000000000004;08:46:00;08:30:00;16.00000000000002;08:51:00;08:49:00;1.999999999999993;;;1.999999999999993;11-03-2026_5301
;C45;5801.0;Alnabru;2026-03-11;11.0;Onsdag;08:50:00;08:55:00;-4.999999999999982;08:51:00;08:37:00;13.99999999999995;09:26:00;09:13:00;12.999999999999954;09:31:00;09:31:00;0.0;;;0.0;11-03-2026_5801
PRI-TOG;C42;5731.0;Alnabru;2026-03-11;11.0;Onsdag;08:50:00;08:42:00;8.000000000000052;09:02:00;08:49:00;12.999999999999954;09:37:00;09:15:00;22.0;09:42:00;09:20:00;22.0;;;22.0;11-03-2026_5731
;C32 ;5507.0;Alnabru;2026-03-11;11.0;Onsdag;11:40:00;11:15:00;24.999999999999993;11:43:00;11:17:00;26.000000000000068;12:18:00;12:02:00;16.000000000000103;12:23:00;12:21:00;2.0000000000001528;;;2.0000000000001528;11-03-2026_5507
;C42;45960.0;Alnabru;2026-03-11;11.0;Onsdag;14:00:00;11:26:00;154.00000000000009;15:02:00;14:14:00;47.999999999999986;15:37:00;14:43:00;53.99999999999997;15:42:00;15:39:00;2.9999999999999893;;;2.9999999999999893;11-03-2026_45960
;C42;5707.0;Alnabru;2026-03-11;11.0;Onsdag;16:20:00;16:20:00;0.0;16:32:00;16:14:00;17.999999999999936;17:07:00;16:20:00;46.99999999999999;17:12:00;16:53:00;18.999999999999932;;;18.999999999999932;11-03-2026_5707
;C32 ;5509.0;Alnabru;2026-03-11;11.0;Onsdag;16:30:00;16:11:00;18.999999999999932;16:44:00;16:28:00;15.999999999999943;17:19:00;17:29:00;-9.999999999999964;17:24:00;17:37:00;-12.999999999999954;T19 - Feil på lok;Sikring på lok røk. Måtte byttes.;-12.999999999999954;11-03-2026_5509
;C44;41960.0;Alnabru;2026-03-11;11.0;Onsdag;16:00:00;17:09:00;-69.00000000000007;16:48:00;16:42:00;5.999999999999979;17:23:00;17:23:00;0.0;17:28:00;17:26:00;1.999999999999993;;;1.999999999999993;11-03-2026_41960
;C2/C5A;41971.0;Alnabru;2026-03-11;11.0;Onsdag;16:00:00;16:45:00;-45.0;17:04:00;17:00:00;3.999999999999986;17:39:00;18:07:00;-27.9999999999999;17:44:00;18:16:00;-31.999999999999886;T34 - Annen feil, forklaring i kommentarfelt;Fører klarte ikke å trekke 41971 opp fra gamla med effyshunter. Skiftelag 2 måtte komme å hjelpe til. ;-31.999999999999886;11-03-2026_41971
;C45;5805.0;Alnabru;2026-03-11;11.0;Onsdag;17:00:00;17:00:00;0.0;17:11:00;16:50:00;21.000000000000085;17:46:00;17:21:00;25.00000000000007;17:51:00;17:49:00;1.999999999999993;;;1.999999999999993;11-03-2026_5805
PRI-TOG;C23;41910.0;Alnabru;2026-03-11;11.0;Onsdag;17:35:00;17:35:00;0.0;17:45:00;17:29:00;16.000000000000103;18:20:00;17:43:00;37.00000000000003;18:25:00;18:06:00;19.000000000000092;;;19.000000000000092;11-03-2026_41910
;C32 ;5511.0;Alnabru;2026-03-11;11.0;Onsdag;18:40:00;19:07:00;-26.999999999999904;18:59:00;18:59:00;0.0;19:34:00;19:17:00;16.99999999999994;19:39:00;19:41:00;-1.999999999999993;;;-1.999999999999993;11-03-2026_5511
;C42;5733.0;Alnabru;2026-03-11;11.0;Onsdag;19:20:00;19:14:00;5.999999999999979;19:35:00;18:49:00;46.0;20:05:00;19:15:00;49.999999999999986;20:10:00;19:43:00;27.000000000000064;;;27.000000000000064;11-03-2026_5733
PRI-TOG;C31;41900.0;Alnabru;2026-03-11;11.0;Onsdag;19:40:00;19:46:00;-5.999999999999979;19:46:00;19:44:00;1.999999999999993;20:21:00;20:13:00;7.999999999999972;20:26:00;20:22:00;3.999999999999986;;;3.999999999999986;11-03-2026_41900
;C45;5709.0;Alnabru;2026-03-11;11.0;Onsdag;21:00:00;20:45:00;14.999999999999947;21:02:00;20:10:00;51.99999999999997;21:37:00;20:55:00;42.000000000000014;21:42:00;21:05:00;37.00000000000003;;;37.00000000000003;11-03-2026_5709
LANGTOG;C43;5811.0;Alnabru;2026-03-11;11.0;Onsdag;20:30:00;20:12:00;17.999999999999936;20:51:00;20:45:00;5.999999999999979;21:26:00;20:55:00;31.00000000000005;21:31:00;21:31:00;0.0;;;0.0;11-03-2026_5811
LANGTOG;C32 ;5515.0;Alnabru;2026-03-11;11.0;Onsdag;21:15:00;21:15:00;0.0;21:17:00;21:20:00;-2.9999999999999893;21:52:00;21:41:00;10.999999999999961;21:57:00;21:57:00;0.0;;;0.0;11-03-2026_5515
PRI-TOG;C23;5735.0;Alnabru;2026-03-11;11.0;Onsdag;21:50:00;21:50:00;0.0;22:02:00;22:00:00;1.999999999999993;22:37:00;22:11:00;25.999999999999908;22:42:00;22:19:00;22.99999999999992;;;22.99999999999992;11-03-2026_5735
Lastefristkl. 19:30 dag før avgang.;C45;5301.0;Alnabru;2026-03-12;11.0;Torsdag;19:30:00;;0.0;08:11:00;;0.0;08:46:00;;0.0;08:51:00;09:16:00;-24.999999999999993;T11 - Endring av togstamme;;-24.999999999999993;12-03-2026_5301
;C45;5801.0;Alnabru;2026-03-12;11.0;Torsdag;08:50:00;08:50:00;0.0;08:51:00;08:45:00;5.999999999999979;09:26:00;09:16:00;9.999999999999964;09:31:00;09:26:00;4.999999999999982;;;4.999999999999982;12-03-2026_5801
PRI-TOG;C42;5731.0;Alnabru;2026-03-12;11.0;Torsdag;08:50:00;08:30:00;20.000000000000007;09:02:00;08:40:00;22.0;09:37:00;08:55:00;42.000000000000014;09:42:00;09:02:00;40.000000000000014;;;40.000000000000014;12-03-2026_5731
;C32 ;5507.0;Alnabru;2026-03-12;11.0;Torsdag;11:40:00;11:40:00;0.0;11:43:00;11:43:00;7.993605777301127e-14;12:18:00;12:00:00;18.000000000000096;12:23:00;12:07:00;16.000000000000103;;;16.000000000000103;12-03-2026_5507
;C42;45960.0;Alnabru;2026-03-12;11.0;Torsdag;14:00:00;14:00:00;0.0;15:02:00;14:30:00;32.00000000000004;15:37:00;15:14:00;23.000000000000078;15:42:00;15:42:00;0.0;;;0.0;12-03-2026_45960
;C42;5707.0;Alnabru;2026-03-12;11.0;Torsdag;16:20:00;16:10:00;9.999999999999964;16:32:00;16:30:00;1.999999999999993;17:07:00;16:45:00;22.00000000000008;17:12:00;16:48:00;24.000000000000075;;;24.000000000000075;12-03-2026_5707
;C32 ;5509.0;Alnabru;2026-03-12;11.0;Torsdag;16:30:00;16:15:00;14.999999999999947;16:44:00;16:30:00;13.99999999999995;17:19:00;17:00:00;18.999999999999932;17:24:00;17:24:00;0.0;;;0.0;12-03-2026_5509
;C44;41960.0;Alnabru;2026-03-12;11.0;Torsdag;16:00:00;16:30:00;-30.000000000000053;16:48:00;16:40:00;7.999999999999972;17:23:00;16:55:00;27.9999999999999;17:28:00;17:27:00;0.9999999999999964;;;0.9999999999999964;12-03-2026_41960
;C2/C5A;41971.0;Alnabru;2026-03-12;11.0;Torsdag;16:00:00;15:55:00;4.999999999999982;17:04:00;17:00:00;3.999999999999986;17:39:00;17:20:00;19.000000000000092;17:44:00;17:21:00;23.000000000000078;;;23.000000000000078;12-03-2026_41971
;C45;5805.0;Alnabru;2026-03-12;11.0;Torsdag;17:00:00;17:18:00;-17.999999999999936;17:11:00;17:00:00;10.999999999999961;17:46:00;17:35:00;11.00000000000012;17:51:00;17:47:00;3.999999999999986;;;3.999999999999986;12-03-2026_5805
PRI-TOG;C23;41910.0;Alnabru;2026-03-12;11.0;Torsdag;17:35:00;17:45:00;-10.000000000000124;17:45:00;17:30:00;15.000000000000107;18:20:00;18:05:00;15.000000000000107;18:25:00;18:15:00;10.000000000000124;;;10.000000000000124;12-03-2026_41910
;C32 ;5511.0;Alnabru;2026-03-12;11.0;Torsdag;18:40:00;19:00:00;-19.99999999999993;18:59:00;18:50:00;8.999999999999968;19:34:00;19:50:00;-15.999999999999943;19:39:00;20:02:00;-23.000000000000078;T34 - Annen feil, forklaring i kommentarfelt;BN;-23.000000000000078;12-03-2026_5511
;C42;5733.0;Alnabru;2026-03-12;11.0;Torsdag;19:20:00;19:00:00;20.00000000000009;19:35:00;19:50:00;-14.999999999999947;20:05:00;19:15:00;49.999999999999986;20:10:00;20:09:00;0.9999999999999964;;;0.9999999999999964;12-03-2026_5733
PRI-TOG;C31;41900.0;Alnabru;2026-03-12;11.0;Torsdag;19:40:00;19:40:00;0.0;19:46:00;19:46:00;0.0;20:21:00;20:10:00;10.999999999999961;20:26:00;20:19:00;6.999999999999975;;;6.999999999999975;12-03-2026_41900
;C45;5709.0;Alnabru;2026-03-12;11.0;Torsdag;21:00:00;20:30:00;30.000000000000053;21:02:00;20:16:00;46.0;21:37:00;21:00:00;37.00000000000003;21:42:00;21:10:00;32.00000000000004;;;32.00000000000004;12-03-2026_5709
LANGTOG;C43;5811.0;Alnabru;2026-03-12;11.0;Torsdag;20:30:00;20:15:00;14.999999999999947;20:51:00;20:30:00;21.000000000000085;21:26:00;20:45:00;41.000000000000014;21:31:00;20:57:00;34.00000000000004;;;34.00000000000004;12-03-2026_5811
LANGTOG;C32 ;5515.0;Alnabru;2026-03-12;11.0;Torsdag;21:15:00;22:45:00;-90.0;21:17:00;21:15:00;1.999999999999993;21:52:00;22:05:00;-12.999999999999954;21:57:00;22:09:00;-12.000000000000117;T34 - Annen feil, forklaring i kommentarfelt;BN;-12.000000000000117;12-03-2026_5515
PRI-TOG;C23;5735.0;Alnabru;2026-03-12;11.0;Torsdag;21:50:00;21:30:00;19.99999999999993;22:02:00;21:40:00;21.999999999999922;22:37:00;22:00:00;37.00000000000003;22:42:00;22:16:00;25.999999999999908;;;25.999999999999908;12-03-2026_5735
Lastefristkl. 19:30 dag før avgang.;C45;5301.0;Alnabru;2026-03-13;11.0;Fredag;19:30:00;19:30:00;0.0;08:11:00;08:00:00;11.00000000000004;08:46:00;09:05:00;-18.999999999999932;08:51:00;09:20:00;-28.99999999999998;T8 - Maskinmangel skifting;Tok tid å skifte inn vogn fra GC inn i toget;-28.99999999999998;13-03-2026_5301
;C45;5801.0;Alnabru;2026-03-13;11.0;Fredag;08:50:00;08:40:00;10.000000000000044;08:51:00;08:45:00;5.999999999999979;09:26:00;09:12:00;13.99999999999995;09:31:00;09:23:00;7.999999999999972;;;7.999999999999972;13-03-2026_5801
PRI-TOG;C42;5731.0;Alnabru;2026-03-13;11.0;Fredag;08:50:00;08:45:00;5.000000000000062;09:02:00;08:50:00;11.999999999999957;09:37:00;09:11:00;26.000000000000068;09:42:00;09:16:00;25.999999999999986;;;25.999999999999986;13-03-2026_5731
;C32 ;5507.0;Alnabru;2026-03-13;11.0;Fredag;11:40:00;12:30:00;-50.000000000000064;11:43:00;11:40:00;3.0000000000000693;12:18:00;12:45:00;-26.999999999999904;12:23:00;12:51:00;-27.9999999999999;T4 - Forsinket ankommet tog. (kort snutid);;-27.9999999999999;13-03-2026_5507
;C42;45960.0;Alnabru;2026-03-13;11.0;Fredag;14:00:00;14:00:00;0.0;15:02:00;15:02:00;0.0;15:37:00;16:10:00;-33.00000000000004;15:42:00;16:23:00;-41.000000000000014;;;-41.000000000000014;13-03-2026_45960
;C32 ;5509.0;Alnabru;2026-03-13;11.0;Fredag;16:30:00;16:30:00;0.0;16:44:00;16:44:00;0.0;17:19:00;17:00:00;18.999999999999932;17:24:00;17:11:00;12.999999999999954;;;12.999999999999954;13-03-2026_5509
;C2/C5A;41971.0;Alnabru;2026-03-13;11.0;Fredag;16:00:00;;0.0;17:04:00;;0.0;17:39:00;;0.0;17:44:00;;0.0;T17 - Innstilt tog;;0.0;13-03-2026_41971
;C45;5805.0;Alnabru;2026-03-13;11.0;Fredag;17:00:00;16:55:00;4.999999999999982;17:11:00;17:00:00;10.999999999999961;17:46:00;17:15:00;31.00000000000005;17:51:00;17:40:00;10.999999999999961;;;10.999999999999961;13-03-2026_5805
PRI-TOG;C23;41910.0;Alnabru;2026-03-13;11.0;Fredag;17:35:00;17:35:00;0.0;17:45:00;17:45:00;0.0;18:20:00;18:05:00;15.000000000000107;18:25:00;18:11:00;14.00000000000011;;;14.00000000000011;13-03-2026_41910
;C32 ;5511.0;Alnabru;2026-03-13;11.0;Fredag;18:40:00;18:20:00;20.00000000000009;18:59:00;18:59:00;0.0;19:34:00;19:10:00;23.999999999999915;19:39:00;19:35:00;3.999999999999986;;;3.999999999999986;13-03-2026_5511
;C42;5733.0;Alnabru;2026-03-13;11.0;Fredag;19:20:00;19:20:00;0.0;19:35:00;19:30:00;4.999999999999982;20:05:00;19:30:00;35.000000000000036;20:10:00;20:08:00;1.999999999999993;;;1.999999999999993;13-03-2026_5733
PRI-TOG;C31;41900.0;Alnabru;2026-03-13;11.0;Fredag;19:40:00;19:40:00;0.0;19:46:00;20:00:00;-14.00000000000011;20:21:00;20:15:00;5.999999999999979;20:26:00;20:26:00;0.0;;;0.0;13-03-2026_41900
;C45;5709.0;Alnabru;2026-03-13;11.0;Fredag;21:00:00;20:50:00;9.999999999999964;21:02:00;20:15:00;46.99999999999999;21:37:00;21:00:00;37.00000000000003;21:42:00;21:42:00;0.0;;;0.0;13-03-2026_5709
LANGTOG;C43;5811.0;Alnabru;2026-03-13;11.0;Fredag;20:30:00;20:30:00;0.0;20:51:00;20:10:00;41.000000000000014;21:26:00;20:40:00;46.0;21:31:00;20:45:00;46.0;;;46.0;13-03-2026_5811
LANGTOG;C32 ;5515.0;Alnabru;2026-03-13;11.0;Fredag;21:15:00;21:15:00;0.0;21:17:00;22:25:00;-68.00000000000009;21:52:00;21:40:00;11.999999999999957;21:57:00;22:35:00;-38.00000000000003;T18 - Sent lok til stamme;;-38.00000000000003;13-03-2026_5515
PRI-TOG;C23;5735.0;Alnabru;2026-03-13;11.0;Fredag;21:50:00;21:40:00;9.999999999999964;22:02:00;21:35:00;26.999999999999904;22:37:00;21:55:00;42.000000000000014;22:42:00;22:03:00;39.00000000000002;;;39.00000000000002;13-03-2026_5735
FORHÅNDSLASTES C32 FREDAG;C32 ;5737.0;Alnabru;2026-03-14;11.0;Lørdag;11:00:00;;0.0;11:02:00;;0.0;11:37:00;;0.0;11:42:00;;0.0;T17 - Innstilt tog;;0.0;14-03-2026_5737
;C44;41971.0;Alnabru;2026-03-14;11.0;Lørdag;13:30:00;13:30:00;0.0;17:04:00;16:45:00;19.000000000000092;17:39:00;17:05:00;34.00000000000004;17:44:00;17:28:00;16.000000000000103;;;16.000000000000103;14-03-2026_41971
PRI-TOG;C23;41910.0;Alnabru;2026-03-14;11.0;Lørdag;12:00:00;10:30:00;90.0;17:45:00;17:00:00;45.0;18:20:00;17:19:00;61.0000000000001;18:25:00;17:54:00;31.00000000000005;;;31.00000000000005;14-03-2026_41910
LASTEFRIST KL. 15:00 LØRDAG;C23;5711.0;Alnabru;2026-03-15;11.0;Søndag;14:30:00;14:30:00;0.0;07:27:00;07:27:00;0.0;08:02:00;07:35:00;27.000000000000064;08:07:00;07:45:00;22.0;;;22.0;15-03-2026_5711
Lastefrist 13:30 Søndag;C44;41960.0;Alnabru;2026-03-15;11.0;Søndag;13:30:00;13:30:00;0.0;16:48:00;15:45:00;62.999999999999936;17:23:00;16:00:00;83.00000000000003;17:28:00;16:15:00;72.9999999999999;;Feil avg tid i rapport. Riktig 17:01;72.9999999999999;15-03-2026_41960
;C44;41971.0;Alnabru;2026-03-15;11.0;Søndag;13:30:00;13:30:00;0.0;17:04:00;16:50:00;14.00000000000011;17:39:00;17:10:00;29.000000000000057;17:44:00;17:20:00;24.000000000000075;;;24.000000000000075;15-03-2026_41971
LANGTOG;C32;5523.0;Alnabru;2026-03-15;11.0;Søndag;16:00:00;16:00:00;0.0;18:31:00;17:50:00;41.000000000000014;19:06:00;18:05:00;61.0000000000001;19:11:00;18:19:00;52.000000000000135;;Feil avg tid i rapport. Riktig 19:16;52.000000000000135;15-03-2026_5523
;C23;5717.0;Alnabru;2026-03-15;11.0;Søndag;16:00:00;14:00:00;119.99999999999989;18:57:00;16:10:00;166.9999999999999;19:32:00;16:25:00;186.99999999999997;19:37:00;16:28:00;188.99999999999997;;Feil avg tid i rapport. Riktig 17:12;188.99999999999997;15-03-2026_5717
LANGTOG;C43;5811.0;Alnabru;2026-03-15;11.0;Søndag;13:30:00;13:30:00;0.0;20:51:00;19:55:00;55.99999999999996;21:26:00;20:10:00;76.00000000000006;21:31:00;20:20:00;71.00000000000007;;;71.00000000000007;15-03-2026_5811
;C32 Nord;5531.0;Alnabru;2026-03-16;12.0;Mandag;07:50:00;07:50:00;0.0;07:43:00;07:43:00;-7.993605777301127e-14;08:18:00;08:18:00;0.0;08:23:00;08:20:00;2.9999999999999893;;;2.9999999999999893;16-03-2026_5531
Lastefristkl. 19:30 dag før avgang.;C45;5301.0;Alnabru;2026-03-16;12.0;Mandag;19:30:00;19:30:00;0.0;08:11:00;08:50:00;-39.00000000000002;08:46:00;09:20:00;-33.99999999999996;08:51:00;09:23:00;-31.999999999999964;T18 - Sent lok til stamme;;-31.999999999999964;16-03-2026_5301
;C45;5801.0;Alnabru;2026-03-16;12.0;Mandag;08:50:00;08:40:00;10.000000000000044;08:51:00;08:30:00;20.999999999999925;09:26:00;09:00:00;25.999999999999986;09:31:00;09:03:00;27.99999999999998;;;27.99999999999998;16-03-2026_5801
PRI-TOG;C42;5731.0;Alnabru;2026-03-16;12.0;Mandag;08:50:00;08:40:00;10.000000000000044;09:02:00;08:35:00;26.999999999999986;09:37:00;09:01:00;36.00000000000003;09:42:00;09:05:00;37.00000000000003;;;37.00000000000003;16-03-2026_5731
;C32 ;5507.0;Alnabru;2026-03-16;12.0;Mandag;11:40:00;11:40:00;0.0;11:43:00;11:30:00;13.000000000000034;12:18:00;12:19:00;-0.9999999999998366;12:23:00;12:30:00;-6.999999999999975;T13 - Feil på last;;-6.999999999999975;16-03-2026_5507
;C42;45960.0;Alnabru;2026-03-16;12.0;Mandag;14:00:00;14:00:00;0.0;15:02:00;14:20:00;42.000000000000014;15:37:00;15:30:00;6.999999999999975;15:42:00;15:34:00;7.999999999999972;;Tognr: 45964;7.999999999999972;16-03-2026_45960
;C42;5707.0;Alnabru;2026-03-16;12.0;Mandag;16:20:00;16:00:00;20.00000000000009;16:32:00;16:00:00;32.00000000000004;17:07:00;16:30:00;37.00000000000003;17:12:00;16:40:00;32.00000000000004;;;32.00000000000004;16-03-2026_5707
;C32 ;5509.0;Alnabru;2026-03-16;12.0;Mandag;16:30:00;16:30:00;0.0;16:44:00;16:44:00;0.0;17:19:00;17:19:00;0.0;17:24:00;17:30:00;-5.999999999999979;T9 - Feil på vogn;6 Avstengte vogner under brems, måtte ta ny prøve;-5.999999999999979;16-03-2026_5509
;C44;41960.0;Alnabru;2026-03-16;12.0;Mandag;16:00:00;16:00:00;0.0;16:48:00;16:48:00;0.0;17:23:00;17:10:00;12.999999999999954;17:28:00;17:22:00;5.999999999999979;;;5.999999999999979;16-03-2026_41960
;C2/C5A;41971.0;Alnabru;2026-03-16;12.0;Mandag;16:00:00;16:00:00;0.0;17:04:00;17:00:00;3.999999999999986;17:39:00;17:23:00;16.000000000000103;17:44:00;17:44:00;0.0;;;0.0;16-03-2026_41971
;C45;5805.0;Alnabru;2026-03-16;12.0;Mandag;17:00:00;17:00:00;0.0;17:11:00;17:11:00;0.0;17:46:00;17:46:00;0.0;17:51:00;17:51:00;0.0;;;0.0;16-03-2026_5805
PRI-TOG;C23;41910.0;Alnabru;2026-03-16;12.0;Mandag;17:35:00;17:35:00;0.0;17:45:00;17:45:00;0.0;18:20:00;17:50:00;30.000000000000053;18:25:00;18:00:00;25.00000000000007;;;25.00000000000007;16-03-2026_41910
;C32;5511.0;Alnabru;2026-03-16;12.0;Mandag;18:40:00;18:40:00;0.0;18:59:00;19:40:00;-41.000000000000014;19:34:00;19:00:00;34.00000000000004;19:39:00;20:03:00;-24.000000000000075;T18 - Sent lok til stamme;Sent Lok opp fra fjellet;-24.000000000000075;16-03-2026_5511
;C42;5733.0;Alnabru;2026-03-16;12.0;Mandag;19:20:00;19:35:00;-14.999999999999947;19:30:00;20:15:00;-45.0;20:05:00;20:00:00;4.999999999999982;20:10:00;20:30:00;-19.99999999999993;T18 - Sent lok til stamme;Sent lok fra fjellet;-19.99999999999993;16-03-2026_5733
PRI-TOG;C31;41900.0;Alnabru;2026-03-16;12.0;Mandag;19:40:00;19:40:00;0.0;19:46:00;20:35:00;-48.999999999999986;20:21:00;20:42:00;-21.000000000000085;20:26:00;21:06:00;-40.000000000000014;T11 - Endring av togstamme;Satt inn 1 RPS Vogn og sent lok fra fjellet;-40.000000000000014;16-03-2026_41900
LANGTOG;C43;5811.0;Alnabru;2026-03-16;12.0;Mandag;20:30:00;20:30:00;0.0;20:51:00;20:51:00;0.0;21:26:00;21:35:00;-8.999999999999968;21:31:00;22:08:00;-37.00000000000003;;Lastkontroll og Forsinket R206;-37.00000000000003;16-03-2026_5811
;C45;5709.0;Alnabru;2026-03-16;12.0;Mandag;21:00:00;21:00:00;0.0;21:02:00;21:02:00;0.0;21:37:00;21:15:00;22.00000000000008;21:42:00;21:27:00;14.999999999999947;;;14.999999999999947;16-03-2026_5709
LANGTOG;C32 ;5515.0;Alnabru;2026-03-16;12.0;Mandag;21:15:00;21:30:00;-15.000000000000107;21:17:00;21:11:00;5.999999999999979;21:52:00;21:55:00;-2.9999999999999893;21:57:00;22:13:00;-16.000000000000103;T21 - R206 ikke klar i tide;forsinket opp til lasting;-16.000000000000103;16-03-2026_5515
PRI-TOG;C23;5735.0;Alnabru;2026-03-16;12.0;Mandag;21:50:00;21:40:00;9.999999999999964;22:02:00;21:00:00;61.99999999999994;22:37:00;21:40:00;56.99999999999996;22:42:00;21:52:00;49.999999999999986;;;49.999999999999986;16-03-2026_5735
Lastefristkl. 19:30 dag før avgang.;C45;5301.0;Alnabru;2026-03-17;12.0;Tirsdag;19:30:00;19:30:00;0.0;08:11:00;08:30:00;-19.000000000000014;08:46:00;08:35:00;11.00000000000004;08:51:00;09:04:00;-12.999999999999954;T26 - Terminalforhold (Forklar nærmere i kommentar);Stillverks syd ute av drift;-12.999999999999954;17-03-2026_5301
;C45;5801.0;Alnabru;2026-03-17;12.0;Tirsdag;08:50:00;08:50:00;0.0;08:51:00;08:45:00;5.999999999999979;09:26:00;09:15:00;10.999999999999961;09:31:00;09:26:00;4.999999999999982;;;4.999999999999982;17-03-2026_5801
PRI-TOG;C42;5731.0;Alnabru;2026-03-17;12.0;Tirsdag;08:50:00;08:35:00;15.000000000000027;09:02:00;08:40:00;22.0;09:37:00;09:01:00;36.00000000000003;09:42:00;09:20:00;22.0;;;22.0;17-03-2026_5731
;C32 ;5507.0;Alnabru;2026-03-17;12.0;Tirsdag;11:40:00;11:40:00;0.0;11:43:00;11:35:00;8.000000000000052;12:18:00;12:00:00;18.000000000000096;12:23:00;12:23:00;0.0;;;0.0;17-03-2026_5507
;C42;45960.0;Alnabru;2026-03-17;12.0;Tirsdag;14:00:00;;0.0;15:02:00;;0.0;15:37:00;;0.0;15:42:00;;0.0;T17 - Innstilt tog;;0.0;17-03-2026_45960
;C42;5707.0;Alnabru;2026-03-17;12.0;Tirsdag;16:20:00;16:20:00;0.0;16:32:00;16:32:00;0.0;17:07:00;16:40:00;27.000000000000064;17:12:00;16:52:00;20.00000000000009;;;20.00000000000009;17-03-2026_5707
;C32 ;5509.0;Alnabru;2026-03-17;12.0;Tirsdag;16:30:00;16:30:00;0.0;16:44:00;16:44:00;0.0;17:19:00;16:50:00;29.000000000000057;17:24:00;17:08:00;15.999999999999943;;;15.999999999999943;17-03-2026_5509
;C44;41960.0;Alnabru;2026-03-17;12.0;Tirsdag;16:00:00;16:00:00;0.0;16:48:00;16:30:00;17.999999999999936;17:23:00;16:40:00;43.00000000000001;17:28:00;17:09:00;18.999999999999932;;;18.999999999999932;17-03-2026_41960
;C2/C5A;41971.0;Alnabru;2026-03-17;12.0;Tirsdag;16:00:00;16:35:00;-35.000000000000036;17:04:00;17:00:00;3.999999999999986;17:39:00;17:35:00;4.000000000000146;17:44:00;17:47:00;-2.9999999999999893;T20 - Trafikkstyring (TXP/Togleder);Sen ut av txp;-2.9999999999999893;17-03-2026_41971
;C45;5805.0;Alnabru;2026-03-17;12.0;Tirsdag;17:00:00;17:00:00;0.0;17:11:00;16:45:00;26.000000000000068;17:46:00;17:15:00;31.00000000000005;17:51:00;17:25:00;26.000000000000068;;;26.000000000000068;17-03-2026_5805
PRI-TOG;C23;41910.0;Alnabru;2026-03-17;12.0;Tirsdag;17:35:00;17:30:00;4.999999999999982;17:45:00;17:35:00;10.000000000000124;18:20:00;17:45:00;35.000000000000036;18:25:00;18:15:00;10.000000000000124;;;10.000000000000124;17-03-2026_41910
;C32 ;5511.0;Alnabru;2026-03-17;12.0;Tirsdag;18:40:00;19:00:00;-19.99999999999993;18:59:00;18:59:00;0.0;19:34:00;19:25:00;8.999999999999968;19:39:00;19:39:00;0.0;;;0.0;17-03-2026_5511
;C42;5733.0;Alnabru;2026-03-17;12.0;Tirsdag;19:20:00;19:20:00;0.0;19:35:00;19:00:00;35.000000000000036;20:05:00;19:30:00;35.000000000000036;20:10:00;19:56:00;13.99999999999995;;;13.99999999999995;17-03-2026_5733
PRI-TOG;C31;41900.0;Alnabru;2026-03-17;12.0;Tirsdag;19:40:00;19:40:00;0.0;19:46:00;19:30:00;15.999999999999943;20:21:00;20:00:00;20.999999999999925;20:26:00;20:14:00;11.999999999999957;;;11.999999999999957;17-03-2026_41900
;C45;5709.0;Alnabru;2026-03-17;12.0;Tirsdag;21:00:00;20:30:00;30.000000000000053;21:02:00;20:00:00;61.99999999999994;21:37:00;20:55:00;42.000000000000014;21:42:00;21:00:00;42.000000000000014;;;42.000000000000014;17-03-2026_5709
LANGTOG;C43;5811.0;Alnabru;2026-03-17;12.0;Tirsdag;20:30:00;20:30:00;0.0;20:51:00;20:35:00;16.000000000000103;21:26:00;21:15:00;11.00000000000012;21:31:00;21:19:00;12.000000000000117;;;12.000000000000117;17-03-2026_5811
LANGTOG;C32 ;5515.0;Alnabru;2026-03-17;12.0;Tirsdag;21:15:00;21:15:00;0.0;21:17:00;21:13:00;3.999999999999986;21:52:00;21:30:00;21.999999999999922;21:57:00;21:50:00;6.999999999999975;;;6.999999999999975;17-03-2026_5515
PRI-TOG;C23;5735.0;Alnabru;2026-03-17;12.0;Tirsdag;21:50:00;21:50:00;0.0;22:02:00;21:52:00;9.999999999999964;22:37:00;22:25:00;11.999999999999957;22:42:00;22:30:00;11.999999999999957;;;11.999999999999957;17-03-2026_5735
;C32 Nord;5531.0;Alnabru;2026-03-18;12.0;Onsdag;07:50:00;07:50:00;0.0;07:43:00;07:40:00;2.9999999999999893;08:18:00;08:00:00;18.000000000000014;08:23:00;08:07:00;15.999999999999943;;;15.999999999999943;18-03-2026_5531
Lastefristkl. 19:30 dag før avgang.;C45;5301.0;Alnabru;2026-03-18;12.0;Onsdag;19:30:00;19:30:00;0.0;08:11:00;08:10:00;0.9999999999999964;08:46:00;08:31:00;15.000000000000027;08:51:00;08:51:00;0.0;;;0.0;18-03-2026_5301
;C45;5801.0;Alnabru;2026-03-18;12.0;Onsdag;08:50:00;08:50:00;0.0;08:51:00;08:30:00;20.999999999999925;09:26:00;09:15:00;10.999999999999961;09:31:00;09:18:00;12.999999999999954;;;12.999999999999954;18-03-2026_5801
PRI-TOG;C42;5731.0;Alnabru;2026-03-18;12.0;Onsdag;08:50:00;08:45:00;5.000000000000062;09:02:00;08:50:00;11.999999999999957;09:37:00;09:05:00;32.00000000000004;09:42:00;09:21:00;21.000000000000007;;;21.000000000000007;18-03-2026_5731
;C32 ;5507.0;Alnabru;2026-03-18;12.0;Onsdag;11:40:00;11:40:00;0.0;11:43:00;11:35:00;8.000000000000052;12:18:00;12:00:00;18.000000000000096;12:23:00;12:10:00;13.000000000000114;;;13.000000000000114;18-03-2026_5507
;C42;45960.0;Alnabru;2026-03-18;12.0;Onsdag;14:00:00;14:00:00;0.0;15:02:00;14:30:00;32.00000000000004;15:37:00;15:30:00;6.999999999999975;15:42:00;15:39:00;2.9999999999999893;;;2.9999999999999893;18-03-2026_45960
;C42;5707.0;Alnabru;2026-03-18;12.0;Onsdag;16:20:00;16:20:00;0.0;16:32:00;16:20:00;11.999999999999957;17:07:00;16:30:00;37.00000000000003;17:12:00;16:47:00;25.00000000000007;;;25.00000000000007;18-03-2026_5707
;C32 ;5509.0;Alnabru;2026-03-18;12.0;Onsdag;16:30:00;16:30:00;0.0;16:44:00;16:44:00;0.0;17:19:00;17:00:00;18.999999999999932;17:24:00;17:20:00;3.999999999999986;;;3.999999999999986;18-03-2026_5509
;C44;41960.0;Alnabru;2026-03-18;12.0;Onsdag;16:00:00;16:00:00;0.0;16:48:00;16:30:00;17.999999999999936;17:23:00;17:10:00;12.999999999999954;17:28:00;17:27:00;0.9999999999999964;;;0.9999999999999964;18-03-2026_41960
;C2/C5A;41971.0;Alnabru;2026-03-18;12.0;Onsdag;16:00:00;16:15:00;-15.000000000000107;17:04:00;17:15:00;-10.999999999999961;17:39:00;17:08:00;31.00000000000005;17:44:00;18:04:00;-19.99999999999993;T20 - Trafikkstyring (TXP/Togleder);Sen ut av txp;-19.99999999999993;18-03-2026_41971
;C45;5805.0;Alnabru;2026-03-18;12.0;Onsdag;17:00:00;17:00:00;0.0;17:11:00;17:11:00;0.0;17:46:00;17:35:00;11.00000000000012;17:51:00;17:45:00;5.999999999999979;;;5.999999999999979;18-03-2026_5805
PRI-TOG;C23;41910.0;Alnabru;2026-03-18;12.0;Onsdag;17:35:00;17:30:00;4.999999999999982;17:45:00;17:30:00;15.000000000000107;18:20:00;17:50:00;30.000000000000053;18:25:00;18:05:00;20.00000000000009;;;20.00000000000009;18-03-2026_41910
;C32 ;5511.0;Alnabru;2026-03-18;12.0;Onsdag;18:40:00;18:45:00;-4.999999999999982;18:59:00;18:50:00;8.999999999999968;19:34:00;19:10:00;23.999999999999915;19:39:00;19:20:00;18.999999999999932;;;18.999999999999932;18-03-2026_5511
;C42;5733.0;Alnabru;2026-03-18;12.0;Onsdag;19:20:00;19:30:00;-9.999999999999964;19:35:00;19:00:00;35.000000000000036;20:05:00;19:40:00;25.00000000000007;20:10:00;19:42:00;28.00000000000006;;;28.00000000000006;18-03-2026_5733
PRI-TOG;C31;41900.0;Alnabru;2026-03-18;12.0;Onsdag;19:40:00;19:45:00;-4.999999999999982;19:46:00;19:35:00;10.999999999999961;20:21:00;20:12:00;8.999999999999968;20:26:00;;0.0;T34 - Annen feil, forklaring i kommentarfelt;Holdt igjen av Transportleder.;0.0;18-03-2026_41900
LANGTOG;C43;5811.0;Alnabru;2026-03-18;12.0;Onsdag;20:30:00;20:30:00;0.0;20:51:00;20:51:00;0.0;21:26:00;21:00:00;26.000000000000068;21:31:00;21:08:00;23.000000000000078;;;23.000000000000078;18-03-2026_5811
;C45;5709.0;Alnabru;2026-03-18;12.0;Onsdag;21:00:00;20:50:00;9.999999999999964;21:02:00;20:00:00;61.99999999999994;21:37:00;21:17:00;20.00000000000009;21:42:00;21:27:00;14.999999999999947;;;14.999999999999947;18-03-2026_5709
LANGTOG;C32 ;5515.0;Alnabru;2026-03-18;12.0;Onsdag;21:15:00;21:15:00;0.0;21:17:00;21:10:00;6.999999999999975;21:52:00;21:38:00;13.99999999999995;21:57:00;21:49:00;7.999999999999972;;;7.999999999999972;18-03-2026_5515
PRI-TOG;C23;5735.0;Alnabru;2026-03-18;12.0;Onsdag;21:50:00;21:40:00;9.999999999999964;22:02:00;21:00:00;61.99999999999994;22:37:00;21:59:00;38.00000000000003;22:42:00;22:01:00;41.000000000000014;;;41.000000000000014;18-03-2026_5735
Lastefristkl. 19:30 dag før avgang.;C45;5301.0;Alnabru;2026-03-19;12.0;Torsdag;19:30:00;19:30:00;0.0;08:11:00;;0.0;08:46:00;08:55:00;-8.999999999999968;08:51:00;08:57:00;-5.999999999999979;T25 - Transittgods;Manglet bilvogner fra ARE og Bergen. Tok litt tid før det ble ferdig skiftet.;-5.999999999999979;19-03-2026_5301
;C45;5801.0;Alnabru;2026-03-19;12.0;Torsdag;08:50:00;08:50:00;0.0;08:51:00;08:30:00;20.999999999999925;09:26:00;09:17:00;8.999999999999968;09:31:00;09:29:00;1.999999999999993;;;1.999999999999993;19-03-2026_5801
PRI-TOG;C42;5731.0;Alnabru;2026-03-19;12.0;Torsdag;08:50:00;09:30:00;-39.999999999999936;09:02:00;08:54:00;7.999999999999972;09:37:00;09:41:00;-3.999999999999986;09:42:00;09:44:00;-1.999999999999993;T25 - Transittgods;5512 sent opp til lossing. Ventet på å få med transitter.;-1.999999999999993;19-03-2026_5731
;C32 ;5507.0;Alnabru;2026-03-19;12.0;Torsdag;11:40:00;11:40:00;0.0;11:43:00;11:43:00;7.993605777301127e-14;12:18:00;12:16:00;2.0000000000001528;12:23:00;13:20:00;-56.99999999999996;T23 - Infrastruktur;;-56.99999999999996;19-03-2026_5507
;C42;45960.0;Alnabru;2026-03-19;12.0;Torsdag;14:00:00;14:00:00;0.0;15:02:00;;0.0;15:37:00;;0.0;15:42:00;15:59:00;-16.99999999999994;T11 - Endring av togstamme;Sent meldt om at lastet enhet ikke skulle gå i tog;-16.99999999999994;19-03-2026_45960
;C42;5707.0;Alnabru;2026-03-19;12.0;Torsdag;16:20:00;16:30:00;-9.999999999999964;16:32:00;16:35:00;-2.9999999999999893;17:07:00;17:07:00;0.0;17:12:00;17:12:00;0.0;;;0.0;19-03-2026_5707
;C32 ;5509.0;Alnabru;2026-03-19;12.0;Torsdag;16:30:00;16:30:00;0.0;16:44:00;17:00:00;-16.000000000000103;17:19:00;17:25:00;-5.999999999999979;17:24:00;17:34:00;-9.999999999999964;T11 - Endring av togstamme;Skifting av verkstedvogn.;-9.999999999999964;19-03-2026_5509
;C44;41960.0;Alnabru;2026-03-19;12.0;Torsdag;16:00:00;16:30:00;-30.000000000000053;16:48:00;16:48:00;0.0;17:23:00;17:25:00;-1.999999999999993;17:28:00;17:33:00;-4.999999999999982;T12 - Mannskapsmangel;;-4.999999999999982;19-03-2026_41960
;C2/C5A;41971.0;Alnabru;2026-03-19;12.0;Torsdag;16:00:00;16:00:00;0.0;17:04:00;17:05:00;-0.9999999999999964;17:39:00;17:45:00;-5.999999999999979;17:44:00;18:13:00;-28.999999999999897;T11 - Endring av togstamme;;-28.999999999999897;19-03-2026_41971
;C45;5805.0;Alnabru;2026-03-19;12.0;Torsdag;17:00:00;17:30:00;-29.999999999999893;17:11:00;17:30:00;-18.999999999999932;17:46:00;17:55:00;-8.999999999999968;17:51:00;18:13:00;-21.999999999999922;T12 - Mannskapsmangel;klargjørerne var opptatt med brems/last;-21.999999999999922;19-03-2026_5805
PRI-TOG;C23;41910.0;Alnabru;2026-03-19;12.0;Torsdag;17:35:00;18:05:00;-30.000000000000053;17:45:00;17:45:00;0.0;18:20:00;18:15:00;5.000000000000142;18:25:00;18:24:00;0.9999999999999964;;;0.9999999999999964;19-03-2026_41910
;C32 ;5511.0;Alnabru;2026-03-19;12.0;Torsdag;18:40:00;19:45:00;-64.99999999999993;18:59:00;18:59:00;0.0;19:34:00;19:50:00;-15.999999999999943;19:39:00;20:00:00;-21.000000000000085;T23 - Infrastruktur;Sen stamme, forsinket opplasting;-21.000000000000085;19-03-2026_5511
;C42;5733.0;Alnabru;2026-03-19;12.0;Torsdag;19:20:00;20:30:00;-69.99999999999991;19:35:00;19:30:00;4.999999999999982;20:05:00;20:40:00;-35.000000000000036;20:10:00;20:43:00;-33.00000000000004;T23 - Infrastruktur;Sen stamme, forsinket opplasting;-33.00000000000004;19-03-2026_5733
PRI-TOG;C31;41900.0;Alnabru;2026-03-19;12.0;Torsdag;19:40:00;20:50:00;-70.00000000000007;19:46:00;19:46:00;0.0;20:21:00;20:45:00;-24.000000000000075;20:26:00;20:59:00;-33.00000000000004;T23 - Infrastruktur;;-33.00000000000004;19-03-2026_41900
;C45;5709.0;Alnabru;2026-03-19;12.0;Torsdag;21:00:00;22:19:00;-79.00000000000004;21:02:00;21:02:00;0.0;21:37:00;22:30:00;-52.99999999999997;21:42:00;22:48:00;-65.99999999999993;T23 - Infrastruktur;Sen stamme, forsinket opplasting;-65.99999999999993;19-03-2026_5709
LANGTOG;C43;5811.0;Alnabru;2026-03-19;12.0;Torsdag;20:30:00;20:30:00;0.0;20:51:00;20:51:00;0.0;21:26:00;21:20:00;6.0000000000001386;21:31:00;21:28:00;2.9999999999999893;;;2.9999999999999893;19-03-2026_5811
LANGTOG;C32 ;5515.0;Alnabru;2026-03-19;12.0;Torsdag;21:15:00;21:47:00;-32.00000000000004;21:17:00;21:17:00;0.0;21:52:00;21:55:00;-2.9999999999999893;21:57:00;22:10:00;-13.000000000000114;T23 - Infrastruktur;Sen stamme opp til lossing.;-13.000000000000114;19-03-2026_5515
PRI-TOG;C23;5735.0;Alnabru;2026-03-19;12.0;Torsdag;21:50:00;22:00:00;-9.999999999999964;22:02:00;22:02:00;0.0;22:37:00;22:50:00;-12.999999999999954;22:42:00;23:17:00;-35.000000000000036;T9 - Feil på vogn;mye verkstedvogner;-35.000000000000036;19-03-2026_5735
Lastefristkl. 19:30 dag før avgang.;C45;5301.0;Alnabru;2026-03-20;12.0;Fredag;19:30:00;;0.0;08:11:00;08:11:00;0.0;08:46:00;08:56:00;-9.999999999999964;08:51:00;09:13:00;-22.0;T4 - Forsinket ankommet tog. (kort snutid);Forsinkede ARE tog. Ligger etter på prod. Tog sent skiftet ferdig.;-22.0;20-03-2026_5301
;C45;5801.0;Alnabru;2026-03-20;12.0;Fredag;08:50:00;09:15:00;-24.999999999999993;08:51:00;08:51:00;-7.993605777301127e-14;09:26:00;09:31:00;-4.999999999999982;09:31:00;09:50:00;-19.000000000000014;T28 - Sen lasting/lossing av kunde/underleverandør; + kø ut fra term;-19.000000000000014;20-03-2026_5801
PRI-TOG;C42;5731.0;Alnabru;2026-03-20;12.0;Fredag;08:50:00;08:50:00;0.0;09:02:00;09:00:00;1.999999999999993;09:37:00;09:20:00;17.00000000000002;09:42:00;09:32:00;10.000000000000044;;;10.000000000000044;20-03-2026_5731
;C32 ;5507.0;Alnabru;2026-03-20;12.0;Fredag;11:40:00;11:25:00;15.000000000000027;11:43:00;11:40:00;3.0000000000000693;12:18:00;12:00:00;18.000000000000096;12:23:00;12:21:00;2.0000000000001528;;;2.0000000000001528;20-03-2026_5507
;C42;45960.0;Alnabru;2026-03-20;12.0;Fredag;14:00:00;;0.0;15:02:00;;0.0;15:37:00;;0.0;15:42:00;15:37:00;4.999999999999982;;;4.999999999999982;20-03-2026_45960
;C32 ;5509.0;Alnabru;2026-03-20;12.0;Fredag;16:30:00;16:30:00;0.0;16:44:00;16:44:00;0.0;17:19:00;17:43:00;-24.000000000000075;17:24:00;17:50:00;-26.000000000000068;T9 - Feil på vogn;Feil/Overlading under bremseprøve.;-26.000000000000068;20-03-2026_5509
;C2/C5A;41971.0;Alnabru;2026-03-20;12.0;Fredag;16:00:00;;0.0;17:04:00;;0.0;17:39:00;;0.0;17:44:00;;0.0;T17 - Innstilt tog;;0.0;20-03-2026_41971
;C45;5805.0;Alnabru;2026-03-20;12.0;Fredag;17:00:00;17:00:00;0.0;17:11:00;17:11:00;0.0;17:46:00;17:30:00;16.000000000000103;17:51:00;17:40:00;10.999999999999961;;;10.999999999999961;20-03-2026_5805
PRI-TOG;C23;41910.0;Alnabru;2026-03-20;12.0;Fredag;17:35:00;17:35:00;0.0;17:45:00;17:40:00;4.999999999999982;18:20:00;17:45:00;35.000000000000036;18:25:00;18:05:00;20.00000000000009;;;20.00000000000009;20-03-2026_41910
;C32 ;5511.0;Alnabru;2026-03-20;12.0;Fredag;18:40:00;18:40:00;0.0;18:59:00;19:15:00;-16.000000000000103;19:34:00;19:25:00;8.999999999999968;19:39:00;19:32:00;6.999999999999975;;;6.999999999999975;20-03-2026_5511
;C42;5733.0;Alnabru;2026-03-20;12.0;Fredag;19:20:00;19:20:00;0.0;19:35:00;19:30:00;4.999999999999982;20:05:00;19:45:00;20.00000000000009;20:10:00;19:55:00;14.999999999999947;;;14.999999999999947;20-03-2026_5733
PRI-TOG;C31;41900.0;Alnabru;2026-03-20;12.0;Fredag;19:40:00;19:40:00;0.0;19:46:00;19:46:00;0.0;20:21:00;20:00:00;20.999999999999925;20:26:00;20:12:00;13.99999999999995;;;13.99999999999995;20-03-2026_41900
LANGTOG;C43;5811.0;Alnabru;2026-03-20;12.0;Fredag;20:30:00;20:30:00;0.0;20:51:00;20:51:00;0.0;21:26:00;21:15:00;11.00000000000012;21:31:00;21:31:00;0.0;;;0.0;20-03-2026_5811
;C45;5709.0;Alnabru;2026-03-20;12.0;Fredag;21:00:00;21:00:00;0.0;21:02:00;21:05:00;-2.9999999999999893;21:37:00;21:25:00;11.999999999999957;21:42:00;21:35:00;6.999999999999975;;;6.999999999999975;20-03-2026_5709
LANGTOG;C32 ;5515.0;Alnabru;2026-03-20;12.0;Fredag;21:15:00;21:40:00;-25.00000000000007;21:17:00;21:17:00;0.0;21:52:00;21:43:00;8.999999999999968;21:57:00;22:04:00;-6.999999999999975;T21 - R206 ikke klar i tide;Fikk ikke lagt ut opptak i connect.;-6.999999999999975;20-03-2026_5515
PRI-TOG;C23;5735.0;Alnabru;2026-03-20;12.0;Fredag;21:50:00;21:30:00;19.99999999999993;22:02:00;21:30:00;31.999999999999886;22:37:00;21:40:00;56.99999999999996;22:42:00;21:47:00;54.999999999999964;;;54.999999999999964;20-03-2026_5735
FORHÅNDSLASTES C32 FREDAG;C32 ;5737.0;Alnabru;2026-03-21;12.0;Lørdag;11:00:00;;0.0;11:02:00;;0.0;11:37:00;;0.0;11:42:00;;0.0;;;0.0;21-03-2026_5737
;C44;41971.0;Alnabru;2026-03-21;12.0;Lørdag;13:30:00;;0.0;17:04:00;;0.0;17:39:00;;0.0;17:44:00;;0.0;;;0.0;21-03-2026_41971
PRI-TOG;C23;41910.0;Alnabru;2026-03-21;12.0;Lørdag;12:00:00;;0.0;17:45:00;;0.0;18:20:00;;0.0;18:25:00;;0.0;;;0.0;21-03-2026_41910
LASTEFRIST KL. 15:00 LØRDAG;C23;5711.0;Alnabru;2026-03-22;12.0;Søndag;14:30:00;14:30:00;0.0;07:27:00;07:15:00;12.000000000000037;08:02:00;07:40:00;22.00000000000008;08:07:00;07:50:00;17.00000000000002;;;17.00000000000002;22-03-2026_5711
Lastefrist 13:30 Søndag;C44;41960.0;Alnabru;2026-03-22;12.0;Søndag;13:30:00;13:30:00;0.0;16:48:00;16:00:00;47.999999999999986;17:23:00;16:10:00;72.9999999999999;17:28:00;16:49:00;39.00000000000002;;;39.00000000000002;22-03-2026_41960
;C44;41971.0;Alnabru;2026-03-22;12.0;Søndag;13:30:00;13:30:00;0.0;17:04:00;16:42:00;22.00000000000008;17:39:00;17:00:00;39.00000000000002;17:44:00;17:15:00;29.000000000000057;;;29.000000000000057;22-03-2026_41971
LANGTOG;C32;5523.0;Alnabru;2026-03-22;12.0;Søndag;16:00:00;16:00:00;0.0;18:31:00;18:37:00;-5.999999999999979;19:06:00;18:39:00;27.000000000000064;19:11:00;18:47:00;24.000000000000075;;;24.000000000000075;22-03-2026_5523
;C23;5717.0;Alnabru;2026-03-22;12.0;Søndag;16:00:00;16:00:00;0.0;18:57:00;15:57:00;180.0;19:32:00;16:16:00;195.99999999999994;19:37:00;17:08:00;148.99999999999994;;;148.99999999999994;22-03-2026_5717
LANGTOG;C43;5811.0;Alnabru;2026-03-22;12.0;Søndag;13:30:00;13:30:00;0.0;20:51:00;21:10:00;-18.999999999999932;21:26:00;21:22:00;4.000000000000146;21:31:00;21:24:00;6.999999999999975;;;6.999999999999975;22-03-2026_5811
;C32 Nord;5531.0;Alnabru;2026-03-23;13.0;Mandag;07:50:00;07:50:00;0.0;07:43:00;07:43:00;-7.993605777301127e-14;08:18:00;08:10:00;7.999999999999972;08:23:00;08:23:00;0.0;;;0.0;23-03-2026_5531
Lastefristkl. 19:30 dag før avgang.;C45;5301.0;Alnabru;2026-03-23;13.0;Mandag;19:30:00;19:30:00;0.0;08:11:00;08:11:00;0.0;08:46:00;08:30:00;16.00000000000002;08:51:00;08:48:00;3.0000000000000693;;;3.0000000000000693;23-03-2026_5301
;C45;5801.0;Alnabru;2026-03-23;13.0;Mandag;08:50:00;08:50:00;0.0;08:51:00;08:55:00;-4.000000000000066;09:26:00;09:10:00;16.00000000000002;09:31:00;09:20:00;10.999999999999961;;;10.999999999999961;23-03-2026_5801
PRI-TOG;C42;5731.0;Alnabru;2026-03-23;13.0;Mandag;08:50:00;08:40:00;10.000000000000044;09:02:00;08:35:00;26.999999999999986;09:37:00;09:00:00;37.00000000000003;09:42:00;09:17:00;24.999999999999993;;;24.999999999999993;23-03-2026_5731
;C32 ;5507.0;Alnabru;2026-03-23;13.0;Mandag;11:40:00;11:40:00;0.0;11:43:00;11:43:00;7.993605777301127e-14;12:18:00;12:00:00;18.000000000000096;12:23:00;12:15:00;8.000000000000131;;;8.000000000000131;23-03-2026_5507
;C42;45960.0;Alnabru;2026-03-23;13.0;Mandag;14:00:00;14:00:00;0.0;15:02:00;15:00:00;1.999999999999993;15:37:00;15:25:00;11.999999999999957;15:42:00;15:31:00;10.999999999999961;;;10.999999999999961;23-03-2026_45960
;C42;5707.0;Alnabru;2026-03-23;13.0;Mandag;16:20:00;16:20:00;0.0;16:32:00;16:30:00;1.999999999999993;17:07:00;16:52:00;15.000000000000107;17:12:00;17:02:00;9.999999999999964;;;9.999999999999964;23-03-2026_5707
;C32 ;5509.0;Alnabru;2026-03-23;13.0;Mandag;16:30:00;16:30:00;0.0;16:44:00;16:43:00;0.9999999999999964;17:19:00;16:52:00;27.000000000000064;17:24:00;17:06:00;17.999999999999936;;;17.999999999999936;23-03-2026_5509
;C44;41960.0;Alnabru;2026-03-23;13.0;Mandag;16:00:00;16:00:00;0.0;16:48:00;16:20:00;27.9999999999999;17:23:00;17:15:00;7.999999999999972;17:28:00;17:28:00;0.0;T20 - Trafikkstyring (TXP/Togleder);;0.0;23-03-2026_41960
;C2/C5A;41971.0;Alnabru;2026-03-23;13.0;Mandag;16:00:00;16:00:00;0.0;17:04:00;16:30:00;34.00000000000004;17:39:00;17:03:00;36.00000000000003;17:44:00;17:45:00;-0.9999999999999964;T20 - Trafikkstyring (TXP/Togleder);;-0.9999999999999964;23-03-2026_41971
;C45;5805.0;Alnabru;2026-03-23;13.0;Mandag;17:00:00;17:00:00;0.0;17:11:00;17:00:00;10.999999999999961;17:46:00;17:24:00;22.00000000000008;17:51:00;17:51:00;0.0;;;0.0;23-03-2026_5805
PRI-TOG;C23;41910.0;Alnabru;2026-03-23;13.0;Mandag;17:35:00;17:35:00;0.0;17:45:00;17:35:00;10.000000000000124;18:20:00;18:05:00;15.000000000000107;18:25:00;18:15:00;10.000000000000124;;;10.000000000000124;23-03-2026_41910
;C32;5511.0;Alnabru;2026-03-23;13.0;Mandag;18:40:00;18:57:00;-16.99999999999994;18:59:00;18:30:00;28.999999999999897;19:34:00;19:03:00;31.00000000000005;19:39:00;19:20:00;18.999999999999932;;;18.999999999999932;23-03-2026_5511
;C42;5733.0;Alnabru;2026-03-23;13.0;Mandag;19:20:00;19:20:00;0.0;19:30:00;19:30:00;0.0;20:05:00;19:53:00;11.999999999999957;20:10:00;20:00:00;9.999999999999964;;;9.999999999999964;23-03-2026_5733
PRI-TOG;C31;41900.0;Alnabru;2026-03-23;13.0;Mandag;19:40:00;19:40:00;0.0;19:46:00;19:40:00;5.999999999999979;20:21:00;19:52:00;29.000000000000057;20:26:00;20:16:00;9.999999999999964;;;9.999999999999964;23-03-2026_41900
LANGTOG;C43;5811.0;Alnabru;2026-03-23;13.0;Mandag;20:30:00;20:20:00;9.999999999999964;20:51:00;20:30:00;21.000000000000085;21:26:00;20:53:00;33.00000000000004;21:31:00;21:18:00;13.000000000000114;;;13.000000000000114;23-03-2026_5811
;C45;5709.0;Alnabru;2026-03-23;13.0;Mandag;21:00:00;20:40:00;19.99999999999993;21:02:00;20:30:00;32.00000000000004;21:37:00;21:07:00;30.000000000000053;21:42:00;21:20:00;22.00000000000008;;;22.00000000000008;23-03-2026_5709
LANGTOG;C32 ;5515.0;Alnabru;2026-03-23;13.0;Mandag;21:15:00;21:15:00;0.0;21:17:00;21:15:00;1.999999999999993;21:52:00;21:45:00;6.999999999999975;21:57:00;22:03:00;-5.999999999999979;T21 - R206 ikke klar i tide;Jeg varslet sent om laging av R206;-5.999999999999979;23-03-2026_5515
PRI-TOG;C23;5735.0;Alnabru;2026-03-23;13.0;Mandag;21:50:00;21:30:00;19.99999999999993;22:02:00;22:10:00;-8.000000000000131;22:37:00;22:14:00;22.99999999999992;22:42:00;22:33:00;8.999999999999968;;;8.999999999999968;23-03-2026_5735
Lastefristkl. 19:30 dag før avgang.;C45;5301.0;Alnabru;2026-03-24;13.0;Tirsdag;19:30:00;19:30:00;0.0;08:11:00;08:15:00;-3.999999999999986;08:46:00;08:46:00;7.993605777301127e-14;08:51:00;08:51:00;0.0;T11 - Endring av togstamme;Flytte stamme til ett tomt spor, bilvogner inn.;0.0;24-03-2026_5301
;C45;5801.0;Alnabru;2026-03-24;13.0;Tirsdag;08:50:00;09:15:00;-24.999999999999993;08:51:00;08:51:00;-7.993605777301127e-14;09:26:00;09:35:00;-9.000000000000048;09:31:00;09:48:00;-17.00000000000002;T28 - Sen lasting/lossing av kunde/underleverandør;Sen opplasting fra kran, for kort tid til å ta bremseprøve før avgang.;-17.00000000000002;24-03-2026_5801
PRI-TOG;C42;5731.0;Alnabru;2026-03-24;13.0;Tirsdag;08:50:00;08:50:00;0.0;09:02:00;09:00:00;1.999999999999993;09:37:00;09:25:00;12.000000000000037;09:42:00;09:42:00;0.0;;;0.0;24-03-2026_5731
;C32 ;5507.0;Alnabru;2026-03-24;13.0;Tirsdag;11:40:00;11:30:00;9.999999999999964;11:43:00;11:35:00;8.000000000000052;12:18:00;12:05:00;13.000000000000114;12:23:00;12:11:00;12.000000000000117;T3 - Lokfører;Endring på avgtid 12:08. Fører så ikke at opptak var lagt ut.;12.000000000000117;24-03-2026_5507
;C42;45960.0;Alnabru;2026-03-24;13.0;Tirsdag;14:00:00;;0.0;15:02:00;;0.0;15:37:00;;0.0;15:42:00;;0.0;T17 - Innstilt tog;;0.0;24-03-2026_45960
;C42;5707.0;Alnabru;2026-03-24;13.0;Tirsdag;16:20:00;16:20:00;0.0;16:32:00;16:30:00;1.999999999999993;17:07:00;17:00:00;6.999999999999975;17:12:00;17:06:00;5.999999999999979;;;5.999999999999979;24-03-2026_5707
;C32 ;5509.0;Alnabru;2026-03-24;13.0;Tirsdag;16:30:00;16:30:00;0.0;16:44:00;16:44:00;0.0;17:19:00;16:51:00;28.00000000000006;17:24:00;17:24:00;0.0;T2 - Nytt tognummer (Skriv det nye i kommentar);Ny rute 85509: 17:36. Avg: 17:36;0.0;24-03-2026_5509
;C44;41960.0;Alnabru;2026-03-24;13.0;Tirsdag;16:00:00;16:00:00;0.0;16:48:00;16:48:00;0.0;17:23:00;16:49:00;34.00000000000004;17:28:00;17:25:00;2.9999999999999893;;;2.9999999999999893;24-03-2026_41960
;C2/C5A;41971.0;Alnabru;2026-03-24;13.0;Tirsdag;16:00:00;16:00:00;0.0;17:04:00;17:00:00;3.999999999999986;17:39:00;17:20:00;19.000000000000092;17:44:00;17:25:00;19.000000000000092;;;19.000000000000092;24-03-2026_41971
;C45;5805.0;Alnabru;2026-03-24;13.0;Tirsdag;17:00:00;17:00:00;0.0;17:11:00;17:11:00;0.0;17:46:00;17:30:00;16.000000000000103;17:51:00;17:43:00;7.999999999999972;;;7.999999999999972;24-03-2026_5805
PRI-TOG;C23;41910.0;Alnabru;2026-03-24;13.0;Tirsdag;17:35:00;17:35:00;0.0;17:45:00;17:35:00;10.000000000000124;18:20:00;18:01:00;19.000000000000092;18:25:00;18:24:00;0.9999999999999964;;;0.9999999999999964;24-03-2026_41910
;C32 ;5511.0;Alnabru;2026-03-24;13.0;Tirsdag;18:40:00;18:40:00;0.0;18:59:00;18:40:00;18.999999999999932;19:34:00;19:01:00;33.00000000000004;19:39:00;19:14:00;24.99999999999991;;;24.99999999999991;24-03-2026_5511
;C42;5733.0;Alnabru;2026-03-24;13.0;Tirsdag;19:20:00;19:02:00;18.000000000000096;19:35:00;19:45:00;-9.999999999999964;20:05:00;19:55:00;9.999999999999964;20:10:00;20:01:00;8.999999999999968;T18 - Sent lok til stamme;;8.999999999999968;24-03-2026_5733
PRI-TOG;C31;41900.0;Alnabru;2026-03-24;13.0;Tirsdag;19:40:00;19:40:00;0.0;19:46:00;19:42:00;3.999999999999986;20:21:00;20:11:00;9.999999999999964;20:26:00;20:26:00;0.0;;;0.0;24-03-2026_41900
;C45;5709.0;Alnabru;2026-03-24;13.0;Tirsdag;21:00:00;20:15:00;45.0;21:02:00;20:00:00;61.99999999999994;21:37:00;20:32:00;65.00000000000009;21:42:00;21:15:00;27.000000000000064;;;27.000000000000064;24-03-2026_5709
LANGTOG;C43;5811.0;Alnabru;2026-03-24;13.0;Tirsdag;20:30:00;20:25:00;4.999999999999982;20:51:00;20:51:00;0.0;21:26:00;20:20:00;66.00000000000009;21:31:00;20:51:00;40.000000000000014;;;40.000000000000014;24-03-2026_5811
LANGTOG;C32 ;5515.0;Alnabru;2026-03-24;13.0;Tirsdag;21:15:00;21:15:00;0.0;21:17:00;21:15:00;1.999999999999993;21:52:00;21:30:00;21.999999999999922;21:57:00;21:52:00;4.999999999999982;;;4.999999999999982;24-03-2026_5515
PRI-TOG;C23;5735.0;Alnabru;2026-03-24;13.0;Tirsdag;21:50:00;21:50:00;0.0;22:02:00;21:30:00;31.999999999999886;22:37:00;22:00:00;37.00000000000003;22:42:00;22:16:00;25.999999999999908;;;25.999999999999908;24-03-2026_5735
;C32 Nord;5531.0;Alnabru;2026-03-25;13.0;Onsdag;07:50:00;07:50:00;0.0;07:43:00;07:43:00;-7.993605777301127e-14;08:18:00;;0.0;08:23:00;09:06:00;-43.00000000000001;T23 - Infrastruktur;Stamme måtte skiftes opp på G spor for avgang;-43.00000000000001;25-03-2026_5531
Lastefristkl. 19:30 dag før avgang.;C45;5301.0;Alnabru;2026-03-25;13.0;Onsdag;19:30:00;19:30:00;0.0;08:11:00;08:11:00;0.0;08:46:00;09:10:00;-23.999999999999915;08:51:00;09:14:00;-23.0;T23 - Infrastruktur;Stamme måtte skiftes opp på G spor for avgang;-23.0;25-03-2026_5301
;C45;5801.0;Alnabru;2026-03-25;13.0;Onsdag;08:50:00;09:30:00;-39.999999999999936;08:51:00;09:25:00;-34.00000000000004;09:26:00;09:50:00;-23.999999999999993;09:31:00;10:03:00;-32.00000000000004;T34 - Annen feil, forklaring i kommentarfelt;Transittgods fra ikea, Sent losset og når enheter er fremkjørt blir de booket om under opplasting.;-32.00000000000004;25-03-2026_5801
PRI-TOG;C42;5731.0;Alnabru;2026-03-25;13.0;Onsdag;08:50:00;09:15:00;-24.999999999999993;09:02:00;09:00:00;1.999999999999993;09:37:00;09:55:00;-17.999999999999936;09:42:00;10:02:00;-20.000000000000007;T34 - Annen feil, forklaring i kommentarfelt;Transittgods fra ikea, Sent losset og når enheter er fremkjørt blir de booket om under opplasting.;-20.000000000000007;25-03-2026_5731
;C32 ;5507.0;Alnabru;2026-03-25;13.0;Onsdag;11:40:00;11:35:00;4.999999999999982;11:43:00;11:00:00;43.000000000000085;12:18:00;12:00:00;18.000000000000096;12:23:00;12:19:00;4.000000000000146;;Endret avg tid 12:08. problemer med å legge ut opptak i connect.;4.000000000000146;25-03-2026_5507
;C42;45960.0;Alnabru;2026-03-25;13.0;Onsdag;14:00:00;;0.0;15:02:00;;0.0;15:37:00;;0.0;15:42:00;15:42:00;0.0;;;0.0;25-03-2026_45960
;C42;5707.0;Alnabru;2026-03-25;13.0;Onsdag;16:20:00;16:20:00;0.0;16:32:00;16:32:00;0.0;17:07:00;16:48:00;19.000000000000092;17:12:00;16:54:00;17.999999999999936;;;17.999999999999936;25-03-2026_5707
;C32 ;5509.0;Alnabru;2026-03-25;13.0;Onsdag;16:30:00;16:30:00;0.0;16:44:00;17:25:00;-41.000000000000014;17:19:00;17:35:00;-15.999999999999943;17:24:00;17:42:00;-18.000000000000096;T18 - Sent lok til stamme;;-18.000000000000096;25-03-2026_5509
;C44;41960.0;Alnabru;2026-03-25;13.0;Onsdag;16:00:00;16:00:00;0.0;16:48:00;16:05:00;43.00000000000001;17:23:00;17:00:00;22.99999999999992;17:28:00;17:13:00;14.999999999999947;;;14.999999999999947;25-03-2026_41960
;C2/C5A;41971.0;Alnabru;2026-03-25;13.0;Onsdag;16:00:00;16:00:00;0.0;17:04:00;17:03:00;0.9999999999999964;17:39:00;17:38:00;0.9999999999999964;17:44:00;17:45:00;-0.9999999999999964;;;-0.9999999999999964;25-03-2026_41971
;C45;5805.0;Alnabru;2026-03-25;13.0;Onsdag;17:00:00;17:00:00;0.0;17:11:00;17:10:00;0.9999999999999964;17:46:00;17:40:00;5.999999999999979;17:51:00;17:49:00;1.999999999999993;;;1.999999999999993;25-03-2026_5805
PRI-TOG;C23;41910.0;Alnabru;2026-03-25;13.0;Onsdag;17:35:00;17:35:00;0.0;17:45:00;17:15:00;30.000000000000053;18:20:00;17:40:00;40.000000000000014;18:25:00;17:46:00;39.00000000000002;;;39.00000000000002;25-03-2026_41910
;C32 ;5511.0;Alnabru;2026-03-25;13.0;Onsdag;18:40:00;18:40:00;0.0;18:59:00;19:27:00;-28.00000000000006;19:34:00;19:39:00;-4.999999999999982;19:39:00;19:39:00;0.0;T18 - Sent lok til stamme;;0.0;25-03-2026_5511
;C42;5733.0;Alnabru;2026-03-25;13.0;Onsdag;19:20:00;19:20:00;0.0;19:35:00;20:00:00;-25.00000000000007;20:05:00;20:15:00;-9.999999999999964;20:10:00;20:17:00;-6.999999999999975;T18 - Sent lok til stamme;Feilprioritering av bremsekontroll;-6.999999999999975;25-03-2026_5733
PRI-TOG;C31;41900.0;Alnabru;2026-03-25;13.0;Onsdag;19:40:00;19:40:00;0.0;19:46:00;19:46:00;0.0;20:21:00;20:20:00;0.9999999999999964;20:26:00;20:26:00;0.0;;;0.0;25-03-2026_41900
LANGTOG;C43;5811.0;Alnabru;2026-03-25;13.0;Onsdag;20:30:00;20:30:00;0.0;20:51:00;20:45:00;5.999999999999979;21:26:00;21:05:00;21.000000000000085;21:31:00;21:10:00;21.000000000000085;;;21.000000000000085;25-03-2026_5811
;C45;5709.0;Alnabru;2026-03-25;13.0;Onsdag;21:00:00;21:00:00;0.0;21:02:00;21:00:00;1.999999999999993;21:37:00;21:15:00;22.00000000000008;21:42:00;21:20:00;22.00000000000008;;;22.00000000000008;25-03-2026_5709
LANGTOG;C32 ;5515.0;Alnabru;2026-03-25;13.0;Onsdag;21:15:00;21:15:00;0.0;21:17:00;21:00:00;16.99999999999994;21:52:00;21:30:00;21.999999999999922;21:57:00;21:55:00;1.999999999999993;;;1.999999999999993;25-03-2026_5515
PRI-TOG;C23;5735.0;Alnabru;2026-03-25;13.0;Onsdag;21:50:00;21:50:00;0.0;22:02:00;21:45:00;16.99999999999994;22:37:00;21:58:00;39.00000000000002;22:42:00;22:35:00;6.999999999999975;;;6.999999999999975;25-03-2026_5735
Lastefristkl. 19:30 dag før avgang.;C45;5301.0;Alnabru;2026-03-26;13.0;Torsdag;19:30:00;19:30:00;0.0;08:11:00;08:11:00;0.0;08:46:00;09:20:00;-33.99999999999996;08:51:00;09:34:00;-43.00000000000001;T16 - Kø skifting;;-43.00000000000001;26-03-2026_5301
;C45;5801.0;Alnabru;2026-03-26;13.0;Torsdag;08:50:00;09:00:00;-9.999999999999964;08:51:00;08:50:00;0.9999999999999165;09:26:00;09:29:00;-2.9999999999999893;09:31:00;09:34:00;-3.0000000000000693;T12 - Mannskapsmangel;;-3.0000000000000693;26-03-2026_5801
PRI-TOG;C42;5731.0;Alnabru;2026-03-26;13.0;Torsdag;08:50:00;09:00:00;-9.999999999999964;09:02:00;09:00:00;1.999999999999993;09:37:00;09:19:00;18.000000000000014;09:42:00;09:30:00;12.000000000000037;;;12.000000000000037;26-03-2026_5731
;C32 ;5507.0;Alnabru;2026-03-26;13.0;Torsdag;11:40:00;11:40:00;0.0;11:43:00;11:30:00;13.000000000000034;12:18:00;12:12:00;6.0000000000001386;12:23:00;12:20:00;3.000000000000149;;;3.000000000000149;26-03-2026_5507
;C42;45960.0;Alnabru;2026-03-26;13.0;Torsdag;14:00:00;14:00:00;0.0;15:02:00;15:02:00;0.0;15:37:00;15:00:00;37.00000000000003;15:42:00;15:39:00;2.9999999999999893;;;2.9999999999999893;26-03-2026_45960
;C42;5707.0;Alnabru;2026-03-26;13.0;Torsdag;16:20:00;16:20:00;0.0;16:32:00;16:45:00;-12.999999999999954;17:07:00;16:50:00;17.0000000000001;17:12:00;17:12:00;0.0;;;0.0;26-03-2026_5707
;C32 ;5509.0;Alnabru;2026-03-26;13.0;Torsdag;16:30:00;16:30:00;0.0;16:44:00;16:48:00;-3.999999999999986;17:19:00;17:18:00;0.9999999999999964;17:24:00;17:21:00;2.9999999999999893;;;2.9999999999999893;26-03-2026_5509
;C44;41960.0;Alnabru;2026-03-26;13.0;Torsdag;16:00:00;16:00:00;0.0;16:48:00;16:30:00;17.999999999999936;17:23:00;17:28:00;-4.999999999999982;17:28:00;17:37:00;-8.999999999999968;T23 - Infrastruktur;Sammensetning av toget fra gamla;-8.999999999999968;26-03-2026_41960
;C2/C5A;41971.0;Alnabru;2026-03-26;13.0;Torsdag;16:00:00;17:20:00;-80.00000000000003;17:04:00;17:00:00;3.999999999999986;17:39:00;17:58:00;-18.999999999999932;17:44:00;18:03:00;-18.999999999999932;T23 - Infrastruktur;Lang venting for å få skiftet inn siste vogn i toget pga stengt Grefsenlinja;-18.999999999999932;26-03-2026_41971
;C45;5805.0;Alnabru;2026-03-26;13.0;Torsdag;17:00:00;17:00:00;0.0;17:11:00;17:11:00;0.0;17:46:00;17:30:00;16.000000000000103;17:51:00;17:49:00;1.999999999999993;;;1.999999999999993;26-03-2026_5805
PRI-TOG;C23;41910.0;Alnabru;2026-03-26;13.0;Torsdag;17:35:00;17:30:00;4.999999999999982;17:45:00;17:20:00;25.00000000000007;18:20:00;17:40:00;40.000000000000014;18:25:00;17:51:00;34.00000000000004;;;34.00000000000004;26-03-2026_41910
;C32 ;5511.0;Alnabru;2026-03-26;13.0;Torsdag;18:40:00;18:40:00;0.0;18:59:00;18:50:00;8.999999999999968;19:34:00;19:25:00;8.999999999999968;19:39:00;19:29:00;9.999999999999964;;;9.999999999999964;26-03-2026_5511
;C42;5733.0;Alnabru;2026-03-26;13.0;Torsdag;19:20:00;19:20:00;0.0;19:35:00;19:30:00;4.999999999999982;20:05:00;19:25:00;40.000000000000014;20:10:00;20:00:00;9.999999999999964;;;9.999999999999964;26-03-2026_5733
PRI-TOG;C31;41900.0;Alnabru;2026-03-26;13.0;Torsdag;19:40:00;19:40:00;0.0;19:46:00;19:46:00;0.0;20:21:00;20:15:00;5.999999999999979;20:26:00;20:24:00;1.999999999999993;;;1.999999999999993;26-03-2026_41900
;C45;5709.0;Alnabru;2026-03-26;13.0;Torsdag;21:00:00;21:00:00;0.0;21:02:00;20:20:00;42.000000000000014;21:37:00;21:00:00;37.00000000000003;21:42:00;21:15:00;27.000000000000064;;;27.000000000000064;26-03-2026_5709
LANGTOG;C43;5811.0;Alnabru;2026-03-26;13.0;Torsdag;20:30:00;20:30:00;0.0;20:51:00;20:20:00;31.00000000000005;21:26:00;20:35:00;51.00000000000014;21:31:00;20:45:00;46.0;;;46.0;26-03-2026_5811
LANGTOG;C32 ;5515.0;Alnabru;2026-03-26;13.0;Torsdag;21:15:00;21:15:00;0.0;21:17:00;21:15:00;1.999999999999993;21:52:00;21:35:00;16.99999999999994;21:57:00;21:57:00;0.0;;;0.0;26-03-2026_5515
PRI-TOG;C23;5735.0;Alnabru;2026-03-26;13.0;Torsdag;21:50:00;21:50:00;0.0;22:02:00;21:40:00;21.999999999999922;22:37:00;22:28:00;8.999999999999968;22:42:00;22:35:00;6.999999999999975;;;6.999999999999975;26-03-2026_5735
Lastefristkl. 19:30 dag før avgang.;C45;5301.0;Alnabru;2026-03-27;13.0;Fredag;19:30:00;19:30:00;0.0;08:11:00;08:08:00;2.9999999999999893;08:46:00;08:39:00;7.000000000000055;08:51:00;09:05:00;-13.99999999999995;T20 - Trafikkstyring (TXP/Togleder);;-13.99999999999995;27-03-2026_5301
;C45;5801.0;Alnabru;2026-03-27;13.0;Fredag;08:50:00;08:44:00;6.000000000000059;08:51:00;08:50:00;0.9999999999999165;09:26:00;09:13:00;12.999999999999954;09:31:00;09:31:00;0.0;;;0.0;27-03-2026_5801
PRI-TOG;C42;5731.0;Alnabru;2026-03-27;13.0;Fredag;08:50:00;09:30:00;-39.999999999999936;09:02:00;08:59:00;2.9999999999999893;09:37:00;09:58:00;-21.000000000000007;09:42:00;10:04:00;-22.0;T11 - Endring av togstamme;;-22.0;27-03-2026_5731
;C32 ;5507.0;Alnabru;2026-03-27;13.0;Fredag;11:40:00;11:38:00;1.999999999999993;11:43:00;11:41:00;2.000000000000073;12:18:00;11:55:00;23.000000000000078;12:23:00;12:18:00;5.000000000000142;;;5.000000000000142;27-03-2026_5507
;C42;45960.0;Alnabru;2026-03-27;13.0;Fredag;14:00:00;;0.0;15:02:00;;0.0;15:37:00;;0.0;15:42:00;15:08:00;34.00000000000004;;;34.00000000000004;27-03-2026_45960
;C32 ;5509.0;Alnabru;2026-03-27;13.0;Fredag;16:30:00;16:30:00;0.0;16:44:00;17:20:00;-36.00000000000003;17:19:00;17:29:00;-9.999999999999964;17:24:00;17:37:00;-12.999999999999954;T26 - Terminalforhold (Forklar nærmere i kommentar);Holdt igjen lokket for å få en champ i gamla for å laste SRE. Så bestilte lokket seg til feil spor, før den tilslutt kom riktig.;-12.999999999999954;27-03-2026_5509
;C2/C5A;41971.0;Alnabru;2026-03-27;13.0;Fredag;16:00:00;;0.0;17:04:00;;0.0;17:39:00;;0.0;17:44:00;;0.0;T17 - Innstilt tog;;0.0;27-03-2026_41971
;C45;5805.0;Alnabru;2026-03-27;13.0;Fredag;17:00:00;17:00:00;0.0;17:11:00;17:11:00;0.0;17:46:00;17:28:00;18.000000000000096;17:51:00;17:32:00;19.000000000000092;;;19.000000000000092;27-03-2026_5805
PRI-TOG;C23;41910.0;Alnabru;2026-03-27;13.0;Fredag;17:35:00;17:35:00;0.0;17:45:00;17:35:00;10.000000000000124;18:20:00;17:47:00;33.00000000000004;18:25:00;18:13:00;12.000000000000117;;;12.000000000000117;27-03-2026_41910
;C32 ;5511.0;Alnabru;2026-03-27;13.0;Fredag;18:40:00;18:40:00;0.0;18:59:00;18:55:00;3.999999999999986;19:34:00;19:10:00;23.999999999999915;19:39:00;19:20:00;18.999999999999932;;;18.999999999999932;27-03-2026_5511
;C42;5733.0;Alnabru;2026-03-27;13.0;Fredag;19:20:00;19:00:00;20.00000000000009;19:35:00;19:30:00;4.999999999999982;20:05:00;19:40:00;25.00000000000007;20:10:00;19:49:00;21.000000000000085;;;21.000000000000085;27-03-2026_5733
PRI-TOG;C31;41900.0;Alnabru;2026-03-27;13.0;Fredag;19:40:00;19:40:00;0.0;19:46:00;19:45:00;0.9999999999999964;20:21:00;20:16:00;4.999999999999982;20:26:00;20:36:00;-9.999999999999964;T20 - Trafikkstyring (TXP/Togleder);Klar fra oss i tide, uviss årsak.;-9.999999999999964;27-03-2026_41900
;C45;5709.0;Alnabru;2026-03-27;13.0;Fredag;21:00:00;20:30:00;30.000000000000053;21:02:00;20:45:00;16.99999999999994;21:37:00;20:47:00;49.999999999999986;21:42:00;21:17:00;25.00000000000007;;;25.00000000000007;27-03-2026_5709
LANGTOG;C43;5811.0;Alnabru;2026-03-27;13.0;Fredag;20:30:00;20:30:00;0.0;20:51:00;21:34:00;-43.00000000000001;21:26:00;21:52:00;-25.999999999999908;21:31:00;22:08:00;-37.00000000000003;T18 - Sent lok til stamme;;-37.00000000000003;27-03-2026_5811
LANGTOG;C32 ;5515.0;Alnabru;2026-03-27;13.0;Fredag;21:15:00;21:15:00;0.0;21:17:00;21:17:00;0.0;21:52:00;21:40:00;11.999999999999957;21:57:00;21:48:00;8.999999999999968;;;8.999999999999968;27-03-2026_5515
PRI-TOG;C23;5735.0;Alnabru;2026-03-27;13.0;Fredag;21:50:00;21:50:00;0.0;22:02:00;21:45:00;16.99999999999994;22:37:00;21:53:00;44.0;22:42:00;22:04:00;38.00000000000003;;;38.00000000000003;27-03-2026_5735
FORHÅNDSLASTES C32 FREDAG;C32 ;5737.0;Alnabru;2026-03-28;13.0;Lørdag;11:00:00;;0.0;11:02:00;;0.0;11:37:00;;0.0;11:42:00;;0.0;T17 - Innstilt tog;;0.0;28-03-2026_5737
;C44;41971.0;Alnabru;2026-03-28;13.0;Lørdag;13:30:00;12:00:00;90.0;17:04:00;16:20:00;44.0;17:39:00;16:35:00;64.00000000000009;17:44:00;16:44:00;60.00000000000011;;;60.00000000000011;28-03-2026_41971
PRI-TOG;C23;41910.0;Alnabru;2026-03-28;13.0;Lørdag;12:00:00;12:00:00;0.0;17:45:00;14:30:00;195.0000000000001;18:20:00;17:38:00;42.000000000000014;18:25:00;17:53:00;32.00000000000004;;;32.00000000000004;28-03-2026_41910
LASTEFRIST KL. 15:00 LØRDAG;C23;5711.0;Alnabru;2026-03-29;13.0;Søndag;14:30:00;00:01:00;869.0;07:27:00;07:00:00;26.999999999999986;08:02:00;07:20:00;42.000000000000014;08:07:00;07:28:00;39.00000000000002;;;39.00000000000002;29-03-2026_5711
Lastefrist 13:30 Søndag;C44;41960.0;Alnabru;2026-03-29;13.0;Søndag;13:30:00;00:01:00;809.0;16:48:00;09:10:00;458.0;17:23:00;09:55:00;448.0;17:28:00;11:22:00;366.0;T3 - Lokfører;Riktig AVG er 10:55 i dag ,81960;366.0;29-03-2026_41960
;C44;41971.0;Alnabru;2026-03-29;13.0;Søndag;13:30:00;13:00:00;30.000000000000053;17:04:00;15:39:00;85.00000000000001;17:39:00;15:47:00;112.00000000000009;17:44:00;16:05:00;99.00000000000013;;;99.00000000000013;29-03-2026_41971
LANGTOG;C32;5523.0;Alnabru;2026-03-29;13.0;Søndag;16:00:00;16:00:00;0.0;18:31:00;18:31:00;0.0;19:06:00;18:51:00;15.000000000000107;19:11:00;19:04:00;7.000000000000135;;;7.000000000000135;29-03-2026_5523
;C23;5717.0;Alnabru;2026-03-29;13.0;Søndag;16:00:00;16:00:00;0.0;18:57:00;15:18:00;219.00000000000003;19:32:00;18:00:00;92.0;19:37:00;16:04:00;213.00000000000006;;;213.00000000000006;29-03-2026_5717
LANGTOG;C43;5811.0;Alnabru;2026-03-29;13.0;Søndag;13:30:00;13:00:00;30.000000000000053;20:51:00;17:44:00;186.99999999999997;21:26:00;17:53:00;213.00000000000006;21:31:00;18:03:00;208.00000000000006;;Ut som 85811 AVG kl 18:35;208.00000000000006;29-03-2026_5811
;C32 Nord;5531.0;Alnabru;2026-03-30;14.0;Mandag;07:50:00;07:50:00;0.0;07:43:00;09:00:00;-77.00000000000004;08:18:00;09:15:00;-57.000000000000036;08:23:00;09:20:00;-57.000000000000036;T12 - Mannskapsmangel;Sykdom på fører.;-57.000000000000036;30-03-2026_5531
Lastefristkl. 19:30 dag før avgang.;C45;5301.0;Alnabru;2026-03-30;14.0;Mandag;19:30:00;;0.0;08:11:00;;0.0;08:46:00;;0.0;08:51:00;;0.0;T17 - Innstilt tog;;0.0;30-03-2026_5301
;C45;5801.0;Alnabru;2026-03-30;14.0;Mandag;08:50:00;08:50:00;0.0;08:51:00;09:00:00;-9.000000000000048;09:26:00;09:19:00;6.999999999999975;09:31:00;09:45:00;-14.00000000000003;T20 - Trafikkstyring (TXP/Togleder);Ny rute: 09:35;-14.00000000000003;30-03-2026_5801
PRI-TOG;C42;5731.0;Alnabru;2026-03-30;14.0;Mandag;08:50:00;08:50:00;0.0;09:02:00;09:12:00;-10.000000000000044;09:37:00;09:19:00;18.000000000000014;09:42:00;09:36:00;5.999999999999979;;;5.999999999999979;30-03-2026_5731
;C32 ;5507.0;Alnabru;2026-03-30;14.0;Mandag;11:40:00;11:40:00;0.0;11:43:00;11:43:00;7.993605777301127e-14;12:18:00;12:15:00;3.000000000000149;12:23:00;12:43:00;-19.99999999999993;T20 - Trafikkstyring (TXP/Togleder);Uvvist årsak;-19.99999999999993;30-03-2026_5507
;C42;45960.0;Alnabru;2026-03-30;14.0;Mandag;14:00:00;;0.0;15:02:00;;0.0;15:37:00;15:00:00;37.00000000000003;15:42:00;15:53:00;-10.999999999999961;T2 - Nytt tognummer (Skriv det nye i kommentar);Ny rute: 17:36;-10.999999999999961;30-03-2026_45960
;C42;5707.0;Alnabru;2026-03-30;14.0;Mandag;16:20:00;15:50:00;30.000000000000053;16:32:00;16:18:00;13.99999999999995;17:07:00;16:26:00;41.000000000000014;17:12:00;16:38:00;34.00000000000004;;;34.00000000000004;30-03-2026_5707
;C32 ;5509.0;Alnabru;2026-03-30;14.0;Mandag;16:30:00;;0.0;16:44:00;;0.0;17:19:00;;0.0;17:24:00;;0.0;T17 - Innstilt tog;;0.0;30-03-2026_5509
;C44;41960.0;Alnabru;2026-03-30;14.0;Mandag;16:00:00;15:18:00;42.000000000000014;16:48:00;16:18:00;29.999999999999893;17:23:00;16:48:00;35.000000000000036;17:28:00;16:51:00;37.00000000000003;;;37.00000000000003;30-03-2026_41960
;C2/C5A;41971.0;Alnabru;2026-03-30;14.0;Mandag;16:00:00;16:00:00;0.0;17:04:00;22:31:00;-326.99999999999994;17:39:00;22:40:00;-300.9999999999999;17:44:00;22:44:00;-299.9999999999999;T2 - Nytt tognummer (Skriv det nye i kommentar);Ny rute: 23:22;-299.9999999999999;30-03-2026_41971
;C45;5805.0;Alnabru;2026-03-30;14.0;Mandag;17:00:00;12:40:00;260.00000000000006;17:11:00;12:43:00;268.0;17:46:00;13:09:00;277.0;17:51:00;13:18:00;273.0;T2 - Nytt tognummer (Skriv det nye i kommentar);Ny rute: 13:23;273.0;30-03-2026_5805
PRI-TOG;C23;41910.0;Alnabru;2026-03-30;14.0;Mandag;17:35:00;16:41:00;53.99999999999997;17:45:00;17:32:00;13.000000000000114;18:20:00;17:43:00;37.00000000000003;18:25:00;17:56:00;29.000000000000057;T2 - Nytt tognummer (Skriv det nye i kommentar);Ny rute: 18:34;29.000000000000057;30-03-2026_41910
;C32;5511.0;Alnabru;2026-03-30;14.0;Mandag;18:40:00;18:40:00;0.0;18:59:00;18:51:00;7.999999999999972;19:34:00;19:00:00;34.00000000000004;19:39:00;19:26:00;12.999999999999954;;;12.999999999999954;30-03-2026_5511
;C42;5733.0;Alnabru;2026-03-30;14.0;Mandag;19:20:00;19:20:00;0.0;19:30:00;19:30:00;0.0;20:05:00;19:46:00;19.000000000000092;20:10:00;19:58:00;11.999999999999957;;;11.999999999999957;30-03-2026_5733
PRI-TOG;C31;41900.0;Alnabru;2026-03-30;14.0;Mandag;19:40:00;19:22:00;17.999999999999936;19:46:00;19:16:00;29.999999999999893;20:21:00;19:37:00;44.0;20:26:00;20:18:00;7.999999999999972;;;7.999999999999972;30-03-2026_41900
;C45;5709.0;Alnabru;2026-03-30;14.0;Mandag;21:00:00;20:38:00;21.999999999999922;21:02:00;20:13:00;48.999999999999986;21:37:00;20:40:00;56.99999999999996;21:42:00;20:52:00;49.999999999999986;;;49.999999999999986;30-03-2026_5709
LANGTOG;C43;5811.0;Alnabru;2026-03-30;14.0;Mandag;20:30:00;17:19:00;190.99999999999997;20:51:00;17:28:00;203.00000000000009;21:26:00;17:59:00;207.00000000000006;21:31:00;18:09:00;202.00000000000009;T2 - Nytt tognummer (Skriv det nye i kommentar);Ny rute: 18:16;202.00000000000009;30-03-2026_5811
LANGTOG;C32 ;5515.0;Alnabru;2026-03-30;14.0;Mandag;21:15:00;21:15:00;0.0;21:17:00;21:13:00;3.999999999999986;21:52:00;21:30:00;21.999999999999922;21:57:00;22:05:00;-7.999999999999972;T20 - Trafikkstyring (TXP/Togleder);;-7.999999999999972;30-03-2026_5515
PRI-TOG;C23;5735.0;Alnabru;2026-03-30;14.0;Mandag;21:50:00;21:50:00;0.0;22:02:00;21:27:00;34.99999999999987;22:37:00;21:52:00;45.0;22:42:00;22:03:00;39.00000000000002;;;39.00000000000002;30-03-2026_5735
Lastefristkl. 19:30 dag før avgang.;C45;5301.0;Alnabru;2026-03-31;14.0;Tirsdag;19:30:00;;0.0;08:11:00;;0.0;08:46:00;;0.0;08:51:00;;0.0;T17 - Innstilt tog;;0.0;31-03-2026_5301
;C45;5801.0;Alnabru;2026-03-31;14.0;Tirsdag;08:50:00;08:50:00;0.0;08:51:00;08:50:00;0.9999999999999165;09:26:00;09:12:00;13.99999999999995;09:31:00;09:31:00;0.0;;;0.0;31-03-2026_5801
PRI-TOG;C42;5731.0;Alnabru;2026-03-31;14.0;Tirsdag;08:50:00;08:50:00;0.0;09:02:00;09:55:00;-52.99999999999997;09:37:00;09:11:00;26.000000000000068;09:42:00;09:42:00;0.0;;;0.0;31-03-2026_5731
;C32 ;5507.0;Alnabru;2026-03-31;14.0;Tirsdag;11:40:00;11:40:00;;11:43:00;11:40:00;3.0000000000000693;12:18:00;12:03:00;15.000000000000107;12:23:00;12:07:00;16.000000000000103;;;16.000000000000103;31-03-2026_5507
;C42;45960.0;Alnabru;2026-03-31;14.0;Tirsdag;14:00:00;;0.0;15:02:00;;0.0;15:37:00;;0.0;15:42:00;15:21:00;21.000000000000085;;;21.000000000000085;31-03-2026_45960
;C42;5707.0;Alnabru;2026-03-31;14.0;Tirsdag;16:20:00;16:10:00;9.999999999999964;16:32:00;16:58:00;-26.000000000000068;17:07:00;17:04:00;2.9999999999999893;17:12:00;17:11:00;0.9999999999999964;T18 - Sent lok til stamme;;0.9999999999999964;31-03-2026_5707
;C32 ;5509.0;Alnabru;2026-03-31;14.0;Tirsdag;16:30:00;;0.0;16:44:00;;0.0;17:19:00;;0.0;17:24:00;;0.0;T17 - Innstilt tog;;0.0;31-03-2026_5509
;C44;41960.0;Alnabru;2026-03-31;14.0;Tirsdag;16:00:00;16:00:00;0.0;16:48:00;16:48:00;0.0;17:23:00;16:40:00;43.00000000000001;17:28:00;16:50:00;38.00000000000003;;;38.00000000000003;31-03-2026_41960
;C2/C5A;41971.0;Alnabru;2026-03-31;14.0;Tirsdag;16:00:00;16:34:00;-34.00000000000004;17:04:00;16:21:00;43.00000000000001;17:39:00;16:39:00;60.00000000000011;17:44:00;17:12:00;32.00000000000004;T24 - Optimalisering av togstamme;;32.00000000000004;31-03-2026_41971
;C45;5805.0;Alnabru;2026-03-31;14.0;Tirsdag;17:00:00;12:30:00;270.0;17:11:00;12:04:00;307.0;17:46:00;12:46:00;300.00000000000006;17:51:00;13:05:00;286.0000000000001;T2 - Nytt tognummer (Skriv det nye i kommentar);85805, Ny rute: 13:23;286.0000000000001;31-03-2026_5805
PRI-TOG;C23;41910.0;Alnabru;2026-03-31;14.0;Tirsdag;17:35:00;17:20:00;14.999999999999947;17:45:00;17:06:00;39.00000000000002;18:20:00;17:40:00;40.000000000000014;18:25:00;17:49:00;36.00000000000003;;;36.00000000000003;31-03-2026_41910
;C32 ;5511.0;Alnabru;2026-03-31;14.0;Tirsdag;18:40:00;18:40:00;0.0;18:59:00;18:28:00;30.99999999999989;19:34:00;18:49:00;45.0;19:39:00;19:10:00;28.999999999999897;;;28.999999999999897;31-03-2026_5511
;C42;5733.0;Alnabru;2026-03-31;14.0;Tirsdag;19:20:00;19:10:00;9.999999999999964;19:35:00;19:18:00;16.99999999999994;20:05:00;19:39:00;26.000000000000068;20:10:00;19:45:00;25.00000000000007;;;25.00000000000007;31-03-2026_5733
PRI-TOG;C31;41900.0;Alnabru;2026-03-31;14.0;Tirsdag;19:40:00;19:22:00;17.999999999999936;19:46:00;19:38:00;7.999999999999972;20:21:00;20:06:00;14.999999999999947;20:26:00;20:36:00;-9.999999999999964;;Riktig avg er 20:38 i Fido;-9.999999999999964;31-03-2026_41900
;C45;5709.0;Alnabru;2026-03-31;14.0;Tirsdag;21:00:00;20:44:00;15.999999999999943;21:02:00;19:51:00;71.00000000000007;21:37:00;20:56:00;41.000000000000014;21:42:00;21:03:00;39.00000000000002;;;39.00000000000002;31-03-2026_5709
LANGTOG;C43;5811.0;Alnabru;2026-03-31;14.0;Tirsdag;20:30:00;17:15:00;194.99999999999994;20:51:00;17:21:00;210.00000000000006;21:26:00;17:41:00;225.0;21:31:00;17:57:00;214.00000000000003;T2 - Nytt tognummer (Skriv det nye i kommentar); Riktig avg er 18:16;214.00000000000003;31-03-2026_5811
LANGTOG;C32 ;5515.0;Alnabru;2026-03-31;14.0;Tirsdag;21:15:00;21:15:00;0.0;21:17:00;20:52:00;24.99999999999991;21:52:00;21:28:00;23.999999999999915;21:57:00;21:51:00;5.999999999999979;;;5.999999999999979;31-03-2026_5515
PRI-TOG;C23;5735.0;Alnabru;2026-03-31;14.0;Tirsdag;21:50:00;21:50:00;0.0;22:02:00;20:35:00;87.00000000000001;22:37:00;22:12:00;24.99999999999991;22:42:00;22:19:00;22.99999999999992;;;22.99999999999992;31-03-2026_5735
;C32 Nord;5531.0;Alnabru;2026-04-01;14.0;Onsdag;07:50:00;;0.0;07:43:00;07:10:00;32.999999999999964;08:18:00;07:30:00;47.999999999999986;08:23:00;08:00:00;23.0;;;23.0;01-04-2026_5531
Lastefristkl. 19:30 dag før avgang.;C45;5301.0;Alnabru;2026-04-01;14.0;Onsdag;19:30:00;;0.0;08:11:00;;0.0;08:46:00;;0.0;08:51:00;;0.0;T17 - Innstilt tog;;0.0;01-04-2026_5301
;C45;5801.0;Alnabru;2026-04-01;14.0;Onsdag;08:50:00;;0.0;08:51:00;;0.0;09:26:00;;0.0;09:31:00;;0.0;T17 - Innstilt tog;;0.0;01-04-2026_5801
PRI-TOG;C42;5731.0;Alnabru;2026-04-01;14.0;Onsdag;08:50:00;08:50:00;0.0;09:02:00;09:00:00;1.999999999999993;09:37:00;09:10:00;27.000000000000064;09:42:00;09:21:00;21.000000000000007;;;21.000000000000007;01-04-2026_5731
;C32 ;5507.0;Alnabru;2026-04-01;14.0;Onsdag;11:40:00;11:40:00;0.0;11:43:00;11:40:00;3.0000000000000693;12:18:00;11:55:00;23.000000000000078;12:23:00;12:23:00;0.0;;;0.0;01-04-2026_5507
;C42;45960.0;Alnabru;2026-04-01;14.0;Onsdag;14:00:00;;0.0;15:02:00;;0.0;15:37:00;;0.0;15:42:00;15:07:00;35.000000000000036;;;35.000000000000036;01-04-2026_45960
;C42;5707.0;Alnabru;2026-04-01;14.0;Onsdag;16:20:00;;0.0;16:32:00;;0.0;17:07:00;;0.0;17:12:00;;0.0;T17 - Innstilt tog;;0.0;01-04-2026_5707
;C32 ;5509.0;Alnabru;2026-04-01;14.0;Onsdag;16:30:00;;0.0;16:44:00;;0.0;17:19:00;;0.0;17:24:00;;0.0;T17 - Innstilt tog;;0.0;01-04-2026_5509
;C44;41960.0;Alnabru;2026-04-01;14.0;Onsdag;16:00:00;16:35:00;-35.000000000000036;16:48:00;16:45:00;2.9999999999999893;17:23:00;17:08:00;14.999999999999947;17:28:00;17:18:00;9.999999999999964;T2 - Nytt tognummer (Skriv det nye i kommentar);Ariktig avg kl 17:36;9.999999999999964;01-04-2026_41960
;C2/C5A;41971.0;Alnabru;2026-04-01;14.0;Onsdag;16:00:00;16:08:00;-8.000000000000131;17:04:00;16:48:00;16.000000000000103;17:39:00;17:32:00;7.000000000000135;17:44:00;17:40:00;3.999999999999986;;;3.999999999999986;01-04-2026_41971
;C45;5805.0;Alnabru;2026-04-01;14.0;Onsdag;17:00:00;12:30:00;270.0;17:11:00;12:15:00;296.00000000000006;17:46:00;12:49:00;297.00000000000006;17:51:00;13:18:00;273.0;T2 - Nytt tognummer (Skriv det nye i kommentar);Ny rute: 13:23;273.0;01-04-2026_5805
PRI-TOG;C23;41910.0;Alnabru;2026-04-01;14.0;Onsdag;17:35:00;17:23:00;11.999999999999957;17:45:00;17:24:00;21.000000000000085;18:20:00;17:47:00;33.00000000000004;18:25:00;18:03:00;22.00000000000008;;;22.00000000000008;01-04-2026_41910
;C32 ;5511.0;Alnabru;2026-04-01;14.0;Onsdag;18:40:00;17:41:00;58.99999999999995;18:59:00;19:10:00;-11.00000000000012;19:34:00;19:20:00;13.99999999999995;19:39:00;19:33:00;5.999999999999979;;;5.999999999999979;01-04-2026_5511
;C42;5733.0;Alnabru;2026-04-01;14.0;Onsdag;19:20:00;19:15:00;4.999999999999982;19:35:00;19:27:00;7.999999999999972;20:05:00;19:31:00;34.00000000000004;20:10:00;19:45:00;25.00000000000007;;;25.00000000000007;01-04-2026_5733
PRI-TOG;C31;41900.0;Alnabru;2026-04-01;14.0;Onsdag;19:40:00;19:30:00;9.999999999999964;19:46:00;19:23:00;22.99999999999992;20:21:00;19:44:00;37.00000000000003;20:26:00;20:13:00;12.999999999999954;;Riktig avg er 20:38 i Fido;12.999999999999954;01-04-2026_41900
;C45;5709.0;Alnabru;2026-04-01;14.0;Onsdag;21:00:00;21:00:00;0.0;21:02:00;20:20:00;42.000000000000014;21:37:00;20:36:00;61.0000000000001;21:42:00;21:08:00;34.00000000000004;;;34.00000000000004;01-04-2026_5709
LANGTOG;C43;5811.0;Alnabru;2026-04-01;14.0;Onsdag;20:30:00;17:15:00;194.99999999999994;20:51:00;17:29:00;202.00000000000009;21:26:00;17:52:00;214.00000000000003;21:31:00;18:14:00;197.0000000000001;T2 - Nytt tognummer (Skriv det nye i kommentar);Riktig avg er 18:16;197.0000000000001;01-04-2026_5811
LANGTOG;C32 ;5515.0;Alnabru;2026-04-01;14.0;Onsdag;21:15:00;21:00:00;14.999999999999947;21:17:00;20:50:00;26.999999999999904;21:52:00;21:11:00;41.000000000000014;21:57:00;21:49:00;7.999999999999972;;;7.999999999999972;01-04-2026_5515
PRI-TOG;C23;5735.0;Alnabru;2026-04-01;14.0;Onsdag;21:50:00;20:03:00;106.99999999999994;22:02:00;21:28:00;33.99999999999988;22:37:00;21:32:00;64.99999999999993;22:42:00;22:03:00;39.00000000000002;;;39.00000000000002;01-04-2026_5735
Lastefristkl. 19:30 dag før avgang.;C45;5301.0;Alnabru;2026-04-02;14.0;Torsdag;19:30:00;;0.0;08:11:00;;0.0;08:46:00;;0.0;08:51:00;;0.0;;;0.0;02-04-2026_5301
;C45;5801.0;Alnabru;2026-04-02;14.0;Torsdag;08:50:00;;0.0;08:51:00;;0.0;09:26:00;;0.0;09:31:00;;0.0;;;0.0;02-04-2026_5801
PRI-TOG;C42;5731.0;Alnabru;2026-04-02;14.0;Torsdag;08:50:00;;0.0;09:02:00;;0.0;09:37:00;;0.0;09:42:00;;0.0;;;0.0;02-04-2026_5731
;C32 ;5507.0;Alnabru;2026-04-02;14.0;Torsdag;11:40:00;;0.0;11:43:00;;0.0;12:18:00;;0.0;12:23:00;;0.0;;;0.0;02-04-2026_5507
;C42;45960.0;Alnabru;2026-04-02;14.0;Torsdag;14:00:00;;0.0;15:02:00;;0.0;15:37:00;;0.0;15:42:00;;0.0;;;0.0;02-04-2026_45960
;C42;5707.0;Alnabru;2026-04-02;14.0;Torsdag;16:20:00;;0.0;16:32:00;;0.0;17:07:00;;0.0;17:12:00;;0.0;;;0.0;02-04-2026_5707
;C32 ;5509.0;Alnabru;2026-04-02;14.0;Torsdag;16:30:00;;0.0;16:44:00;;0.0;17:19:00;;0.0;17:24:00;;0.0;;;0.0;02-04-2026_5509
;C44;41960.0;Alnabru;2026-04-02;14.0;Torsdag;16:00:00;;0.0;16:48:00;;0.0;17:23:00;;0.0;17:28:00;;0.0;;;0.0;02-04-2026_41960
;C2/C5A;41971.0;Alnabru;2026-04-02;14.0;Torsdag;16:00:00;;0.0;17:04:00;;0.0;17:39:00;;0.0;17:44:00;;0.0;;;0.0;02-04-2026_41971
;C45;5805.0;Alnabru;2026-04-02;14.0;Torsdag;17:00:00;;0.0;17:11:00;;0.0;17:46:00;;0.0;17:51:00;;0.0;;;0.0;02-04-2026_5805
PRI-TOG;C23;41910.0;Alnabru;2026-04-02;14.0;Torsdag;17:35:00;;0.0;17:45:00;;0.0;18:20:00;;0.0;18:25:00;;0.0;;;0.0;02-04-2026_41910
;C32 ;5511.0;Alnabru;2026-04-02;14.0;Torsdag;18:40:00;;0.0;18:59:00;;0.0;19:34:00;;0.0;19:39:00;;0.0;;;0.0;02-04-2026_5511
;C42;5733.0;Alnabru;2026-04-02;14.0;Torsdag;19:20:00;;0.0;19:35:00;;0.0;20:05:00;;0.0;20:10:00;;0.0;;;0.0;02-04-2026_5733
PRI-TOG;C31;41900.0;Alnabru;2026-04-02;14.0;Torsdag;19:40:00;;0.0;19:46:00;;0.0;20:21:00;;0.0;20:26:00;;0.0;;;0.0;02-04-2026_41900
;C45;5709.0;Alnabru;2026-04-02;14.0;Torsdag;21:00:00;;0.0;21:02:00;;0.0;21:37:00;;0.0;21:42:00;;0.0;;;0.0;02-04-2026_5709
LANGTOG;C43;5811.0;Alnabru;2026-04-02;14.0;Torsdag;20:30:00;;0.0;20:51:00;;0.0;21:26:00;;0.0;21:31:00;;0.0;;;0.0;02-04-2026_5811
LANGTOG;C32 ;5515.0;Alnabru;2026-04-02;14.0;Torsdag;21:15:00;;0.0;21:17:00;;0.0;21:52:00;;0.0;21:57:00;;0.0;;;0.0;02-04-2026_5515
PRI-TOG;C23;5735.0;Alnabru;2026-04-02;14.0;Torsdag;21:50:00;;0.0;22:02:00;;0.0;22:37:00;;0.0;22:42:00;;0.0;;;0.0;02-04-2026_5735
Lastefristkl. 19:30 dag før avgang.;C45;5301.0;Alnabru;2026-04-03;14.0;Fredag;19:30:00;;0.0;08:11:00;;0.0;08:46:00;;0.0;08:51:00;;0.0;;;0.0;03-04-2026_5301
;C45;5801.0;Alnabru;2026-04-03;14.0;Fredag;08:50:00;;0.0;08:51:00;;0.0;09:26:00;;0.0;09:31:00;;0.0;;;0.0;03-04-2026_5801
PRI-TOG;C42;5731.0;Alnabru;2026-04-03;14.0;Fredag;08:50:00;;0.0;09:02:00;;0.0;09:37:00;;0.0;09:42:00;;0.0;;;0.0;03-04-2026_5731
;C32 ;5507.0;Alnabru;2026-04-03;14.0;Fredag;11:40:00;;0.0;11:43:00;;0.0;12:18:00;;0.0;12:23:00;;0.0;;;0.0;03-04-2026_5507
;C42;45960.0;Alnabru;2026-04-03;14.0;Fredag;14:00:00;;0.0;15:02:00;;0.0;15:37:00;;0.0;15:42:00;;0.0;;;0.0;03-04-2026_45960
;C32 ;5509.0;Alnabru;2026-04-03;14.0;Fredag;16:30:00;;0.0;16:44:00;;0.0;17:19:00;;0.0;17:24:00;;0.0;;;0.0;03-04-2026_5509
;C2/C5A;41971.0;Alnabru;2026-04-03;14.0;Fredag;16:00:00;;0.0;17:04:00;;0.0;17:39:00;;0.0;17:44:00;;0.0;;;0.0;03-04-2026_41971
;C45;5805.0;Alnabru;2026-04-03;14.0;Fredag;17:00:00;;0.0;17:11:00;;0.0;17:46:00;;0.0;17:51:00;;0.0;;;0.0;03-04-2026_5805
PRI-TOG;C23;41910.0;Alnabru;2026-04-03;14.0;Fredag;17:35:00;;0.0;17:45:00;;0.0;18:20:00;;0.0;18:25:00;;0.0;;;0.0;03-04-2026_41910
;C32 ;5511.0;Alnabru;2026-04-03;14.0;Fredag;18:40:00;;0.0;18:59:00;;0.0;19:34:00;;0.0;19:39:00;;0.0;;;0.0;03-04-2026_5511
;C42;5733.0;Alnabru;2026-04-03;14.0;Fredag;19:20:00;;0.0;19:35:00;;0.0;20:05:00;;0.0;20:10:00;;0.0;;;0.0;03-04-2026_5733
PRI-TOG;C31;41900.0;Alnabru;2026-04-03;14.0;Fredag;19:40:00;;0.0;19:46:00;;0.0;20:21:00;;0.0;20:26:00;;0.0;;;0.0;03-04-2026_41900
;C45;5709.0;Alnabru;2026-04-03;14.0;Fredag;21:00:00;;0.0;21:02:00;;0.0;21:37:00;;0.0;21:42:00;;0.0;;;0.0;03-04-2026_5709
LANGTOG;C43;5811.0;Alnabru;2026-04-03;14.0;Fredag;20:30:00;;0.0;20:51:00;;0.0;21:26:00;;0.0;21:31:00;;0.0;;;0.0;03-04-2026_5811
LANGTOG;C32 ;5515.0;Alnabru;2026-04-03;14.0;Fredag;21:15:00;;0.0;21:17:00;;0.0;21:52:00;;0.0;21:57:00;;0.0;;;0.0;03-04-2026_5515
PRI-TOG;C23;5735.0;Alnabru;2026-04-03;14.0;Fredag;21:50:00;;0.0;22:02:00;;0.0;22:37:00;;0.0;22:42:00;;0.0;;;0.0;03-04-2026_5735
FORHÅNDSLASTES C32 FREDAG;C32 ;5737.0;Alnabru;2026-04-04;14.0;Lørdag;11:00:00;;0.0;11:02:00;;0.0;11:37:00;;0.0;11:42:00;;0.0;T17 - Innstilt tog;;0.0;04-04-2026_5737
;C44;41971.0;Alnabru;2026-04-04;14.0;Lørdag;13:30:00;;0.0;17:04:00;;0.0;17:39:00;;0.0;17:44:00;;0.0;T17 - Innstilt tog;;0.0;04-04-2026_41971
PRI-TOG;C23;41910.0;Alnabru;2026-04-04;14.0;Lørdag;12:00:00;;0.0;17:45:00;;0.0;18:20:00;;0.0;18:25:00;;0.0;T17 - Innstilt tog;;0.0;04-04-2026_41910
LASTEFRIST KL. 15:00 LØRDAG;C23;5711.0;Alnabru;2026-04-05;14.0;Søndag;14:30:00;;0.0;07:27:00;;0.0;08:02:00;;0.0;08:07:00;;0.0;T17 - Innstilt tog;;0.0;05-04-2026_5711
Lastefrist 13:30 Søndag;C44;41960.0;Alnabru;2026-04-05;14.0;Søndag;13:30:00;;0.0;16:48:00;;0.0;17:23:00;;0.0;17:28:00;;0.0;T17 - Innstilt tog;;0.0;05-04-2026_41960
;C44;41971.0;Alnabru;2026-04-05;14.0;Søndag;13:30:00;;0.0;17:04:00;;0.0;17:39:00;;0.0;17:44:00;;0.0;T17 - Innstilt tog;;0.0;05-04-2026_41971
LANGTOG;C32;5523.0;Alnabru;2026-04-05;14.0;Søndag;16:00:00;;0.0;18:31:00;;0.0;19:06:00;;0.0;19:11:00;;0.0;T17 - Innstilt tog;;0.0;05-04-2026_5523
;C23;5717.0;Alnabru;2026-04-05;14.0;Søndag;16:00:00;;0.0;18:57:00;;0.0;19:32:00;;0.0;19:37:00;;0.0;T17 - Innstilt tog;;0.0;05-04-2026_5717
LANGTOG;C43;5811.0;Alnabru;2026-04-05;14.0;Søndag;13:30:00;;0.0;20:51:00;;0.0;21:26:00;;0.0;21:31:00;;0.0;T17 - Innstilt tog;;0.0;05-04-2026_5811
;C32 Nord;5531.0;Alnabru;2026-04-06;15.0;Mandag;07:50:00;;0.0;07:43:00;;0.0;08:18:00;;0.0;08:23:00;;0.0;T17 - Innstilt tog;;0.0;06-04-2026_5531
Lastefristkl. 19:30 dag før avgang.;C45;5301.0;Alnabru;2026-04-06;15.0;Mandag;19:30:00;;0.0;08:11:00;;0.0;08:46:00;;0.0;08:51:00;;0.0;T17 - Innstilt tog;;0.0;06-04-2026_5301
;C45;5801.0;Alnabru;2026-04-06;15.0;Mandag;08:50:00;;0.0;08:51:00;;0.0;09:26:00;;0.0;09:31:00;;0.0;T17 - Innstilt tog;;0.0;06-04-2026_5801
PRI-TOG;C42;5731.0;Alnabru;2026-04-06;15.0;Mandag;08:50:00;;0.0;09:02:00;;0.0;09:37:00;;0.0;09:42:00;;0.0;T17 - Innstilt tog;;0.0;06-04-2026_5731
;C32 ;5507.0;Alnabru;2026-04-06;15.0;Mandag;11:40:00;;0.0;11:43:00;;0.0;12:18:00;;0.0;12:23:00;;0.0;T17 - Innstilt tog;;0.0;06-04-2026_5507
;C42;45960.0;Alnabru;2026-04-06;15.0;Mandag;14:00:00;;0.0;15:02:00;;0.0;15:37:00;;0.0;15:42:00;;0.0;T17 - Innstilt tog;;0.0;06-04-2026_45960
;C42;5707.0;Alnabru;2026-04-06;15.0;Mandag;16:20:00;16:00:00;20.00000000000009;16:32:00;16:30:00;1.999999999999993;17:07:00;16:45:00;22.00000000000008;17:12:00;16:46:00;26.000000000000068;;;26.000000000000068;06-04-2026_5707
;C32 ;5509.0;Alnabru;2026-04-06;15.0;Mandag;16:30:00;;0.0;16:44:00;;0.0;17:19:00;;0.0;17:24:00;;0.0;T17 - Innstilt tog;;0.0;06-04-2026_5509
;C44;41960.0;Alnabru;2026-04-06;15.0;Mandag;16:00:00;;0.0;16:48:00;;0.0;17:23:00;;0.0;17:28:00;;0.0;T17 - Innstilt tog;;0.0;06-04-2026_41960
;C2/C5A;41971.0;Alnabru;2026-04-06;15.0;Mandag;16:00:00;;0.0;17:04:00;;0.0;17:39:00;;0.0;17:44:00;;0.0;T17 - Innstilt tog;;0.0;06-04-2026_41971
;C45;5805.0;Alnabru;2026-04-06;15.0;Mandag;17:00:00;;0.0;17:11:00;;0.0;17:46:00;;0.0;17:51:00;;0.0;T17 - Innstilt tog;;0.0;06-04-2026_5805
PRI-TOG;C23;41910.0;Alnabru;2026-04-06;15.0;Mandag;17:35:00;;0.0;17:45:00;;0.0;18:20:00;;0.0;18:25:00;;0.0;T17 - Innstilt tog;;0.0;06-04-2026_41910
;C32;5511.0;Alnabru;2026-04-06;15.0;Mandag;18:40:00;;0.0;18:59:00;;0.0;19:34:00;;0.0;19:39:00;;0.0;T17 - Innstilt tog;;0.0;06-04-2026_5511
;C42;5733.0;Alnabru;2026-04-06;15.0;Mandag;19:20:00;;0.0;19:30:00;;0.0;20:05:00;;0.0;20:10:00;;0.0;T17 - Innstilt tog;;0.0;06-04-2026_5733
PRI-TOG;C31;41900.0;Alnabru;2026-04-06;15.0;Mandag;19:40:00;15:00:00;279.99999999999994;19:46:00;19:00:00;46.0;20:21:00;19:10:00;70.99999999999991;20:26:00;19:46:00;40.000000000000014;;;40.000000000000014;06-04-2026_41900
;C45;5709.0;Alnabru;2026-04-06;15.0;Mandag;21:00:00;;0.0;21:02:00;;0.0;21:37:00;;0.0;21:42:00;;0.0;T17 - Innstilt tog;;0.0;06-04-2026_5709
LANGTOG;C43;5811.0;Alnabru;2026-04-06;15.0;Mandag;20:30:00;13:30:00;419.99999999999994;20:51:00;20:50:00;0.9999999999999964;21:26:00;20:00:00;86.00000000000001;21:31:00;21:00:00;31.00000000000005;;;31.00000000000005;06-04-2026_5811
LANGTOG;C32 ;5515.0;Alnabru;2026-04-06;15.0;Mandag;21:15:00;;0.0;21:17:00;;0.0;21:52:00;;0.0;21:57:00;;0.0;T17 - Innstilt tog;;0.0;06-04-2026_5515
PRI-TOG;C23;5735.0;Alnabru;2026-04-06;15.0;Mandag;21:50:00;;0.0;22:02:00;;0.0;22:37:00;;0.0;22:42:00;;0.0;T17 - Innstilt tog;;0.0;06-04-2026_5735
Lastefristkl. 19:30 dag før avgang.;C45;5301.0;Alnabru;2026-04-07;15.0;Tirsdag;19:30:00;19:30:00;0.0;08:11:00;07:58:00;13.000000000000034;08:46:00;08:14:00;32.00000000000004;08:51:00;08:51:00;0.0;;;0.0;07-04-2026_5301
;C45;5801.0;Alnabru;2026-04-07;15.0;Tirsdag;08:50:00;08:50:00;0.0;08:51:00;08:44:00;6.999999999999975;09:26:00;09:19:00;6.999999999999975;09:31:00;09:29:00;1.999999999999993;;;1.999999999999993;07-04-2026_5801
PRI-TOG;C42;5731.0;Alnabru;2026-04-07;15.0;Tirsdag;08:50:00;08:50:00;0.0;09:02:00;09:37:00;-35.000000000000036;09:37:00;09:45:00;-7.999999999999972;09:42:00;09:50:00;-7.999999999999972;T18 - Sent lok til stamme;;-7.999999999999972;07-04-2026_5731
;C32 ;5507.0;Alnabru;2026-04-07;15.0;Tirsdag;11:40:00;11:30:00;9.999999999999964;11:43:00;11:31:00;12.000000000000037;12:18:00;11:56:00;22.00000000000008;12:23:00;12:17:00;6.0000000000001386;;;6.0000000000001386;07-04-2026_5507
;C42;45960.0;Alnabru;2026-04-07;15.0;Tirsdag;14:00:00;14:00:00;0.0;15:02:00;15:00:00;1.999999999999993;15:37:00;15:20:00;17.0000000000001;15:42:00;15:37:00;4.999999999999982;;;4.999999999999982;07-04-2026_45960
;C42;5707.0;Alnabru;2026-04-07;15.0;Tirsdag;16:20:00;16:20:00;0.0;16:32:00;16:22:00;9.999999999999964;17:07:00;16:35:00;32.00000000000004;17:12:00;16:57:00;14.999999999999947;;;14.999999999999947;07-04-2026_5707
;C32 ;5509.0;Alnabru;2026-04-07;15.0;Tirsdag;16:30:00;16:30:00;0.0;16:44:00;16:50:00;-5.999999999999979;17:19:00;16:45:00;34.00000000000004;17:24:00;;0.0;T17 - Innstilt tog;Brann på BB;0.0;07-04-2026_5509
;C44;41960.0;Alnabru;2026-04-07;15.0;Tirsdag;16:00:00;14:00:00;119.99999999999989;16:48:00;16:40:00;7.999999999999972;17:23:00;17:10:00;12.999999999999954;17:28:00;17:28:00;0.0;;;0.0;07-04-2026_41960
;C2/C5A;41971.0;Alnabru;2026-04-07;15.0;Tirsdag;16:00:00;16:00:00;0.0;17:04:00;16:50:00;14.00000000000011;17:39:00;16:20:00;79.00000000000004;17:44:00;17:44:00;0.0;;;0.0;07-04-2026_41971
;C45;5805.0;Alnabru;2026-04-07;15.0;Tirsdag;17:00:00;16:46:00;14.00000000000011;17:11:00;16:52:00;19.000000000000092;17:46:00;17:10:00;36.00000000000003;17:51:00;17:50:00;0.9999999999999964;;;0.9999999999999964;07-04-2026_5805
PRI-TOG;C23;41910.0;Alnabru;2026-04-07;15.0;Tirsdag;17:35:00;17:35:00;0.0;17:45:00;17:45:00;0.0;18:20:00;17:51:00;29.000000000000057;18:25:00;17:58:00;27.000000000000064;;;27.000000000000064;07-04-2026_41910
;C32 ;5511.0;Alnabru;2026-04-07;15.0;Tirsdag;18:40:00;18:50:00;-9.999999999999964;18:59:00;;0.0;19:34:00;;0.0;19:39:00;;0.0;T17 - Innstilt tog;Brann på BB;0.0;07-04-2026_5511
;C42;5733.0;Alnabru;2026-04-07;15.0;Tirsdag;19:20:00;19:20:00;0.0;19:35:00;19:30:00;4.999999999999982;20:05:00;19:46:00;19.000000000000092;20:10:00;19:50:00;20.00000000000009;;;20.00000000000009;07-04-2026_5733
PRI-TOG;C31;41900.0;Alnabru;2026-04-07;15.0;Tirsdag;19:40:00;19:40:00;0.0;19:46:00;19:20:00;25.999999999999908;20:21:00;19:55:00;25.999999999999908;20:26:00;20:18:00;7.999999999999972;;;7.999999999999972;07-04-2026_41900
;C45;5709.0;Alnabru;2026-04-07;15.0;Tirsdag;21:00:00;21:00:00;0.0;21:02:00;20:00:00;61.99999999999994;21:37:00;21:20:00;17.0000000000001;21:42:00;21:25:00;16.99999999999994;;;16.99999999999994;07-04-2026_5709
LANGTOG;C43;5811.0;Alnabru;2026-04-07;15.0;Tirsdag;20:30:00;20:25:00;4.999999999999982;20:51:00;21:46:00;-54.999999999999964;21:26:00;21:00:00;26.000000000000068;21:31:00;22:27:00;-55.99999999999996;T18 - Sent lok til stamme;;-55.99999999999996;07-04-2026_5811
LANGTOG;C32 ;5515.0;Alnabru;2026-04-07;15.0;Tirsdag;21:15:00;;0.0;21:17:00;;0.0;21:52:00;;0.0;21:57:00;;0.0;T17 - Innstilt tog;Brann BB;0.0;07-04-2026_5515
PRI-TOG;C23;5735.0;Alnabru;2026-04-07;15.0;Tirsdag;21:50:00;21:50:00;0.0;22:02:00;22:05:00;-2.9999999999999893;22:37:00;22:12:00;24.99999999999991;22:42:00;22:42:00;0.0;;;0.0;07-04-2026_5735
;C32 Nord;5531.0;Alnabru;2026-04-08;15.0;Onsdag;07:50:00;07:50:00;0.0;07:43:00;07:42:00;0.9999999999999165;08:18:00;08:02:00;16.00000000000002;08:23:00;09:14:00;-51.00000000000006;T21 - R206 ikke klar i tide;;-51.00000000000006;08-04-2026_5531
Lastefristkl. 19:30 dag før avgang.;C45;5301.0;Alnabru;2026-04-08;15.0;Onsdag;19:30:00;19:30:00;0.0;08:11:00;08:08:00;2.9999999999999893;08:46:00;08:31:00;15.000000000000027;08:51:00;09:08:00;-16.99999999999994;;;-16.99999999999994;08-04-2026_5301
;C45;5801.0;Alnabru;2026-04-08;15.0;Onsdag;08:50:00;09:18:00;-27.99999999999998;08:51:00;08:32:00;18.999999999999932;09:26:00;09:32:00;-5.999999999999979;09:31:00;09:53:00;-22.0;;Opplasting/Måtte ta av en enhet overvekt;-22.0;08-04-2026_5801
PRI-TOG;C42;5731.0;Alnabru;2026-04-08;15.0;Onsdag;08:50:00;09:06:00;-15.999999999999943;09:02:00;08:52:00;9.999999999999964;09:37:00;09:16:00;21.000000000000007;09:42:00;09:23:00;19.000000000000014;T24 - Optimalisering av togstamme;;19.000000000000014;08-04-2026_5731
;C32 ;5507.0;Alnabru;2026-04-08;15.0;Onsdag;11:40:00;;0.0;11:43:00;;0.0;12:18:00;;0.0;12:23:00;;0.0;T17 - Innstilt tog;;0.0;08-04-2026_5507
;C42;45960.0;Alnabru;2026-04-08;15.0;Onsdag;14:00:00;12:00:00;120.00000000000006;15:02:00;14:40:00;21.999999999999922;15:37:00;15:00:00;37.00000000000003;15:42:00;15:08:00;34.00000000000004;;;34.00000000000004;08-04-2026_45960
;C42;5707.0;Alnabru;2026-04-08;15.0;Onsdag;16:20:00;16:40:00;-19.99999999999993;16:32:00;16:30:00;1.999999999999993;17:07:00;16:57:00;9.999999999999964;17:12:00;17:02:00;9.999999999999964;;;9.999999999999964;08-04-2026_5707
;C32 ;5509.0;Alnabru;2026-04-08;15.0;Onsdag;16:30:00;13:00:00;210.00000000000006;16:44:00;21:45:00;-301.00000000000006;17:19:00;22:16:00;-297.00000000000006;17:24:00;;0.0;T23 - Infrastruktur;BB stengt;0.0;08-04-2026_5509
;C44;41960.0;Alnabru;2026-04-08;15.0;Onsdag;16:00:00;16:00:00;0.0;16:48:00;16:45:00;2.9999999999999893;17:23:00;17:23:00;0.0;17:28:00;17:33:00;-4.999999999999982;T20 - Trafikkstyring (TXP/Togleder);;-4.999999999999982;08-04-2026_41960
;C2/C5A;41971.0;Alnabru;2026-04-08;15.0;Onsdag;16:00:00;16:00:00;0.0;17:04:00;17:00:00;3.999999999999986;17:39:00;17:20:00;19.000000000000092;17:44:00;18:02:00;-17.999999999999936;;Uviss årsak. Klar i god tid fra terminal.;-17.999999999999936;08-04-2026_41971
;C45;5805.0;Alnabru;2026-04-08;15.0;Onsdag;17:00:00;17:00:00;0.0;17:11:00;17:05:00;5.999999999999979;17:46:00;17:30:00;16.000000000000103;17:51:00;17:49:00;1.999999999999993;;;1.999999999999993;08-04-2026_5805
PRI-TOG;C23;41910.0;Alnabru;2026-04-08;15.0;Onsdag;17:35:00;17:35:00;0.0;17:45:00;17:40:00;4.999999999999982;18:20:00;17:50:00;30.000000000000053;18:25:00;18:10:00;15.000000000000107;;;15.000000000000107;08-04-2026_41910
;C32 ;5511.0;Alnabru;2026-04-08;15.0;Onsdag;18:40:00;;0.0;18:59:00;21:55:00;-176.0;19:34:00;22:00:00;-145.99999999999997;19:39:00;;0.0;T23 - Infrastruktur;BB stengt;0.0;08-04-2026_5511
;C42;5733.0;Alnabru;2026-04-08;15.0;Onsdag;19:20:00;19:00:00;20.00000000000009;19:35:00;19:30:00;4.999999999999982;20:05:00;19:43:00;22.00000000000008;20:10:00;19:58:00;11.999999999999957;;;11.999999999999957;08-04-2026_5733
PRI-TOG;C31;41900.0;Alnabru;2026-04-08;15.0;Onsdag;19:40:00;19:40:00;0.0;19:46:00;20:20:00;-34.00000000000004;20:21:00;20:24:00;-2.9999999999999893;20:26:00;20:29:00;-2.9999999999999893;T18 - Sent lok til stamme;;-2.9999999999999893;08-04-2026_41900
;C45;5709.0;Alnabru;2026-04-08;15.0;Onsdag;21:00:00;21:00:00;0.0;21:02:00;21:00:00;1.999999999999993;21:37:00;21:20:00;17.0000000000001;21:42:00;21:28:00;13.99999999999995;;;13.99999999999995;08-04-2026_5709
LANGTOG;C43;5811.0;Alnabru;2026-04-08;15.0;Onsdag;20:30:00;20:30:00;0.0;20:51:00;20:51:00;0.0;21:26:00;20:50:00;36.00000000000003;21:31:00;21:14:00;17.0000000000001;;;17.0000000000001;08-04-2026_5811
LANGTOG;C32 ;5515.0;Alnabru;2026-04-08;15.0;Onsdag;21:15:00;;0.0;21:17:00;;0.0;21:52:00;;0.0;21:57:00;;0.0;T17 - Innstilt tog;;0.0;08-04-2026_5515
PRI-TOG;C23;5735.0;Alnabru;2026-04-08;15.0;Onsdag;21:50:00;21:40:00;9.999999999999964;22:02:00;21:30:00;31.999999999999886;22:37:00;21:50:00;46.99999999999999;22:42:00;22:05:00;37.00000000000003;;;37.00000000000003;08-04-2026_5735
Lastefristkl. 19:30 dag før avgang.;C45;5301.0;Alnabru;2026-04-09;15.0;Torsdag;19:30:00;19:30:00;0.0;08:11:00;08:11:00;0.0;08:46:00;08:35:00;11.00000000000004;08:51:00;08:51:00;0.0;;;0.0;09-04-2026_5301
;C45;5801.0;Alnabru;2026-04-09;15.0;Torsdag;08:50:00;08:55:00;-4.999999999999982;08:51:00;08:51:00;-7.993605777301127e-14;09:26:00;09:18:00;7.999999999999972;09:31:00;09:28:00;2.9999999999999893;;;2.9999999999999893;09-04-2026_5801
PRI-TOG;C42;5731.0;Alnabru;2026-04-09;15.0;Torsdag;08:50:00;08:50:00;0.0;09:02:00;09:02:00;0.0;09:37:00;09:15:00;22.0;09:42:00;09:22:00;20.000000000000007;;;20.000000000000007;09-04-2026_5731
;C32 ;5507.0;Alnabru;2026-04-09;15.0;Torsdag;11:40:00;12:00:00;-20.000000000000007;11:43:00;11:43:00;7.993605777301127e-14;12:18:00;12:20:00;-1.999999999999833;12:23:00;12:27:00;-3.999999999999986;T28 - Sen lasting/lossing av kunde/underleverandør;sent opp til lossing, forsinket opplasting med ca 20 min.;-3.999999999999986;09-04-2026_5507
;C42;45960.0;Alnabru;2026-04-09;15.0;Torsdag;14:00:00;12:00:00;120.00000000000006;15:02:00;15:02:00;0.0;15:37:00;15:55:00;-17.999999999999936;15:42:00;16:07:00;-24.99999999999991;T34 - Annen feil, forklaring i kommentarfelt;Stod igjen skifting fra tidlig. Pga generisk kontroll.;-24.99999999999991;09-04-2026_45960
;C42;5707.0;Alnabru;2026-04-09;15.0;Torsdag;16:20:00;16:20:00;0.0;16:32:00;16:30:00;1.999999999999993;17:07:00;16:50:00;17.0000000000001;17:12:00;16:55:00;16.99999999999994;;;16.99999999999994;09-04-2026_5707
;C32 ;5509.0;Alnabru;2026-04-09;15.0;Torsdag;16:30:00;16:30:00;0.0;16:44:00;16:44:00;0.0;17:19:00;17:00:00;18.999999999999932;17:24:00;17:17:00;6.999999999999975;;;6.999999999999975;09-04-2026_5509
;C44;41960.0;Alnabru;2026-04-09;15.0;Torsdag;16:00:00;16:00:00;0.0;16:48:00;16:20:00;27.9999999999999;17:23:00;17:22:00;0.9999999999999964;17:28:00;17:25:00;2.9999999999999893;;;2.9999999999999893;09-04-2026_41960
;C2/C5A;41971.0;Alnabru;2026-04-09;15.0;Torsdag;16:00:00;16:00:00;0.0;17:04:00;17:00:00;3.999999999999986;17:39:00;17:15:00;24.000000000000075;17:44:00;17:40:00;3.999999999999986;;;3.999999999999986;09-04-2026_41971
;C45;5805.0;Alnabru;2026-04-09;15.0;Torsdag;17:00:00;17:05:00;-4.999999999999982;17:11:00;16:55:00;15.999999999999943;17:46:00;17:30:00;16.000000000000103;17:51:00;17:42:00;8.999999999999968;;;8.999999999999968;09-04-2026_5805
PRI-TOG;C23;41910.0;Alnabru;2026-04-09;15.0;Torsdag;17:35:00;17:25:00;9.999999999999964;17:45:00;17:40:00;4.999999999999982;18:20:00;18:00:00;20.00000000000009;18:25:00;18:10:00;15.000000000000107;;;15.000000000000107;09-04-2026_41910
;C32 ;5511.0;Alnabru;2026-04-09;15.0;Torsdag;18:40:00;18:45:00;-4.999999999999982;18:59:00;19:15:00;-16.000000000000103;19:34:00;19:10:00;23.999999999999915;19:39:00;19:39:00;0.0;T18 - Sent lok til stamme;;0.0;09-04-2026_5511
;C42;5733.0;Alnabru;2026-04-09;15.0;Torsdag;19:20:00;19:30:00;-9.999999999999964;19:35:00;19:30:00;4.999999999999982;20:05:00;19:50:00;15.000000000000107;20:10:00;20:10:00;0.0;;;0.0;09-04-2026_5733
PRI-TOG;C31;41900.0;Alnabru;2026-04-09;15.0;Torsdag;19:40:00;19:30:00;9.999999999999964;19:46:00;19:45:00;0.9999999999999964;20:21:00;19:55:00;25.999999999999908;20:26:00;20:17:00;8.999999999999968;;;8.999999999999968;09-04-2026_41900
;C45;5709.0;Alnabru;2026-04-09;15.0;Torsdag;21:00:00;21:00:00;0.0;21:02:00;21:00:00;1.999999999999993;21:37:00;21:10:00;27.000000000000064;21:42:00;21:18:00;24.000000000000075;;;24.000000000000075;09-04-2026_5709
LANGTOG;C43;5811.0;Alnabru;2026-04-09;15.0;Torsdag;20:30:00;20:30:00;0.0;20:51:00;20:35:00;16.000000000000103;21:26:00;20:50:00;36.00000000000003;21:31:00;21:01:00;30.000000000000053;;;30.000000000000053;09-04-2026_5811
LANGTOG;C32 ;5515.0;Alnabru;2026-04-09;15.0;Torsdag;21:15:00;21:30:00;-15.000000000000107;21:17:00;21:00:00;16.99999999999994;21:52:00;21:45:00;6.999999999999975;21:57:00;22:00:00;-2.9999999999999893;T20 - Trafikkstyring (TXP/Togleder);;-2.9999999999999893;09-04-2026_5515
PRI-TOG;C23;5735.0;Alnabru;2026-04-09;15.0;Torsdag;21:50:00;21:40:00;9.999999999999964;22:02:00;21:30:00;31.999999999999886;22:37:00;22:05:00;32.00000000000004;22:42:00;22:20:00;21.999999999999922;;;21.999999999999922;09-04-2026_5735
Lastefristkl. 19:30 dag før avgang.;C45;5301.0;Alnabru;2026-04-10;15.0;Fredag;19:30:00;19:30:00;0.0;08:11:00;08:11:00;0.0;08:46:00;08:30:00;16.00000000000002;08:51:00;08:45:00;6.000000000000059;;;6.000000000000059;10-04-2026_5301
;C45;5801.0;Alnabru;2026-04-10;15.0;Fredag;08:50:00;08:50:00;0.0;08:51:00;08:51:00;-7.993605777301127e-14;09:26:00;09:10:00;16.00000000000002;09:31:00;09:20:00;10.999999999999961;;;10.999999999999961;10-04-2026_5801
PRI-TOG;C42;5731.0;Alnabru;2026-04-10;15.0;Fredag;08:50:00;08:50:00;0.0;09:02:00;09:02:00;0.0;09:37:00;09:05:00;32.00000000000004;09:42:00;09:11:00;31.00000000000005;;;31.00000000000005;10-04-2026_5731
;C32 ;5507.0;Alnabru;2026-04-10;15.0;Fredag;11:40:00;11:40:00;0.0;11:43:00;11:35:00;8.000000000000052;12:18:00;12:25:00;-6.999999999999975;12:23:00;12:33:00;-9.999999999999964;T34 - Annen feil, forklaring i kommentarfelt;Sen lastkontroll, langt tog. opplæring;-9.999999999999964;10-04-2026_5507
;C42;45960.0;Alnabru;2026-04-10;15.0;Fredag;14:00:00;12:00:00;120.00000000000006;15:02:00;15:00:00;1.999999999999993;15:37:00;15:19:00;18.000000000000096;15:42:00;15:38:00;3.999999999999986;;;3.999999999999986;10-04-2026_45960
;C32 ;5509.0;Alnabru;2026-04-10;15.0;Fredag;16:30:00;16:30:00;0.0;16:44:00;16:44:00;0.0;17:19:00;16:15:00;63.99999999999993;17:24:00;17:03:00;20.999999999999925;;;20.999999999999925;10-04-2026_5509
;C2/C5A;41971.0;Alnabru;2026-04-10;15.0;Fredag;16:00:00;;0.0;17:04:00;;0.0;17:39:00;;0.0;17:44:00;;0.0;T17 - Innstilt tog;;0.0;10-04-2026_41971
;C45;5805.0;Alnabru;2026-04-10;15.0;Fredag;17:00:00;17:00:00;0.0;17:11:00;17:00:00;10.999999999999961;17:46:00;17:25:00;21.000000000000085;17:51:00;17:45:00;5.999999999999979;;;5.999999999999979;10-04-2026_5805
PRI-TOG;C23;41910.0;Alnabru;2026-04-10;15.0;Fredag;17:35:00;17:24:00;10.999999999999961;17:45:00;17:30:00;15.000000000000107;18:20:00;17:50:00;30.000000000000053;18:25:00;18:10:00;15.000000000000107;;;15.000000000000107;10-04-2026_41910
;C32 ;5511.0;Alnabru;2026-04-10;15.0;Fredag;18:40:00;18:40:00;0.0;18:59:00;20:10:00;-71.00000000000007;19:34:00;19:00:00;34.00000000000004;19:39:00;20:19:00;-40.000000000000014;T18 - Sent lok til stamme;;-40.000000000000014;10-04-2026_5511
;C42;5733.0;Alnabru;2026-04-10;15.0;Fredag;19:20:00;18:00:00;80.00000000000003;19:35:00;19:30:00;4.999999999999982;20:05:00;19:30:00;35.000000000000036;20:10:00;19:46:00;24.000000000000075;;;24.000000000000075;10-04-2026_5733
19:35:00;C31;41900.0;Alnabru;2026-04-10;15.0;Fredag;19:40:00;19:10:00;29.999999999999893;19:46:00;19:35:00;10.999999999999961;20:21:00;19:45:00;36.00000000000003;20:26:00;20:20:00;5.999999999999979;;;5.999999999999979;10-04-2026_41900
;C45;5709.0;Alnabru;2026-04-10;15.0;Fredag;21:00:00;20:40:00;19.99999999999993;21:02:00;20:30:00;32.00000000000004;21:37:00;21:00:00;37.00000000000003;21:42:00;21:40:00;1.999999999999993;;;1.999999999999993;10-04-2026_5709
LANGTOG;C43;5811.0;Alnabru;2026-04-10;15.0;Fredag;20:30:00;20:30:00;0.0;20:51:00;20:50:00;0.9999999999999964;21:26:00;20:55:00;31.00000000000005;21:31:00;21:00:00;31.00000000000005;;;31.00000000000005;10-04-2026_5811
LANGTOG;C32 ;5515.0;Alnabru;2026-04-10;15.0;Fredag;21:15:00;21:15:00;0.0;21:17:00;22:15:00;-58.000000000000114;21:52:00;21:30:00;21.999999999999922;21:57:00;22:33:00;-36.00000000000003;T18 - Sent lok til stamme;;-36.00000000000003;10-04-2026_5515
PRI-TOG;C23;5735.0;Alnabru;2026-04-10;15.0;Fredag;21:50:00;21:00:00;49.999999999999986;22:02:00;21:30:00;31.999999999999886;22:37:00;21:40:00;56.99999999999996;22:42:00;21:56:00;46.0;;;46.0;10-04-2026_5735
FORHÅNDSLASTES C32 FREDAG;C32 ;5737.0;Alnabru;2026-04-11;15.0;Lørdag;11:00:00;;0.0;11:02:00;;0.0;11:37:00;;0.0;11:42:00;;0.0;T17 - Innstilt tog;;0.0;11-04-2026_5737
;C44;41971.0;Alnabru;2026-04-11;15.0;Lørdag;12:00:00;12:00:00;0.0;17:04:00;16:40:00;24.000000000000075;17:39:00;16:45:00;54.00000000000013;17:44:00;16:56:00;47.999999999999986;;;47.999999999999986;11-04-2026_41971
PRI-TOG;C23;41910.0;Alnabru;2026-04-11;15.0;Lørdag;14:00:00;14:00:00;0.0;17:45:00;17:00:00;45.0;18:20:00;17:13:00;67.00000000000009;18:25:00;17:36:00;49.00000000000014;;;49.00000000000014;11-04-2026_41910
LASTEFRIST KL. 15:00 LØRDAG;C23;5711.0;Alnabru;2026-04-12;15.0;Søndag;14:30:00;14:30:00;0.0;07:27:00;07:27:00;0.0;08:02:00;07:30:00;32.00000000000004;08:07:00;07:37:00;30.000000000000053;;;30.000000000000053;12-04-2026_5711
Lastefrist 13:30 Søndag;C44;41960.0;Alnabru;2026-04-12;15.0;Søndag;12:00:00;12:00:00;0.0;16:48:00;16:30:00;17.999999999999936;17:23:00;16:50:00;33.00000000000004;17:28:00;16:57:00;30.99999999999989;;Riktig avg tid: 17:01;30.99999999999989;12-04-2026_41960
;C44;41971.0;Alnabru;2026-04-12;15.0;Søndag;13:30:00;13:30:00;0.0;17:04:00;16:25:00;39.00000000000002;17:39:00;16:35:00;64.00000000000009;17:44:00;16:43:00;61.0000000000001;;;61.0000000000001;12-04-2026_41971
LANGTOG;C32;5523.0;Alnabru;2026-04-12;15.0;Søndag;16:00:00;16:00:00;0.0;18:31:00;18:31:00;0.0;19:06:00;18:35:00;31.00000000000005;19:11:00;18:44:00;27.000000000000064;;Riktig avgtid: 19:16;27.000000000000064;12-04-2026_5523
;C23;5717.0;Alnabru;2026-04-12;15.0;Søndag;16:00:00;15:30:00;29.999999999999893;18:57:00;17:10:00;106.99999999999994;19:32:00;17:00:00;151.99999999999994;19:37:00;17:27:00;130.00000000000003;T19 - Feil på lok;Feil på lok under uttak, måtte skifte lok;130.00000000000003;12-04-2026_5717
LANGTOG;C43;5811.0;Alnabru;2026-04-12;15.0;Søndag;13:30:00;13:30:00;0.0;20:51:00;20:00:00;50.99999999999998;21:26:00;20:20:00;66.00000000000009;21:31:00;20:43:00;47.999999999999986;;;47.999999999999986;12-04-2026_5811
;C32 Nord;5531.0;Alnabru;2026-04-13;16.0;Mandag;07:50:00;07:50:00;0.0;07:43:00;07:40:00;2.9999999999999893;08:18:00;08:15:00;2.9999999999999893;08:23:00;08:31:00;-8.000000000000052;;Uviss årsak. Klar i tide fra oss.;-8.000000000000052;13-04-2026_5531
Lastefristkl. 19:30 dag før avgang.;C45;5301.0;Alnabru;2026-04-13;16.0;Mandag;19:30:00;19:30:00;0.0;08:11:00;08:10:00;0.9999999999999964;08:46:00;08:39:00;7.000000000000055;08:51:00;08:49:00;1.999999999999993;;;1.999999999999993;13-04-2026_5301
;C45;5801.0;Alnabru;2026-04-13;16.0;Mandag;08:50:00;08:50:00;0.0;08:51:00;08:45:00;5.999999999999979;09:26:00;09:10:00;16.00000000000002;09:31:00;09:35:00;-4.000000000000066;T20 - Trafikkstyring (TXP/Togleder);Klar fra oss i tide.;-4.000000000000066;13-04-2026_5801
PRI-TOG;C42;5731.0;Alnabru;2026-04-13;16.0;Mandag;08:50:00;08:30:00;20.000000000000007;09:02:00;09:00:00;1.999999999999993;09:37:00;09:16:00;21.000000000000007;09:42:00;09:38:00;3.999999999999986;;;3.999999999999986;13-04-2026_5731
;C32 ;5507.0;Alnabru;2026-04-13;16.0;Mandag;11:40:00;11:10:00;29.99999999999997;11:43:00;11:25:00;18.000000000000096;12:18:00;11:42:00;36.000000000000114;12:23:00;12:18:00;5.000000000000142;;;5.000000000000142;13-04-2026_5507
;C42;45960.0;Alnabru;2026-04-13;16.0;Mandag;14:00:00;10:00:00;240.00000000000003;15:02:00;15:02:00;0.0;15:37:00;15:15:00;22.00000000000008;15:42:00;15:25:00;16.99999999999994;;;16.99999999999994;13-04-2026_45960
;C42;5707.0;Alnabru;2026-04-13;16.0;Mandag;16:20:00;15:50:00;30.000000000000053;16:32:00;15:45:00;46.99999999999999;17:07:00;16:10:00;56.99999999999996;17:12:00;16:54:00;17.999999999999936;;;17.999999999999936;13-04-2026_5707
;C32 ;5509.0;Alnabru;2026-04-13;16.0;Mandag;16:30:00;16:30:00;0.0;16:44:00;16:35:00;8.999999999999968;17:19:00;17:00:00;18.999999999999932;17:24:00;17:10:00;13.99999999999995;;;13.99999999999995;13-04-2026_5509
;C44;41960.0;Alnabru;2026-04-13;16.0;Mandag;16:00:00;16:00:00;0.0;16:48:00;17:00:00;-12.000000000000117;17:23:00;16:45:00;38.00000000000003;17:28:00;17:25:00;2.9999999999999893;;;2.9999999999999893;13-04-2026_41960
;C2/C5A;41971.0;Alnabru;2026-04-13;16.0;Mandag;14:00:00;14:15:00;-14.999999999999947;17:04:00;14:00:00;184.0;17:39:00;14:55:00;164.00000000000006;17:44:00;15:17:00;147.0000000000001;;Rute 15:17;147.0000000000001;13-04-2026_41971
;C45;5805.0;Alnabru;2026-04-13;16.0;Mandag;17:00:00;17:00:00;0.0;17:11:00;17:00:00;10.999999999999961;17:46:00;17:35:00;11.00000000000012;17:51:00;17:42:00;8.999999999999968;;;8.999999999999968;13-04-2026_5805
PRI-TOG;C23;41910.0;Alnabru;2026-04-13;16.0;Mandag;17:35:00;17:20:00;14.999999999999947;17:45:00;17:40:00;4.999999999999982;18:20:00;18:00:00;20.00000000000009;18:25:00;18:25:00;0.0;;;0.0;13-04-2026_41910
;C32;5511.0;Alnabru;2026-04-13;16.0;Mandag;18:40:00;18:45:00;-4.999999999999982;18:59:00;18:40:00;18.999999999999932;19:34:00;19:30:00;3.999999999999986;19:39:00;19:39:00;0.0;;;0.0;13-04-2026_5511
;C42;5733.0;Alnabru;2026-04-13;16.0;Mandag;19:20:00;19:20:00;0.0;19:30:00;20:00:00;-30.000000000000053;20:05:00;19:35:00;30.000000000000053;20:10:00;20:28:00;-17.999999999999936;T18 - Sent lok til stamme;;-17.999999999999936;13-04-2026_5733
PRI-TOG;C31;41900.0;Alnabru;2026-04-13;16.0;Mandag;19:40:00;19:40:00;0.0;19:46:00;19:40:00;5.999999999999979;20:21:00;19:49:00;32.00000000000004;20:26:00;20:22:00;3.999999999999986;;;3.999999999999986;13-04-2026_41900
LANGTOG;C43;5811.0;Alnabru;2026-04-13;16.0;Mandag;20:30:00;20:30:00;0.0;20:51:00;20:30:00;21.000000000000085;21:26:00;20:50:00;36.00000000000003;21:31:00;21:10:00;21.000000000000085;;;21.000000000000085;13-04-2026_5811
;C45;5709.0;Alnabru;2026-04-13;16.0;Mandag;21:00:00;20:55:00;4.999999999999982;21:02:00;20:00:00;61.99999999999994;21:37:00;21:10:00;27.000000000000064;21:42:00;21:29:00;12.999999999999954;;;12.999999999999954;13-04-2026_5709
LANGTOG;C32 ;5515.0;Alnabru;2026-04-13;16.0;Mandag;21:15:00;21:10:00;4.999999999999982;21:17:00;21:00:00;16.99999999999994;21:52:00;21:27:00;24.99999999999991;21:57:00;21:49:00;7.999999999999972;;;7.999999999999972;13-04-2026_5515
PRI-TOG;C23;5735.0;Alnabru;2026-04-13;16.0;Mandag;21:50:00;21:30:00;19.99999999999993;22:02:00;21:45:00;16.99999999999994;22:37:00;21:47:00;49.999999999999986;22:42:00;22:00:00;42.000000000000014;;;42.000000000000014;13-04-2026_5735
Lastefristkl. 19:30 dag før avgang.;C45;5301.0;Alnabru;2026-04-14;16.0;Tirsdag;19:30:00;19:30:00;0.0;08:11:00;08:11:00;0.0;08:46:00;09:13:00;-26.999999999999986;08:51:00;09:14:00;-23.0;T34 - Annen feil, forklaring i kommentarfelt;Skifting på stamme, vogn fra GC som kom inn tidlig i dag. Burde legges til dagen etter.;-23.0;14-04-2026_5301
;C45;5801.0;Alnabru;2026-04-14;16.0;Tirsdag;08:50:00;08:50:00;0.0;08:51:00;08:40:00;10.999999999999961;09:26:00;09:24:00;1.999999999999993;09:31:00;09:31:00;0.0;;;0.0;14-04-2026_5801
PRI-TOG;C42;5731.0;Alnabru;2026-04-14;16.0;Tirsdag;08:50:00;08:50:00;0.0;09:02:00;09:00:00;1.999999999999993;09:37:00;09:25:00;12.000000000000037;09:42:00;09:31:00;11.00000000000004;;;11.00000000000004;14-04-2026_5731
;C32 ;5507.0;Alnabru;2026-04-14;16.0;Tirsdag;11:40:00;11:25:00;15.000000000000027;11:43:00;12:40:00;;12:18:00;11:50:00;28.00000000000006;12:23:00;12:57:00;-33.99999999999988;T18 - Sent lok til stamme;Lok stengt inne pga generisk. Ekstra skifting av lok;-33.99999999999988;14-04-2026_5507
;C42;45960.0;Alnabru;2026-04-14;16.0;Tirsdag;14:00:00;11:00:00;180.00000000000009;15:02:00;14:45:00;16.99999999999994;15:37:00;13:30:00;127.00000000000003;15:42:00;15:22:00;20.00000000000009;;;20.00000000000009;14-04-2026_45960
;C42;5707.0;Alnabru;2026-04-14;16.0;Tirsdag;16:20:00;16:20:00;0.0;16:32:00;16:15:00;16.99999999999994;17:07:00;16:35:00;32.00000000000004;17:12:00;16:42:00;30.000000000000053;;;30.000000000000053;14-04-2026_5707
;C32 ;5509.0;Alnabru;2026-04-14;16.0;Tirsdag;16:30:00;16:30:00;0.0;16:44:00;16:44:00;0.0;17:19:00;16:55:00;23.999999999999915;17:24:00;17:30:00;-5.999999999999979;T21 - R206 ikke klar i tide;problemer med å legge ut R206.;-5.999999999999979;14-04-2026_5509
;C44;41960.0;Alnabru;2026-04-14;16.0;Tirsdag;16:00:00;16:00:00;0.0;16:48:00;16:00:00;47.999999999999986;17:23:00;17:00:00;22.99999999999992;17:28:00;17:14:00;13.99999999999995;;;13.99999999999995;14-04-2026_41960
;C2/C5A;41971.0;Alnabru;2026-04-14;16.0;Tirsdag;16:00:00;14:20:00;99.99999999999997;17:04:00;14:00:00;184.0;17:39:00;14:55:00;164.00000000000006;17:44:00;15:05:00;159.00000000000009;;rute ut 15:17;159.00000000000009;14-04-2026_41971
;C45;5805.0;Alnabru;2026-04-14;16.0;Tirsdag;17:00:00;17:00:00;0.0;17:11:00;17:11:00;0.0;17:46:00;17:20:00;26.000000000000068;17:51:00;17:30:00;21.000000000000085;;;21.000000000000085;14-04-2026_5805
PRI-TOG;C23;41910.0;Alnabru;2026-04-14;16.0;Tirsdag;17:35:00;17:35:00;0.0;17:45:00;17:35:00;10.000000000000124;18:20:00;17:45:00;35.000000000000036;18:25:00;18:16:00;9.000000000000128;;;9.000000000000128;14-04-2026_41910
;C32 ;5511.0;Alnabru;2026-04-14;16.0;Tirsdag;18:40:00;18:40:00;0.0;18:59:00;18:59:00;0.0;19:34:00;18:50:00;44.0;19:39:00;19:32:00;6.999999999999975;;;6.999999999999975;14-04-2026_5511
;C42;5733.0;Alnabru;2026-04-14;16.0;Tirsdag;19:20:00;19:20:00;0.0;19:35:00;19:30:00;4.999999999999982;20:05:00;19:50:00;15.000000000000107;20:10:00;20:07:00;2.9999999999999893;;;2.9999999999999893;14-04-2026_5733
PRI-TOG;C31;41900.0;Alnabru;2026-04-14;16.0;Tirsdag;19:40:00;19:40:00;0.0;19:46:00;20:30:00;-44.0;20:21:00;20:40:00;-19.000000000000092;20:26:00;21:02:00;-36.00000000000003;T18 - Sent lok til stamme;Signalfeil som gjorde at lok ble sent opp fra Loenga.;-36.00000000000003;14-04-2026_41900
;C45;5709.0;Alnabru;2026-04-14;16.0;Tirsdag;21:00:00;21:00:00;0.0;21:02:00;19:00:00;122.00000000000004;21:37:00;21:30:00;6.999999999999975;21:42:00;21:42:00;0.0;;;0.0;14-04-2026_5709
LANGTOG;C43;5811.0;Alnabru;2026-04-14;16.0;Tirsdag;20:30:00;20:30:00;0.0;20:51:00;20:40:00;10.999999999999961;21:26:00;21:02:00;24.000000000000075;21:31:00;21:05:00;26.000000000000068;;;26.000000000000068;14-04-2026_5811
LANGTOG;C32 ;5515.0;Alnabru;2026-04-14;16.0;Tirsdag;21:15:00;21:15:00;0.0;21:17:00;21:15:00;1.999999999999993;21:52:00;21:40:00;11.999999999999957;21:57:00;21:48:00;8.999999999999968;;;8.999999999999968;14-04-2026_5515
PRI-TOG;C23;5735.0;Alnabru;2026-04-14;16.0;Tirsdag;21:50:00;21:30:00;19.99999999999993;22:02:00;21:00:00;61.99999999999994;22:37:00;21:50:00;46.99999999999999;22:42:00;21:59:00;43.00000000000001;;;43.00000000000001;14-04-2026_5735
;;4911.0;Alnabru;2026-04-14;16.0;Tirsdag;08:50:00;08:50:00;0.0;08:50:00;08:50:00;0.0;09:17:00;09:10:00;7.000000000000055;;09:30:00;-570.0;T20 - Trafikkstyring (TXP/Togleder);Kø i syd. Lok og skifting.;-570.0;14-04-2026_4911
;C32 Nord;5531.0;Alnabru;2026-04-15;16.0;Onsdag;07:50:00;07:50:00;0.0;07:43:00;07:40:00;2.9999999999999893;08:18:00;08:10:00;7.999999999999972;08:23:00;08:23:00;0.0;;;0.0;15-04-2026_5531
Lastefristkl. 19:30 dag før avgang.;C45;5301.0;Alnabru;2026-04-15;16.0;Onsdag;19:30:00;19:30:00;0.0;08:11:00;08:05:00;5.999999999999979;08:46:00;08:50:00;-3.999999999999986;08:51:00;08:56:00;-4.999999999999982;T16 - Kø skifting;Måtte vente i kø for å sette inn bilvogner fra Narvik.;-4.999999999999982;15-04-2026_5301
;C45;5801.0;Alnabru;2026-04-15;16.0;Onsdag;08:50:00;08:50:00;0.0;08:51:00;08:45:00;5.999999999999979;09:26:00;09:18:00;7.999999999999972;09:31:00;09:31:00;0.0;;;0.0;15-04-2026_5801
PRI-TOG;C42;5731.0;Alnabru;2026-04-15;16.0;Onsdag;08:50:00;08:50:00;0.0;09:02:00;09:00:00;1.999999999999993;09:37:00;09:15:00;22.0;09:42:00;09:17:00;24.999999999999993;;;24.999999999999993;15-04-2026_5731
;C32 ;5507.0;Alnabru;2026-04-15;16.0;Onsdag;11:40:00;11:40:00;0.0;11:43:00;11:40:00;3.0000000000000693;12:18:00;12:15:00;3.000000000000149;12:23:00;12:23:00;0.0;;;0.0;15-04-2026_5507
;C42;45960.0;Alnabru;2026-04-15;16.0;Onsdag;14:00:00;14:00:00;0.0;15:02:00;14:20:00;42.000000000000014;15:37:00;14:00:00;96.99999999999997;15:42:00;14:38:00;63.99999999999993;;;63.99999999999993;15-04-2026_45960
;C42;5707.0;Alnabru;2026-04-15;16.0;Onsdag;16:20:00;16:20:00;0.0;16:32:00;16:20:00;11.999999999999957;17:07:00;16:30:00;37.00000000000003;17:12:00;16:50:00;22.00000000000008;;;22.00000000000008;15-04-2026_5707
;C32 ;5509.0;Alnabru;2026-04-15;16.0;Onsdag;16:30:00;16:30:00;0.0;16:44:00;16:44:00;0.0;17:19:00;16:45:00;34.00000000000004;17:24:00;17:09:00;14.999999999999947;;;14.999999999999947;15-04-2026_5509
;C44;41960.0;Alnabru;2026-04-15;16.0;Onsdag;16:00:00;16:00:00;0.0;16:48:00;;0.0;17:23:00;16:00:00;83.00000000000003;17:28:00;19:24:00;-116.00000000000007;T19 - Feil på lok;Forsinket avgang grunnet feil på lok ved uttak, kom på plass ca 18:30;-116.00000000000007;15-04-2026_41960
;C2/C5A;41971.0;Alnabru;2026-04-15;16.0;Onsdag;16:00:00;14:20:00;99.99999999999997;17:04:00;14:00:00;184.0;17:39:00;14:40:00;179.0;17:44:00;14:50:00;174.00000000000003;;;174.00000000000003;15-04-2026_41971
;C45;5805.0;Alnabru;2026-04-15;16.0;Onsdag;17:00:00;17:00:00;0.0;17:11:00;17:00:00;10.999999999999961;17:46:00;17:30:00;16.000000000000103;17:51:00;17:49:00;1.999999999999993;;;1.999999999999993;15-04-2026_5805
PRI-TOG;C23;41910.0;Alnabru;2026-04-15;16.0;Onsdag;17:35:00;17:30:00;4.999999999999982;17:45:00;17:45:00;0.0;18:20:00;17:54:00;26.000000000000068;18:25:00;18:13:00;12.000000000000117;;;12.000000000000117;15-04-2026_41910
;C32 ;5511.0;Alnabru;2026-04-15;16.0;Onsdag;18:40:00;18:40:00;0.0;18:59:00;18:59:00;0.0;19:34:00;19:20:00;13.99999999999995;19:39:00;19:35:00;3.999999999999986;;;3.999999999999986;15-04-2026_5511
;C42;5733.0;Alnabru;2026-04-15;16.0;Onsdag;19:20:00;19:20:00;0.0;19:35:00;19:00:00;35.000000000000036;20:05:00;19:40:00;25.00000000000007;20:10:00;20:05:00;4.999999999999982;;;4.999999999999982;15-04-2026_5733
PRI-TOG;C31;41900.0;Alnabru;2026-04-15;16.0;Onsdag;19:40:00;19:00:00;40.000000000000014;19:46:00;19:46:00;0.0;20:21:00;20:00:00;20.999999999999925;20:26:00;20:23:00;2.9999999999999893;;;2.9999999999999893;15-04-2026_41900
;C45;5709.0;Alnabru;2026-04-15;16.0;Onsdag;21:00:00;20:45:00;14.999999999999947;21:02:00;20:00:00;61.99999999999994;21:37:00;21:20:00;17.0000000000001;21:42:00;21:42:00;0.0;;;0.0;15-04-2026_5709
LANGTOG;C43;5811.0;Alnabru;2026-04-15;16.0;Onsdag;20:30:00;20:30:00;0.0;20:51:00;20:51:00;0.0;21:26:00;21:26:00;0.0;21:31:00;21:31:00;0.0;;;0.0;15-04-2026_5811
LANGTOG;C32 ;5515.0;Alnabru;2026-04-15;16.0;Onsdag;21:15:00;21:15:00;0.0;21:17:00;21:00:00;16.99999999999994;21:52:00;21:30:00;21.999999999999922;21:57:00;21:50:00;6.999999999999975;;;6.999999999999975;15-04-2026_5515
PRI-TOG;C23;5735.0;Alnabru;2026-04-15;16.0;Onsdag;21:50:00;21:35:00;14.999999999999947;22:02:00;22:00:00;1.999999999999993;22:37:00;22:10:00;26.999999999999904;22:42:00;22:22:00;19.99999999999993;;;19.99999999999993;15-04-2026_5735
Lastefristkl. 19:30 dag før avgang.;C45;5301.0;Alnabru;2026-04-16;16.0;Torsdag;19:30:00;19:30:00;0.0;08:11:00;08:00:00;11.00000000000004;08:46:00;08:35:00;11.00000000000004;08:51:00;09:06:00;-14.999999999999947;T16 - Kø skifting;;-14.999999999999947;16-04-2026_5301
;C45;5801.0;Alnabru;2026-04-16;16.0;Torsdag;08:50:00;08:50:00;0.0;08:51:00;08:50:00;0.9999999999999165;09:26:00;09:15:00;10.999999999999961;09:31:00;09:50:00;-19.000000000000014;T21 - R206 ikke klar i tide;Problemer med en transitt i TOS + kø ut fra terminal;-19.000000000000014;16-04-2026_5801
PRI-TOG;C42;5731.0;Alnabru;2026-04-16;16.0;Torsdag;08:50:00;08:50:00;0.0;09:02:00;09:00:00;1.999999999999993;09:37:00;09:24:00;13.000000000000034;09:42:00;09:47:00;-4.999999999999982;T20 - Trafikkstyring (TXP/Togleder);Ukjent årsak;-4.999999999999982;16-04-2026_5731
;C32 ;5507.0;Alnabru;2026-04-16;16.0;Torsdag;11:40:00;11:40:00;0.0;11:43:00;11:40:00;3.0000000000000693;12:18:00;12:10:00;8.000000000000131;12:23:00;12:37:00;-13.99999999999995;;;-13.99999999999995;16-04-2026_5507
;C42;45960.0;Alnabru;2026-04-16;16.0;Torsdag;14:00:00;14:00:00;0.0;15:02:00;15:02:00;0.0;15:37:00;15:20:00;17.0000000000001;15:42:00;15:40:00;1.999999999999993;;;1.999999999999993;16-04-2026_45960
;C42;5707.0;Alnabru;2026-04-16;16.0;Torsdag;16:20:00;16:20:00;0.0;16:32:00;17:00:00;-28.00000000000006;17:07:00;17:10:00;-2.9999999999999893;17:12:00;17:16:00;-3.999999999999986;T18 - Sent lok til stamme;;-3.999999999999986;16-04-2026_5707
;C32 ;5509.0;Alnabru;2026-04-16;16.0;Torsdag;16:30:00;16:30:00;0.0;16:44:00;16:44:00;0.0;17:19:00;17:00:00;18.999999999999932;17:24:00;17:24:00;0.0;;;0.0;16-04-2026_5509
;C44;41960.0;Alnabru;2026-04-16;16.0;Torsdag;16:00:00;15:40:00;19.99999999999993;16:48:00;16:50:00;-1.999999999999993;17:23:00;17:23:00;0.0;17:28:00;17:28:00;0.0;;;0.0;16-04-2026_41960
;C2/C5A;41971.0;Alnabru;2026-04-16;16.0;Torsdag;14:00:00;14:00:00;0.0;17:04:00;15:10:00;114.00000000000007;17:39:00;15:00:00;159.00000000000009;17:44:00;15:30:00;134.0;T18 - Sent lok til stamme;Ny avgtid: 15:17;134.0;16-04-2026_41971
;C45;5805.0;Alnabru;2026-04-16;16.0;Torsdag;17:00:00;17:00:00;0.0;17:11:00;17:11:00;0.0;17:46:00;17:25:00;21.000000000000085;17:51:00;17:35:00;16.000000000000103;;;16.000000000000103;16-04-2026_5805
PRI-TOG;C23;41910.0;Alnabru;2026-04-16;16.0;Torsdag;17:35:00;13:00:00;275.0;17:45:00;17:45:00;0.0;18:20:00;13:50:00;270.00000000000017;18:25:00;13:58:00;267.0;;Nytt tognr: 41914, ny avg tid: 21:00;267.0;16-04-2026_41910
;C32 ;5511.0;Alnabru;2026-04-16;16.0;Torsdag;18:40:00;18:40:00;0.0;18:59:00;18:59:00;0.0;19:34:00;19:30:00;3.999999999999986;19:39:00;19:39:00;0.0;;;0.0;16-04-2026_5511
;C42;5733.0;Alnabru;2026-04-16;16.0;Torsdag;19:20:00;19:20:00;0.0;19:35:00;19:30:00;4.999999999999982;20:05:00;19:50:00;15.000000000000107;20:10:00;19:58:00;11.999999999999957;;;11.999999999999957;16-04-2026_5733
PRI-TOG;C31;41900.0;Alnabru;2026-04-16;16.0;Torsdag;19:40:00;13:30:00;369.99999999999994;19:46:00;14:50:00;295.9999999999999;20:21:00;13:45:00;396.00000000000006;20:26:00;13:58:00;387.9999999999999;T2 - Nytt tognummer (Skriv det nye i kommentar);81900 avg: 14:00;387.9999999999999;16-04-2026_41900
LANGTOG;C43;5811.0;Alnabru;2026-04-16;16.0;Torsdag;20:30:00;20:30:00;0.0;20:51:00;20:50:00;0.9999999999999964;21:26:00;21:26:00;0.0;21:31:00;21:31:00;0.0;;;0.0;16-04-2026_5811
;C45;5709.0;Alnabru;2026-04-16;16.0;Torsdag;21:00:00;21:00:00;0.0;21:02:00;21:00:00;1.999999999999993;21:37:00;21:00:00;37.00000000000003;21:42:00;21:13:00;29.000000000000057;;;29.000000000000057;16-04-2026_5709
LANGTOG;C32 ;5515.0;Alnabru;2026-04-16;16.0;Torsdag;21:15:00;21:15:00;0.0;21:17:00;21:17:00;0.0;21:52:00;21:45:00;6.999999999999975;21:57:00;22:00:00;-2.9999999999999893;T20 - Trafikkstyring (TXP/Togleder);;-2.9999999999999893;16-04-2026_5515
PRI-TOG;C23;5735.0;Alnabru;2026-04-16;16.0;Torsdag;21:50:00;21:30:00;19.99999999999993;22:02:00;21:00:00;61.99999999999994;22:37:00;21:40:00;56.99999999999996;22:42:00;21:50:00;51.99999999999997;;;51.99999999999997;16-04-2026_5735
Lastefristkl. 19:30 dag før avgang.;C45;5301.0;Alnabru;2026-04-17;16.0;Fredag;19:30:00;19:30:00;0.0;08:11:00;08:00:00;11.00000000000004;08:46:00;08:45:00;1.0000000000000764;08:51:00;08:50:00;0.9999999999999964;;;0.9999999999999964;17-04-2026_5301
;C45;5801.0;Alnabru;2026-04-17;16.0;Fredag;08:50:00;08:50:00;0.0;08:51:00;08:40:00;10.999999999999961;09:26:00;09:20:00;5.999999999999979;09:31:00;09:25:00;5.999999999999979;;;5.999999999999979;17-04-2026_5801
PRI-TOG;C42;5731.0;Alnabru;2026-04-17;16.0;Fredag;08:50:00;08:50:00;0.0;09:02:00;09:00:00;1.999999999999993;09:37:00;09:23:00;14.00000000000003;09:42:00;09:31:00;11.00000000000004;;;11.00000000000004;17-04-2026_5731
;C32 ;5507.0;Alnabru;2026-04-17;16.0;Fredag;11:40:00;11:40:00;0.0;11:43:00;11:50:00;-6.999999999999975;12:18:00;12:13:00;5.000000000000142;12:23:00;12:20:00;3.000000000000149;;;3.000000000000149;17-04-2026_5507
;C42;45960.0;Alnabru;2026-04-17;16.0;Fredag;14:00:00;14:00:00;0.0;15:02:00;14:45:00;16.99999999999994;15:37:00;15:20:00;17.0000000000001;15:42:00;15:25:00;16.99999999999994;;;16.99999999999994;17-04-2026_45960
;C32 ;5509.0;Alnabru;2026-04-17;16.0;Fredag;16:30:00;16:30:00;0.0;16:44:00;16:44:00;0.0;17:19:00;17:15:00;3.999999999999986;17:24:00;17:24:00;0.0;;;0.0;17-04-2026_5509
;C2/C5A;41971.0;Alnabru;2026-04-17;16.0;Fredag;16:00:00;;0.0;17:04:00;;0.0;17:39:00;;0.0;17:44:00;;0.0;T17 - Innstilt tog;;0.0;17-04-2026_41971
;C45;5805.0;Alnabru;2026-04-17;16.0;Fredag;17:00:00;17:00:00;0.0;17:11:00;18:00:00;-48.999999999999986;17:46:00;17:30:00;16.000000000000103;17:51:00;18:19:00;-27.9999999999999;T18 - Sent lok til stamme;;-27.9999999999999;17-04-2026_5805
PRI-TOG;C23;41910.0;Alnabru;2026-04-17;16.0;Fredag;17:35:00;17:35:00;0.0;17:45:00;17:25:00;20.00000000000009;18:20:00;17:45:00;35.000000000000036;18:25:00;17:57:00;28.00000000000006;;;28.00000000000006;17-04-2026_41910
;C32 ;5511.0;Alnabru;2026-04-17;16.0;Fredag;18:40:00;18:40:00;0.0;18:59:00;18:40:00;18.999999999999932;19:34:00;19:10:00;23.999999999999915;19:39:00;19:22:00;16.99999999999994;;;16.99999999999994;17-04-2026_5511
;C42;5733.0;Alnabru;2026-04-17;16.0;Fredag;19:20:00;19:20:00;0.0;19:35:00;19:30:00;4.999999999999982;20:05:00;19:40:00;25.00000000000007;20:10:00;20:05:00;4.999999999999982;;;4.999999999999982;17-04-2026_5733
PRI-TOG;C31;41900.0;Alnabru;2026-04-17;16.0;Fredag;19:40:00;19:40:00;0.0;19:46:00;19:35:00;10.999999999999961;20:21:00;20:00:00;20.999999999999925;20:26:00;20:41:00;-15.000000000000107;T34 - Annen feil, forklaring i kommentarfelt;Feil på vogn under bremseprøve, måtte ha visitører for å se på vogn.;-15.000000000000107;17-04-2026_41900
LANGTOG;C43;5811.0;Alnabru;2026-04-17;16.0;Fredag;20:30:00;20:30:00;0.0;20:51:00;20:51:00;0.0;21:26:00;21:15:00;11.00000000000012;21:31:00;21:22:00;9.000000000000128;;;9.000000000000128;17-04-2026_5811
;C45;5709.0;Alnabru;2026-04-17;16.0;Fredag;21:00:00;21:00:00;0.0;21:02:00;20:45:00;16.99999999999994;21:37:00;21:00:00;37.00000000000003;21:42:00;21:25:00;16.99999999999994;;;16.99999999999994;17-04-2026_5709
LANGTOG;C32 ;5515.0;Alnabru;2026-04-17;16.0;Fredag;21:15:00;21:15:00;0.0;21:17:00;21:17:00;0.0;21:52:00;21:40:00;11.999999999999957;21:57:00;22:00:00;-2.9999999999999893;T20 - Trafikkstyring (TXP/Togleder);;-2.9999999999999893;17-04-2026_5515
PRI-TOG;C23;5735.0;Alnabru;2026-04-17;16.0;Fredag;21:50:00;21:45:00;4.999999999999982;22:02:00;21:00:00;61.99999999999994;22:37:00;21:45:00;51.99999999999997;22:42:00;22:01:00;41.000000000000014;;;41.000000000000014;17-04-2026_5735
FORHÅNDSLASTES C32 FREDAG;C32 ;5737.0;Alnabru;2026-04-18;16.0;Lørdag;11:00:00;;0.0;11:02:00;;0.0;11:37:00;;0.0;11:42:00;;0.0;T17 - Innstilt tog;;0.0;18-04-2026_5737
;C44;41971.0;Alnabru;2026-04-18;16.0;Lørdag;13:30:00;12:00:00;90.0;17:04:00;18:30:00;-86.00000000000001;17:39:00;18:45:00;-65.99999999999993;17:44:00;18:52:00;-67.99999999999991;T2 - Nytt tognummer (Skriv det nye i kommentar);62864 Avg: 19:08;-67.99999999999991;18-04-2026_41971
PRI-TOG;C23;41910.0;Alnabru;2026-04-18;16.0;Lørdag;12:00:00;14:00:00;-120.00000000000006;17:45:00;17:50:00;-4.999999999999982;18:20:00;18:00:00;20.00000000000009;18:25:00;18:02:00;23.000000000000078;;;23.000000000000078;18-04-2026_41910
LASTEFRIST KL. 15:00 LØRDAG;C23;5711.0;Alnabru;2026-04-19;16.0;Søndag;14:30:00;14:30:00;0.0;07:27:00;07:25:00;1.999999999999993;08:02:00;07:30:00;32.00000000000004;08:07:00;07:49:00;18.000000000000014;;;18.000000000000014;19-04-2026_5711
Lastefrist 13:30 Søndag;C44;41960.0;Alnabru;2026-04-19;16.0;Søndag;13:30:00;13:30:00;0.0;16:48:00;16:07:00;41.000000000000014;17:23:00;16:30:00;52.99999999999997;17:28:00;16:40:00;47.999999999999986;;;47.999999999999986;19-04-2026_41960
;C44;41971.0;Alnabru;2026-04-19;16.0;Søndag;13:30:00;14:00:00;-30.000000000000053;17:04:00;09:30:00;454.00000000000006;17:39:00;09:50:00;469.0000000000001;17:44:00;10:23:00;441.00000000000006;T2 - Nytt tognummer (Skriv det nye i kommentar);41950 Avg: 10:00;441.00000000000006;19-04-2026_41971
LANGTOG;C32;5523.0;Alnabru;2026-04-19;16.0;Søndag;16:00:00;16:00:00;0.0;18:31:00;18:20:00;11.00000000000012;19:06:00;18:30:00;36.00000000000003;19:11:00;18:33:00;38.00000000000003;;;38.00000000000003;19-04-2026_5523
;C23;5717.0;Alnabru;2026-04-19;16.0;Søndag;16:00:00;16:00:00;0.0;18:57:00;16:00:00;177.0;19:32:00;16:07:00;205.00000000000006;19:37:00;16:15:00;201.99999999999991;;;201.99999999999991;19-04-2026_5717
LANGTOG;C43;5811.0;Alnabru;2026-04-19;16.0;Søndag;13:30:00;13:30:00;0.0;20:51:00;20:41:00;9.999999999999964;21:26:00;20:55:00;31.00000000000005;21:31:00;21:11:00;20.00000000000009;;;20.00000000000009;19-04-2026_5811
;C32 Nord;5531.0;Alnabru;2026-04-20;17.0;Mandag;07:50:00;07:50:00;0.0;07:43:00;07:43:00;-7.993605777301127e-14;08:18:00;08:00:00;18.000000000000014;08:23:00;08:08:00;14.999999999999947;;;14.999999999999947;20-04-2026_5531
Lastefristkl. 19:30 dag før avgang.;C45;5301.0;Alnabru;2026-04-20;17.0;Mandag;19:30:00;19:30:00;0.0;08:11:00;08:11:00;0.0;08:46:00;08:20:00;26.000000000000068;08:51:00;08:32:00;19.000000000000014;;;19.000000000000014;20-04-2026_5301
;C45;5801.0;Alnabru;2026-04-20;17.0;Mandag;08:50:00;08:35:00;15.000000000000027;08:51:00;08:50:00;0.9999999999999165;09:26:00;09:05:00;21.000000000000007;09:31:00;09:14:00;16.99999999999994;;;16.99999999999994;20-04-2026_5801
PRI-TOG;C42;5731.0;Alnabru;2026-04-20;17.0;Mandag;08:50:00;08:50:00;0.0;09:02:00;09:00:00;1.999999999999993;09:37:00;09:15:00;22.0;09:42:00;09:22:00;20.000000000000007;;;20.000000000000007;20-04-2026_5731
;C32 ;5507.0;Alnabru;2026-04-20;17.0;Mandag;11:40:00;11:40:00;0.0;11:43:00;11:40:00;3.0000000000000693;12:18:00;12:05:00;13.000000000000114;12:23:00;12:23:00;0.0;;;0.0;20-04-2026_5507
;C42;45960.0;Alnabru;2026-04-20;17.0;Mandag;14:00:00;14:00:00;0.0;15:02:00;14:30:00;32.00000000000004;15:37:00;;0.0;15:42:00;;0.0;;;0.0;20-04-2026_45960
;C42;5707.0;Alnabru;2026-04-20;17.0;Mandag;16:20:00;16:20:00;0.0;16:32:00;15:51:00;41.000000000000014;17:07:00;16:30:00;37.00000000000003;17:12:00;16:30:00;42.000000000000014;;;42.000000000000014;20-04-2026_5707
;C32 ;5509.0;Alnabru;2026-04-20;17.0;Mandag;16:30:00;16:30:00;0.0;16:44:00;16:45:00;-0.9999999999999964;17:19:00;16:41:00;38.00000000000003;17:24:00;17:24:00;0.0;;;0.0;20-04-2026_5509
;C44;41960.0;Alnabru;2026-04-20;17.0;Mandag;16:00:00;15:00:00;59.99999999999994;16:48:00;16:48:00;0.0;17:23:00;17:23:00;0.0;17:28:00;17:28:00;0.0;;Tognr: 41964. Endret avgtid: 21:00( Irute ut);0.0;20-04-2026_41960
;C2/C5A;41971.0;Alnabru;2026-04-20;17.0;Mandag;14:00:00;14:00:00;0.0;17:04:00;14:15:00;169.00000000000003;17:39:00;15:00:00;159.00000000000009;17:44:00;15:14:00;150.0000000000001;;Tognr: 81971. Endret avgtid: 15:17;150.0000000000001;20-04-2026_41971
;C45;5805.0;Alnabru;2026-04-20;17.0;Mandag;17:00:00;17:00:00;0.0;17:11:00;17:00:00;10.999999999999961;17:46:00;17:17:00;29.000000000000057;17:51:00;17:51:00;0.0;;;0.0;20-04-2026_5805
PRI-TOG;C23;41910.0;Alnabru;2026-04-20;17.0;Mandag;17:35:00;17:35:00;0.0;17:45:00;17:45:00;0.0;18:20:00;17:58:00;22.00000000000008;18:25:00;18:10:00;15.000000000000107;;;15.000000000000107;20-04-2026_41910
;C32;5511.0;Alnabru;2026-04-20;17.0;Mandag;18:40:00;18:40:00;0.0;18:59:00;19:00:00;-0.9999999999999964;19:34:00;19:20:00;13.99999999999995;19:39:00;19:34:00;4.999999999999982;;;4.999999999999982;20-04-2026_5511
;C42;5733.0;Alnabru;2026-04-20;17.0;Mandag;19:20:00;19:20:00;0.0;19:30:00;19:05:00;25.00000000000007;20:05:00;19:15:00;49.999999999999986;20:10:00;19:56:00;13.99999999999995;;;13.99999999999995;20-04-2026_5733
PRI-TOG;C31;41900.0;Alnabru;2026-04-20;17.0;Mandag;19:40:00;19:40:00;0.0;19:46:00;19:30:00;15.999999999999943;20:21:00;19:44:00;37.00000000000003;20:26:00;20:26:00;0.0;;;0.0;20-04-2026_41900
;C45;5709.0;Alnabru;2026-04-20;17.0;Mandag;21:00:00;21:00:00;0.0;21:02:00;20:30:00;32.00000000000004;21:37:00;21:00:00;37.00000000000003;21:42:00;21:28:00;13.99999999999995;;;13.99999999999995;20-04-2026_5709
LANGTOG;C43;5811.0;Alnabru;2026-04-20;17.0;Mandag;20:30:00;20:30:00;0.0;20:51:00;20:15:00;36.00000000000003;21:26:00;20:30:00;56.00000000000012;21:31:00;21:04:00;27.000000000000064;;;27.000000000000064;20-04-2026_5811
LANGTOG;C32 ;5515.0;Alnabru;2026-04-20;17.0;Mandag;21:15:00;21:15:00;0.0;21:17:00;20:45:00;31.999999999999886;21:52:00;21:21:00;31.00000000000005;21:57:00;21:37:00;19.99999999999993;;;19.99999999999993;20-04-2026_5515
PRI-TOG;C23;5735.0;Alnabru;2026-04-20;17.0;Mandag;21:50:00;21:50:00;0.0;22:02:00;21:40:00;21.999999999999922;22:37:00;22:00:00;37.00000000000003;22:42:00;22:02:00;40.000000000000014;;;40.000000000000014;20-04-2026_5735
Lastefristkl. 19:30 dag før avgang.;C45;5301.0;Alnabru;2026-04-21;17.0;Tirsdag;19:30:00;19:30:00;0.0;08:11:00;08:10:00;0.9999999999999964;08:46:00;08:55:00;-8.999999999999968;08:51:00;09:00:00;-8.999999999999968;T11 - Endring av togstamme;2 Vogner som ikke kunne gå til drammen i dag. Måtte kappes;-8.999999999999968;21-04-2026_5301
;C45;5801.0;Alnabru;2026-04-21;17.0;Tirsdag;08:50:00;08:30:00;20.000000000000007;08:51:00;08:40:00;10.999999999999961;09:26:00;09:00:00;25.999999999999986;09:31:00;09:20:00;10.999999999999961;;;10.999999999999961;21-04-2026_5801
PRI-TOG;C42;5731.0;Alnabru;2026-04-21;17.0;Tirsdag;08:50:00;08:40:00;10.000000000000044;09:02:00;08:30:00;31.999999999999964;09:37:00;09:00:00;37.00000000000003;09:42:00;09:21:00;21.000000000000007;;;21.000000000000007;21-04-2026_5731
;C32 ;5507.0;Alnabru;2026-04-21;17.0;Tirsdag;11:40:00;11:40:00;0.0;11:43:00;11:40:00;3.0000000000000693;12:18:00;12:00:00;18.000000000000096;12:23:00;12:26:00;-2.9999999999999893;T20 - Trafikkstyring (TXP/Togleder);Ferdig fra oss i god tid, Sen ut av txp;-2.9999999999999893;21-04-2026_5507
;C42;45960.0;Alnabru;2026-04-21;17.0;Tirsdag;14:00:00;;0.0;15:02:00;;0.0;15:37:00;15:20:00;17.0000000000001;15:42:00;15:39:00;2.9999999999999893;;;2.9999999999999893;21-04-2026_45960
;C42;5707.0;Alnabru;2026-04-21;17.0;Tirsdag;16:20:00;16:20:00;0.0;16:32:00;16:10:00;21.999999999999922;17:07:00;16:30:00;37.00000000000003;17:12:00;16:22:00;49.999999999999986;;;49.999999999999986;21-04-2026_5707
;C32 ;5509.0;Alnabru;2026-04-21;17.0;Tirsdag;16:30:00;16:30:00;0.0;16:44:00;16:44:00;0.0;17:19:00;16:30:00;48.999999999999986;17:24:00;18:10:00;-46.0;T34 - Annen feil, forklaring i kommentarfelt;Solslyng på Grefsenlinja;-46.0;21-04-2026_5509
;C44;41960.0;Alnabru;2026-04-21;17.0;Tirsdag;16:00:00;16:00:00;0.0;16:48:00;16:48:00;0.0;17:23:00;17:23:00;0.0;17:28:00;17:28:00;0.0;T2 - Nytt tognummer (Skriv det nye i kommentar);41964, ny rute: 21:00;0.0;21-04-2026_41960
;C2/C5A;41971.0;Alnabru;2026-04-21;17.0;Tirsdag;16:00:00;14:00:00;119.99999999999989;17:04:00;14:30:00;154.00000000000009;17:39:00;15:00:00;159.00000000000009;17:44:00;15:09:00;155.00000000000009;;;155.00000000000009;21-04-2026_41971
;C45;5805.0;Alnabru;2026-04-21;17.0;Tirsdag;17:00:00;17:00:00;0.0;17:11:00;17:10:00;0.9999999999999964;17:46:00;17:20:00;26.000000000000068;17:51:00;17:50:00;0.9999999999999964;;;0.9999999999999964;21-04-2026_5805
PRI-TOG;C23;41910.0;Alnabru;2026-04-21;17.0;Tirsdag;17:35:00;17:20:00;14.999999999999947;17:45:00;17:25:00;20.00000000000009;18:20:00;17:30:00;50.00000000000014;18:25:00;18:09:00;16.000000000000103;;;16.000000000000103;21-04-2026_41910
;C32 ;5511.0;Alnabru;2026-04-21;17.0;Tirsdag;18:40:00;18:40:00;0.0;18:59:00;18:58:00;0.9999999999999964;19:34:00;19:18:00;15.999999999999943;19:39:00;19:22:00;16.99999999999994;;;16.99999999999994;21-04-2026_5511
;C42;5733.0;Alnabru;2026-04-21;17.0;Tirsdag;19:20:00;19:10:00;9.999999999999964;19:35:00;19:50:00;-14.999999999999947;20:05:00;19:54:00;10.999999999999961;20:10:00;20:05:00;4.999999999999982;;;4.999999999999982;21-04-2026_5733
PRI-TOG;C31;41900.0;Alnabru;2026-04-21;17.0;Tirsdag;19:40:00;19:40:00;0.0;19:46:00;19:48:00;-1.999999999999993;20:21:00;19:55:00;25.999999999999908;20:26:00;20:13:00;12.999999999999954;;;12.999999999999954;21-04-2026_41900
LANGTOG;C43;5811.0;Alnabru;2026-04-21;17.0;Tirsdag;20:30:00;20:30:00;0.0;20:51:00;20:50:00;0.9999999999999964;21:26:00;21:21:00;5.000000000000142;21:31:00;21:25:00;5.999999999999979;;;5.999999999999979;21-04-2026_5811
;C45;5709.0;Alnabru;2026-04-21;17.0;Tirsdag;21:00:00;21:00:00;0.0;21:02:00;20:50:00;11.999999999999957;21:37:00;21:02:00;35.000000000000036;21:42:00;21:25:00;16.99999999999994;;;16.99999999999994;21-04-2026_5709
LANGTOG;C32 ;5515.0;Alnabru;2026-04-21;17.0;Tirsdag;21:15:00;21:00:00;14.999999999999947;21:17:00;21:16:00;0.9999999999999964;21:52:00;21:15:00;37.00000000000003;21:57:00;21:45:00;11.999999999999957;;;11.999999999999957;21-04-2026_5515
PRI-TOG;C23;5735.0;Alnabru;2026-04-21;17.0;Tirsdag;21:50:00;21:35:00;14.999999999999947;22:02:00;21:00:00;61.99999999999994;22:37:00;21:45:00;51.99999999999997;22:42:00;21:54:00;47.999999999999986;;;47.999999999999986;21-04-2026_5735
;;4911.0;Alnabru;2026-04-21;17.0;Tirsdag;;;0.0;08:40:00;08:20:00;20.000000000000007;1899-12-29 23:55:00;;0.0;;09:10:00;-550.0;;Avgtid: 09:22.;-550.0;21-04-2026_4911
;C32 Nord;5531.0;Alnabru;2026-04-22;17.0;Onsdag;07:50:00;;0.0;07:43:00;;0.0;08:18:00;;0.0;08:23:00;08:29:00;-6.000000000000059;T20 - Trafikkstyring (TXP/Togleder);;-6.000000000000059;22-04-2026_5531
Lastefristkl. 19:30 dag før avgang.;C45;5301.0;Alnabru;2026-04-22;17.0;Onsdag;19:30:00;;0.0;08:11:00;;0.0;08:46:00;;0.0;08:51:00;08:51:00;0.0;;;0.0;22-04-2026_5301
;C45;5801.0;Alnabru;2026-04-22;17.0;Onsdag;08:50:00;08:50:00;0.0;08:51:00;08:30:00;20.999999999999925;09:26:00;09:05:00;21.000000000000007;09:31:00;09:16:00;14.999999999999947;;;14.999999999999947;22-04-2026_5801
PRI-TOG;C42;5731.0;Alnabru;2026-04-22;17.0;Onsdag;08:50:00;08:35:00;15.000000000000027;09:02:00;09:00:00;1.999999999999993;09:37:00;09:15:00;22.0;09:42:00;09:29:00;13.000000000000034;;;13.000000000000034;22-04-2026_5731
;C32 ;5507.0;Alnabru;2026-04-22;17.0;Onsdag;11:40:00;11:40:00;0.0;11:43:00;11:43:00;7.993605777301127e-14;12:18:00;12:00:00;18.000000000000096;12:23:00;12:12:00;11.00000000000012;;;11.00000000000012;22-04-2026_5507
;C42;45960.0;Alnabru;2026-04-22;17.0;Onsdag;14:00:00;;0.0;15:02:00;;0.0;15:37:00;;0.0;15:42:00;14:43:00;58.99999999999995;;;58.99999999999995;22-04-2026_45960
;C42;5707.0;Alnabru;2026-04-22;17.0;Onsdag;16:20:00;16:20:00;0.0;16:32:00;16:30:00;1.999999999999993;17:07:00;17:00:00;6.999999999999975;17:12:00;17:07:00;4.999999999999982;;;4.999999999999982;22-04-2026_5707
;C32 ;5509.0;Alnabru;2026-04-22;17.0;Onsdag;16:30:00;16:30:00;0.0;16:44:00;16:44:00;0.0;17:19:00;17:19:00;0.0;17:24:00;17:30:00;-5.999999999999979;T20 - Trafikkstyring (TXP/Togleder);Kø ut fra term.;-5.999999999999979;22-04-2026_5509
;C44;41960.0;Alnabru;2026-04-22;17.0;Onsdag;16:00:00;16:00:00;0.0;16:48:00;16:48:00;0.0;17:23:00;;0.0;17:28:00;17:28:00;0.0;T2 - Nytt tognummer (Skriv det nye i kommentar);41964 Ny rute: 21:00. Avg: 20:55;0.0;22-04-2026_41960
;C2/C5A;41971.0;Alnabru;2026-04-22;17.0;Onsdag;16:00:00;16:00:00;0.0;17:04:00;17:00:00;3.999999999999986;17:39:00;17:15:00;24.000000000000075;17:44:00;17:35:00;9.000000000000128;;;9.000000000000128;22-04-2026_41971
;C45;5805.0;Alnabru;2026-04-22;17.0;Onsdag;17:00:00;17:00:00;0.0;17:11:00;17:05:00;5.999999999999979;17:46:00;17:34:00;12.000000000000117;17:51:00;17:49:00;1.999999999999993;;;1.999999999999993;22-04-2026_5805
PRI-TOG;C23;41910.0;Alnabru;2026-04-22;17.0;Onsdag;17:35:00;18:10:00;-35.000000000000036;17:45:00;17:34:00;11.00000000000012;18:20:00;18:15:00;5.000000000000142;18:25:00;18:22:00;3.000000000000149;T4 - Forsinket ankommet tog. (kort snutid);ARE forsinket inn. Bruker dagens 5732.;3.000000000000149;22-04-2026_41910
;C32 ;5511.0;Alnabru;2026-04-22;17.0;Onsdag;18:40:00;18:40:00;0.0;18:59:00;19:00:00;-0.9999999999999964;19:34:00;19:15:00;18.999999999999932;19:39:00;19:38:00;0.9999999999999964;;;0.9999999999999964;22-04-2026_5511
;C42;5733.0;Alnabru;2026-04-22;17.0;Onsdag;19:20:00;19:30:00;-9.999999999999964;19:35:00;19:30:00;4.999999999999982;20:05:00;19:44:00;21.000000000000085;20:10:00;20:02:00;7.999999999999972;;;7.999999999999972;22-04-2026_5733
PRI-TOG;C31;41900.0;Alnabru;2026-04-22;17.0;Onsdag;19:40:00;20:20:00;-40.000000000000014;19:46:00;20:25:00;-39.00000000000002;20:21:00;20:40:00;-19.000000000000092;20:26:00;20:43:00;-17.0000000000001;T4 - Forsinket ankommet tog. (kort snutid);ARE forsinket inn. Måtte bruke 5702.;-17.0000000000001;22-04-2026_41900
;C45;5709.0;Alnabru;2026-04-22;17.0;Onsdag;21:00:00;21:00:00;0.0;21:02:00;20:30:00;32.00000000000004;21:37:00;21:26:00;10.999999999999961;21:42:00;21:42:00;0.0;;;0.0;22-04-2026_5709
LANGTOG;C43;5811.0;Alnabru;2026-04-22;17.0;Onsdag;20:30:00;20:15:00;14.999999999999947;20:51:00;20:25:00;26.000000000000068;21:26:00;20:30:00;56.00000000000012;21:31:00;20:40:00;50.99999999999998;;;50.99999999999998;22-04-2026_5811
LANGTOG;C32 ;5515.0;Alnabru;2026-04-22;17.0;Onsdag;21:15:00;21:35:00;-20.00000000000009;21:17:00;21:17:00;0.0;21:52:00;21:55:00;-2.9999999999999893;21:57:00;21:57:00;0.0;;;0.0;22-04-2026_5515
PRI-TOG;C23;5735.0;Alnabru;2026-04-22;17.0;Onsdag;21:50:00;21:50:00;0.0;22:02:00;21:30:00;31.999999999999886;22:37:00;22:09:00;27.9999999999999;22:42:00;23:30:00;-47.999999999999986;T19 - Feil på lok;;-47.999999999999986;22-04-2026_5735
Lastefristkl. 19:30 dag før avgang.;C45;5301.0;Alnabru;2026-04-23;17.0;Torsdag;19:30:00;19:30:00;0.0;08:11:00;08:10:00;0.9999999999999964;08:46:00;08:33:00;13.000000000000034;08:51:00;08:41:00;10.000000000000044;;;10.000000000000044;23-04-2026_5301
;C45;5801.0;Alnabru;2026-04-23;17.0;Torsdag;08:50:00;09:03:00;-12.999999999999954;08:51:00;08:35:00;15.999999999999943;09:26:00;09:14:00;11.999999999999957;09:31:00;09:25:00;5.999999999999979;;;5.999999999999979;23-04-2026_5801
PRI-TOG;C42;5731.0;Alnabru;2026-04-23;17.0;Torsdag;08:50:00;09:16:00;-25.999999999999986;09:02:00;08:26:00;36.00000000000003;09:37:00;09:42:00;-4.999999999999982;09:42:00;09:45:00;-2.9999999999999893;T9 - Feil på vogn;;-2.9999999999999893;23-04-2026_5731
;C32 ;5507.0;Alnabru;2026-04-23;17.0;Torsdag;11:40:00;11:56:00;-16.00000000000002;11:43:00;11:30:00;13.000000000000034;12:18:00;12:30:00;-11.999999999999957;12:23:00;12:39:00;-15.999999999999943;T13 - Feil på last;;-15.999999999999943;23-04-2026_5507
;C42;45960.0;Alnabru;2026-04-23;17.0;Torsdag;14:00:00;12:00:00;120.00000000000006;15:02:00;15:00:00;1.999999999999993;15:37:00;;0.0;15:42:00;15:11:00;31.00000000000005;;;31.00000000000005;23-04-2026_45960
;C42;5707.0;Alnabru;2026-04-23;17.0;Torsdag;16:20:00;16:20:00;0.0;16:32:00;16:44:00;-11.999999999999957;17:07:00;16:35:00;32.00000000000004;17:12:00;17:02:00;9.999999999999964;;;9.999999999999964;23-04-2026_5707
;C32 ;5509.0;Alnabru;2026-04-23;17.0;Torsdag;16:30:00;16:30:00;0.0;16:44:00;18:20:00;-95.99999999999997;17:19:00;17:00:00;18.999999999999932;17:24:00;18:28:00;-64.00000000000009;T18 - Sent lok til stamme;;-64.00000000000009;23-04-2026_5509
;C44;41960.0;Alnabru;2026-04-23;17.0;Torsdag;16:00:00;18:37:00;-157.00000000000009;16:48:00;16:48:00;0.0;17:23:00;17:23:00;0.0;17:28:00;17:28:00;0.0;T2 - Nytt tognummer (Skriv det nye i kommentar);41964 rute 21:00. Avg 20:59;0.0;23-04-2026_41960
;C2/C5A;41971.0;Alnabru;2026-04-23;17.0;Torsdag;16:00:00;16:10:00;-10.000000000000124;17:04:00;16:20:00;44.0;17:39:00;16:40:00;59.000000000000114;17:44:00;17:30:00;14.00000000000011;;;14.00000000000011;23-04-2026_41971
;C45;5805.0;Alnabru;2026-04-23;17.0;Torsdag;17:00:00;17:14:00;-13.99999999999995;17:11:00;17:00:00;10.999999999999961;17:46:00;17:35:00;11.00000000000012;17:51:00;17:32:00;19.000000000000092;;;19.000000000000092;23-04-2026_5805
PRI-TOG;C23;41910.0;Alnabru;2026-04-23;17.0;Torsdag;17:35:00;17:20:00;14.999999999999947;17:45:00;17:30:00;15.000000000000107;18:20:00;17:40:00;40.000000000000014;18:25:00;18:04:00;21.000000000000085;;;21.000000000000085;23-04-2026_41910
;C32 ;5511.0;Alnabru;2026-04-23;17.0;Torsdag;18:40:00;19:26:00;-46.0;18:59:00;18:59:00;0.0;19:34:00;19:50:00;-15.999999999999943;19:39:00;20:02:00;-23.000000000000078;T34 - Annen feil, forklaring i kommentarfelt;Følgeforsinkelse pga sent lok 5509;-23.000000000000078;23-04-2026_5511
;C42;5733.0;Alnabru;2026-04-23;17.0;Torsdag;19:20:00;18:30:00;49.999999999999986;19:35:00;19:30:00;4.999999999999982;20:05:00;19:30:00;35.000000000000036;20:10:00;19:55:00;14.999999999999947;;;14.999999999999947;23-04-2026_5733
PRI-TOG;C31;41900.0;Alnabru;2026-04-23;17.0;Torsdag;19:40:00;19:40:00;0.0;19:46:00;19:40:00;5.999999999999979;20:21:00;20:05:00;15.999999999999943;20:26:00;20:14:00;11.999999999999957;;;11.999999999999957;23-04-2026_41900
;C45;5709.0;Alnabru;2026-04-23;17.0;Torsdag;21:00:00;21:00:00;0.0;21:02:00;21:00:00;1.999999999999993;21:37:00;21:10:00;27.000000000000064;21:42:00;21:42:00;0.0;;;0.0;23-04-2026_5709
LANGTOG;C43;5811.0;Alnabru;2026-04-23;17.0;Torsdag;20:30:00;20:15:00;14.999999999999947;20:51:00;22:01:00;-69.99999999999991;21:26:00;22:08:00;-42.000000000000014;21:31:00;22:20:00;-48.999999999999986;T18 - Sent lok til stamme;;-48.999999999999986;23-04-2026_5811
LANGTOG;C32 ;5515.0;Alnabru;2026-04-23;17.0;Torsdag;21:15:00;21:30:00;-15.000000000000107;21:17:00;21:00:00;16.99999999999994;21:52:00;22:01:00;-8.999999999999968;21:57:00;22:15:00;-18.000000000000096;T34 - Annen feil, forklaring i kommentarfelt;Følgeforsinkelse pga sent lok 5509;-18.000000000000096;23-04-2026_5515
PRI-TOG;C23;5735.0;Alnabru;2026-04-23;17.0;Torsdag;21:50:00;21:50:00;0.0;22:02:00;21:00:00;61.99999999999994;22:37:00;21:40:00;56.99999999999996;22:42:00;22:00:00;42.000000000000014;;;42.000000000000014;23-04-2026_5735
Lastefristkl. 19:30 dag før avgang.;C45;5301.0;Alnabru;2026-04-24;17.0;Fredag;19:30:00;19:30:00;0.0;08:11:00;08:02:00;9.000000000000048;08:46:00;08:29:00;17.00000000000002;08:51:00;08:39:00;12.000000000000037;;;12.000000000000037;24-04-2026_5301
;C45;5801.0;Alnabru;2026-04-24;17.0;Fredag;08:50:00;09:10:00;-19.99999999999993;08:51:00;08:51:00;-7.993605777301127e-14;09:26:00;09:30:00;-3.999999999999986;09:31:00;09:36:00;-5.000000000000062;T27 - Kranstopp;;-5.000000000000062;24-04-2026_5801
PRI-TOG;C42;5731.0;Alnabru;2026-04-24;17.0;Fredag;08:50:00;09:05:00;-14.999999999999947;09:02:00;09:10:00;-7.999999999999972;09:37:00;09:35:00;1.999999999999993;09:42:00;09:42:00;0.0;T18 - Sent lok til stamme;;0.0;24-04-2026_5731
;C32 ;5507.0;Alnabru;2026-04-24;17.0;Fredag;11:40:00;11:35:00;4.999999999999982;11:43:00;11:41:00;2.000000000000073;12:18:00;12:00:00;18.000000000000096;12:23:00;12:13:00;10.000000000000124;;;10.000000000000124;24-04-2026_5507
;C42;45960.0;Alnabru;2026-04-24;17.0;Fredag;14:00:00;;0.0;15:02:00;;0.0;15:37:00;;0.0;15:42:00;15:38:00;3.999999999999986;;;3.999999999999986;24-04-2026_45960
;C32 ;5509.0;Alnabru;2026-04-24;17.0;Fredag;16:30:00;16:11:00;18.999999999999932;16:44:00;17:00:00;-16.000000000000103;17:19:00;17:05:00;13.99999999999995;17:24:00;17:14:00;9.999999999999964;;;9.999999999999964;24-04-2026_5509
;C2/C5A;41971.0;Alnabru;2026-04-24;17.0;Fredag;16:00:00;;0.0;17:04:00;;0.0;17:39:00;;0.0;17:44:00;;0.0;T17 - Innstilt tog;;0.0;24-04-2026_41971
;C45;5805.0;Alnabru;2026-04-24;17.0;Fredag;17:00:00;16:50:00;10.000000000000124;17:11:00;17:00:00;10.999999999999961;17:46:00;17:16:00;30.000000000000053;17:51:00;17:21:00;30.000000000000053;;;30.000000000000053;24-04-2026_5805
PRI-TOG;C23;41910.0;Alnabru;2026-04-24;17.0;Fredag;17:35:00;17:35:00;0.0;17:45:00;17:45:00;0.0;18:20:00;18:00:00;20.00000000000009;18:25:00;18:12:00;13.000000000000114;;;13.000000000000114;24-04-2026_41910
;C32 ;5511.0;Alnabru;2026-04-24;17.0;Fredag;18:40:00;18:40:00;0.0;18:59:00;18:35:00;23.999999999999915;19:34:00;19:10:00;23.999999999999915;19:39:00;19:27:00;11.999999999999957;;;11.999999999999957;24-04-2026_5511
;C42;5733.0;Alnabru;2026-04-24;17.0;Fredag;19:20:00;19:20:00;0.0;19:35:00;19:30:00;4.999999999999982;20:05:00;19:52:00;13.000000000000114;20:10:00;20:20:00;-9.999999999999964;T3 - Lokfører;Ukjent årsak;-9.999999999999964;24-04-2026_5733
PRI-TOG;C31;41900.0;Alnabru;2026-04-24;17.0;Fredag;19:40:00;19:30:00;9.999999999999964;19:46:00;19:30:00;15.999999999999943;20:21:00;19:50:00;31.00000000000005;20:26:00;19:55:00;30.99999999999989;;;30.99999999999989;24-04-2026_41900
LANGTOG;C43;5811.0;Alnabru;2026-04-24;17.0;Fredag;20:30:00;20:30:00;0.0;20:51:00;20:53:00;-1.999999999999993;21:26:00;21:19:00;7.000000000000135;21:31:00;21:15:00;16.000000000000103;;;16.000000000000103;24-04-2026_5811
;C45;5709.0;Alnabru;2026-04-24;17.0;Fredag;21:00:00;20:40:00;19.99999999999993;21:02:00;21:00:00;1.999999999999993;21:37:00;21:10:00;27.000000000000064;21:42:00;21:17:00;25.00000000000007;;;25.00000000000007;24-04-2026_5709
LANGTOG;C32 ;5515.0;Alnabru;2026-04-24;17.0;Fredag;21:15:00;21:15:00;0.0;21:17:00;21:00:00;16.99999999999994;21:52:00;21:40:00;11.999999999999957;21:57:00;21:59:00;-1.999999999999993;;;-1.999999999999993;24-04-2026_5515
PRI-TOG;C23;5735.0;Alnabru;2026-04-24;17.0;Fredag;21:50:00;21:20:00;30.000000000000053;22:02:00;21:00:00;61.99999999999994;22:37:00;21:30:00;66.99999999999991;22:42:00;21:58:00;44.0;;;44.0;24-04-2026_5735
FORHÅNDSLASTES C32 FREDAG;C32 ;5737.0;Alnabru;2026-04-25;17.0;Lørdag;11:00:00;;0.0;11:02:00;;0.0;11:37:00;;0.0;11:42:00;;0.0;T17 - Innstilt tog;;0.0;25-04-2026_5737
;C44;41971.0;Alnabru;2026-04-25;17.0;Lørdag;13:30:00;12:00:00;90.0;17:04:00;17:00:00;3.999999999999986;17:39:00;17:28:00;11.00000000000012;17:44:00;17:34:00;10.000000000000124;;;10.000000000000124;25-04-2026_41971
PRI-TOG;C23;41910.0;Alnabru;2026-04-25;17.0;Lørdag;12:00:00;12:00:00;0.0;17:45:00;13:23:00;262.0;18:20:00;13:38:00;282.0000000000001;18:25:00;15:08:00;197.0000000000001;;Riktig avg tid er 15:08;197.0000000000001;25-04-2026_41910
LASTEFRIST KL. 15:00 LØRDAG;C23;5711.0;Alnabru;2026-04-26;17.0;Søndag;14:30:00;00:01:00;869.0;07:27:00;07:34:00;-6.999999999999975;08:02:00;07:40:00;22.00000000000008;08:07:00;07:57:00;10.000000000000044;;;10.000000000000044;26-04-2026_5711
Lastefrist 13:30 Søndag;C44;41960.0;Alnabru;2026-04-26;17.0;Søndag;13:30:00;13:00:00;30.000000000000053;16:48:00;16:05:00;43.00000000000001;17:23:00;16:18:00;64.99999999999993;17:28:00;16:21:00;66.99999999999991;;;66.99999999999991;26-04-2026_41960
;C44;41971.0;Alnabru;2026-04-26;17.0;Søndag;13:30:00;13:00:00;30.000000000000053;17:04:00;16:45:00;19.000000000000092;17:39:00;16:54:00;45.0;17:44:00;17:00:00;44.0;;;44.0;26-04-2026_41971
LANGTOG;C32;5523.0;Alnabru;2026-04-26;17.0;Søndag;16:00:00;;0.0;18:31:00;;0.0;19:06:00;;0.0;19:11:00;;0.0;T17 - Innstilt tog;;0.0;26-04-2026_5523
;C23;5717.0;Alnabru;2026-04-26;17.0;Søndag;16:00:00;16:00:00;0.0;18:57:00;16:24:00;152.99999999999994;19:32:00;16:34:00;178.0;19:37:00;16:43:00;174.00000000000003;;Ritig avg er 17:12;174.00000000000003;26-04-2026_5717
LANGTOG;C43;5811.0;Alnabru;2026-04-26;17.0;Søndag;13:30:00;13:00:00;30.000000000000053;20:51:00;20:08:00;43.00000000000001;21:26:00;20:20:00;66.00000000000009;21:31:00;20:26:00;65.00000000000009;;;65.00000000000009;26-04-2026_5811
;C32 Nord;5531.0;Alnabru;2026-04-27;18.0;Mandag;07:50:00;07:50:00;0.0;07:43:00;07:15:00;27.99999999999998;08:18:00;07:22:00;55.99999999999996;08:23:00;07:46:00;36.99999999999995;;;36.99999999999995;27-04-2026_5531
Lastefristkl. 19:30 dag før avgang.;C45;5301.0;Alnabru;2026-04-27;18.0;Mandag;19:30:00;19:30:00;0.0;08:11:00;08:30:00;-19.000000000000014;08:46:00;08:55:00;-8.999999999999968;08:51:00;09:04:00;-12.999999999999954;T4 - Forsinket ankommet tog. (kort snutid);Lok fra forsinket 5714.;-12.999999999999954;27-04-2026_5301
;C45;5801.0;Alnabru;2026-04-27;18.0;Mandag;08:50:00;08:50:00;0.0;08:51:00;08:45:00;5.999999999999979;09:26:00;09:02:00;23.999999999999993;09:31:00;09:12:00;18.999999999999932;;;18.999999999999932;27-04-2026_5801
PRI-TOG;C42;5731.0;Alnabru;2026-04-27;18.0;Mandag;08:50:00;08:50:00;0.0;09:02:00;08:50:00;11.999999999999957;09:37:00;09:08:00;29.000000000000057;09:42:00;09:12:00;29.99999999999997;;;29.99999999999997;27-04-2026_5731
;C32 ;5507.0;Alnabru;2026-04-27;18.0;Mandag;11:40:00;;0.0;11:43:00;;0.0;12:18:00;;0.0;12:23:00;;0.0;T17 - Innstilt tog;;0.0;27-04-2026_5507
;C42;45960.0;Alnabru;2026-04-27;18.0;Mandag;14:00:00;;0.0;15:02:00;;0.0;15:37:00;;0.0;15:42:00;15:34:00;7.999999999999972;;;7.999999999999972;27-04-2026_45960
;C42;5707.0;Alnabru;2026-04-27;18.0;Mandag;16:20:00;16:07:00;13.000000000000114;16:32:00;16:17:00;14.999999999999947;17:07:00;16:28:00;39.00000000000002;17:12:00;16:42:00;30.000000000000053;;;30.000000000000053;27-04-2026_5707
;C32 ;5509.0;Alnabru;2026-04-27;18.0;Mandag;16:30:00;14:46:00;103.99999999999994;16:44:00;17:50:00;-66.00000000000009;17:19:00;18:15:00;-55.99999999999996;17:24:00;18:29:00;-65.00000000000009;T2 - Nytt tognummer (Skriv det nye i kommentar);85509. Ny rute: 18:44;-65.00000000000009;27-04-2026_5509
;C44;41960.0;Alnabru;2026-04-27;18.0;Mandag;16:00:00;14:44:00;75.99999999999989;16:48:00;16:22:00;25.999999999999908;17:23:00;17:15:00;7.999999999999972;17:28:00;17:26:00;1.999999999999993;;;1.999999999999993;27-04-2026_41960
;C2/C5A;41971.0;Alnabru;2026-04-27;18.0;Mandag;16:00:00;16:00:00;0.0;17:04:00;16:39:00;25.00000000000007;17:39:00;17:08:00;31.00000000000005;17:44:00;17:32:00;12.000000000000117;;;12.000000000000117;27-04-2026_41971
;C45;5805.0;Alnabru;2026-04-27;18.0;Mandag;17:00:00;16:51:00;9.000000000000128;17:11:00;16:56:00;14.999999999999947;17:46:00;17:26:00;20.00000000000009;17:51:00;17:45:00;5.999999999999979;;;5.999999999999979;27-04-2026_5805
PRI-TOG;C23;41910.0;Alnabru;2026-04-27;18.0;Mandag;17:35:00;13:30:00;244.99999999999994;17:45:00;13:40:00;245.00000000000009;18:20:00;14:04:00;256.00000000000006;18:25:00;14:02:00;263.0;T2 - Nytt tognummer (Skriv det nye i kommentar);81914. Ny rute: 14:30.;263.0;27-04-2026_41910
;C32;5511.0;Alnabru;2026-04-27;18.0;Mandag;18:40:00;18:26:00;13.99999999999995;18:59:00;18:49:00;9.999999999999964;19:34:00;19:14:00;19.99999999999993;19:39:00;19:41:00;-1.999999999999993;T2 - Nytt tognummer (Skriv det nye i kommentar);85511. Ny rute: 19:39;-1.999999999999993;27-04-2026_5511
;C42;5733.0;Alnabru;2026-04-27;18.0;Mandag;19:20:00;19:19:00;0.9999999999999964;19:30:00;19:07:00;23.000000000000078;20:05:00;19:41:00;24.000000000000075;20:10:00;19:54:00;15.999999999999943;;;15.999999999999943;27-04-2026_5733
PRI-TOG;C31;41900.0;Alnabru;2026-04-27;18.0;Mandag;19:40:00;17:30:00;130.00000000000003;19:46:00;17:45:00;120.99999999999989;20:21:00;17:55:00;145.99999999999997;20:26:00;18:07:00;139.0;T2 - Nytt tognummer (Skriv det nye i kommentar);41904. Ny rute: 18:25;139.0;27-04-2026_41900
;C45;5709.0;Alnabru;2026-04-27;18.0;Mandag;21:00:00;20:44:00;15.999999999999943;21:02:00;20:04:00;57.99999999999996;21:37:00;20:48:00;48.999999999999986;21:42:00;20:57:00;45.0;;;45.0;27-04-2026_5709
LANGTOG;C43;5811.0;Alnabru;2026-04-27;18.0;Mandag;20:30:00;20:19:00;10.999999999999961;20:51:00;20:31:00;20.00000000000009;21:26:00;20:39:00;46.99999999999999;21:31:00;20:44:00;46.99999999999999;;;46.99999999999999;27-04-2026_5811
LANGTOG;C32 ;5515.0;Alnabru;2026-04-27;18.0;Mandag;21:15:00;20:54:00;20.999999999999925;21:17:00;21:50:00;-33.00000000000004;21:52:00;21:15:00;37.00000000000003;21:57:00;21:33:00;23.999999999999915;;;23.999999999999915;27-04-2026_5515
PRI-TOG;C23;5735.0;Alnabru;2026-04-27;18.0;Mandag;21:50:00;21:30:00;19.99999999999993;22:02:00;21:53:00;8.999999999999968;22:37:00;21:56:00;41.000000000000014;22:42:00;22:11:00;30.99999999999989;;;30.99999999999989;27-04-2026_5735
Lastefristkl. 19:30 dag før avgang.;C45;5301.0;Alnabru;2026-04-28;18.0;Tirsdag;19:30:00;19:30:00;0.0;08:11:00;08:00:00;11.00000000000004;08:46:00;08:45:00;1.0000000000000764;08:51:00;08:51:00;0.0;;;0.0;28-04-2026_5301
;C45;5801.0;Alnabru;2026-04-28;18.0;Tirsdag;08:50:00;10:04:00;-73.99999999999997;08:51:00;08:50:00;0.9999999999999165;09:26:00;10:14:00;-47.999999999999986;09:31:00;10:30:00;-59.00000000000003;T34 - Annen feil, forklaring i kommentarfelt;Verksted vogner i stammen. Ble skiftet inn friske vogner på feil plass ift grupper. Måtte laste om toget.;-59.00000000000003;28-04-2026_5801
PRI-TOG;C42;5731.0;Alnabru;2026-04-28;18.0;Tirsdag;08:50:00;08:50:00;0.0;09:02:00;09:00:00;1.999999999999993;09:37:00;09:23:00;14.00000000000003;09:42:00;09:33:00;9.000000000000048;;;9.000000000000048;28-04-2026_5731
;C32 ;5507.0;Alnabru;2026-04-28;18.0;Tirsdag;11:40:00;11:40:00;0.0;11:43:00;11:45:00;-1.999999999999913;12:18:00;12:06:00;12.000000000000117;12:23:00;12:32:00;-8.999999999999968;T3 - Lokfører;Meldte seg på til TXP 12:26;-8.999999999999968;28-04-2026_5507
;C42;45960.0;Alnabru;2026-04-28;18.0;Tirsdag;14:00:00;;0.0;15:02:00;;0.0;15:37:00;;0.0;15:42:00;15:27:00;14.999999999999947;;;14.999999999999947;28-04-2026_45960
;C42;5707.0;Alnabru;2026-04-28;18.0;Tirsdag;16:20:00;16:20:00;0.0;16:32:00;15:46:00;46.0;17:07:00;16:36:00;31.00000000000005;17:12:00;16:51:00;21.000000000000085;;;21.000000000000085;28-04-2026_5707
;C32 ;5509.0;Alnabru;2026-04-28;18.0;Tirsdag;16:30:00;17:00:00;-30.000000000000053;16:44:00;16:46:00;-1.999999999999993;17:19:00;17:12:00;6.999999999999975;17:24:00;17:32:00;-7.999999999999972;;;-7.999999999999972;28-04-2026_5509
;C44;41960.0;Alnabru;2026-04-28;18.0;Tirsdag;16:00:00;16:00:00;0.0;16:48:00;16:14:00;33.99999999999988;17:23:00;17:20:00;2.9999999999999893;17:28:00;17:26:00;1.999999999999993;;;1.999999999999993;28-04-2026_41960
;C2/C5A;41971.0;Alnabru;2026-04-28;18.0;Tirsdag;16:00:00;16:00:00;0.0;17:04:00;17:15:00;-10.999999999999961;17:39:00;17:34:00;5.000000000000142;17:44:00;17:40:00;3.999999999999986;;;3.999999999999986;28-04-2026_41971
;C45;5805.0;Alnabru;2026-04-28;18.0;Tirsdag;17:00:00;16:30:00;30.000000000000053;17:11:00;16:52:00;19.000000000000092;17:46:00;17:05:00;41.000000000000014;17:51:00;17:44:00;6.999999999999975;;;6.999999999999975;28-04-2026_5805
PRI-TOG;C23;41910.0;Alnabru;2026-04-28;18.0;Tirsdag;17:35:00;17:45:00;-10.000000000000124;17:45:00;17:29:00;16.000000000000103;18:20:00;18:02:00;18.000000000000096;18:25:00;18:10:00;15.000000000000107;;ut som 41904,avg kl18:25;15.000000000000107;28-04-2026_41910
;C32 ;5511.0;Alnabru;2026-04-28;18.0;Tirsdag;18:40:00;19:43:00;-62.999999999999936;18:59:00;19:35:00;-36.00000000000003;19:34:00;19:53:00;-19.000000000000092;19:39:00;19:43:00;-3.999999999999986;;Måtte snu 5510 ut som 5511;-3.999999999999986;28-04-2026_5511
;C42;5733.0;Alnabru;2026-04-28;18.0;Tirsdag;19:20:00;19:43:00;-22.99999999999992;19:35:00;19:38:00;-2.9999999999999893;20:05:00;19:55:00;9.999999999999964;20:10:00;19:44:00;26.000000000000068;;;26.000000000000068;28-04-2026_5733
PRI-TOG;C31;41900.0;Alnabru;2026-04-28;18.0;Tirsdag;19:40:00;19:10:00;29.999999999999893;19:46:00;19:33:00;12.999999999999954;20:21:00;20:02:00;18.999999999999932;20:26:00;20:40:00;-14.00000000000011;;Ut som 41916,Avg kl 20:44;-14.00000000000011;28-04-2026_41900
;C45;5709.0;Alnabru;2026-04-28;18.0;Tirsdag;21:00:00;21:00:00;0.0;21:02:00;20:30:00;32.00000000000004;21:37:00;21:16:00;21.000000000000085;21:42:00;21:25:00;16.99999999999994;;;16.99999999999994;28-04-2026_5709
LANGTOG;C43;5811.0;Alnabru;2026-04-28;18.0;Tirsdag;20:30:00;20:10:00;19.99999999999993;20:51:00;20:26:00;25.00000000000007;21:26:00;21:00:00;26.000000000000068;21:31:00;21:08:00;23.000000000000078;;;23.000000000000078;28-04-2026_5811
LANGTOG;C32 ;5515.0;Alnabru;2026-04-28;18.0;Tirsdag;21:15:00;21:15:00;0.0;21:17:00;21:17:00;0.0;21:52:00;21:35:00;16.99999999999994;21:57:00;21:44:00;12.999999999999954;;;12.999999999999954;28-04-2026_5515
PRI-TOG;C23;5735.0;Alnabru;2026-04-28;18.0;Tirsdag;21:50:00;21:35:00;14.999999999999947;22:02:00;21:02:00;59.99999999999994;22:37:00;21:45:00;51.99999999999997;22:42:00;21:54:00;47.999999999999986;;;47.999999999999986;28-04-2026_5735
;C32 Nord;5531.0;Alnabru;2026-04-29;18.0;Onsdag;07:50:00;07:50:00;0.0;07:43:00;07:50:00;-7.000000000000055;08:18:00;08:03:00;15.000000000000027;08:23:00;08:11:00;11.999999999999957;;;11.999999999999957;29-04-2026_5531
Lastefristkl. 19:30 dag før avgang.;C45;5301.0;Alnabru;2026-04-29;18.0;Onsdag;19:30:00;19:30:00;0.0;08:11:00;08:10:00;0.9999999999999964;08:46:00;08:32:00;14.00000000000003;08:51:00;08:45:00;6.000000000000059;;;6.000000000000059;29-04-2026_5301
;C45;5801.0;Alnabru;2026-04-29;18.0;Onsdag;08:50:00;09:20:00;-29.99999999999997;08:51:00;08:50:00;0.9999999999999165;09:26:00;09:34:00;-8.000000000000052;09:31:00;09:35:00;-4.000000000000066;;;-4.000000000000066;29-04-2026_5801
PRI-TOG;C42;5731.0;Alnabru;2026-04-29;18.0;Onsdag;08:50:00;08:50:00;0.0;09:02:00;09:00:00;1.999999999999993;09:37:00;09:20:00;17.00000000000002;09:42:00;09:35:00;6.999999999999975;;;6.999999999999975;29-04-2026_5731
;C32 ;5507.0;Alnabru;2026-04-29;18.0;Onsdag;11:40:00;11:40:00;0.0;11:43:00;11:33:00;10.000000000000044;12:18:00;12:15:00;3.000000000000149;12:23:00;12:23:00;0.0;;;0.0;29-04-2026_5507
;C42;45960.0;Alnabru;2026-04-29;18.0;Onsdag;14:00:00;;0.0;15:02:00;;0.0;15:37:00;;0.0;15:42:00;15:35:00;6.999999999999975;;;6.999999999999975;29-04-2026_45960
;C42;5707.0;Alnabru;2026-04-29;18.0;Onsdag;16:20:00;15:16:00;64.00000000000009;16:32:00;16:09:00;22.99999999999992;17:07:00;16:20:00;46.99999999999999;17:12:00;16:42:00;30.000000000000053;;;30.000000000000053;29-04-2026_5707
;C32 ;5509.0;Alnabru;2026-04-29;18.0;Onsdag;16:30:00;16:20:00;9.999999999999964;16:44:00;16:44:00;0.0;17:19:00;16:47:00;32.00000000000004;17:24:00;17:10:00;13.99999999999995;;;13.99999999999995;29-04-2026_5509
;C44;41960.0;Alnabru;2026-04-29;18.0;Onsdag;16:00:00;16:00:00;0.0;16:48:00;16:18:00;29.999999999999893;17:23:00;16:48:00;35.000000000000036;17:28:00;17:22:00;5.999999999999979;;;5.999999999999979;29-04-2026_41960
;C2/C5A;41971.0;Alnabru;2026-04-29;18.0;Onsdag;16:00:00;14:00:00;119.99999999999989;17:04:00;15:21:00;103.00000000000011;17:39:00;15:37:00;122.00000000000004;17:44:00;15:44:00;120.00000000000006;T18 - Sent lok til stamme;Ny avg er 15:16;120.00000000000006;29-04-2026_41971
;C45;5805.0;Alnabru;2026-04-29;18.0;Onsdag;17:00:00;17:00:00;0.0;17:11:00;17:03:00;7.999999999999972;17:46:00;17:08:00;38.00000000000003;17:51:00;17:21:00;30.000000000000053;;;30.000000000000053;29-04-2026_5805
PRI-TOG;C23;41910.0;Alnabru;2026-04-29;18.0;Onsdag;17:35:00;;0.0;17:45:00;13:03:00;282.0000000000001;18:20:00;13:36:00;284.0000000000001;18:25:00;14:23:00;242.0000000000001;T2 - Nytt tognummer (Skriv det nye i kommentar);Ny avgang : 14:30;242.0000000000001;29-04-2026_41910
;C32 ;5511.0;Alnabru;2026-04-29;18.0;Onsdag;18:40:00;19:00:00;-19.99999999999993;18:59:00;18:25:00;33.99999999999988;19:34:00;19:17:00;16.99999999999994;19:39:00;19:21:00;17.999999999999936;;;17.999999999999936;29-04-2026_5511
;C42;5733.0;Alnabru;2026-04-29;18.0;Onsdag;19:20:00;19:19:00;0.9999999999999964;19:35:00;19:39:00;-3.999999999999986;20:05:00;19:57:00;7.999999999999972;20:10:00;20:12:00;-1.999999999999993;T20 - Trafikkstyring (TXP/Togleder);;-1.999999999999993;29-04-2026_5733
PRI-TOG;C31;41900.0;Alnabru;2026-04-29;18.0;Onsdag;19:40:00;17:30:00;130.00000000000003;19:46:00;17:21:00;144.99999999999997;20:21:00;17:51:00;149.99999999999994;20:26:00;18:22:00;124.00000000000004;;Ny avg 18:25;124.00000000000004;29-04-2026_41900
LANGTOG;C43;5811.0;Alnabru;2026-04-29;18.0;Onsdag;20:30:00;20:09:00;20.999999999999925;20:51:00;20:34:00;17.0000000000001;21:26:00;20:55:00;31.00000000000005;21:31:00;21:15:00;16.000000000000103;;;16.000000000000103;29-04-2026_5811
;C45;5709.0;Alnabru;2026-04-29;18.0;Onsdag;21:00:00;20:44:00;15.999999999999943;21:02:00;20:09:00;52.99999999999997;21:37:00;20:48:00;48.999999999999986;21:42:00;21:06:00;36.00000000000003;;;36.00000000000003;29-04-2026_5709
LANGTOG;C32 ;5515.0;Alnabru;2026-04-29;18.0;Onsdag;21:15:00;21:05:00;9.999999999999964;21:17:00;21:03:00;13.99999999999995;21:52:00;21:24:00;27.9999999999999;21:57:00;21:56:00;0.9999999999999964;;;0.9999999999999964;29-04-2026_5515
PRI-TOG;C23;5735.0;Alnabru;2026-04-29;18.0;Onsdag;21:50:00;21:39:00;10.999999999999961;22:02:00;20:39:00;82.99999999999986;22:37:00;21:46:00;50.99999999999998;22:42:00;21:52:00;49.999999999999986;;;49.999999999999986;29-04-2026_5735
Lastefristkl. 19:30 dag før avgang.;C45;5301.0;Alnabru;2026-04-30;18.0;Torsdag;19:30:00;;0.0;08:11:00;;0.0;08:46:00;;0.0;08:51:00;;0.0;;;0.0;30-04-2026_5301
;C45;5801.0;Alnabru;2026-04-30;18.0;Torsdag;08:50:00;;0.0;08:51:00;;0.0;09:26:00;;0.0;09:31:00;;0.0;;;0.0;30-04-2026_5801
PRI-TOG;C42;5731.0;Alnabru;2026-04-30;18.0;Torsdag;08:50:00;;0.0;09:02:00;;0.0;09:37:00;;0.0;09:42:00;;0.0;;;0.0;30-04-2026_5731
;C32 ;5507.0;Alnabru;2026-04-30;18.0;Torsdag;11:40:00;;0.0;11:43:00;;0.0;12:18:00;;0.0;12:23:00;;0.0;;;0.0;30-04-2026_5507
;C42;45960.0;Alnabru;2026-04-30;18.0;Torsdag;14:00:00;;0.0;15:02:00;;0.0;15:37:00;;0.0;15:42:00;15:21:00;21.000000000000085;;;21.000000000000085;30-04-2026_45960
;C42;5707.0;Alnabru;2026-04-30;18.0;Torsdag;16:20:00;16:19:00;0.9999999999999964;16:32:00;17:02:00;-30.000000000000053;17:07:00;17:06:00;0.9999999999999964;17:12:00;17:12:00;0.0;T18 - Sent lok til stamme;;0.0;30-04-2026_5707
;C32 ;5509.0;Alnabru;2026-04-30;18.0;Torsdag;16:30:00;16:30:00;0.0;16:44:00;17:11:00;-27.000000000000064;17:19:00;17:18:00;0.9999999999999964;17:24:00;17:23:00;0.9999999999999964;T18 - Sent lok til stamme;;0.9999999999999964;30-04-2026_5509
;C44;41960.0;Alnabru;2026-04-30;18.0;Torsdag;16:00:00;;0.0;16:48:00;;0.0;17:23:00;;0.0;17:28:00;;0.0;T17 - Innstilt tog;;0.0;30-04-2026_41960
;C2/C5A;41971.0;Alnabru;2026-04-30;18.0;Torsdag;16:00:00;14:00:00;119.99999999999989;17:04:00;14:21:00;163.00000000000006;17:39:00;14:59:00;160.00000000000006;17:44:00;15:06:00;158.00000000000009;;Ny avg er 15:16;158.00000000000009;30-04-2026_41971
;C45;5805.0;Alnabru;2026-04-30;18.0;Torsdag;17:00:00;16:52:00;8.000000000000131;17:11:00;16:29:00;42.000000000000014;17:46:00;16:59:00;46.99999999999999;17:51:00;17:02:00;48.999999999999986;;;48.999999999999986;30-04-2026_5805
PRI-TOG;C23;41910.0;Alnabru;2026-04-30;18.0;Torsdag;17:35:00;17:30:00;4.999999999999982;17:45:00;17:39:00;5.999999999999979;18:20:00;17:57:00;23.000000000000078;18:25:00;18:09:00;16.000000000000103;;ut som 41904,avg kl18:25;16.000000000000103;30-04-2026_41910
;C32 ;5511.0;Alnabru;2026-04-30;18.0;Torsdag;18:40:00;19:00:00;-19.99999999999993;18:59:00;19:14:00;-15.000000000000107;19:34:00;19:25:00;8.999999999999968;19:39:00;19:39:00;0.0;T18 - Sent lok til stamme;;0.0;30-04-2026_5511
;C42;5733.0;Alnabru;2026-04-30;18.0;Torsdag;19:20:00;19:02:00;18.000000000000096;19:35:00;19:33:00;1.999999999999993;20:05:00;19:44:00;21.000000000000085;20:10:00;19:50:00;20.00000000000009;;;20.00000000000009;30-04-2026_5733
PRI-TOG;C31;41900.0;Alnabru;2026-04-30;18.0;Torsdag;19:40:00;;0.0;19:46:00;;0.0;20:21:00;;0.0;20:26:00;13:56:00;389.9999999999999;;Med avg 13:56 Ny rute;389.9999999999999;30-04-2026_41900
;C45;5709.0;Alnabru;2026-04-30;18.0;Torsdag;21:00:00;20:31:00;29.000000000000057;21:02:00;20:20:00;42.000000000000014;21:37:00;20:39:00;57.99999999999996;21:42:00;21:32:00;9.999999999999964;;;9.999999999999964;30-04-2026_5709
LANGTOG;C43;5811.0;Alnabru;2026-04-30;18.0;Torsdag;20:30:00;20:16:00;13.99999999999995;20:51:00;20:36:00;15.000000000000107;21:26:00;20:46:00;40.000000000000014;21:31:00;20:56:00;35.000000000000036;;;35.000000000000036;30-04-2026_5811
LANGTOG;C32 ;5515.0;Alnabru;2026-04-30;18.0;Torsdag;21:15:00;21:15:00;0.0;21:17:00;21:03:00;13.99999999999995;21:52:00;21:31:00;20.999999999999925;21:57:00;21:37:00;19.99999999999993;;;19.99999999999993;30-04-2026_5515
PRI-TOG;C23;5735.0;Alnabru;2026-04-30;18.0;Torsdag;21:50:00;21:37:00;12.999999999999954;22:02:00;22:47:00;-45.0;22:37:00;21:54:00;43.00000000000001;22:42:00;22:59:00;-17.0000000000001;T18 - Sent lok til stamme;;-17.0000000000001;30-04-2026_5735
Lastefristkl. 19:30 dag før avgang.;C45;5301.0;Alnabru;2026-05-01;18.0;Fredag;19:30:00;;0.0;08:11:00;;0.0;08:46:00;;0.0;08:51:00;;0.0;;;0.0;01-05-2026_5301
;C45;5801.0;Alnabru;2026-05-01;18.0;Fredag;08:50:00;;0.0;08:51:00;;0.0;09:26:00;;0.0;09:31:00;;0.0;;;0.0;01-05-2026_5801
PRI-TOG;C42;5731.0;Alnabru;2026-05-01;18.0;Fredag;08:50:00;;0.0;09:02:00;;0.0;09:37:00;;0.0;09:42:00;;0.0;;;0.0;01-05-2026_5731
;C32 ;5507.0;Alnabru;2026-05-01;18.0;Fredag;11:40:00;;0.0;11:43:00;;0.0;12:18:00;;0.0;12:23:00;;0.0;;;0.0;01-05-2026_5507
;C42;45960.0;Alnabru;2026-05-01;18.0;Fredag;14:00:00;;0.0;15:02:00;;0.0;15:37:00;;0.0;15:42:00;;0.0;;;0.0;01-05-2026_45960
;C32 ;5509.0;Alnabru;2026-05-01;18.0;Fredag;16:30:00;;0.0;16:44:00;;0.0;17:19:00;;0.0;17:24:00;;0.0;;;0.0;01-05-2026_5509
;C2/C5A;41971.0;Alnabru;2026-05-01;18.0;Fredag;16:00:00;;0.0;17:04:00;;0.0;17:39:00;;0.0;17:44:00;;0.0;;;0.0;01-05-2026_41971
;C45;5805.0;Alnabru;2026-05-01;18.0;Fredag;17:00:00;;0.0;17:11:00;;0.0;17:46:00;;0.0;17:51:00;;0.0;;;0.0;01-05-2026_5805
PRI-TOG;C23;41910.0;Alnabru;2026-05-01;18.0;Fredag;17:35:00;;0.0;17:45:00;;0.0;18:20:00;;0.0;18:25:00;;0.0;;;0.0;01-05-2026_41910
;C32 ;5511.0;Alnabru;2026-05-01;18.0;Fredag;18:40:00;;0.0;18:59:00;;0.0;19:34:00;;0.0;19:39:00;;0.0;;;0.0;01-05-2026_5511
;C42;5733.0;Alnabru;2026-05-01;18.0;Fredag;19:20:00;;0.0;19:35:00;;0.0;20:05:00;;0.0;20:10:00;;0.0;;;0.0;01-05-2026_5733
PRI-TOG;C31;41900.0;Alnabru;2026-05-01;18.0;Fredag;19:40:00;;0.0;19:46:00;;0.0;20:21:00;;0.0;20:26:00;;0.0;;;0.0;01-05-2026_41900
;C45;5709.0;Alnabru;2026-05-01;18.0;Fredag;21:00:00;;0.0;21:02:00;;0.0;21:37:00;;0.0;21:42:00;;0.0;;;0.0;01-05-2026_5709
LANGTOG;C43;5811.0;Alnabru;2026-05-01;18.0;Fredag;20:30:00;;0.0;20:51:00;;0.0;21:26:00;;0.0;21:31:00;;0.0;;;0.0;01-05-2026_5811
LANGTOG;C32 ;5515.0;Alnabru;2026-05-01;18.0;Fredag;21:15:00;;0.0;21:17:00;;0.0;21:52:00;;0.0;21:57:00;;0.0;;;0.0;01-05-2026_5515
PRI-TOG;C23;5735.0;Alnabru;2026-05-01;18.0;Fredag;21:50:00;;0.0;22:02:00;;0.0;22:37:00;;0.0;22:42:00;;0.0;;;0.0;01-05-2026_5735
FORHÅNDSLASTES C32 FREDAG;C32 ;5737.0;Alnabru;2026-05-02;18.0;Lørdag;11:00:00;;0.0;11:02:00;;0.0;11:37:00;;0.0;11:42:00;;0.0;T17 - Innstilt tog;;0.0;02-05-2026_5737
;C44;41971.0;Alnabru;2026-05-02;18.0;Lørdag;13:30:00;12:00:00;90.0;17:04:00;12:30:00;274.0;17:39:00;13:00:00;279.0000000000001;17:44:00;14:01:00;223.0;;Rute 14:11;223.0;02-05-2026_41971
PRI-TOG;C23;41910.0;Alnabru;2026-05-02;18.0;Lørdag;12:00:00;12:00:00;0.0;17:45:00;13:40:00;245.00000000000009;18:20:00;14:00:00;260.00000000000006;18:25:00;14:17:00;248.00000000000009;;Rute 14:37;248.00000000000009;02-05-2026_41910
LASTEFRIST KL. 15:00 LØRDAG;C23;5711.0;Alnabru;2026-05-03;18.0;Søndag;14:30:00;14:30:00;0.0;07:27:00;07:27:00;0.0;08:02:00;07:35:00;27.000000000000064;08:07:00;07:40:00;27.000000000000064;;;27.000000000000064;03-05-2026_5711
Lastefrist 13:30 Søndag;C44;41960.0;Alnabru;2026-05-03;18.0;Søndag;13:30:00;13:30:00;0.0;16:48:00;16:00:00;47.999999999999986;17:23:00;16:30:00;52.99999999999997;17:28:00;16:25:00;62.999999999999936;;;62.999999999999936;03-05-2026_41960
;C44;41971.0;Alnabru;2026-05-03;18.0;Søndag;13:30:00;12:00:00;90.0;17:04:00;11:50:00;314.0;17:39:00;12:15:00;324.0000000000001;17:44:00;12:38:00;306.00000000000006;;Rute 12:52;306.00000000000006;03-05-2026_41971
LANGTOG;C32;5523.0;Alnabru;2026-05-03;18.0;Søndag;16:00:00;16:00:00;0.0;18:31:00;18:00:00;31.00000000000005;19:06:00;18:10:00;56.00000000000012;19:11:00;18:34:00;37.00000000000003;;;37.00000000000003;03-05-2026_5523
;C23;5717.0;Alnabru;2026-05-03;18.0;Søndag;16:00:00;16:00:00;0.0;18:57:00;16:15:00;161.99999999999991;19:32:00;16:35:00;177.0;19:37:00;16:50:00;167.00000000000006;;Rute 17:12;167.00000000000006;03-05-2026_5717
LANGTOG;C43;5811.0;Alnabru;2026-05-03;18.0;Søndag;13:30:00;13:30:00;0.0;20:51:00;;0.0;21:26:00;19:30:00;116.00000000000007;21:31:00;20:22:00;69.00000000000007;;;69.00000000000007;03-05-2026_5811
;C32 Nord;5531.0;Alnabru;2026-05-04;19.0;Mandag;07:50:00;07:50:00;0.0;07:43:00;07:52:00;-9.000000000000048;08:18:00;08:03:00;15.000000000000027;08:23:00;08:21:00;1.999999999999993;;;1.999999999999993;04-05-2026_5531
Lastefristkl. 19:30 dag før avgang.;C45;5301.0;Alnabru;2026-05-04;19.0;Mandag;19:30:00;19:30:00;0.0;08:11:00;08:06:00;4.999999999999982;08:46:00;08:32:00;14.00000000000003;08:51:00;08:51:00;0.0;;;0.0;04-05-2026_5301
;C45;5801.0;Alnabru;2026-05-04;19.0;Mandag;08:50:00;08:49:00;0.9999999999999964;08:51:00;08:45:00;5.999999999999979;09:26:00;09:13:00;12.999999999999954;09:31:00;09:26:00;4.999999999999982;;;4.999999999999982;04-05-2026_5801
PRI-TOG;C42;5731.0;Alnabru;2026-05-04;19.0;Mandag;08:50:00;08:44:00;6.000000000000059;09:02:00;08:48:00;14.00000000000003;09:37:00;09:11:00;26.000000000000068;09:42:00;09:18:00;23.999999999999993;;;23.999999999999993;04-05-2026_5731
;C32 ;5507.0;Alnabru;2026-05-04;19.0;Mandag;11:40:00;12:00:00;-20.000000000000007;11:43:00;12:12:00;-28.999999999999897;12:18:00;12:23:00;-4.999999999999982;12:23:00;12:32:00;-8.999999999999968;T18 - Sent lok til stamme;;-8.999999999999968;04-05-2026_5507
;C42;45960.0;Alnabru;2026-05-04;19.0;Mandag;14:00:00;;0.0;15:02:00;;0.0;15:37:00;;0.0;15:42:00;;0.0;T17 - Innstilt tog;;0.0;04-05-2026_45960
;C42;5707.0;Alnabru;2026-05-04;19.0;Mandag;16:20:00;16:20:00;0.0;16:32:00;16:32:00;0.0;17:07:00;16:40:00;27.000000000000064;17:12:00;16:59:00;12.999999999999954;;;12.999999999999954;04-05-2026_5707
;C32 ;5509.0;Alnabru;2026-05-04;19.0;Mandag;16:30:00;16:30:00;0.0;16:44:00;17:03:00;-19.000000000000092;17:19:00;16:55:00;23.999999999999915;17:24:00;17:23:00;0.9999999999999964;;;0.9999999999999964;04-05-2026_5509
;C44;41960.0;Alnabru;2026-05-04;19.0;Mandag;16:00:00;10:00:00;359.99999999999994;16:48:00;12:58:00;229.99999999999997;17:23:00;13:17:00;245.99999999999991;17:28:00;13:37:00;230.99999999999997;;Ut som 42959ny avg er 13:38;230.99999999999997;04-05-2026_41960
;C2/C5A;41971.0;Alnabru;2026-05-04;19.0;Mandag;16:00:00;16:00:00;0.0;17:04:00;17:03:00;0.9999999999999964;17:39:00;16:15:00;84.00000000000003;17:44:00;17:31:00;13.000000000000114;;;13.000000000000114;04-05-2026_41971
;C45;5805.0;Alnabru;2026-05-04;19.0;Mandag;17:00:00;17:00:00;0.0;17:11:00;17:10:00;0.9999999999999964;17:46:00;17:40:00;5.999999999999979;17:51:00;17:50:00;0.9999999999999964;;;0.9999999999999964;04-05-2026_5805
PRI-TOG;C23;41910.0;Alnabru;2026-05-04;19.0;Mandag;17:35:00;12:00:00;334.99999999999994;17:45:00;12:25:00;320.0;18:20:00;12:28:00;352.0;18:25:00;12:36:00;349.00000000000006;;ut som 42945 avg kl 12:43;349.00000000000006;04-05-2026_41910
;C32;5511.0;Alnabru;2026-05-04;19.0;Mandag;18:40:00;18:45:00;-4.999999999999982;18:59:00;19:10:00;-11.00000000000012;19:34:00;19:40:00;-5.999999999999979;19:39:00;19:44:00;-4.999999999999982;T9 - Feil på vogn;Etterstiller under bremsprøve.;-4.999999999999982;04-05-2026_5511
;C42;5733.0;Alnabru;2026-05-04;19.0;Mandag;19:20:00;19:15:00;4.999999999999982;19:30:00;20:06:00;-36.00000000000003;20:05:00;19:50:00;15.000000000000107;20:10:00;20:18:00;-7.999999999999972;T18 - Sent lok til stamme;;-7.999999999999972;04-05-2026_5733
PRI-TOG;C31;41900.0;Alnabru;2026-05-04;19.0;Mandag;19:40:00;17:35:00;125.00000000000003;19:46:00;20:10:00;-24.000000000000075;20:21:00;18:30:00;110.99999999999993;20:26:00;20:25:00;;T18 - Sent lok til stamme;Rute 20:15;0.0;04-05-2026_41900
;C45;5709.0;Alnabru;2026-05-04;19.0;Mandag;21:00:00;20:20:00;40.000000000000014;21:02:00;20:10:00;51.99999999999997;21:37:00;21:00:00;37.00000000000003;21:42:00;21:07:00;35.000000000000036;;;35.000000000000036;04-05-2026_5709
LANGTOG;C43;5811.0;Alnabru;2026-05-04;19.0;Mandag;20:30:00;20:30:00;0.0;20:51:00;20:45:00;5.999999999999979;21:26:00;21:06:00;20.00000000000009;21:31:00;21:18:00;13.000000000000114;;;13.000000000000114;04-05-2026_5811
LANGTOG;C32 ;5515.0;Alnabru;2026-05-04;19.0;Mandag;21:15:00;21:15:00;0.0;21:17:00;21:15:00;1.999999999999993;21:52:00;21:35:00;16.99999999999994;21:57:00;22:12:00;-15.000000000000107;T11 - Endring av togstamme;Belagt med multlok. Men endret uten at noen har gitt beskjed om dette. Måtte sette igjen 3 bilvogner.;-15.000000000000107;04-05-2026_5515
PRI-TOG;C23;5735.0;Alnabru;2026-05-04;19.0;Mandag;21:50:00;21:45:00;4.999999999999982;22:02:00;21:30:00;31.999999999999886;22:37:00;22:00:00;37.00000000000003;22:42:00;22:13:00;28.999999999999897;;;28.999999999999897;04-05-2026_5735
Lastefristkl. 19:30 dag før avgang.;C45;5301.0;Alnabru;2026-05-05;19.0;Tirsdag;19:30:00;19:30:00;0.0;08:11:00;08:02:00;9.000000000000048;08:46:00;08:35:00;11.00000000000004;08:51:00;08:50:00;0.9999999999999964;;;0.9999999999999964;05-05-2026_5301
;;4911.0;Alnabru;2026-05-05;19.0;Tirsdag;08:00:00;08:00:00;0.0;08:42:00;08:42:00;0.0;09:17:00;08:55:00;22.0;09:22:00;09:01:00;21.000000000000007;;;21.000000000000007;05-05-2026_4911
;C45;5801.0;Alnabru;2026-05-05;19.0;Tirsdag;08:50:00;08:50:00;0.0;08:51:00;08:45:00;5.999999999999979;09:26:00;09:17:00;8.999999999999968;09:31:00;09:28:00;2.9999999999999893;;;2.9999999999999893;05-05-2026_5801
PRI-TOG;C42;5731.0;Alnabru;2026-05-05;19.0;Tirsdag;08:50:00;08:50:00;0.0;09:02:00;08:44:00;18.000000000000014;09:37:00;09:07:00;30.000000000000053;09:42:00;09:13:00;28.99999999999998;;;28.99999999999998;05-05-2026_5731
;C32 ;5507.0;Alnabru;2026-05-05;19.0;Tirsdag;11:40:00;11:16:00;23.999999999999993;11:43:00;11:42:00;1.0000000000000764;12:18:00;12:08:00;10.000000000000124;12:23:00;12:27:00;-3.999999999999986;T20 - Trafikkstyring (TXP/Togleder);;-3.999999999999986;05-05-2026_5507
;;41914.0;Alnabru;2026-05-05;19.0;Tirsdag;12:00:00;12:00:00;0.0;12:18:00;12:11:00;6.999999999999975;12:53:00;12:24:00;28.999999999999897;12:58:00;12:57:00;0.9999999999999964;;;0.9999999999999964;05-05-2026_41914
;C42;45960.0;Alnabru;2026-05-05;19.0;Tirsdag;14:00:00;;0.0;15:02:00;;0.0;15:37:00;;0.0;15:42:00;;0.0;T2 - Nytt tognummer (Skriv det nye i kommentar);45961;0.0;05-05-2026_45960
;C42;5707.0;Alnabru;2026-05-05;19.0;Tirsdag;16:20:00;16:20:00;0.0;16:32:00;16:00:00;32.00000000000004;17:07:00;16:20:00;46.99999999999999;17:12:00;16:38:00;34.00000000000004;;;34.00000000000004;05-05-2026_5707
;C32 ;5509.0;Alnabru;2026-05-05;19.0;Tirsdag;16:30:00;16:30:00;0.0;16:44:00;17:00:00;-16.000000000000103;17:19:00;17:10:00;8.999999999999968;17:24:00;17:18:00;5.999999999999979;;;5.999999999999979;05-05-2026_5509
;C44;41960.0;Alnabru;2026-05-05;19.0;Tirsdag;16:00:00;16:00:00;0.0;16:48:00;16:30:00;17.999999999999936;17:23:00;17:00:00;22.99999999999992;17:28:00;17:10:00;17.999999999999936;;;17.999999999999936;05-05-2026_41960
;C2/C5A;41971.0;Alnabru;2026-05-05;19.0;Tirsdag;16:00:00;16:00:00;0.0;17:04:00;17:25:00;-20.999999999999925;17:39:00;17:39:00;0.0;17:44:00;18:03:00;-18.999999999999932;T18 - Sent lok til stamme;Sent lok + kø ut fra term;-18.999999999999932;05-05-2026_41971
;C45;5805.0;Alnabru;2026-05-05;19.0;Tirsdag;17:00:00;17:00:00;0.0;17:11:00;17:11:00;0.0;17:46:00;17:26:00;20.00000000000009;17:51:00;17:51:00;0.0;;;0.0;05-05-2026_5805
PRI-TOG;C23;41910.0;Alnabru;2026-05-05;19.0;Tirsdag;17:35:00;;0.0;17:45:00;;0.0;18:20:00;;0.0;18:25:00;;0.0;T2 - Nytt tognummer (Skriv det nye i kommentar);;0.0;05-05-2026_41910
;;41904.0;Alnabru;2026-05-05;19.0;Tirsdag;17:30:00;17:30:00;0.0;17:45:00;17:30:00;15.000000000000107;18:05:00;18:05:00;0.0;18:25:00;18:16:00;9.000000000000128;;;9.000000000000128;05-05-2026_41904
;C32 ;5511.0;Alnabru;2026-05-05;19.0;Tirsdag;18:40:00;18:40:00;0.0;18:59:00;18:50:00;8.999999999999968;19:34:00;19:00:00;34.00000000000004;19:39:00;19:21:00;17.999999999999936;;;17.999999999999936;05-05-2026_5511
;C42;5733.0;Alnabru;2026-05-05;19.0;Tirsdag;19:20:00;18:45:00;35.000000000000036;19:35:00;18:55:00;40.000000000000014;20:05:00;19:00:00;65.00000000000009;20:10:00;19:59:00;10.999999999999961;;;10.999999999999961;05-05-2026_5733
PRI-TOG;C31;41900.0;Alnabru;2026-05-05;19.0;Tirsdag;19:40:00;;0.0;19:46:00;;0.0;20:21:00;;0.0;20:26:00;;0.0;T2 - Nytt tognummer (Skriv det nye i kommentar);;0.0;05-05-2026_41900
LANGTOG;C43;5811.0;Alnabru;2026-05-05;19.0;Tirsdag;20:30:00;20:10:00;19.99999999999993;20:51:00;20:11:00;40.000000000000014;21:26:00;21:00:00;26.000000000000068;21:31:00;21:31:00;0.0;;;0.0;05-05-2026_5811
;C45;5709.0;Alnabru;2026-05-05;19.0;Tirsdag;21:00:00;21:00:00;0.0;21:02:00;20:30:00;32.00000000000004;21:37:00;21:13:00;24.000000000000075;21:42:00;21:17:00;25.00000000000007;;;25.00000000000007;05-05-2026_5709
LANGTOG;C32 ;5515.0;Alnabru;2026-05-05;19.0;Tirsdag;21:15:00;21:15:00;0.0;21:17:00;21:10:00;6.999999999999975;21:52:00;21:37:00;14.999999999999947;21:57:00;21:57:00;0.0;;;0.0;05-05-2026_5515
PRI-TOG;C23;5735.0;Alnabru;2026-05-05;19.0;Tirsdag;21:50:00;21:50:00;0.0;22:02:00;21:45:00;16.99999999999994;22:37:00;22:13:00;23.999999999999915;22:42:00;22:29:00;12.999999999999954;;;12.999999999999954;05-05-2026_5735
;C32 Nord;5531.0;Alnabru;2026-05-06;19.0;Onsdag;07:50:00;;0.0;07:43:00;;0.0;08:18:00;;0.0;08:23:00;;0.0;T17 - Innstilt tog;;0.0;06-05-2026_5531
Lastefristkl. 19:30 dag før avgang.;C45;5301.0;Alnabru;2026-05-06;19.0;Onsdag;19:30:00;19:30:00;0.0;08:11:00;08:35:00;-23.999999999999993;08:46:00;08:52:00;-5.999999999999979;08:51:00;08:57:00;-5.999999999999979;T18 - Sent lok til stamme;;-5.999999999999979;06-05-2026_5301
;C45;5801.0;Alnabru;2026-05-06;19.0;Onsdag;08:50:00;08:44:00;6.000000000000059;08:51:00;08:45:00;5.999999999999979;09:26:00;09:07:00;19.000000000000014;09:31:00;09:24:00;6.999999999999975;;;6.999999999999975;06-05-2026_5801
PRI-TOG;C42;5731.0;Alnabru;2026-05-06;19.0;Onsdag;08:50:00;08:36:00;14.00000000000003;09:02:00;08:50:00;11.999999999999957;09:37:00;09:03:00;34.00000000000004;09:42:00;09:34:00;7.999999999999972;;;7.999999999999972;06-05-2026_5731
;C32 ;5507.0;Alnabru;2026-05-06;19.0;Onsdag;11:40:00;11:33:00;6.999999999999975;11:43:00;11:36:00;7.000000000000055;12:18:00;11:59:00;19.000000000000092;12:23:00;12:22:00;1.0000000000001563;;;1.0000000000001563;06-05-2026_5507
;C42;45960.0;Alnabru;2026-05-06;19.0;Onsdag;14:00:00;;0.0;15:02:00;;0.0;15:37:00;;0.0;15:42:00;;0.0;T17 - Innstilt tog;;0.0;06-05-2026_45960
;C42;5707.0;Alnabru;2026-05-06;19.0;Onsdag;16:20:00;16:00:00;20.00000000000009;16:32:00;16:30:00;1.999999999999993;17:07:00;16:20:00;46.99999999999999;17:12:00;16:37:00;35.000000000000036;T18 - Sent lok til stamme;;35.000000000000036;06-05-2026_5707
;C32 ;5509.0;Alnabru;2026-05-06;19.0;Onsdag;16:30:00;16:25:00;4.999999999999982;16:44:00;16:44:00;0.0;17:19:00;16:30:00;48.999999999999986;17:24:00;17:24:00;0.0;;;0.0;06-05-2026_5509
;C44;41960.0;Alnabru;2026-05-06;19.0;Onsdag;16:00:00;;0.0;16:48:00;;0.0;17:23:00;;0.0;17:28:00;;0.0;T17 - Innstilt tog;;0.0;06-05-2026_41960
;C2/C5A;41971.0;Alnabru;2026-05-06;19.0;Onsdag;16:00:00;16:00:00;0.0;17:04:00;17:03:00;0.9999999999999964;17:39:00;17:35:00;4.000000000000146;17:44:00;17:42:00;1.999999999999993;;;1.999999999999993;06-05-2026_41971
;C45;5805.0;Alnabru;2026-05-06;19.0;Onsdag;17:00:00;17:00:00;0.0;17:11:00;17:00:00;10.999999999999961;17:46:00;17:37:00;9.000000000000128;17:51:00;17:50:00;0.9999999999999964;;;0.9999999999999964;06-05-2026_5805
PRI-TOG;C23;41910.0;Alnabru;2026-05-06;19.0;Onsdag;17:35:00;;0.0;17:45:00;;0.0;18:20:00;;0.0;18:25:00;;0.0;T17 - Innstilt tog;;0.0;06-05-2026_41910
;C32 ;5511.0;Alnabru;2026-05-06;19.0;Onsdag;18:40:00;18:40:00;0.0;18:59:00;18:50:00;8.999999999999968;19:34:00;19:23:00;10.999999999999961;19:39:00;19:38:00;0.9999999999999964;;;0.9999999999999964;06-05-2026_5511
;C42;5733.0;Alnabru;2026-05-06;19.0;Onsdag;19:20:00;19:30:00;-9.999999999999964;19:35:00;19:30:00;4.999999999999982;20:05:00;19:40:00;25.00000000000007;20:10:00;20:08:00;1.999999999999993;;;1.999999999999993;06-05-2026_5733
PRI-TOG;C31;41900.0;Alnabru;2026-05-06;19.0;Onsdag;19:40:00;;0.0;19:46:00;;0.0;20:21:00;;0.0;20:26:00;;0.0;T17 - Innstilt tog;;0.0;06-05-2026_41900
LANGTOG;C43;5811.0;Alnabru;2026-05-06;19.0;Onsdag;20:30:00;20:25:00;4.999999999999982;20:51:00;20:30:00;21.000000000000085;21:26:00;20:50:00;36.00000000000003;21:31:00;21:04:00;27.000000000000064;;;27.000000000000064;06-05-2026_5811
;C45;5709.0;Alnabru;2026-05-06;19.0;Onsdag;21:00:00;20:40:00;19.99999999999993;21:02:00;20:15:00;46.99999999999999;21:37:00;20:50:00;46.99999999999999;21:42:00;21:18:00;24.000000000000075;;;24.000000000000075;06-05-2026_5709
LANGTOG;C32 ;5515.0;Alnabru;2026-05-06;19.0;Onsdag;21:15:00;21:10:00;4.999999999999982;21:17:00;21:00:00;16.99999999999994;21:52:00;21:24:00;27.9999999999999;21:57:00;21:50:00;6.999999999999975;;;6.999999999999975;06-05-2026_5515
PRI-TOG;C23;5735.0;Alnabru;2026-05-06;19.0;Onsdag;21:50:00;21:30:00;19.99999999999993;22:02:00;21:20:00;42.000000000000014;22:37:00;22:10:00;26.999999999999904;22:42:00;22:20:00;21.999999999999922;;;21.999999999999922;06-05-2026_5735
Lastefristkl. 19:30 dag før avgang.;C45;5301.0;Alnabru;2026-05-07;19.0;Torsdag;19:30:00;19:30:00;0.0;08:11:00;08:00:00;11.00000000000004;08:46:00;09:20:00;-33.99999999999996;08:51:00;09:28:00;-36.99999999999995;T11 - Endring av togstamme;Flere ;-36.99999999999995;07-05-2026_5301
;C45;5801.0;Alnabru;2026-05-07;19.0;Torsdag;08:50:00;09:00:00;-9.999999999999964;08:51:00;08:51:00;-7.993605777301127e-14;09:26:00;09:30:00;-3.999999999999986;09:31:00;09:39:00;-8.000000000000052;T11 - Endring av togstamme;Verkstedvogn i stamme, Måtte skiftes ut og erstattes og lastes opp.;-8.000000000000052;07-05-2026_5801
PRI-TOG;C42;5731.0;Alnabru;2026-05-07;19.0;Torsdag;08:50:00;09:30:00;-39.999999999999936;09:02:00;09:00:00;1.999999999999993;09:37:00;09:50:00;-12.999999999999954;09:42:00;10:01:00;-19.000000000000014;T11 - Endring av togstamme;Vogn med hjulslag som måtte skiftes ut og erstattes;-19.000000000000014;07-05-2026_5731
;C32 ;5507.0;Alnabru;2026-05-07;19.0;Torsdag;11:40:00;12:40:00;-60.00000000000003;11:43:00;11:40:00;3.0000000000000693;12:18:00;12:50:00;-31.999999999999886;12:23:00;13:00:00;-36.99999999999987;T11 - Endring av togstamme;Skiftes inn vogner som måtte lastes.;-36.99999999999987;07-05-2026_5507
;C42;45960.0;Alnabru;2026-05-07;19.0;Torsdag;14:00:00;13:30:00;30.000000000000053;15:02:00;17:00:00;-118.00000000000006;15:37:00;18:30:00;-173.00000000000003;15:42:00;;0.0;T2 - Nytt tognummer (Skriv det nye i kommentar);45994. Ny avgtid: 18:50;0.0;07-05-2026_45960
;C42;5707.0;Alnabru;2026-05-07;19.0;Torsdag;16:20:00;16:20:00;0.0;16:32:00;16:30:00;1.999999999999993;17:07:00;17:00:00;6.999999999999975;17:12:00;17:36:00;-23.999999999999915;T18 - Sent lok til stamme;Sent ekstralok til stamme, klar i tide fra terminal;-23.999999999999915;07-05-2026_5707
;C32 ;5509.0;Alnabru;2026-05-07;19.0;Torsdag;16:30:00;16:30:00;0.0;16:44:00;16:44:00;0.0;17:19:00;17:20:00;-0.9999999999999964;17:24:00;17:54:00;-30.000000000000053;T16 - Kø skifting;Skifting av både Onrail og cargonet i dette tidspunkt;-30.000000000000053;07-05-2026_5509
;C44;41960.0;Alnabru;2026-05-07;19.0;Torsdag;16:00:00;16:00:00;0.0;16:48:00;16:48:00;0.0;17:23:00;17:30:00;-6.999999999999975;17:28:00;17:40:00;-12.000000000000117;T16 - Kø skifting;Skifting av Onrail, så måtte vente for å skifte ut av C2;-12.000000000000117;07-05-2026_41960
;C2/C5A;41971.0;Alnabru;2026-05-07;19.0;Torsdag;16:00:00;16:00:00;0.0;17:04:00;16:30:00;34.00000000000004;17:39:00;17:30:00;9.000000000000128;17:44:00;17:39:00;4.999999999999982;;;4.999999999999982;07-05-2026_41971
;C45;5805.0;Alnabru;2026-05-07;19.0;Torsdag;17:00:00;17:00:00;0.0;17:11:00;16:00:00;71.00000000000007;17:46:00;17:35:00;11.00000000000012;17:51:00;17:44:00;6.999999999999975;;;6.999999999999975;07-05-2026_5805
PRI-TOG;C23;41910.0;Alnabru;2026-05-07;19.0;Torsdag;12:00:00;12:30:00;-30.000000000000053;12:18:00;11:45:00;32.999999999999964;12:53:00;12:55:00;-1.999999999999993;12:58:00;13:05:00;-6.999999999999975;;Tognr: 041914. Avgtid: 12:58;-6.999999999999975;07-05-2026_41910
;C32 ;5511.0;Alnabru;2026-05-07;19.0;Torsdag;18:40:00;18:40:00;0.0;18:59:00;18:50:00;8.999999999999968;19:34:00;19:00:00;34.00000000000004;19:39:00;19:39:00;0.0;;;0.0;07-05-2026_5511
;C42;5733.0;Alnabru;2026-05-07;19.0;Torsdag;19:20:00;19:20:00;0.0;19:35:00;19:30:00;4.999999999999982;20:05:00;19:50:00;15.000000000000107;20:10:00;20:10:00;0.0;;;0.0;07-05-2026_5733
PRI-TOG;C31;41904.0;Alnabru;2026-05-07;19.0;Torsdag;17:30:00;19:40:00;-130.00000000000003;17:44:00;17:40:00;3.999999999999986;18:19:00;18:15:00;4.000000000000146;18:24:00;18:24:00;0.0;;Tognr: 41904 Avgtid: 18:24;0.0;07-05-2026_41904
LANGTOG;C43;5811.0;Alnabru;2026-05-07;19.0;Torsdag;20:30:00;20:30:00;0.0;20:51:00;20:51:00;0.0;21:26:00;21:20:00;6.0000000000001386;21:31:00;21:31:00;0.0;;;0.0;07-05-2026_5811
;C45;5709.0;Alnabru;2026-05-07;19.0;Torsdag;21:00:00;21:00:00;0.0;21:02:00;20:00:00;61.99999999999994;21:37:00;21:00:00;37.00000000000003;21:42:00;21:14:00;28.00000000000006;;;28.00000000000006;07-05-2026_5709
LANGTOG;C32 ;5515.0;Alnabru;2026-05-07;19.0;Torsdag;21:15:00;21:15:00;0.0;21:17:00;21:00:00;16.99999999999994;21:52:00;21:45:00;6.999999999999975;21:57:00;21:54:00;2.9999999999999893;;;2.9999999999999893;07-05-2026_5515
PRI-TOG;C23;5735.0;Alnabru;2026-05-07;19.0;Torsdag;21:50:00;21:50:00;0.0;22:02:00;21:40:00;21.999999999999922;22:37:00;22:10:00;26.999999999999904;22:42:00;22:15:00;26.999999999999904;;;26.999999999999904;07-05-2026_5735
Lastefristkl. 19:30 dag før avgang.;C45;5301.0;Alnabru;2026-05-08;19.0;Fredag;19:30:00;19:30:00;0.0;08:11:00;08:11:00;0.0;08:46:00;08:45:00;1.0000000000000764;08:51:00;08:58:00;-6.999999999999975;T21 - R206 ikke klar i tide;;-6.999999999999975;08-05-2026_5301
;C45;5801.0;Alnabru;2026-05-08;19.0;Fredag;08:50:00;08:50:00;0.0;08:51:00;08:51:00;-7.993605777301127e-14;09:26:00;09:20:00;5.999999999999979;09:31:00;09:31:00;0.0;;;0.0;08-05-2026_5801
PRI-TOG;C42;5731.0;Alnabru;2026-05-08;19.0;Fredag;08:50:00;08:50:00;0.0;09:02:00;09:00:00;1.999999999999993;09:37:00;09:35:00;1.999999999999993;09:42:00;09:42:00;0.0;;;0.0;08-05-2026_5731
;C32 ;5507.0;Alnabru;2026-05-08;19.0;Fredag;11:40:00;11:40:00;0.0;11:43:00;11:43:00;7.993605777301127e-14;12:18:00;12:00:00;18.000000000000096;12:23:00;12:19:00;4.000000000000146;;;4.000000000000146;08-05-2026_5507
PRI-TOG;C23;41914.0;Alnabru;2026-05-08;19.0;Fredag;12:00:00;12:00:00;0.0;12:20:00;12:20:00;0.0;12:50:00;12:35:00;14.999999999999947;12:59:00;12:57:00;1.999999999999993;T2 - Nytt tognummer (Skriv det nye i kommentar);41914. Avg:12:58;1.999999999999993;08-05-2026_41914
;C42;45960.0;Alnabru;2026-05-08;19.0;Fredag;14:00:00;;0.0;15:02:00;;0.0;15:37:00;;0.0;15:42:00;;0.0;T17 - Innstilt tog;;0.0;08-05-2026_45960
;C32 ;5509.0;Alnabru;2026-05-08;19.0;Fredag;16:30:00;16:00:00;30.000000000000053;16:44:00;16:44:00;0.0;17:19:00;16:30:00;48.999999999999986;17:24:00;17:10:00;13.99999999999995;;;13.99999999999995;08-05-2026_5509
;C2/C5A;41971.0;Alnabru;2026-05-08;19.0;Fredag;16:00:00;;0.0;17:04:00;;0.0;17:39:00;;0.0;17:44:00;;0.0;T17 - Innstilt tog;;0.0;08-05-2026_41971
;C45;5805.0;Alnabru;2026-05-08;19.0;Fredag;17:00:00;16:55:00;4.999999999999982;17:11:00;17:07:00;3.999999999999986;17:46:00;17:42:00;3.999999999999986;17:51:00;17:48:00;2.9999999999999893;;;2.9999999999999893;08-05-2026_5805
PRI-TOG;C31;41904.0;Alnabru;2026-05-08;19.0;Fredag;17:30:00;17:30:00;0.0;17:45:00;17:40:00;4.999999999999982;18:20:00;17:56:00;24.000000000000075;18:25:00;18:14:00;11.00000000000012;T2 - Nytt tognummer (Skriv det nye i kommentar);41904;11.00000000000012;08-05-2026_41904
;C32 ;5511.0;Alnabru;2026-05-08;19.0;Fredag;18:40:00;18:30:00;9.999999999999964;18:59:00;18:45:00;13.99999999999995;19:34:00;18:55:00;39.00000000000002;19:39:00;19:25:00;13.99999999999995;;;13.99999999999995;08-05-2026_5511
;C42;5733.0;Alnabru;2026-05-08;19.0;Fredag;19:20:00;18:00:00;80.00000000000003;19:35:00;19:42:00;-6.999999999999975;20:05:00;18:46:00;79.00000000000004;20:10:00;20:05:00;4.999999999999982;T18 - Sent lok til stamme;;4.999999999999982;08-05-2026_5733
LANGTOG;C43;5811.0;Alnabru;2026-05-08;19.0;Fredag;20:30:00;20:10:00;19.99999999999993;20:51:00;20:40:00;10.999999999999961;21:26:00;20:15:00;71.00000000000007;21:31:00;21:31:00;0.0;;;0.0;08-05-2026_5811
;C45;5709.0;Alnabru;2026-05-08;19.0;Fredag;21:00:00;20:30:00;30.000000000000053;21:02:00;20:20:00;42.000000000000014;21:37:00;20:35:00;62.0000000000001;21:42:00;21:17:00;25.00000000000007;;;25.00000000000007;08-05-2026_5709
LANGTOG;C32 ;5515.0;Alnabru;2026-05-08;19.0;Fredag;21:15:00;21:15:00;0.0;21:17:00;21:00:00;16.99999999999994;21:52:00;21:32:00;19.99999999999993;21:57:00;21:41:00;15.999999999999943;;;15.999999999999943;08-05-2026_5515
PRI-TOG;C23;5735.0;Alnabru;2026-05-08;19.0;Fredag;21:50:00;21:50:00;0.0;22:02:00;21:14:00;47.999999999999986;22:37:00;21:55:00;42.000000000000014;22:42:00;22:08:00;33.99999999999988;;;33.99999999999988;08-05-2026_5735
FORHÅNDSLASTES C32 FREDAG;C32 ;5737.0;Alnabru;2026-05-09;19.0;Lørdag;11:00:00;;0.0;11:02:00;;0.0;11:37:00;;0.0;11:42:00;;0.0;T17 - Innstilt tog;;0.0;09-05-2026_5737
;C44;41982.0;Alnabru;2026-05-09;19.0;Lørdag;13:30:00;13:30:00;0.0;20:27:00;20:27:00;0.0;21:02:00;20:55:00;6.999999999999975;21:07:00;21:02:00;4.999999999999982;T2 - Nytt tognummer (Skriv det nye i kommentar);41982;4.999999999999982;09-05-2026_41982
PRI-TOG;C23;41914.0;Alnabru;2026-05-09;19.0;Lørdag;13:30:00;12:30:00;59.99999999999994;13:57:00;13:45:00;11.999999999999957;14:32:00;13:55:00;36.99999999999987;14:37:00;14:37:00;0.0;;;0.0;09-05-2026_41914
LASTEFRIST KL. 15:00 LØRDAG;C23;5711.0;Alnabru;2026-05-10;19.0;Søndag;14:30:00;14:30:00;0.0;07:27:00;07:30:00;-2.9999999999999893;08:02:00;07:40:00;22.00000000000008;08:07:00;07:44:00;23.0;;;23.0;10-05-2026_5711
Lastefrist 13:30 Søndag;C44;41960.0;Alnabru;2026-05-10;19.0;Søndag;13:30:00;13:30:00;0.0;16:48:00;16:20:00;27.9999999999999;17:23:00;16:30:00;52.99999999999997;17:28:00;16:59:00;28.999999999999897;;;28.999999999999897;10-05-2026_41960
;C44;41971.0;Alnabru;2026-05-10;19.0;Søndag;13:30:00;13:30:00;0.0;17:04:00;16:20:00;44.0;17:39:00;17:00:00;39.00000000000002;17:44:00;17:32:00;12.000000000000117;;;12.000000000000117;10-05-2026_41971
LANGTOG;C32;5523.0;Alnabru;2026-05-10;19.0;Søndag;16:00:00;16:00:00;0.0;18:31:00;20:00:00;-89.0;19:06:00;18:45:00;21.000000000000085;19:11:00;20:39:00;-88.0;T19 - Feil på lok;Måtte bytte lok.;-88.0;10-05-2026_5523
;C23;5717.0;Alnabru;2026-05-10;19.0;Søndag;16:00:00;14:00:00;119.99999999999989;16:32:00;16:32:00;0.0;17:07:00;16:55:00;11.999999999999957;17:12:00;17:08:00;3.999999999999986;;;3.999999999999986;10-05-2026_5717
LANGTOG;C43;5811.0;Alnabru;2026-05-10;19.0;Søndag;13:30:00;13:30:00;0.0;20:51:00;20:51:00;0.0;21:26:00;19:25:00;121.00000000000006;21:31:00;21:31:00;0.0;;;0.0;10-05-2026_5811
;C32 Nord;5531.0;Alnabru;2026-05-11;20.0;Mandag;07:50:00;07:50:00;0.0;07:43:00;08:11:00;-28.00000000000006;08:18:00;08:21:00;-2.9999999999999893;08:23:00;08:31:00;-8.000000000000052;T18 - Sent lok til stamme;Sykdom på fører.;-8.000000000000052;11-05-2026_5531
Lastefristkl. 19:30 dag før avgang.;C45;5301.0;Alnabru;2026-05-11;20.0;Mandag;19:30:00;19:30:00;0.0;08:11:00;08:11:00;0.0;08:46:00;08:40:00;6.000000000000059;08:51:00;08:51:00;0.0;;;0.0;11-05-2026_5301
;C45;5801.0;Alnabru;2026-05-11;20.0;Mandag;08:50:00;08:40:00;10.000000000000044;08:51:00;08:30:00;20.999999999999925;09:26:00;09:00:00;25.999999999999986;09:31:00;09:25:00;5.999999999999979;;;5.999999999999979;11-05-2026_5801
PRI-TOG;C42;5731.0;Alnabru;2026-05-11;20.0;Mandag;08:50:00;08:45:00;5.000000000000062;09:02:00;09:00:00;1.999999999999993;09:37:00;09:15:00;22.0;09:42:00;09:40:00;1.999999999999993;;;1.999999999999993;11-05-2026_5731
;C32 ;5507.0;Alnabru;2026-05-11;20.0;Mandag;11:40:00;11:30:00;9.999999999999964;11:43:00;11:35:00;8.000000000000052;12:18:00;12:05:00;13.000000000000114;12:23:00;12:14:00;9.000000000000128;;;9.000000000000128;11-05-2026_5507
;;41914.0;Alnabru;2026-05-11;20.0;Mandag;12:00:00;11:45:00;15.000000000000027;12:18:00;12:18:00;0.0;12:53:00;12:30:00;22.99999999999992;12:58:00;13:05:00;-6.999999999999975;T3 - Lokfører;Sykdom fører. Lok ble kjørt opp tidlig, men sen lokfører;-6.999999999999975;11-05-2026_41914
;C42;5707.0;Alnabru;2026-05-11;20.0;Mandag;16:20:00;16:20:00;0.0;16:32:00;16:32:00;0.0;17:07:00;16:55:00;11.999999999999957;17:12:00;17:07:00;4.999999999999982;;;4.999999999999982;11-05-2026_5707
;C32 ;5509.0;Alnabru;2026-05-11;20.0;Mandag;16:30:00;16:30:00;0.0;16:44:00;16:44:00;0.0;17:19:00;17:15:00;3.999999999999986;17:24:00;17:21:00;2.9999999999999893;;;2.9999999999999893;11-05-2026_5509
;C44;41960.0;Alnabru;2026-05-11;20.0;Mandag;16:00:00;14:00:00;119.99999999999989;16:48:00;15:26:00;81.99999999999987;17:23:00;16:10:00;72.9999999999999;17:28:00;16:13:00;74.99999999999989;;;74.99999999999989;11-05-2026_41960
;C2/C5A;41971.0;Alnabru;2026-05-11;20.0;Mandag;16:00:00;16:00:00;0.0;17:04:00;17:40:00;-36.00000000000003;17:39:00;17:47:00;-7.999999999999972;17:44:00;17:58:00;-13.99999999999995;T18 - Sent lok til stamme;Feil på lok under uttak,forsinket opp;-13.99999999999995;11-05-2026_41971
;C45;5805.0;Alnabru;2026-05-11;20.0;Mandag;17:00:00;17:00:00;0.0;17:11:00;17:11:00;0.0;17:46:00;17:35:00;11.00000000000012;17:51:00;18:02:00;-10.999999999999961;T20 - Trafikkstyring (TXP/Togleder);Sendte SRE Før 5805 til tross for at tog var ferdig i rute;-10.999999999999961;11-05-2026_5805
PRI-TOG;C23;41904.0;Alnabru;2026-05-11;20.0;Mandag;17:35:00;17:35:00;0.0;17:45:00;17:35:00;10.000000000000124;18:20:00;17:42:00;38.00000000000003;18:25:00;18:00:00;25.00000000000007;;Nytt tognr: 41904;25.00000000000007;11-05-2026_41904
;C42;45960.0;Alnabru;2026-05-11;20.0;Mandag;14:00:00;12:00:00;120.00000000000006;18:15:00;17:46:00;28.999999999999897;18:50:00;;0.0;18:55:00;18:53:00;1.999999999999993;;;1.999999999999993;11-05-2026_45960
;C32;5511.0;Alnabru;2026-05-11;20.0;Mandag;18:40:00;18:40:00;0.0;18:59:00;18:30:00;28.999999999999897;19:34:00;19:14:00;19.99999999999993;19:39:00;19:34:00;4.999999999999982;;;4.999999999999982;11-05-2026_5511
;C42;5733.0;Alnabru;2026-05-11;20.0;Mandag;19:20:00;19:20:00;0.0;19:30:00;19:40:00;-9.999999999999964;20:05:00;19:49:00;16.000000000000103;20:10:00;20:17:00;-6.999999999999975;T26 - Terminalforhold (Forklar nærmere i kommentar);Lok fra onrail sto i tunnel og sperret for avgang, klar i tide fra terminal;-6.999999999999975;11-05-2026_5733
PRI-TOG;C31;41900.0;Alnabru;2026-05-11;20.0;Mandag;19:40:00;;0.0;19:46:00;;0.0;20:21:00;;0.0;20:26:00;;0.0;T17 - Innstilt tog;;0.0;11-05-2026_41900
LANGTOG;C43;5811.0;Alnabru;2026-05-11;20.0;Mandag;20:30:00;20:30:00;0.0;20:51:00;20:51:00;0.0;21:26:00;21:26:00;0.0;21:31:00;21:31:00;0.0;;;0.0;11-05-2026_5811
;C45;5709.0;Alnabru;2026-05-11;20.0;Mandag;21:00:00;21:00:00;0.0;21:02:00;21:02:00;0.0;21:37:00;20:55:00;42.000000000000014;21:42:00;21:05:00;37.00000000000003;;;37.00000000000003;11-05-2026_5709
LANGTOG;C32 ;5515.0;Alnabru;2026-05-11;20.0;Mandag;21:15:00;21:15:00;0.0;21:17:00;21:17:00;0.0;21:52:00;21:45:00;6.999999999999975;21:57:00;21:52:00;4.999999999999982;;;4.999999999999982;11-05-2026_5515
PRI-TOG;C23;5735.0;Alnabru;2026-05-11;20.0;Mandag;21:50:00;21:45:00;4.999999999999982;22:02:00;21:30:00;31.999999999999886;22:37:00;21:55:00;42.000000000000014;22:42:00;22:01:00;41.000000000000014;;;41.000000000000014;11-05-2026_5735
Lastefristkl. 19:30 dag før avgang.;C45;5301.0;Alnabru;2026-05-12;20.0;Tirsdag;19:30:00;19:30:00;0.0;08:11:00;08:10:00;0.9999999999999964;08:46:00;08:25:00;21.000000000000085;08:51:00;08:56:00;-4.999999999999982;T20 - Trafikkstyring (TXP/Togleder);;-4.999999999999982;12-05-2026_5301
;C45;5801.0;Alnabru;2026-05-12;20.0;Tirsdag;08:50:00;08:40:00;10.000000000000044;08:51:00;08:50:00;0.9999999999999165;09:26:00;09:20:00;5.999999999999979;09:31:00;09:30:00;0.9999999999999964;;;0.9999999999999964;12-05-2026_5801
PRI-TOG;C42;5731.0;Alnabru;2026-05-12;20.0;Tirsdag;08:50:00;08:30:00;20.000000000000007;09:02:00;09:00:00;1.999999999999993;09:37:00;09:15:00;22.0;09:42:00;09:42:00;0.0;;;0.0;12-05-2026_5731
;C32 ;5507.0;Alnabru;2026-05-12;20.0;Tirsdag;11:40:00;11:30:00;9.999999999999964;11:43:00;11:35:00;8.000000000000052;12:18:00;12:00:00;18.000000000000096;12:23:00;12:15:00;8.000000000000131;;;8.000000000000131;12-05-2026_5507
;;81914.0;Alnabru;2026-05-12;20.0;Tirsdag;13:30:00;12:50:00;40.000000000000014;13:50:00;13:45:00;4.999999999999982;14:25:00;13:11:00;73.9999999999999;14:30:00;14:23:00;6.999999999999975;;;6.999999999999975;12-05-2026_81914
;C42;45960.0;Alnabru;2026-05-12;20.0;Tirsdag;14:00:00;;0.0;15:02:00;;0.0;15:37:00;;0.0;15:42:00;;0.0;;;0.0;12-05-2026_45960
;C42;5707.0;Alnabru;2026-05-12;20.0;Tirsdag;16:20:00;;0.0;16:32:00;16:11:00;20.999999999999925;17:07:00;16:29:00;38.00000000000003;17:12:00;17:03:00;8.999999999999968;;;8.999999999999968;12-05-2026_5707
;C32 ;5509.0;Alnabru;2026-05-12;20.0;Tirsdag;16:30:00;16:25:00;4.999999999999982;16:44:00;16:16:00;27.9999999999999;17:19:00;17:07:00;11.999999999999957;17:24:00;18:07:00;-43.00000000000001;T26 - Terminalforhold (Forklar nærmere i kommentar);oppkjørt veksel(forårsaket av skiftemaskin);-43.00000000000001;12-05-2026_5509
;C44;41960.0;Alnabru;2026-05-12;20.0;Tirsdag;16:00:00;16:00:00;0.0;16:48:00;16:43:00;4.999999999999982;17:23:00;17:19:00;3.999999999999986;17:28:00;17:27:00;0.9999999999999964;;;0.9999999999999964;12-05-2026_41960
;C2/C5A;41971.0;Alnabru;2026-05-12;20.0;Tirsdag;16:00:00;;0.0;17:04:00;;0.0;17:39:00;;0.0;17:44:00;;0.0;T17 - Innstilt tog;;0.0;12-05-2026_41971
;C45;5805.0;Alnabru;2026-05-12;20.0;Tirsdag;17:00:00;16:59:00;0.9999999999999964;17:11:00;16:59:00;11.999999999999957;17:46:00;17:13:00;33.00000000000004;17:51:00;17:48:00;2.9999999999999893;;;2.9999999999999893;12-05-2026_5805
PRI-TOG;C23;41910.0;Alnabru;2026-05-12;20.0;Tirsdag;17:35:00;;0.0;17:45:00;;0.0;18:20:00;;0.0;18:25:00;;0.0;T17 - Innstilt tog;;0.0;12-05-2026_41910
;C32 ;5511.0;Alnabru;2026-05-12;20.0;Tirsdag;18:40:00;19:20:00;-40.000000000000014;18:59:00;19:15:00;-16.000000000000103;19:34:00;19:55:00;-21.000000000000085;19:39:00;19:59:00;-20.00000000000009;T26 - Terminalforhold (Forklar nærmere i kommentar);oppkjørt veksel(forårsaket av skiftemaskin);-20.00000000000009;12-05-2026_5511
;C42;5733.0;Alnabru;2026-05-12;20.0;Tirsdag;19:20:00;19:10:00;9.999999999999964;19:35:00;19:14:00;20.999999999999925;20:05:00;19:42:00;23.000000000000078;20:10:00;20:06:00;3.999999999999986;;;3.999999999999986;12-05-2026_5733
PRI-TOG;C31;41900.0;Alnabru;2026-05-12;20.0;Tirsdag;19:40:00;;0.0;19:46:00;;0.0;20:21:00;;0.0;20:26:00;;0.0;T17 - Innstilt tog;;0.0;12-05-2026_41900
LANGTOG;C43;5811.0;Alnabru;2026-05-12;20.0;Tirsdag;20:30:00;20:10:00;19.99999999999993;20:51:00;20:31:00;20.00000000000009;21:26:00;20:47:00;39.00000000000002;21:31:00;21:05:00;26.000000000000068;;;26.000000000000068;12-05-2026_5811
;C45;5709.0;Alnabru;2026-05-12;20.0;Tirsdag;21:00:00;21:10:00;-9.999999999999964;21:02:00;20:55:00;6.999999999999975;21:37:00;21:37:00;0.0;21:42:00;21:41:00;0.9999999999999964;;;0.9999999999999964;12-05-2026_5709
LANGTOG;C32 ;5515.0;Alnabru;2026-05-12;20.0;Tirsdag;21:15:00;21:42:00;-27.000000000000064;21:17:00;21:25:00;-8.000000000000131;21:52:00;21:53:00;-0.9999999999999964;21:57:00;21:57:00;0.0;;;0.0;12-05-2026_5515
PRI-TOG;C23;5735.0;Alnabru;2026-05-12;20.0;Tirsdag;21:50:00;21:50:00;0.0;22:02:00;21:35:00;26.999999999999904;22:37:00;22:17:00;19.99999999999993;22:42:00;22:31:00;10.999999999999961;;;10.999999999999961;12-05-2026_5735
;;4911.0;Alnabru;2026-05-12;20.0;Tirsdag;08:00:00;08:00:00;0.0;08:42:00;08:30:00;11.999999999999957;09:17:00;08:50:00;26.999999999999986;09:22:00;09:20:00;1.999999999999993;;;1.999999999999993;12-05-2026_4911
;;41977.0;Alnabru;2026-05-12;20.0;Tirsdag;13:30:00;13:30:00;0.0;15:04:00;15:30:00;-26.000000000000068;15:39:00;15:43:00;-3.999999999999986;15:44:00;15:49:00;-4.999999999999982;T18 - Sent lok til stamme;;-4.999999999999982;12-05-2026_41977
;;41904.0;Alnabru;2026-05-12;20.0;Tirsdag;17:35:00;17:14:00;20.999999999999925;17:45:00;17:30:00;15.000000000000107;18:20:00;17:45:00;35.000000000000036;18:25:00;18:23:00;1.999999999999993;;;1.999999999999993;12-05-2026_41904
;C32 Nord;5531.0;Alnabru;2026-05-13;20.0;Onsdag;07:50:00;07:50:00;0.0;07:43:00;07:40:00;2.9999999999999893;08:18:00;08:00:00;18.000000000000014;08:23:00;08:08:00;14.999999999999947;;;14.999999999999947;13-05-2026_5531
Lastefristkl. 19:30 dag før avgang.;C45;5301.0;Alnabru;2026-05-13;20.0;Onsdag;19:30:00;19:30:00;0.0;08:11:00;08:11:00;0.0;08:46:00;08:40:00;6.000000000000059;08:51:00;08:50:00;0.9999999999999964;;;0.9999999999999964;13-05-2026_5301
;C45;5801.0;Alnabru;2026-05-13;20.0;Onsdag;08:50:00;08:45:00;5.000000000000062;08:51:00;08:50:00;0.9999999999999165;09:26:00;09:12:00;13.99999999999995;09:31:00;09:31:00;0.0;;;0.0;13-05-2026_5801
PRI-TOG;C42;5731.0;Alnabru;2026-05-13;20.0;Onsdag;08:50:00;09:05:00;-14.999999999999947;09:02:00;09:00:00;1.999999999999993;09:37:00;09:32:00;5.000000000000062;09:42:00;09:40:00;1.999999999999993;;;1.999999999999993;13-05-2026_5731
;C32 ;5507.0;Alnabru;2026-05-13;20.0;Onsdag;11:40:00;11:50:00;-10.000000000000044;11:43:00;12:36:00;-52.99999999999997;12:18:00;12:16:00;2.0000000000001528;12:23:00;12:44:00;-20.999999999999925;T18 - Sent lok til stamme;;-20.999999999999925;13-05-2026_5507
;;81914.0;Alnabru;2026-05-13;20.0;Onsdag;13:30:00;13:30:00;0.0;13:50:00;13:40:00;9.999999999999964;14:25:00;13:47:00;38.00000000000003;14:30:00;14:19:00;10.999999999999961;;;10.999999999999961;13-05-2026_81914
;C42;45960.0;Alnabru;2026-05-13;20.0;Onsdag;14:00:00;;0.0;15:02:00;;0.0;15:37:00;;0.0;15:42:00;;0.0;;;0.0;13-05-2026_45960
;C42;5707.0;Alnabru;2026-05-13;20.0;Onsdag;16:20:00;16:20:00;0.0;16:32:00;16:30:00;1.999999999999993;17:07:00;16:55:00;11.999999999999957;17:12:00;17:15:00;-2.9999999999999893;;;-2.9999999999999893;13-05-2026_5707
;C32 ;5509.0;Alnabru;2026-05-13;20.0;Onsdag;16:30:00;16:30:00;0.0;16:44:00;16:55:00;-11.00000000000012;17:19:00;17:20:00;-0.9999999999999964;17:24:00;17:27:00;-2.9999999999999893;;;-2.9999999999999893;13-05-2026_5509
;C44;41960.0;Alnabru;2026-05-13;20.0;Onsdag;16:00:00;16:00:00;0.0;16:48:00;16:09:00;38.99999999999986;17:23:00;16:55:00;27.9999999999999;17:28:00;17:19:00;8.999999999999968;;;8.999999999999968;13-05-2026_41960
;C2/C5A;41971.0;Alnabru;2026-05-13;20.0;Onsdag;16:00:00;15:55:00;4.999999999999982;17:04:00;17:00:00;3.999999999999986;17:39:00;17:12:00;27.000000000000064;17:44:00;17:40:00;3.999999999999986;;;3.999999999999986;13-05-2026_41971
;C45;5805.0;Alnabru;2026-05-13;20.0;Onsdag;17:00:00;16:40:00;20.00000000000009;17:11:00;17:15:00;-3.999999999999986;17:46:00;17:23:00;23.000000000000078;17:51:00;17:47:00;3.999999999999986;;;3.999999999999986;13-05-2026_5805
PRI-TOG;C23;41910.0;Alnabru;2026-05-13;20.0;Onsdag;17:35:00;;0.0;17:45:00;;0.0;18:20:00;;0.0;18:25:00;;0.0;T17 - Innstilt tog;;0.0;13-05-2026_41910
;;41904.0;Alnabru;2026-05-13;20.0;Onsdag;17:35:00;17:30:00;4.999999999999982;17:45:00;17:11:00;34.00000000000004;18:20:00;17:53:00;27.000000000000064;18:25:00;18:06:00;19.000000000000092;;;19.000000000000092;13-05-2026_41904
;C32 ;5511.0;Alnabru;2026-05-13;20.0;Onsdag;18:40:00;18:30:00;9.999999999999964;18:59:00;18:58:00;0.9999999999999964;19:34:00;19:05:00;29.000000000000057;19:39:00;19:15:00;23.999999999999915;;;23.999999999999915;13-05-2026_5511
;C42;5733.0;Alnabru;2026-05-13;20.0;Onsdag;19:20:00;19:11:00;8.999999999999968;19:35:00;18:45:00;49.999999999999986;20:05:00;19:39:00;26.000000000000068;20:10:00;19:51:00;19.000000000000092;;;19.000000000000092;13-05-2026_5733
PRI-TOG;C31;41900.0;Alnabru;2026-05-13;20.0;Onsdag;19:40:00;;0.0;19:46:00;;0.0;20:21:00;;0.0;20:26:00;;0.0;T17 - Innstilt tog;;0.0;13-05-2026_41900
LANGTOG;C43;5811.0;Alnabru;2026-05-13;20.0;Onsdag;20:30:00;20:25:00;4.999999999999982;20:51:00;20:30:00;21.000000000000085;21:26:00;20:48:00;38.00000000000003;21:31:00;20:55:00;36.00000000000003;;;36.00000000000003;13-05-2026_5811
;C45;5709.0;Alnabru;2026-05-13;20.0;Onsdag;21:00:00;20:35:00;25.00000000000007;21:02:00;20:46:00;15.999999999999943;21:37:00;21:10:00;27.000000000000064;21:42:00;21:30:00;11.999999999999957;;;11.999999999999957;13-05-2026_5709
LANGTOG;C32 ;5515.0;Alnabru;2026-05-13;20.0;Onsdag;21:15:00;21:15:00;0.0;21:17:00;20:45:00;31.999999999999886;21:52:00;21:24:00;27.9999999999999;21:57:00;21:32:00;24.99999999999991;;;24.99999999999991;13-05-2026_5515
PRI-TOG;C23;5735.0;Alnabru;2026-05-13;20.0;Onsdag;21:50:00;21:45:00;4.999999999999982;22:02:00;21:55:00;6.999999999999975;22:37:00;22:17:00;19.99999999999993;22:42:00;;0.0;;;0.0;13-05-2026_5735
Lastefristkl. 19:30 dag før avgang.;C45;5301.0;Alnabru;2026-05-14;20.0;Torsdag;19:30:00;;0.0;08:11:00;;0.0;08:46:00;;0.0;08:51:00;;0.0;T17 - Innstilt tog;;0.0;14-05-2026_5301
;C45;5801.0;Alnabru;2026-05-14;20.0;Torsdag;08:50:00;;0.0;08:51:00;;0.0;09:26:00;;0.0;09:31:00;;0.0;T17 - Innstilt tog;;0.0;14-05-2026_5801
PRI-TOG;C42;5731.0;Alnabru;2026-05-14;20.0;Torsdag;08:50:00;;0.0;09:02:00;;0.0;09:37:00;;0.0;09:42:00;;0.0;T17 - Innstilt tog;;0.0;14-05-2026_5731
;C32 ;5507.0;Alnabru;2026-05-14;20.0;Torsdag;11:40:00;;0.0;11:43:00;;0.0;12:18:00;;0.0;12:23:00;;0.0;T17 - Innstilt tog;;0.0;14-05-2026_5507
;C42;45960.0;Alnabru;2026-05-14;20.0;Torsdag;14:00:00;;0.0;15:02:00;;0.0;15:37:00;;0.0;15:42:00;;0.0;T17 - Innstilt tog;;0.0;14-05-2026_45960
;C42;5707.0;Alnabru;2026-05-14;20.0;Torsdag;16:20:00;;0.0;16:32:00;;0.0;17:07:00;;0.0;17:12:00;;0.0;T17 - Innstilt tog;;0.0;14-05-2026_5707
;C32 ;5509.0;Alnabru;2026-05-14;20.0;Torsdag;16:30:00;;0.0;16:44:00;;0.0;17:19:00;;0.0;17:24:00;;0.0;T17 - Innstilt tog;;0.0;14-05-2026_5509
;C44;41960.0;Alnabru;2026-05-14;20.0;Torsdag;16:00:00;12:00:00;239.99999999999994;16:48:00;16:18:00;29.999999999999893;17:23:00;16:21:00;61.99999999999994;17:28:00;16:33:00;54.999999999999964;;;54.999999999999964;14-05-2026_41960
;C2/C5A;41971.0;Alnabru;2026-05-14;20.0;Torsdag;16:00:00;12:00:00;239.99999999999994;17:04:00;16:50:00;14.00000000000011;17:39:00;16:58:00;41.000000000000014;17:44:00;17:16:00;28.00000000000006;;;28.00000000000006;14-05-2026_41971
;C45;5805.0;Alnabru;2026-05-14;20.0;Torsdag;17:00:00;;0.0;17:11:00;;0.0;17:46:00;;0.0;17:51:00;;0.0;T17 - Innstilt tog;;0.0;14-05-2026_5805
PRI-TOG;C23;41910.0;Alnabru;2026-05-14;20.0;Torsdag;17:35:00;;0.0;17:45:00;;0.0;18:20:00;;0.0;18:25:00;;0.0;T17 - Innstilt tog;;0.0;14-05-2026_41910
;C32 ;5511.0;Alnabru;2026-05-14;20.0;Torsdag;18:40:00;;0.0;18:59:00;;0.0;19:34:00;;0.0;19:39:00;;0.0;T17 - Innstilt tog;;0.0;14-05-2026_5511
;C42;5733.0;Alnabru;2026-05-14;20.0;Torsdag;19:20:00;;0.0;19:35:00;;0.0;20:05:00;;0.0;20:10:00;;0.0;T17 - Innstilt tog;;0.0;14-05-2026_5733
PRI-TOG;C31;41900.0;Alnabru;2026-05-14;20.0;Torsdag;19:40:00;;0.0;19:46:00;;0.0;20:21:00;;0.0;20:26:00;;0.0;T17 - Innstilt tog;;0.0;14-05-2026_41900
;C45;5709.0;Alnabru;2026-05-14;20.0;Torsdag;21:00:00;;0.0;21:02:00;;0.0;21:37:00;;0.0;21:42:00;;0.0;T17 - Innstilt tog;;0.0;14-05-2026_5709
LANGTOG;C43;5811.0;Alnabru;2026-05-14;20.0;Torsdag;20:30:00;;0.0;20:51:00;;0.0;21:26:00;;0.0;21:31:00;;0.0;T17 - Innstilt tog;;0.0;14-05-2026_5811
LANGTOG;C32 ;5515.0;Alnabru;2026-05-14;20.0;Torsdag;21:15:00;;0.0;21:17:00;;0.0;21:52:00;;0.0;21:57:00;;0.0;T17 - Innstilt tog;;0.0;14-05-2026_5515
PRI-TOG;C23;5735.0;Alnabru;2026-05-14;20.0;Torsdag;21:50:00;;0.0;22:02:00;;0.0;22:37:00;;0.0;22:42:00;;0.0;T17 - Innstilt tog;;0.0;14-05-2026_5735
Lastefristkl. 19:30 dag før avgang.;C45;5301.0;Alnabru;2026-05-15;20.0;Fredag;19:30:00;;0.0;08:11:00;;0.0;08:46:00;;0.0;08:51:00;;0.0;T17 - Innstilt tog;;0.0;15-05-2026_5301
;C45;5801.0;Alnabru;2026-05-15;20.0;Fredag;08:50:00;;0.0;08:51:00;;0.0;09:26:00;;0.0;09:31:00;;0.0;T17 - Innstilt tog;;0.0;15-05-2026_5801
PRI-TOG;C42;5731.0;Alnabru;2026-05-15;20.0;Fredag;08:50:00;08:50:00;0.0;09:02:00;08:55:00;6.999999999999975;09:37:00;09:10:00;27.000000000000064;09:42:00;09:38:00;3.999999999999986;;;3.999999999999986;15-05-2026_5731
;C32 ;5507.0;Alnabru;2026-05-15;20.0;Fredag;11:40:00;11:40:00;0.0;11:43:00;11:40:00;3.0000000000000693;12:18:00;11:45:00;33.00000000000012;12:23:00;11:50:00;33.00000000000004;;;33.00000000000004;15-05-2026_5507
;;841914.0;Alnabru;2026-05-15;20.0;Fredag;13:00:00;13:00:00;0.0;13:20:00;13:00:00;20.00000000000009;13:55:00;13:15:00;40.000000000000014;14:00:00;13:57:00;2.9999999999999893;;;2.9999999999999893;15-05-2026_841914
;C42;45960.0;Alnabru;2026-05-15;20.0;Fredag;14:00:00;14:00:00;0.0;16:30:00;15:30:00;59.99999999999994;17:05:00;16:00:00;65.00000000000009;17:10:00;16:37:00;33.00000000000004;;;33.00000000000004;15-05-2026_45960
;C32 ;5509.0;Alnabru;2026-05-15;20.0;Fredag;16:30:00;16:30:00;0.0;16:44:00;16:44:00;0.0;17:19:00;16:55:00;23.999999999999915;17:24:00;17:12:00;11.999999999999957;;;11.999999999999957;15-05-2026_5509
;C2/C5A;41971.0;Alnabru;2026-05-15;20.0;Fredag;16:00:00;;0.0;17:04:00;;0.0;17:39:00;;0.0;17:44:00;;0.0;T17 - Innstilt tog;;0.0;15-05-2026_41971
;C45;5805.0;Alnabru;2026-05-15;20.0;Fredag;17:00:00;;0.0;17:11:00;;0.0;17:46:00;;0.0;17:51:00;;0.0;T17 - Innstilt tog;;0.0;15-05-2026_5805
PRI-TOG;C23;41910.0;Alnabru;2026-05-15;20.0;Fredag;17:35:00;;0.0;17:45:00;;0.0;18:20:00;;0.0;18:25:00;;0.0;T17 - Innstilt tog;;0.0;15-05-2026_41910
PRI-TOG;C31;41904.0;Alnabru;2026-05-15;20.0;Fredag;17:35:00;17:35:00;0.0;17:45:00;17:45:00;0.0;18:20:00;18:00:00;20.00000000000009;18:25:00;18:45:00;-19.99999999999993;T21 - R206 ikke klar i tide;Problemer med å legge inn BN Vogner og lok i R206;-19.99999999999993;15-05-2026_41904
;C32 ;5511.0;Alnabru;2026-05-15;20.0;Fredag;18:40:00;18:40:00;0.0;18:59:00;18:48:00;10.999999999999961;19:34:00;19:05:00;29.000000000000057;19:39:00;19:29:00;9.999999999999964;;;9.999999999999964;15-05-2026_5511
;C42;5733.0;Alnabru;2026-05-15;20.0;Fredag;19:20:00;19:20:00;0.0;19:35:00;19:30:00;4.999999999999982;20:05:00;19:50:00;15.000000000000107;20:10:00;20:04:00;5.999999999999979;;;5.999999999999979;15-05-2026_5733
LANGTOG;C43;5811.0;Alnabru;2026-05-15;20.0;Fredag;20:30:00;;0.0;20:51:00;;0.0;21:26:00;;0.0;21:31:00;;0.0;T17 - Innstilt tog;;0.0;15-05-2026_5811
;C45;5709.0;Alnabru;2026-05-15;20.0;Fredag;21:00:00;20:50:00;9.999999999999964;21:02:00;20:30:00;32.00000000000004;21:37:00;21:00:00;37.00000000000003;21:42:00;21:03:00;39.00000000000002;;;39.00000000000002;15-05-2026_5709
LANGTOG;C32 ;5515.0;Alnabru;2026-05-15;20.0;Fredag;21:15:00;21:15:00;0.0;21:17:00;20:55:00;21.999999999999922;21:52:00;21:50:00;1.999999999999993;21:57:00;21:57:00;0.0;;;0.0;15-05-2026_5515
PRI-TOG;C23;5735.0;Alnabru;2026-05-15;20.0;Fredag;21:50:00;21:40:00;9.999999999999964;22:02:00;21:20:00;42.000000000000014;22:37:00;22:00:00;37.00000000000003;22:42:00;22:07:00;35.000000000000036;;;35.000000000000036;15-05-2026_5735
FORHÅNDSLASTES C32 FREDAG;C32 ;5737.0;Alnabru;2026-05-16;20.0;Lørdag;11:00:00;;0.0;11:02:00;;0.0;11:37:00;;0.0;11:42:00;;0.0;T17 - Innstilt tog;;0.0;16-05-2026_5737
PRI-TOG;C23;41914.0;Alnabru;2026-05-16;20.0;Lørdag;12:00:00;12:00:00;0.0;13:57:00;13:15:00;41.99999999999985;14:32:00;13:24:00;67.99999999999991;14:37:00;14:35:00;1.999999999999993;;;1.999999999999993;16-05-2026_41914
;C44;41971.0;Alnabru;2026-05-16;20.0;Lørdag;13:30:00;13:30:00;0.0;17:04:00;;0.0;17:39:00;17:00:00;39.00000000000002;17:44:00;17:16:00;28.00000000000006;;;28.00000000000006;16-05-2026_41971
LASTEFRIST KL. 15:00 LØRDAG;C23;5711.0;Alnabru;2026-05-17;20.0;Søndag;14:30:00;;0.0;07:27:00;;0.0;08:02:00;;0.0;08:07:00;07:37:00;30.000000000000053;;;30.000000000000053;17-05-2026_5711
Lastefrist 13:30 Søndag;C44;41960.0;Alnabru;2026-05-17;20.0;Søndag;13:30:00;12:00:00;90.0;16:21:00;16:20:00;0.9999999999999964;16:56:00;16:27:00;29.000000000000057;17:01:00;16:52:00;9.000000000000128;;;9.000000000000128;17-05-2026_41960
;C44;41951.0;Alnabru;2026-05-17;20.0;Søndag;13:30:00;12:00:00;90.0;15:04:00;15:10:00;-5.999999999999979;15:39:00;15:17:00;22.00000000000008;15:44:00;15:39:00;4.999999999999982;;;4.999999999999982;17-05-2026_41951
LANGTOG;C32;5523.0;Alnabru;2026-05-17;20.0;Søndag;16:00:00;12:00:00;239.99999999999994;18:36:00;18:43:00;-6.999999999999975;19:11:00;18:53:00;18.000000000000096;19:16:00;18:58:00;18.000000000000096;;;18.000000000000096;17-05-2026_5523
;C23;5717.0;Alnabru;2026-05-17;20.0;Søndag;16:00:00;12:00:00;239.99999999999994;16:32:00;16:21:00;10.999999999999961;17:07:00;16:27:00;40.000000000000014;17:12:00;17:12:00;0.0;;;0.0;17-05-2026_5717
LANGTOG;C43;5811.0;Alnabru;2026-05-17;20.0;Søndag;13:30:00;12:00:00;90.0;20:51:00;19:45:00;66.00000000000009;21:26:00;19:52:00;94.00000000000014;21:31:00;19:56:00;94.99999999999999;;;94.99999999999999;17-05-2026_5811
;C32 Nord;5531.0;Alnabru;2026-05-18;21.0;Mandag;07:50:00;07:50:00;0.0;07:43:00;07:30:00;12.999999999999954;08:18:00;07:40:00;38.00000000000003;08:23:00;07:44:00;38.99999999999994;;;38.99999999999994;18-05-2026_5531
Lastefristkl. 19:30 dag før avgang.;C45;5301.0;Alnabru;2026-05-18;21.0;Mandag;19:30:00;19:30:00;0.0;08:11:00;08:15:00;-3.999999999999986;08:46:00;08:28:00;18.000000000000014;08:51:00;08:48:00;3.0000000000000693;;;3.0000000000000693;18-05-2026_5301
;C45;5801.0;Alnabru;2026-05-18;21.0;Mandag;08:50:00;08:50:00;0.0;08:51:00;08:50:00;0.9999999999999165;09:26:00;09:15:00;10.999999999999961;09:31:00;09:31:00;0.0;;;0.0;18-05-2026_5801
PRI-TOG;C42;5731.0;Alnabru;2026-05-18;21.0;Mandag;08:50:00;08:50:00;0.0;09:02:00;09:00:00;1.999999999999993;09:37:00;09:12:00;24.999999999999993;09:42:00;09:19:00;23.0;;;23.0;18-05-2026_5731
;C32 ;5507.0;Alnabru;2026-05-18;21.0;Mandag;11:40:00;11:40:00;0.0;11:43:00;11:43:00;7.993605777301127e-14;12:18:00;12:15:00;3.000000000000149;12:23:00;12:23:00;0.0;;;0.0;18-05-2026_5507
;C42;45960.0;Alnabru;2026-05-18;21.0;Mandag;14:00:00;;0.0;15:02:00;;0.0;15:37:00;;0.0;15:42:00;;0.0;;;0.0;18-05-2026_45960
;C42;5707.0;Alnabru;2026-05-18;21.0;Mandag;16:20:00;16:00:00;20.00000000000009;16:32:00;16:00:00;32.00000000000004;17:07:00;16:22:00;45.0;17:12:00;16:48:00;24.000000000000075;;;24.000000000000075;18-05-2026_5707
;C32 ;5509.0;Alnabru;2026-05-18;21.0;Mandag;16:30:00;16:30:00;0.0;16:44:00;16:55:00;-11.00000000000012;17:19:00;17:00:00;18.999999999999932;17:24:00;17:19:00;4.999999999999982;;;4.999999999999982;18-05-2026_5509
;C44;41960.0;Alnabru;2026-05-18;21.0;Mandag;16:00:00;16:00:00;0.0;16:48:00;16:40:00;7.999999999999972;17:23:00;17:03:00;19.99999999999993;17:28:00;17:14:00;13.99999999999995;;;13.99999999999995;18-05-2026_41960
;C2/C5A;41971.0;Alnabru;2026-05-18;21.0;Mandag;16:00:00;16:00:00;0.0;17:04:00;17:04:00;0.0;17:39:00;17:06:00;33.00000000000004;17:44:00;17:37:00;7.000000000000135;;;7.000000000000135;18-05-2026_41971
;C45;5805.0;Alnabru;2026-05-18;21.0;Mandag;17:00:00;17:00:00;0.0;17:11:00;17:11:00;0.0;17:46:00;17:40:00;5.999999999999979;17:51:00;17:50:00;0.9999999999999964;;;0.9999999999999964;18-05-2026_5805
PRI-TOG;C23;81914.0;Alnabru;2026-05-18;21.0;Mandag;13:00:00;13:00:00;0.0;13:20:00;13:20:00;0.0;13:55:00;13:45:00;10.000000000000124;14:00:00;13:55:00;4.999999999999982;;;4.999999999999982;18-05-2026_81914
;C32;5511.0;Alnabru;2026-05-18;21.0;Mandag;18:40:00;18:40:00;0.0;18:59:00;18:55:00;3.999999999999986;19:34:00;19:00:00;34.00000000000004;19:39:00;19:12:00;26.999999999999904;;;26.999999999999904;18-05-2026_5511
;C42;5733.0;Alnabru;2026-05-18;21.0;Mandag;19:20:00;19:20:00;0.0;19:35:00;19:30:00;4.999999999999982;20:05:00;19:38:00;27.000000000000064;20:10:00;19:49:00;21.000000000000085;;;21.000000000000085;18-05-2026_5733
PRI-TOG;C31;41904.0;Alnabru;2026-05-18;21.0;Mandag;17:35:00;17:35:00;0.0;17:45:00;17:00:00;45.0;18:20:00;17:55:00;24.99999999999991;18:25:00;18:03:00;22.00000000000008;;;22.00000000000008;18-05-2026_41904
;C45;5709.0;Alnabru;2026-05-18;21.0;Mandag;21:00:00;21:00:00;0.0;21:02:00;20:30:00;32.00000000000004;21:37:00;21:16:00;21.000000000000085;21:42:00;21:42:00;0.0;;;0.0;18-05-2026_5709
LANGTOG;C43;5811.0;Alnabru;2026-05-18;21.0;Mandag;20:30:00;20:30:00;0.0;20:51:00;20:30:00;21.000000000000085;21:26:00;20:57:00;29.000000000000057;21:31:00;21:08:00;23.000000000000078;;;23.000000000000078;18-05-2026_5811
LANGTOG;C32 ;5515.0;Alnabru;2026-05-18;21.0;Mandag;21:15:00;21:10:00;4.999999999999982;21:17:00;20:20:00;56.99999999999996;21:52:00;21:22:00;30.000000000000053;21:57:00;21:45:00;11.999999999999957;;;11.999999999999957;18-05-2026_5515
PRI-TOG;C23;5735.0;Alnabru;2026-05-18;21.0;Mandag;21:50:00;21:40:00;9.999999999999964;22:02:00;21:20:00;42.000000000000014;22:37:00;21:49:00;47.999999999999986;22:42:00;21:56:00;46.0;;;46.0;18-05-2026_5735
Lastefristkl. 19:30 dag før avgang.;C45;5301.0;Alnabru;2026-05-19;21.0;Tirsdag;19:30:00;19:30:00;0.0;08:11:00;08:00:00;11.00000000000004;08:46:00;08:25:00;21.000000000000085;08:51:00;08:51:00;0.0;;;0.0;19-05-2026_5301
;;4911.0;Alnabru;2026-05-19;21.0;Tirsdag;08:00:00;08:00:00;0.0;08:42:00;08:42:00;0.0;09:17:00;09:00:00;17.00000000000002;09:22:00;09:30:00;-7.999999999999972;T34 - Annen feil, forklaring i kommentarfelt;CX vogn lå inne som rødmerket i systemet, fikk ikke laget R206 før denne ble fjernet;-7.999999999999972;19-05-2026_4911
;C45;5801.0;Alnabru;2026-05-19;21.0;Tirsdag;08:50:00;08:40:00;10.000000000000044;08:51:00;08:50:00;0.9999999999999165;09:26:00;09:05:00;21.000000000000007;09:31:00;09:14:00;16.99999999999994;;;16.99999999999994;19-05-2026_5801
PRI-TOG;C42;5731.0;Alnabru;2026-05-19;21.0;Tirsdag;08:50:00;08:50:00;0.0;09:02:00;09:00:00;1.999999999999993;09:37:00;09:15:00;22.0;09:42:00;09:23:00;19.000000000000014;;;19.000000000000014;19-05-2026_5731
;C32 ;5507.0;Alnabru;2026-05-19;21.0;Tirsdag;11:40:00;11:40:00;0.0;11:43:00;11:40:00;3.0000000000000693;12:18:00;11:55:00;23.000000000000078;12:23:00;12:19:00;4.000000000000146;;;4.000000000000146;19-05-2026_5507
PRI-TOG;C23;41910.0;Alnabru;2026-05-19;21.0;Tirsdag;12:00:00;12:10:00;-9.999999999999964;12:18:00;11:45:00;32.999999999999964;12:53:00;12:40:00;12.999999999999954;12:58:00;12:48:00;9.999999999999964;;Nytt tognr: 41914;9.999999999999964;19-05-2026_41910
;C42;45964.0;Alnabru;2026-05-19;21.0;Tirsdag;14:00:00;;0.0;15:02:00;;0.0;15:37:00;14:54:00;43.00000000000001;15:42:00;15:22:00;20.00000000000009;;;20.00000000000009;19-05-2026_45964
;C42;5707.0;Alnabru;2026-05-19;21.0;Tirsdag;16:20:00;16:20:00;0.0;16:32:00;16:00:00;32.00000000000004;17:07:00;16:30:00;37.00000000000003;17:12:00;16:42:00;30.000000000000053;;;30.000000000000053;19-05-2026_5707
;C32 ;5509.0;Alnabru;2026-05-19;21.0;Tirsdag;16:30:00;16:30:00;0.0;16:44:00;16:50:00;-5.999999999999979;17:19:00;17:03:00;15.999999999999943;17:24:00;17:12:00;11.999999999999957;;;11.999999999999957;19-05-2026_5509
;C44;41960.0;Alnabru;2026-05-19;21.0;Tirsdag;16:00:00;16:00:00;0.0;16:48:00;16:20:00;27.9999999999999;17:23:00;16:58:00;24.99999999999991;17:28:00;17:10:00;17.999999999999936;;;17.999999999999936;19-05-2026_41960
;C2/C5A;41971.0;Alnabru;2026-05-19;21.0;Tirsdag;16:00:00;16:00:00;0.0;17:04:00;17:00:00;3.999999999999986;17:39:00;17:21:00;18.000000000000096;17:44:00;17:28:00;16.000000000000103;;;16.000000000000103;19-05-2026_41971
;C45;5805.0;Alnabru;2026-05-19;21.0;Tirsdag;17:00:00;17:00:00;0.0;17:11:00;17:50:00;-39.00000000000002;17:46:00;17:30:00;16.000000000000103;17:51:00;17:52:00;-0.9999999999999964;T18 - Sent lok til stamme;;-0.9999999999999964;19-05-2026_5805
PRI-TOG;C31;41904.0;Alnabru;2026-05-19;21.0;Tirsdag;17:35:00;17:35:00;0.0;17:45:00;18:18:00;-32.999999999999886;18:20:00;18:00:00;20.00000000000009;18:25:00;18:30:00;-4.999999999999982;T18 - Sent lok til stamme;Nytt tognr: 41904;-4.999999999999982;19-05-2026_41904
;C32 ;5511.0;Alnabru;2026-05-19;21.0;Tirsdag;18:40:00;18:40:00;0.0;18:59:00;18:55:00;3.999999999999986;19:34:00;19:09:00;24.99999999999991;19:39:00;19:33:00;5.999999999999979;;;5.999999999999979;19-05-2026_5511
;C42;5733.0;Alnabru;2026-05-19;21.0;Tirsdag;19:20:00;19:20:00;0.0;19:35:00;19:20:00;14.999999999999947;20:05:00;19:37:00;28.00000000000006;20:10:00;19:39:00;31.00000000000005;;;31.00000000000005;19-05-2026_5733
LANGTOG;C43;5811.0;Alnabru;2026-05-19;21.0;Tirsdag;20:30:00;20:30:00;0.0;20:51:00;21:00:00;-8.999999999999968;21:26:00;21:20:00;6.0000000000001386;21:31:00;21:33:00;-1.999999999999993;;;-1.999999999999993;19-05-2026_5811
;C45;5709.0;Alnabru;2026-05-19;21.0;Tirsdag;21:00:00;20:30:00;30.000000000000053;21:02:00;20:30:00;32.00000000000004;21:37:00;21:03:00;34.00000000000004;21:42:00;21:23:00;18.999999999999932;;;18.999999999999932;19-05-2026_5709
LANGTOG;C32 ;5515.0;Alnabru;2026-05-19;21.0;Tirsdag;21:15:00;21:15:00;0.0;21:17:00;21:00:00;16.99999999999994;21:52:00;21:45:00;6.999999999999975;21:57:00;21:53:00;3.999999999999986;;;3.999999999999986;19-05-2026_5515
PRI-TOG;C23;5735.0;Alnabru;2026-05-19;21.0;Tirsdag;21:50:00;21:50:00;0.0;22:02:00;;0.0;22:37:00;22:00:00;37.00000000000003;22:42:00;23:03:00;-21.000000000000085;T4 - Forsinket ankommet tog. (kort snutid);Lok fra forsinket 5734;-21.000000000000085;19-05-2026_5735
;C32 Nord;5531.0;Alnabru;2026-05-20;21.0;Onsdag;07:50:00;07:50:00;0.0;07:43:00;07:20:00;22.99999999999992;08:18:00;07:40:00;38.00000000000003;08:23:00;07:45:00;37.99999999999994;;;37.99999999999994;20-05-2026_5531
Lastefristkl. 19:30 dag før avgang.;C45;5301.0;Alnabru;2026-05-20;21.0;Onsdag;19:30:00;19:30:00;0.0;08:11:00;08:11:00;0.0;08:46:00;08:30:00;16.00000000000002;08:51:00;08:44:00;7.000000000000055;;;7.000000000000055;20-05-2026_5301
;C45;5801.0;Alnabru;2026-05-20;21.0;Onsdag;08:50:00;08:50:00;0.0;08:51:00;08:51:00;-7.993605777301127e-14;09:26:00;09:25:00;0.9999999999999964;09:31:00;09:34:00;-3.0000000000000693;T34 - Annen feil, forklaring i kommentarfelt;Opplæring på lastkontroll;-3.0000000000000693;20-05-2026_5801
PRI-TOG;C42;5731.0;Alnabru;2026-05-20;21.0;Onsdag;08:50:00;08:40:00;10.000000000000044;09:02:00;09:00:00;1.999999999999993;09:37:00;09:00:00;37.00000000000003;09:42:00;09:18:00;23.999999999999993;;;23.999999999999993;20-05-2026_5731
;C32 ;5507.0;Alnabru;2026-05-20;21.0;Onsdag;11:40:00;11:40:00;0.0;11:43:00;11:43:00;7.993605777301127e-14;12:18:00;11:55:00;23.000000000000078;12:23:00;12:04:00;19.000000000000092;;;19.000000000000092;20-05-2026_5507
PRI-TOG;C23;81914.0;Alnabru;2026-05-20;21.0;Onsdag;12:00:00;12:00:00;0.0;12:18:00;12:15:00;2.9999999999999893;12:53:00;12:15:00;38.00000000000003;12:58:00;13:02:00;-3.999999999999986;T3 - Lokfører;81914, Meldte seg sent på til TXP;-3.999999999999986;20-05-2026_81914
;C42;45964.0;Alnabru;2026-05-20;21.0;Onsdag;14:00:00;14:00:00;0.0;15:02:00;;0.0;15:37:00;;0.0;15:42:00;;0.0;;;0.0;20-05-2026_45964
;C42;5707.0;Alnabru;2026-05-20;21.0;Onsdag;16:20:00;16:20:00;0.0;16:32:00;16:30:00;1.999999999999993;17:07:00;16:48:00;19.000000000000092;17:12:00;16:59:00;12.999999999999954;;;12.999999999999954;20-05-2026_5707
;C32 ;5509.0;Alnabru;2026-05-20;21.0;Onsdag;16:30:00;16:30:00;0.0;16:44:00;17:11:00;-27.000000000000064;17:19:00;17:11:00;7.999999999999972;17:24:00;17:29:00;-4.999999999999982;T18 - Sent lok til stamme;;-4.999999999999982;20-05-2026_5509
;C44;41960.0;Alnabru;2026-05-20;21.0;Onsdag;16:00:00;15:45:00;14.999999999999947;16:48:00;15:46:00;61.99999999999994;17:23:00;16:15:00;67.99999999999991;17:28:00;17:46:00;-18.000000000000096;T3 - Lokfører;Forsinket lokfører. Ulykke på veien til jobb.;-18.000000000000096;20-05-2026_41960
;C2/C5A;41971.0;Alnabru;2026-05-20;21.0;Onsdag;16:00:00;16:00:00;0.0;17:04:00;16:50:00;14.00000000000011;17:39:00;17:11:00;28.00000000000006;17:44:00;17:20:00;24.000000000000075;;;24.000000000000075;20-05-2026_41971
;C45;5805.0;Alnabru;2026-05-20;21.0;Onsdag;17:00:00;17:00:00;0.0;17:11:00;16:53:00;17.999999999999936;17:46:00;17:33:00;13.000000000000114;17:51:00;17:50:00;0.9999999999999964;;;0.9999999999999964;20-05-2026_5805
PRI-TOG;C31;41904.0;Alnabru;2026-05-20;21.0;Onsdag;17:35:00;17:35:00;0.0;17:45:00;17:45:00;0.0;18:20:00;18:08:00;12.000000000000117;18:25:00;18:13:00;12.000000000000117;T2 - Nytt tognummer (Skriv det nye i kommentar);41904;12.000000000000117;20-05-2026_41904
;C32 ;5511.0;Alnabru;2026-05-20;21.0;Onsdag;18:40:00;18:40:00;0.0;18:59:00;18:30:00;28.999999999999897;19:34:00;19:14:00;19.99999999999993;19:39:00;19:21:00;17.999999999999936;;;17.999999999999936;20-05-2026_5511
;C42;5733.0;Alnabru;2026-05-20;21.0;Onsdag;19:20:00;19:20:00;0.0;19:35:00;19:35:00;0.0;20:05:00;19:45:00;20.00000000000009;20:10:00;20:00:00;9.999999999999964;;;9.999999999999964;20-05-2026_5733
LANGTOG;C43;5811.0;Alnabru;2026-05-20;21.0;Onsdag;20:30:00;20:30:00;0.0;20:51:00;20:20:00;31.00000000000005;21:26:00;20:55:00;31.00000000000005;21:31:00;21:10:00;21.000000000000085;;;21.000000000000085;20-05-2026_5811
;C45;5709.0;Alnabru;2026-05-20;21.0;Onsdag;21:00:00;21:00:00;0.0;21:02:00;20:30:00;32.00000000000004;21:37:00;21:05:00;32.00000000000004;21:42:00;21:35:00;6.999999999999975;;;6.999999999999975;20-05-2026_5709
LANGTOG;C32 ;5515.0;Alnabru;2026-05-20;21.0;Onsdag;21:15:00;21:15:00;0.0;21:17:00;;0.0;21:52:00;21:50:00;1.999999999999993;21:57:00;00:04:00;1313.0;T18 - Sent lok til stamme;5733 fikk lovhavari ved Jessheim, lok til 5515 ble sendt til hjelp.;1313.0;20-05-2026_5515
PRI-TOG;C23;5735.0;Alnabru;2026-05-20;21.0;Onsdag;21:50:00;21:30:00;19.99999999999993;22:02:00;21:00:00;61.99999999999994;22:37:00;21:39:00;57.99999999999996;22:42:00;21:51:00;50.99999999999998;;;50.99999999999998;20-05-2026_5735
Lastefristkl. 19:30 dag før avgang.;C45;5301.0;Alnabru;2026-05-21;21.0;Torsdag;19:30:00;19:30:00;0.0;08:11:00;08:10:00;0.9999999999999964;08:46:00;08:35:00;11.00000000000004;08:51:00;08:51:00;0.0;;;0.0;21-05-2026_5301
;C45;5801.0;Alnabru;2026-05-21;21.0;Torsdag;08:50:00;09:20:00;-29.99999999999997;08:51:00;08:36:00;14.999999999999947;09:26:00;09:40:00;-14.00000000000003;09:31:00;09:50:00;-19.000000000000014;T25 - Transittgods;;-19.000000000000014;21-05-2026_5801
PRI-TOG;C42;5731.0;Alnabru;2026-05-21;21.0;Torsdag;08:50:00;09:41:00;-50.99999999999998;09:02:00;09:08:00;-5.999999999999979;09:37:00;09:51:00;-13.99999999999995;09:42:00;09:55:00;-12.999999999999954;T25 - Transittgods;;-12.999999999999954;21-05-2026_5731
;C32 ;5507.0;Alnabru;2026-05-21;21.0;Torsdag;11:40:00;11:30:00;9.999999999999964;11:43:00;11:34:00;9.000000000000048;12:18:00;11:55:00;23.000000000000078;12:23:00;12:03:00;20.00000000000009;;;20.00000000000009;21-05-2026_5507
;;81914.0;Alnabru;2026-05-21;21.0;Torsdag;12:00:00;12:00:00;0.0;12:18:00;12:03:00;14.999999999999947;12:53:00;12:27:00;25.999999999999908;12:58:00;12:56:00;1.999999999999993;;;1.999999999999993;21-05-2026_81914
;C42;45960.0;Alnabru;2026-05-21;21.0;Torsdag;14:00:00;;0.0;15:02:00;;0.0;15:37:00;;0.0;15:42:00;;0.0;;;0.0;21-05-2026_45960
;C42;5707.0;Alnabru;2026-05-21;21.0;Torsdag;16:20:00;16:35:00;-14.999999999999947;16:32:00;16:30:00;1.999999999999993;17:07:00;16:50:00;17.0000000000001;17:12:00;17:05:00;6.999999999999975;;;6.999999999999975;21-05-2026_5707
;C32 ;5509.0;Alnabru;2026-05-21;21.0;Torsdag;16:30:00;16:30:00;0.0;16:44:00;16:40:00;3.999999999999986;17:19:00;17:10:00;8.999999999999968;17:24:00;17:17:00;6.999999999999975;;;6.999999999999975;21-05-2026_5509
;C44;41960.0;Alnabru;2026-05-21;21.0;Torsdag;16:00:00;15:50:00;9.999999999999964;16:48:00;16:20:00;27.9999999999999;17:23:00;17:15:00;7.999999999999972;17:28:00;17:28:00;0.0;;;0.0;21-05-2026_41960
;C2/C5A;41971.0;Alnabru;2026-05-21;21.0;Torsdag;16:00:00;16:00:00;0.0;17:04:00;17:00:00;3.999999999999986;17:39:00;17:25:00;14.00000000000011;17:44:00;17:30:00;14.00000000000011;;;14.00000000000011;21-05-2026_41971
;C45;5805.0;Alnabru;2026-05-21;21.0;Torsdag;17:00:00;17:10:00;-9.999999999999964;17:11:00;17:00:00;10.999999999999961;17:46:00;17:35:00;11.00000000000012;17:51:00;17:50:00;0.9999999999999964;;;0.9999999999999964;21-05-2026_5805
PRI-TOG;C23;41910.0;Alnabru;2026-05-21;21.0;Torsdag;17:35:00;17:30:00;4.999999999999982;17:45:00;17:30:00;15.000000000000107;18:20:00;17:50:00;30.000000000000053;18:25:00;18:04:00;21.000000000000085;;Tognr: 41904;21.000000000000085;21-05-2026_41910
;C32 ;5511.0;Alnabru;2026-05-21;21.0;Torsdag;18:40:00;18:44:00;-3.999999999999986;18:59:00;19:00:00;-0.9999999999999964;19:34:00;19:15:00;18.999999999999932;19:39:00;19:23:00;15.999999999999943;;;15.999999999999943;21-05-2026_5511
;C42;5733.0;Alnabru;2026-05-21;21.0;Torsdag;19:20:00;19:20:00;0.0;19:35:00;19:20:00;14.999999999999947;20:05:00;19:35:00;30.000000000000053;20:10:00;19:58:00;11.999999999999957;;;11.999999999999957;21-05-2026_5733
PRI-TOG;C31;41900.0;Alnabru;2026-05-21;21.0;Torsdag;19:40:00;;0.0;19:46:00;;0.0;20:21:00;;0.0;20:26:00;;0.0;T17 - Innstilt tog;;0.0;21-05-2026_41900
LANGTOG;C43;5811.0;Alnabru;2026-05-21;21.0;Torsdag;20:30:00;20:30:00;0.0;20:51:00;20:50:00;0.9999999999999964;21:26:00;21:05:00;21.000000000000085;21:31:00;21:37:00;-5.999999999999979;;;-5.999999999999979;21-05-2026_5811
;C45;5709.0;Alnabru;2026-05-21;21.0;Torsdag;21:00:00;21:00:00;0.0;21:02:00;20:30:00;32.00000000000004;21:37:00;20:46:00;50.99999999999998;21:42:00;20:53:00;48.999999999999986;;;48.999999999999986;21-05-2026_5709
LANGTOG;C32 ;5515.0;Alnabru;2026-05-21;21.0;Torsdag;21:15:00;21:15:00;0.0;21:17:00;21:10:00;6.999999999999975;21:52:00;21:30:00;21.999999999999922;21:57:00;21:49:00;7.999999999999972;;;7.999999999999972;21-05-2026_5515
PRI-TOG;C23;5735.0;Alnabru;2026-05-21;21.0;Torsdag;21:50:00;21:50:00;0.0;22:02:00;22:00:00;1.999999999999993;22:37:00;21:54:00;43.00000000000001;22:42:00;22:06:00;36.00000000000003;;;36.00000000000003;21-05-2026_5735
Lastefristkl. 19:30 dag før avgang.;C45;5301.0;Alnabru;2026-05-22;21.0;Fredag;19:30:00;19:30:00;0.0;08:11:00;08:09:00;1.999999999999993;08:46:00;08:31:00;15.000000000000027;08:51:00;08:46:00;5.000000000000062;;;5.000000000000062;22-05-2026_5301
;C45;5801.0;Alnabru;2026-05-22;21.0;Fredag;08:50:00;09:03:00;-12.999999999999954;08:51:00;08:41:00;9.999999999999964;09:26:00;09:18:00;7.999999999999972;09:31:00;09:27:00;3.999999999999986;T1 - I rute;;3.999999999999986;22-05-2026_5801
PRI-TOG;C42;5731.0;Alnabru;2026-05-22;21.0;Fredag;08:50:00;08:48:00;2.000000000000073;09:02:00;09:08:00;-5.999999999999979;09:37:00;09:19:00;18.000000000000014;09:42:00;09:27:00;15.000000000000027;T18 - Sent lok til stamme;;15.000000000000027;22-05-2026_5731
;C32 ;5507.0;Alnabru;2026-05-22;21.0;Fredag;11:40:00;11:34:00;5.999999999999979;11:43:00;11:35:00;8.000000000000052;12:18:00;12:31:00;-12.999999999999954;12:23:00;12:33:00;-9.999999999999964;T3 - Lokfører;;-9.999999999999964;22-05-2026_5507
;;81914.0;Alnabru;2026-05-22;21.0;Fredag;12:30:00;12:28:00;1.999999999999993;12:48:00;12:26:00;21.999999999999922;13:23:00;12:50:00;33.00000000000004;13:28:00;13:24:00;3.999999999999986;;;3.999999999999986;22-05-2026_81914
;C42;65984.0;Alnabru;2026-05-22;21.0;Fredag;14:00:00;;0.0;16:30:00;15:50:00;40.000000000000014;17:05:00;16:53:00;11.999999999999957;17:10:00;17:10:00;0.0;T2 - Nytt tognummer (Skriv det nye i kommentar);;0.0;22-05-2026_65984
;C32 ;5509.0;Alnabru;2026-05-22;21.0;Fredag;16:30:00;16:30:00;0.0;16:44:00;17:08:00;-24.000000000000075;17:19:00;16:45:00;34.00000000000004;17:24:00;17:24:00;0.0;;;0.0;22-05-2026_5509
;C2/C5A;41971.0;Alnabru;2026-05-22;21.0;Fredag;16:00:00;;0.0;17:04:00;;0.0;17:39:00;;0.0;17:44:00;;0.0;T17 - Innstilt tog;;0.0;22-05-2026_41971
;C45;5805.0;Alnabru;2026-05-22;21.0;Fredag;17:00:00;17:00:00;0.0;17:11:00;17:11:00;0.0;17:46:00;17:39:00;6.999999999999975;17:51:00;17:51:00;0.0;;;0.0;22-05-2026_5805
PRI-TOG;C23;41904.0;Alnabru;2026-05-22;21.0;Fredag;17:35:00;17:35:00;0.0;17:45:00;17:30:00;15.000000000000107;18:20:00;17:54:00;26.000000000000068;18:25:00;18:08:00;17.0000000000001;;;17.0000000000001;22-05-2026_41904
;C32 ;5511.0;Alnabru;2026-05-22;21.0;Fredag;18:40:00;18:40:00;0.0;18:59:00;19:00:00;-0.9999999999999964;19:34:00;19:15:00;18.999999999999932;19:39:00;19:28:00;10.999999999999961;;;10.999999999999961;22-05-2026_5511
;C42;5733.0;Alnabru;2026-05-22;21.0;Fredag;19:20:00;19:00:00;20.00000000000009;19:35:00;19:15:00;19.99999999999993;20:05:00;19:20:00;45.0;20:10:00;19:52:00;18.000000000000096;;;18.000000000000096;22-05-2026_5733
PRI-TOG;C31;41900.0;Alnabru;2026-05-22;21.0;Fredag;19:40:00;;0.0;19:46:00;;0.0;20:21:00;;0.0;20:26:00;;0.0;T17 - Innstilt tog;;0.0;22-05-2026_41900
;C45;5709.0;Alnabru;2026-05-22;21.0;Fredag;21:00:00;21:00:00;0.0;21:02:00;20:20:00;42.000000000000014;21:37:00;20:45:00;51.99999999999997;21:42:00;20:53:00;48.999999999999986;;;48.999999999999986;22-05-2026_5709
LANGTOG;C43;5811.0;Alnabru;2026-05-22;21.0;Fredag;20:30:00;20:20:00;9.999999999999964;20:51:00;20:50:00;0.9999999999999964;21:26:00;21:10:00;16.000000000000103;21:31:00;21:20:00;11.00000000000012;;;11.00000000000012;22-05-2026_5811
LANGTOG;C32 ;5515.0;Alnabru;2026-05-22;21.0;Fredag;21:15:00;21:15:00;0.0;21:17:00;21:00:00;16.99999999999994;21:52:00;21:14:00;38.00000000000003;21:57:00;21:45:00;11.999999999999957;;;11.999999999999957;22-05-2026_5515
PRI-TOG;C23;5735.0;Alnabru;2026-05-22;21.0;Fredag;21:50:00;21:50:00;0.0;22:02:00;21:50:00;11.999999999999957;22:37:00;22:04:00;33.00000000000004;22:42:00;22:29:00;12.999999999999954;;;12.999999999999954;22-05-2026_5735
FORHÅNDSLASTES C32 FREDAG;C32 ;5737.0;Alnabru;2026-05-23;21.0;Lørdag;11:00:00;;0.0;11:02:00;;0.0;11:37:00;;0.0;11:42:00;;0.0;T17 - Innstilt tog;;0.0;23-05-2026_5737
;C44;41971.0;Alnabru;2026-05-23;21.0;Lørdag;13:30:00;;0.0;17:04:00;;0.0;17:39:00;;0.0;17:44:00;;0.0;T17 - Innstilt tog;;0.0;23-05-2026_41971
PRI-TOG;C23;41910.0;Alnabru;2026-05-23;21.0;Lørdag;12:00:00;;0.0;17:45:00;;0.0;18:20:00;;0.0;18:25:00;;0.0;T17 - Innstilt tog;;0.0;23-05-2026_41910
;;91971.0;Alnabru;2026-05-23;21.0;Lørdag;12:00:00;12:00:00;0.0;15:40:00;15:00:00;40.000000000000014;16:15:00;15:13:00;62.0000000000001;16:20:00;15:44:00;36.00000000000003;;;36.00000000000003;23-05-2026_91971
LASTEFRIST KL. 15:00 LØRDAG;C23;5711.0;Alnabru;2026-05-24;21.0;Søndag;14:30:00;;0.0;07:27:00;;0.0;08:02:00;;0.0;08:07:00;;0.0;;;0.0;24-05-2026_5711
Lastefrist 13:30 Søndag;C44;41960.0;Alnabru;2026-05-24;21.0;Søndag;13:30:00;;0.0;16:48:00;;0.0;17:23:00;;0.0;17:28:00;;0.0;;;0.0;24-05-2026_41960
;C44;41971.0;Alnabru;2026-05-24;21.0;Søndag;13:30:00;;0.0;17:04:00;;0.0;17:39:00;;0.0;17:44:00;;0.0;;;0.0;24-05-2026_41971
LANGTOG;C32;5523.0;Alnabru;2026-05-24;21.0;Søndag;16:00:00;;0.0;18:31:00;;0.0;19:06:00;;0.0;19:11:00;;0.0;;;0.0;24-05-2026_5523
;C23;5717.0;Alnabru;2026-05-24;21.0;Søndag;16:00:00;;0.0;18:57:00;;0.0;19:32:00;;0.0;19:37:00;;0.0;;;0.0;24-05-2026_5717
LANGTOG;C43;5811.0;Alnabru;2026-05-24;21.0;Søndag;13:30:00;;0.0;20:51:00;;0.0;21:26:00;;0.0;21:31:00;;0.0;;;0.0;24-05-2026_5811
;C32 Nord;5531.0;Alnabru;2026-05-25;22.0;Mandag;07:50:00;;0.0;07:43:00;;0.0;08:18:00;;0.0;08:23:00;;0.0;T17 - Innstilt tog;;0.0;25-05-2026_5531
Lastefristkl. 19:30 dag før avgang.;C45;5301.0;Alnabru;2026-05-25;22.0;Mandag;19:30:00;;0.0;08:11:00;;0.0;08:46:00;;0.0;08:51:00;;0.0;T17 - Innstilt tog;;0.0;25-05-2026_5301
;C45;5801.0;Alnabru;2026-05-25;22.0;Mandag;08:50:00;;0.0;08:51:00;;0.0;09:26:00;;0.0;09:31:00;;0.0;T17 - Innstilt tog;;0.0;25-05-2026_5801
PRI-TOG;C42;5731.0;Alnabru;2026-05-25;22.0;Mandag;08:50:00;;0.0;09:02:00;;0.0;09:37:00;;0.0;09:42:00;;0.0;T17 - Innstilt tog;;0.0;25-05-2026_5731
;C32 ;5507.0;Alnabru;2026-05-25;22.0;Mandag;11:40:00;;0.0;11:43:00;;0.0;12:18:00;;0.0;12:23:00;;0.0;T17 - Innstilt tog;;0.0;25-05-2026_5507
;C42;45960.0;Alnabru;2026-05-25;22.0;Mandag;14:00:00;;0.0;15:02:00;;0.0;15:37:00;;0.0;15:42:00;;0.0;T17 - Innstilt tog;;0.0;25-05-2026_45960
;C42;5707.0;Alnabru;2026-05-25;22.0;Mandag;16:20:00;16:00:00;20.00000000000009;16:32:00;16:32:00;0.0;17:07:00;16:46:00;21.000000000000085;17:12:00;17:01:00;10.999999999999961;;;10.999999999999961;25-05-2026_5707
;C32 ;5509.0;Alnabru;2026-05-25;22.0;Mandag;16:30:00;;0.0;16:44:00;;0.0;17:19:00;;0.0;17:24:00;;0.0;T17 - Innstilt tog;;0.0;25-05-2026_5509
;C44;41960.0;Alnabru;2026-05-25;22.0;Mandag;16:00:00;12:00:00;239.99999999999994;16:48:00;16:47:00;0.9999999999999964;17:23:00;17:04:00;18.999999999999932;17:28:00;17:20:00;7.999999999999972;;;7.999999999999972;25-05-2026_41960
;C2/C5A;41971.0;Alnabru;2026-05-25;22.0;Mandag;16:00:00;13:30:00;149.99999999999994;17:04:00;17:34:00;-29.999999999999893;17:39:00;18:06:00;-26.999999999999904;17:44:00;18:15:00;-30.99999999999989;T3 - Lokfører;;-30.99999999999989;25-05-2026_41971
;C45;5805.0;Alnabru;2026-05-25;22.0;Mandag;17:00:00;;0.0;17:11:00;;0.0;17:46:00;;0.0;17:51:00;;0.0;T17 - Innstilt tog;;0.0;25-05-2026_5805
PRI-TOG;C23;41910.0;Alnabru;2026-05-25;22.0;Mandag;17:35:00;;0.0;17:45:00;;0.0;18:20:00;;0.0;18:25:00;;0.0;T17 - Innstilt tog;;0.0;25-05-2026_41910
;C32;5511.0;Alnabru;2026-05-25;22.0;Mandag;18:40:00;;0.0;18:59:00;;0.0;19:34:00;;0.0;19:39:00;;0.0;T17 - Innstilt tog;;0.0;25-05-2026_5511
;C42;5733.0;Alnabru;2026-05-25;22.0;Mandag;19:20:00;;0.0;19:30:00;;0.0;20:05:00;;0.0;20:10:00;;0.0;T17 - Innstilt tog;;0.0;25-05-2026_5733
PRI-TOG;C31;41900.0;Alnabru;2026-05-25;22.0;Mandag;19:40:00;;0.0;19:46:00;;0.0;20:21:00;;0.0;20:26:00;;0.0;T17 - Innstilt tog;;0.0;25-05-2026_41900
;C45;5709.0;Alnabru;2026-05-25;22.0;Mandag;21:00:00;;0.0;21:02:00;;0.0;21:37:00;;0.0;21:42:00;;0.0;T17 - Innstilt tog;;0.0;25-05-2026_5709
LANGTOG;C43;5811.0;Alnabru;2026-05-25;22.0;Mandag;20:30:00;13:30:00;419.99999999999994;20:51:00;20:26:00;25.00000000000007;21:26:00;20:33:00;53.00000000000013;21:31:00;20:38:00;52.99999999999997;;;52.99999999999997;25-05-2026_5811
LANGTOG;C32 ;5515.0;Alnabru;2026-05-25;22.0;Mandag;21:15:00;;0.0;21:17:00;;0.0;21:52:00;;0.0;21:57:00;;0.0;T17 - Innstilt tog;;0.0;25-05-2026_5515
PRI-TOG;C23;5735.0;Alnabru;2026-05-25;22.0;Mandag;21:50:00;;0.0;22:02:00;;0.0;22:37:00;;0.0;22:42:00;;0.0;T17 - Innstilt tog;;0.0;25-05-2026_5735
Lastefristkl. 19:30 dag før avgang.;C45;5301.0;Alnabru;2026-05-26;22.0;Tirsdag;19:30:00;19:30:00;0.0;08:11:00;08:00:00;11.00000000000004;08:46:00;08:30:00;16.00000000000002;08:51:00;08:54:00;-2.9999999999999893;T16 - Kø skifting;;-2.9999999999999893;26-05-2026_5301
;C45;5801.0;Alnabru;2026-05-26;22.0;Tirsdag;08:50:00;08:50:00;0.0;08:51:00;08:45:00;5.999999999999979;09:26:00;09:00:00;25.999999999999986;09:31:00;09:38:00;-7.000000000000055;T3 - Lokfører;Meldte seg til avgang 09:30;-7.000000000000055;26-05-2026_5801
PRI-TOG;C42;5731.0;Alnabru;2026-05-26;22.0;Tirsdag;08:50:00;08:50:00;0.0;09:02:00;09:30:00;-27.99999999999998;09:37:00;09:25:00;12.000000000000037;09:42:00;09:42:00;0.0;T18 - Sent lok til stamme;;0.0;26-05-2026_5731
;C32 ;5507.0;Alnabru;2026-05-26;22.0;Tirsdag;11:40:00;11:40:00;0.0;11:43:00;11:45:00;-1.999999999999913;12:18:00;12:15:00;3.000000000000149;12:23:00;12:21:00;2.0000000000001528;;;2.0000000000001528;26-05-2026_5507
PRI-TOG;C23;81914.0;Alnabru;2026-05-26;22.0;Tirsdag;12:30:00;12:30:00;0.0;12:48:00;12:30:00;17.999999999999936;13:23:00;13:08:00;14.999999999999947;13:28:00;13:27:00;0.9999999999999964;;;0.9999999999999964;26-05-2026_81914
;C42;45960.0;Alnabru;2026-05-26;22.0;Tirsdag;14:00:00;;0.0;15:02:00;;0.0;15:37:00;;0.0;15:42:00;14:40:00;61.99999999999994;;;61.99999999999994;26-05-2026_45960
;C42;5707.0;Alnabru;2026-05-26;22.0;Tirsdag;16:20:00;16:11:00;8.999999999999968;16:32:00;16:18:00;13.99999999999995;17:07:00;17:01:00;5.999999999999979;17:12:00;17:11:00;0.9999999999999964;;;0.9999999999999964;26-05-2026_5707
;C32 ;5509.0;Alnabru;2026-05-26;22.0;Tirsdag;16:30:00;15:45:00;45.0;16:44:00;16:01:00;43.00000000000001;17:19:00;16:11:00;67.99999999999991;17:24:00;17:15:00;8.999999999999968;;;8.999999999999968;26-05-2026_5509
;C44;41960.0;Alnabru;2026-05-26;22.0;Tirsdag;16:00:00;16:00:00;0.0;16:48:00;16:34:00;13.99999999999995;17:23:00;17:04:00;18.999999999999932;17:28:00;17:10:00;17.999999999999936;;;17.999999999999936;26-05-2026_41960
;C2/C5A;41971.0;Alnabru;2026-05-26;22.0;Tirsdag;16:00:00;16:00:00;0.0;17:04:00;17:01:00;2.9999999999999893;17:39:00;17:05:00;34.00000000000004;17:44:00;17:43:00;0.9999999999999964;;;0.9999999999999964;26-05-2026_41971
;C45;5805.0;Alnabru;2026-05-26;22.0;Tirsdag;17:00:00;17:00:00;0.0;17:11:00;17:18:00;-6.999999999999975;17:46:00;17:27:00;19.000000000000092;17:51:00;17:48:00;2.9999999999999893;T18 - Sent lok til stamme;;2.9999999999999893;26-05-2026_5805
PRI-TOG;C31;41904.0;Alnabru;2026-05-26;22.0;Tirsdag;17:35:00;17:41:00;-6.0000000000001386;17:45:00;17:43:00;1.999999999999993;18:20:00;18:03:00;17.0000000000001;18:25:00;18:19:00;6.0000000000001386;;;6.0000000000001386;26-05-2026_41904
;C32 ;5511.0;Alnabru;2026-05-26;22.0;Tirsdag;18:40:00;18:50:00;-9.999999999999964;18:59:00;19:04:00;-4.999999999999982;19:34:00;19:24:00;9.999999999999964;19:39:00;19:34:00;4.999999999999982;;;4.999999999999982;26-05-2026_5511
;C42;5733.0;Alnabru;2026-05-26;22.0;Tirsdag;19:20:00;19:30:00;-9.999999999999964;19:35:00;19:35:00;0.0;20:05:00;19:53:00;11.999999999999957;20:10:00;20:10:00;0.0;;;0.0;26-05-2026_5733
LANGTOG;C43;5811.0;Alnabru;2026-05-26;22.0;Tirsdag;20:30:00;20:24:00;5.999999999999979;20:51:00;20:36:00;15.000000000000107;21:26:00;21:10:00;16.000000000000103;21:31:00;21:18:00;13.000000000000114;;;13.000000000000114;26-05-2026_5811
;C45;5709.0;Alnabru;2026-05-26;22.0;Tirsdag;21:00:00;20:52:00;7.999999999999972;21:02:00;19:53:00;68.99999999999991;21:37:00;21:00:00;37.00000000000003;21:42:00;21:29:00;12.999999999999954;;;12.999999999999954;26-05-2026_5709
LANGTOG;C32 ;5515.0;Alnabru;2026-05-26;22.0;Tirsdag;21:15:00;21:21:00;-5.999999999999979;21:17:00;21:11:00;5.999999999999979;21:52:00;21:42:00;9.999999999999964;21:57:00;21:49:00;7.999999999999972;;;7.999999999999972;26-05-2026_5515
PRI-TOG;C23;5735.0;Alnabru;2026-05-26;22.0;Tirsdag;21:50:00;21:50:00;0.0;22:02:00;21:53:00;8.999999999999968;22:37:00;22:05:00;32.00000000000004;22:42:00;22:23:00;18.999999999999932;;;18.999999999999932;26-05-2026_5735
;C32 Nord;5531.0;Alnabru;2026-05-27;22.0;Onsdag;07:50:00;07:50:00;0.0;07:43:00;07:45:00;-2.000000000000073;08:18:00;08:25:00;-6.999999999999975;08:23:00;08:35:00;-12.000000000000037;T12 - Mannskapsmangel;;-12.000000000000037;27-05-2026_5531
Lastefristkl. 19:30 dag før avgang.;C45;5301.0;Alnabru;2026-05-27;22.0;Onsdag;19:30:00;19:30:00;0.0;08:11:00;08:00:00;11.00000000000004;08:46:00;08:25:00;21.000000000000085;08:51:00;08:41:00;10.000000000000044;;;10.000000000000044;27-05-2026_5301
;C45;5801.0;Alnabru;2026-05-27;22.0;Onsdag;08:50:00;08:50:00;0.0;08:51:00;08:50:00;0.9999999999999165;09:26:00;09:06:00;20.000000000000007;09:31:00;09:20:00;10.999999999999961;;;10.999999999999961;27-05-2026_5801
PRI-TOG;C42;5731.0;Alnabru;2026-05-27;22.0;Onsdag;08:50:00;08:50:00;0.0;09:02:00;08:50:00;11.999999999999957;09:37:00;09:05:00;32.00000000000004;09:42:00;09:21:00;21.000000000000007;;;21.000000000000007;27-05-2026_5731
;C32 ;5507.0;Alnabru;2026-05-27;22.0;Onsdag;11:40:00;11:40:00;0.0;11:43:00;11:40:00;3.0000000000000693;12:18:00;12:02:00;16.000000000000103;12:23:00;12:17:00;6.0000000000001386;;;6.0000000000001386;27-05-2026_5507
PRI-TOG;C23;81914.0;Alnabru;2026-05-27;22.0;Onsdag;12:00:00;12:00:00;0.0;12:18:00;12:18:00;0.0;12:53:00;12:40:00;12.999999999999954;12:58:00;12:58:00;0.0;;;0.0;27-05-2026_81914
;C42;45960.0;Alnabru;2026-05-27;22.0;Onsdag;14:00:00;;0.0;15:02:00;;0.0;15:37:00;;0.0;15:42:00;;0.0;;Ny rute ut i dag;0.0;27-05-2026_45960
;C42;5707.0;Alnabru;2026-05-27;22.0;Onsdag;16:20:00;16:00:00;20.00000000000009;16:32:00;16:27:00;4.999999999999982;17:07:00;16:32:00;35.000000000000036;17:12:00;16:43:00;29.000000000000057;;;29.000000000000057;27-05-2026_5707
;C32 ;5509.0;Alnabru;2026-05-27;22.0;Onsdag;16:30:00;16:30:00;0.0;16:44:00;16:42:00;1.999999999999993;17:19:00;16:58:00;20.999999999999925;17:24:00;17:25:00;-0.9999999999999964;T20 - Trafikkstyring (TXP/Togleder);;-0.9999999999999964;27-05-2026_5509
;C44;41960.0;Alnabru;2026-05-27;22.0;Onsdag;16:00:00;15:16:00;44.0;16:48:00;15:36:00;71.9999999999999;17:23:00;16:17:00;65.99999999999993;17:28:00;17:07:00;20.999999999999925;;;20.999999999999925;27-05-2026_41960
;C2/C5A;41971.0;Alnabru;2026-05-27;22.0;Onsdag;16:00:00;16:00:00;0.0;17:04:00;16:58:00;5.999999999999979;17:39:00;17:09:00;30.000000000000053;17:44:00;17:13:00;31.00000000000005;;;31.00000000000005;27-05-2026_41971
;C45;5805.0;Alnabru;2026-05-27;22.0;Onsdag;17:00:00;17:00:00;0.0;17:11:00;17:09:00;1.999999999999993;17:46:00;17:28:00;18.000000000000096;17:51:00;17:32:00;19.000000000000092;;;19.000000000000092;27-05-2026_5805
PRI-TOG;C31;41904.0;Alnabru;2026-05-27;22.0;Onsdag;17:35:00;17:35:00;0.0;17:45:00;17:26:00;19.000000000000092;18:20:00;17:52:00;28.00000000000006;18:25:00;18:02:00;23.000000000000078;;;23.000000000000078;27-05-2026_41904
;C32 ;5511.0;Alnabru;2026-05-27;22.0;Onsdag;18:40:00;18:42:00;-1.999999999999993;18:59:00;18:30:00;28.999999999999897;19:34:00;18:57:00;37.00000000000003;19:39:00;19:20:00;18.999999999999932;;;18.999999999999932;27-05-2026_5511
;C42;5733.0;Alnabru;2026-05-27;22.0;Onsdag;19:20:00;19:20:00;0.0;19:35:00;19:51:00;-15.999999999999943;20:05:00;19:56:00;8.999999999999968;20:10:00;20:16:00;-5.999999999999979;T18 - Sent lok til stamme;T20 Txp tok inn 5734 ;-5.999999999999979;27-05-2026_5733
LANGTOG;C43;5811.0;Alnabru;2026-05-27;22.0;Onsdag;20:30:00;20:28:00;1.999999999999993;20:51:00;20:40:00;10.999999999999961;21:26:00;20:54:00;32.00000000000004;21:31:00;21:15:00;16.000000000000103;;;16.000000000000103;27-05-2026_5811
;C45;5709.0;Alnabru;2026-05-27;22.0;Onsdag;21:00:00;21:04:00;-3.999999999999986;21:02:00;20:30:00;32.00000000000004;21:37:00;21:17:00;20.00000000000009;21:42:00;21:23:00;18.999999999999932;;;18.999999999999932;27-05-2026_5709
LANGTOG;C32 ;5515.0;Alnabru;2026-05-27;22.0;Onsdag;21:15:00;21:15:00;0.0;21:17:00;21:09:00;7.999999999999972;21:52:00;21:28:00;23.999999999999915;21:57:00;21:53:00;3.999999999999986;;;3.999999999999986;27-05-2026_5515
PRI-TOG;C23;5735.0;Alnabru;2026-05-27;22.0;Onsdag;21:50:00;21:25:00;24.99999999999991;22:02:00;21:30:00;31.999999999999886;22:37:00;21:33:00;63.99999999999993;22:42:00;21:45:00;56.99999999999996;;;56.99999999999996;27-05-2026_5735
Lastefristkl. 19:30 dag før avgang.;C45;5301.0;Alnabru;2026-05-28;22.0;Torsdag;19:30:00;19:30:00;0.0;08:11:00;08:00:00;11.00000000000004;08:46:00;08:40:00;6.000000000000059;08:51:00;08:55:00;-3.999999999999986;T34 - Annen feil, forklaring i kommentarfelt;Uviss årsak. Klar i tide.;-3.999999999999986;28-05-2026_5301
;;4911.0;Alnabru;2026-05-28;22.0;Torsdag;;;0.0;08:44:00;08:30:00;13.99999999999995;09:19:00;09:00:00;19.000000000000014;09:24:00;09:15:00;8.999999999999968;;;8.999999999999968;28-05-2026_4911
;C45;5801.0;Alnabru;2026-05-28;22.0;Torsdag;08:50:00;08:30:00;20.000000000000007;08:51:00;08:50:00;0.9999999999999165;09:26:00;09:05:00;21.000000000000007;09:31:00;09:38:00;-7.000000000000055;T34 - Annen feil, forklaring i kommentarfelt;Uviss årsak. Klar i tide.;-7.000000000000055;28-05-2026_5801
PRI-TOG;C42;5731.0;Alnabru;2026-05-28;22.0;Torsdag;08:50:00;08:45:00;5.000000000000062;09:02:00;09:00:00;1.999999999999993;09:37:00;09:00:00;37.00000000000003;09:42:00;09:44:00;-1.999999999999993;T34 - Annen feil, forklaring i kommentarfelt;Uviss årsak. Klar i tide.;-1.999999999999993;28-05-2026_5731
;C32 ;5507.0;Alnabru;2026-05-28;22.0;Torsdag;11:40:00;11:30:00;9.999999999999964;11:43:00;11:43:00;7.993605777301127e-14;12:18:00;11:50:00;28.00000000000006;12:23:00;12:22:00;1.0000000000001563;;;1.0000000000001563;28-05-2026_5507
;C42;45960.0;Alnabru;2026-05-28;22.0;Torsdag;14:00:00;;0.0;15:02:00;;0.0;15:37:00;;0.0;15:42:00;;0.0;;;0.0;28-05-2026_45960
;C42;5707.0;Alnabru;2026-05-28;22.0;Torsdag;16:20:00;16:20:00;0.0;16:32:00;16:42:00;-9.999999999999964;17:07:00;16:48:00;19.000000000000092;17:12:00;16:58:00;13.99999999999995;T18 - Sent lok til stamme;;13.99999999999995;28-05-2026_5707
;C32 ;5509.0;Alnabru;2026-05-28;22.0;Torsdag;16:30:00;16:40:00;-9.999999999999964;16:44:00;16:59:00;-15.000000000000107;17:19:00;17:15:00;3.999999999999986;17:24:00;17:22:00;1.999999999999993;T18 - Sent lok til stamme;;1.999999999999993;28-05-2026_5509
;C44;41960.0;Alnabru;2026-05-28;22.0;Torsdag;16:00:00;16:00:00;0.0;16:48:00;16:48:00;0.0;17:23:00;16:59:00;23.999999999999915;17:28:00;17:12:00;15.999999999999943;;Ny rute tid ;15.999999999999943;28-05-2026_41960
;C2/C5A;41971.0;Alnabru;2026-05-28;22.0;Torsdag;16:00:00;16:35:00;-35.000000000000036;17:04:00;16:48:00;16.000000000000103;17:39:00;17:15:00;24.000000000000075;17:44:00;17:31:00;13.000000000000114;T12 - Mannskapsmangel;Nytt tog nr 41951;13.000000000000114;28-05-2026_41971
;C45;5805.0;Alnabru;2026-05-28;22.0;Torsdag;17:00:00;17:25:00;-24.99999999999991;17:11:00;17:00:00;10.999999999999961;17:46:00;17:38:00;7.999999999999972;17:51:00;17:47:00;3.999999999999986;T12 - Mannskapsmangel;;3.999999999999986;28-05-2026_5805
PRI-TOG;C23;41910.0;Alnabru;2026-05-28;22.0;Torsdag;17:35:00;17:39:00;-4.000000000000146;17:45:00;17:36:00;9.000000000000128;18:20:00;17:56:00;24.000000000000075;18:25:00;18:15:00;10.000000000000124;;Nytt nr: 41904;10.000000000000124;28-05-2026_41910
;C32 ;5511.0;Alnabru;2026-05-28;22.0;Torsdag;18:40:00;18:40:00;0.0;18:59:00;18:38:00;20.999999999999925;19:34:00;19:34:00;0.0;19:39:00;19:29:00;9.999999999999964;;;9.999999999999964;28-05-2026_5511
;C42;5733.0;Alnabru;2026-05-28;22.0;Torsdag;19:20:00;19:20:00;0.0;19:35:00;19:35:00;0.0;20:05:00;19:56:00;8.999999999999968;20:10:00;20:13:00;-2.9999999999999893;;;-2.9999999999999893;28-05-2026_5733
PRI-TOG;C31;41900.0;Alnabru;2026-05-28;22.0;Torsdag;19:40:00;;0.0;19:46:00;;0.0;20:21:00;;0.0;20:26:00;;0.0;T17 - Innstilt tog;;0.0;28-05-2026_41900
LANGTOG;C43;5811.0;Alnabru;2026-05-28;22.0;Torsdag;20:30:00;20:28:00;1.999999999999993;20:51:00;21:02:00;-10.999999999999961;21:26:00;21:08:00;18.000000000000096;21:31:00;21:30:00;0.9999999999999964;T18 - Sent lok til stamme;;0.9999999999999964;28-05-2026_5811
;C45;5709.0;Alnabru;2026-05-28;22.0;Torsdag;21:00:00;20:51:00;8.999999999999968;21:02:00;20:28:00;34.00000000000004;21:37:00;21:00:00;37.00000000000003;21:42:00;21:09:00;33.00000000000004;;;33.00000000000004;28-05-2026_5709
LANGTOG;C32 ;5515.0;Alnabru;2026-05-28;22.0;Torsdag;21:15:00;21:15:00;0.0;21:17:00;21:06:00;10.999999999999961;21:52:00;21:38:00;13.99999999999995;21:57:00;21:49:00;7.999999999999972;;;7.999999999999972;28-05-2026_5515
PRI-TOG;C23;5735.0;Alnabru;2026-05-28;22.0;Torsdag;21:50:00;;0.0;22:02:00;21:25:00;36.99999999999987;22:37:00;21:53:00;44.0;22:42:00;22:04:00;38.00000000000003;;;38.00000000000003;28-05-2026_5735
Lastefristkl. 19:30 dag før avgang.;C45;5301.0;Alnabru;2026-05-29;22.0;Fredag;19:30:00;19:30:00;0.0;08:11:00;08:06:00;4.999999999999982;08:46:00;08:28:00;18.000000000000014;08:51:00;10:26:00;-94.99999999999999;T21 - R206 ikke klar i tide;;-94.99999999999999;29-05-2026_5301
;C45;5801.0;Alnabru;2026-05-29;22.0;Fredag;08:50:00;10:10:00;-79.99999999999996;08:51:00;10:00:00;-69.00000000000007;09:26:00;10:23:00;-57.000000000000036;09:31:00;10:39:00;-68.0;T27 - Kranstopp;;-68.0;29-05-2026_5801
PRI-TOG;C42;5731.0;Alnabru;2026-05-29;22.0;Fredag;08:50:00;09:00:00;-9.999999999999964;09:02:00;08:45:00;17.00000000000002;09:37:00;09:10:00;27.000000000000064;09:42:00;09:21:00;21.000000000000007;;;21.000000000000007;29-05-2026_5731
;C32 ;5507.0;Alnabru;2026-05-29;22.0;Fredag;11:40:00;11:40:00;0.0;11:43:00;11:43:00;7.993605777301127e-14;12:18:00;12:15:00;3.000000000000149;12:23:00;12:23:00;0.0;;;0.0;29-05-2026_5507
;C42;45960.0;Alnabru;2026-05-29;22.0;Fredag;14:00:00;;0.0;15:02:00;;0.0;15:37:00;;0.0;15:42:00;;0.0;T17 - Innstilt tog;;0.0;29-05-2026_45960
;C32 ;5509.0;Alnabru;2026-05-29;22.0;Fredag;16:30:00;15:50:00;40.000000000000014;16:44:00;16:44:00;0.0;17:19:00;16:50:00;29.000000000000057;17:24:00;17:01:00;22.99999999999992;;;22.99999999999992;29-05-2026_5509
;C2/C5A;41971.0;Alnabru;2026-05-29;22.0;Fredag;16:00:00;;0.0;17:04:00;;0.0;17:39:00;;0.0;17:44:00;;0.0;T17 - Innstilt tog;;0.0;29-05-2026_41971
;C45;5805.0;Alnabru;2026-05-29;22.0;Fredag;17:00:00;17:00:00;0.0;17:11:00;16:59:00;11.999999999999957;17:46:00;17:16:00;30.000000000000053;17:51:00;17:44:00;6.999999999999975;;;6.999999999999975;29-05-2026_5805
PRI-TOG;C23;81914.0;Alnabru;2026-05-29;22.0;Fredag;17:35:00;12:12:00;323.0;17:45:00;12:41:00;304.00000000000006;18:20:00;12:46:00;334.0000000000001;18:25:00;13:25:00;300.00000000000006;;Ut som 81914 med av kl 13:28;300.00000000000006;29-05-2026_81914
;C32 ;5511.0;Alnabru;2026-05-29;22.0;Fredag;18:40:00;18:18:00;22.00000000000008;18:59:00;18:27:00;31.999999999999886;19:34:00;18:52:00;42.000000000000014;19:39:00;19:28:00;10.999999999999961;;;10.999999999999961;29-05-2026_5511
;C42;5733.0;Alnabru;2026-05-29;22.0;Fredag;19:20:00;19:20:00;0.0;19:35:00;19:34:00;0.9999999999999964;20:05:00;19:42:00;23.000000000000078;20:10:00;20:02:00;7.999999999999972;;;7.999999999999972;29-05-2026_5733
PRI-TOG;C31;41900.0;Alnabru;2026-05-29;22.0;Fredag;19:40:00;17:40:00;119.99999999999989;19:46:00;17:35:00;131.0;20:21:00;17:54:00;146.99999999999994;20:26:00;18:18:00;128.00000000000003;;Ut somk 41904 med avg kl 18:25;128.00000000000003;29-05-2026_41900
;C45;5709.0;Alnabru;2026-05-29;22.0;Fredag;21:00:00;20:40:00;19.99999999999993;21:02:00;20:24:00;38.00000000000003;21:37:00;20:54:00;43.00000000000001;21:42:00;21:08:00;34.00000000000004;;;34.00000000000004;29-05-2026_5709
LANGTOG;C43;5811.0;Alnabru;2026-05-29;22.0;Fredag;20:30:00;20:25:00;4.999999999999982;20:51:00;20:24:00;27.000000000000064;21:26:00;20:34:00;52.000000000000135;21:31:00;20:38:00;52.99999999999997;;;52.99999999999997;29-05-2026_5811
LANGTOG;C32 ;5515.0;Alnabru;2026-05-29;22.0;Fredag;21:15:00;21:09:00;5.999999999999979;21:17:00;20:48:00;28.999999999999897;21:52:00;21:26:00;25.999999999999908;21:57:00;21:36:00;20.999999999999925;;;20.999999999999925;29-05-2026_5515
PRI-TOG;C23;5735.0;Alnabru;2026-05-29;22.0;Fredag;21:50:00;21:50:00;0.0;22:02:00;21:52:00;9.999999999999964;22:37:00;21:59:00;38.00000000000003;22:42:00;22:14:00;27.9999999999999;;;27.9999999999999;29-05-2026_5735
FORHÅNDSLASTES C32 FREDAG;C32 ;5737.0;Alnabru;2026-05-30;22.0;Lørdag;11:00:00;;0.0;11:02:00;;0.0;11:37:00;;0.0;11:42:00;;0.0;T17 - Innstilt tog;;0.0;30-05-2026_5737
;C44;41971.0;Alnabru;2026-05-30;22.0;Lørdag;13:30:00;11:00:00;150.00000000000003;17:04:00;12:50:00;254.00000000000006;17:39:00;12:30:00;309.0;17:44:00;13:55:00;229.0;;Rute: 14:00;229.0;30-05-2026_41971
PRI-TOG;C23;41910.0;Alnabru;2026-05-30;22.0;Lørdag;12:00:00;13:30:00;-90.0;17:45:00;14:05:00;220.00000000000003;18:20:00;13:30:00;290.0000000000001;18:25:00;14:30:00;235.0000000000001;;Rute 14:37;235.0000000000001;30-05-2026_41910
LASTEFRIST KL. 15:00 LØRDAG;C23;5711.0;Alnabru;2026-05-31;22.0;Søndag;14:30:00;;0.0;07:27:00;;0.0;08:02:00;;0.0;08:07:00;;0.0;T17 - Innstilt tog;;0.0;31-05-2026_5711
Lastefrist 13:30 Søndag;C44;41960.0;Alnabru;2026-05-31;22.0;Søndag;13:30:00;12:30:00;59.99999999999994;16:48:00;;0.0;17:23:00;16:30:00;52.99999999999997;17:28:00;16:50:00;38.00000000000003;;;38.00000000000003;31-05-2026_41960
;C44;41971.0;Alnabru;2026-05-31;22.0;Søndag;13:30:00;12:30:00;59.99999999999994;17:04:00;12:00:00;304.00000000000006;17:39:00;13:00:00;279.0000000000001;17:44:00;14:30:00;194.0000000000001;;Ny rute: 14:00. Forsinket av uviss årsak.;194.0000000000001;31-05-2026_41971
LANGTOG;C32;5523.0;Alnabru;2026-05-31;22.0;Søndag;16:00:00;15:45:00;14.999999999999947;18:31:00;18:15:00;16.000000000000103;19:06:00;18:30:00;36.00000000000003;19:11:00;18:59:00;12.000000000000117;;;12.000000000000117;31-05-2026_5523
;C23;5717.0;Alnabru;2026-05-31;22.0;Søndag;16:00:00;;0.0;18:57:00;;0.0;19:32:00;;0.0;19:37:00;;0.0;T17 - Innstilt tog;;0.0;31-05-2026_5717
LANGTOG;C43;5811.0;Alnabru;2026-05-31;22.0;Søndag;13:30:00;13:30:00;0.0;20:51:00;20:45:00;5.999999999999979;21:26:00;20:00:00;86.00000000000001;21:31:00;21:05:00;26.000000000000068;;;26.000000000000068;31-05-2026_5811
;C32 Nord;5531.0;Alnabru;2026-06-01;23.0;Mandag;07:50:00;07:50:00;0.0;07:43:00;07:43:00;-7.993605777301127e-14;08:18:00;08:03:00;15.000000000000027;08:23:00;08:23:00;0.0;;;0.0;01-06-2026_5531
:;C45;5301.0;Alnabru;2026-06-01;23.0;Mandag;19:30:00;19:30:00;0.0;08:11:00;07:45:00;25.999999999999986;08:46:00;08:10:00;36.00000000000003;08:51:00;08:51:00;0.0;;;0.0;01-06-2026_5301
;C45;5801.0;Alnabru;2026-06-01;23.0;Mandag;08:50:00;08:50:00;0.0;08:51:00;08:38:00;12.999999999999954;09:26:00;09:09:00;17.00000000000002;09:31:00;09:24:00;6.999999999999975;;;6.999999999999975;01-06-2026_5801
PRI-TOG;C42;5731.0;Alnabru;2026-06-01;23.0;Mandag;08:50:00;;0.0;09:02:00;;0.0;09:37:00;;0.0;09:42:00;;0.0;T17 - Innstilt tog;;0.0;01-06-2026_5731
;C32 ;5507.0;Alnabru;2026-06-01;23.0;Mandag;11:40:00;11:39:00;0.9999999999999964;11:43:00;12:52:00;-68.99999999999991;12:18:00;12:12:00;6.0000000000001386;12:23:00;13:08:00;-45.0;T19 - Feil på lok;Måtte bytte lok pga feil på lok;-45.0;01-06-2026_5507
;C42;81960.0;Alnabru;2026-06-01;23.0;Mandag;12:00:00;12:00:00;0.0;12:50:00;11:15:00;94.99999999999999;13:25:00;12:36:00;48.999999999999986;13:30:00;13:25:00;4.999999999999982;;;4.999999999999982;01-06-2026_81960
;C42;5707.0;Alnabru;2026-06-01;23.0;Mandag;16:20:00;;0.0;16:32:00;;0.0;17:07:00;;0.0;17:12:00;;0.0;T17 - Innstilt tog;;0.0;01-06-2026_5707
;C32 ;5509.0;Alnabru;2026-06-01;23.0;Mandag;16:30:00;16:15:00;14.999999999999947;16:44:00;16:30:00;13.99999999999995;17:19:00;17:00:00;18.999999999999932;17:24:00;17:03:00;20.999999999999925;;;20.999999999999925;01-06-2026_5509
;C44;41960.0;Alnabru;2026-06-01;23.0;Mandag;16:00:00;;0.0;16:48:00;;0.0;17:23:00;;0.0;17:28:00;;0.0;T17 - Innstilt tog;;0.0;01-06-2026_41960
;C2/C5A;41971.0;Alnabru;2026-06-01;23.0;Mandag;16:00:00;16:30:00;-30.000000000000053;17:04:00;17:00:00;3.999999999999986;17:39:00;17:39:00;0.0;17:44:00;17:44:00;0.0;;;0.0;01-06-2026_41971
;C45;5805.0;Alnabru;2026-06-01;23.0;Mandag;17:00:00;17:00:00;0.0;17:11:00;17:00:00;10.999999999999961;17:46:00;17:30:00;16.000000000000103;17:51:00;17:51:00;0.0;;;0.0;01-06-2026_5805
PRI-TOG;C23;41910.0;Alnabru;2026-06-01;23.0;Mandag;17:35:00;17:30:00;4.999999999999982;17:45:00;17:45:00;0.0;18:20:00;18:00:00;20.00000000000009;18:25:00;18:11:00;14.00000000000011;;;14.00000000000011;01-06-2026_41910
;C32;5511.0;Alnabru;2026-06-01;23.0;Mandag;18:40:00;18:40:00;0.0;18:59:00;19:50:00;-50.99999999999998;19:34:00;19:10:00;23.999999999999915;19:39:00;20:00:00;-21.000000000000085;T18 - Sent lok til stamme;Lokbytte;-21.000000000000085;01-06-2026_5511
;C42;5733.0;Alnabru;2026-06-01;23.0;Mandag;19:20:00;;0.0;19:30:00;;0.0;20:05:00;;0.0;20:10:00;;0.0;T17 - Innstilt tog;;0.0;01-06-2026_5733
PRI-TOG;C31;41900.0;Alnabru;2026-06-01;23.0;Mandag;19:40:00;19:40:00;0.0;19:46:00;19:30:00;15.999999999999943;20:21:00;20:05:00;15.999999999999943;20:26:00;20:20:00;5.999999999999979;;;5.999999999999979;01-06-2026_41900
;C45;5709.0;Alnabru;2026-06-01;23.0;Mandag;21:00:00;;0.0;21:02:00;;0.0;21:37:00;;0.0;21:42:00;;0.0;T17 - Innstilt tog;;0.0;01-06-2026_5709
LANGTOG;C43;5811.0;Alnabru;2026-06-01;23.0;Mandag;20:30:00;20:30:00;0.0;20:51:00;20:45:00;5.999999999999979;21:26:00;21:05:00;21.000000000000085;21:31:00;21:18:00;13.000000000000114;;;13.000000000000114;01-06-2026_5811
LANGTOG;C32 ;5515.0;Alnabru;2026-06-01;23.0;Mandag;21:15:00;21:05:00;9.999999999999964;21:17:00;21:00:00;16.99999999999994;21:52:00;21:20:00;32.00000000000004;21:57:00;21:40:00;16.99999999999994;;;16.99999999999994;01-06-2026_5515
PRI-TOG;C23;5735.0;Alnabru;2026-06-01;23.0;Mandag;21:50:00;;0.0;22:02:00;;0.0;22:37:00;;0.0;22:42:00;;0.0;T17 - Innstilt tog;;0.0;01-06-2026_5735
;;;Alnabru;2026-06-01;23.0;Mandag;16:00:00;16:00:00;0.0;16:05:00;16:00:00;4.999999999999982;16:40:00;16:20:00;19.99999999999993;16:45:00;16:27:00;17.999999999999936;;;17.999999999999936;01-06-2026_
Lastefristkl. 19:30 dag før avgang.;C45;5301.0;Alnabru;2026-06-02;23.0;Tirsdag;19:30:00;19:30:00;0.0;08:11:00;08:00:00;11.00000000000004;08:46:00;08:33:00;13.000000000000034;08:51:00;08:51:00;0.0;;;0.0;02-06-2026_5301
;C45;5801.0;Alnabru;2026-06-02;23.0;Tirsdag;08:50:00;09:06:00;-15.999999999999943;08:51:00;08:41:00;9.999999999999964;09:26:00;09:26:00;0.0;09:31:00;09:52:00;-21.000000000000007;T12 - Mannskapsmangel;;-21.000000000000007;02-06-2026_5801
PRI-TOG;C42;5731.0;Alnabru;2026-06-02;23.0;Tirsdag;08:50:00;;0.0;09:02:00;;0.0;09:37:00;;0.0;09:42:00;;0.0;T17 - Innstilt tog;;0.0;02-06-2026_5731
;C32 ;5507.0;Alnabru;2026-06-02;23.0;Tirsdag;11:40:00;11:40:00;0.0;11:43:00;11:16:00;27.000000000000064;12:18:00;11:54:00;24.000000000000075;12:23:00;12:18:00;5.000000000000142;;;5.000000000000142;02-06-2026_5507
;C44;81960.0;Alnabru;2026-06-02;23.0;Tirsdag;12:00:00;12:13:00;-12.999999999999954;12:50:00;12:05:00;45.0;13:25:00;12:37:00;47.999999999999986;13:30:00;13:29:00;0.9999999999999964;;;0.9999999999999964;02-06-2026_81960
;C42;45960.0;Alnabru;2026-06-02;23.0;Tirsdag;14:00:00;;0.0;15:02:00;;0.0;15:37:00;15:20:00;17.0000000000001;15:42:00;15:39:00;2.9999999999999893;;;2.9999999999999893;02-06-2026_45960
;C42;5707.0;Alnabru;2026-06-02;23.0;Tirsdag;16:20:00;;0.0;16:32:00;;0.0;17:07:00;;0.0;17:12:00;;0.0;T17 - Innstilt tog;;0.0;02-06-2026_5707
;C32 ;5509.0;Alnabru;2026-06-02;23.0;Tirsdag;16:30:00;16:20:00;9.999999999999964;16:44:00;16:30:00;13.99999999999995;17:19:00;16:45:00;34.00000000000004;17:24:00;17:15:00;8.999999999999968;;;8.999999999999968;02-06-2026_5509
;C2/C5A;41971.0;Alnabru;2026-06-02;23.0;Tirsdag;16:00:00;15:45:00;14.999999999999947;17:04:00;16:30:00;34.00000000000004;17:39:00;16:10:00;89.0;17:44:00;17:22:00;22.00000000000008;;;22.00000000000008;02-06-2026_41971
;C45;5805.0;Alnabru;2026-06-02;23.0;Tirsdag;17:00:00;17:00:00;0.0;17:11:00;17:10:00;0.9999999999999964;17:46:00;17:40:00;5.999999999999979;17:51:00;17:50:00;0.9999999999999964;;;0.9999999999999964;02-06-2026_5805
PRI-TOG;C23;41910.0;Alnabru;2026-06-02;23.0;Tirsdag;17:35:00;17:20:00;14.999999999999947;17:45:00;17:30:00;15.000000000000107;18:20:00;17:55:00;25.00000000000007;18:25:00;18:01:00;24.000000000000075;;;24.000000000000075;02-06-2026_41910
;C32 ;5511.0;Alnabru;2026-06-02;23.0;Tirsdag;18:40:00;18:40:00;0.0;18:59:00;18:30:00;28.999999999999897;19:34:00;19:15:00;18.999999999999932;19:39:00;19:31:00;7.999999999999972;;;7.999999999999972;02-06-2026_5511
;C42;5733.0;Alnabru;2026-06-02;23.0;Tirsdag;19:20:00;;0.0;19:35:00;;0.0;20:05:00;;0.0;20:10:00;;0.0;T17 - Innstilt tog;;0.0;02-06-2026_5733
PRI-TOG;C31;41900.0;Alnabru;2026-06-02;23.0;Tirsdag;19:40:00;19:40:00;0.0;19:46:00;19:46:00;0.0;20:21:00;20:00:00;20.999999999999925;20:26:00;20:16:00;9.999999999999964;;;9.999999999999964;02-06-2026_41900
LANGTOG;C43;5811.0;Alnabru;2026-06-02;23.0;Tirsdag;20:30:00;20:30:00;0.0;20:51:00;20:30:00;21.000000000000085;21:26:00;20:57:00;29.000000000000057;21:31:00;20:23:00;68.00000000000009;;;68.00000000000009;02-06-2026_5811
;C45;5709.0;Alnabru;2026-06-02;23.0;Tirsdag;21:00:00;;0.0;21:02:00;;0.0;21:37:00;;0.0;21:42:00;;0.0;T17 - Innstilt tog;;0.0;02-06-2026_5709
LANGTOG;C32 ;5515.0;Alnabru;2026-06-02;23.0;Tirsdag;21:15:00;21:10:00;4.999999999999982;21:17:00;21:00:00;16.99999999999994;21:52:00;21:20:00;32.00000000000004;21:57:00;21:44:00;12.999999999999954;;;12.999999999999954;02-06-2026_5515
PRI-TOG;C23;5735.0;Alnabru;2026-06-02;23.0;Tirsdag;21:50:00;;0.0;22:02:00;;0.0;22:37:00;;0.0;22:42:00;;0.0;T17 - Innstilt tog;;0.0;02-06-2026_5735
;;;Alnabru;2026-06-02;23.0;Tirsdag;19:00:00;18:00:00;59.99999999999994;19:35:00;19:30:00;4.999999999999982;20:10:00;19:10:00;59.99999999999994;20:15:00;20:02:00;12.999999999999954;;;12.999999999999954;02-06-2026_
;C32 Nord;5531.0;Alnabru;2026-06-03;23.0;Onsdag;07:50:00;07:50:00;0.0;07:43:00;07:40:00;2.9999999999999893;08:18:00;08:00:00;18.000000000000014;08:23:00;08:11:00;11.999999999999957;;;11.999999999999957;03-06-2026_5531
Lastefristkl. 19:30 dag før avgang.;C45;5301.0;Alnabru;2026-06-03;23.0;Onsdag;19:30:00;19:30:00;0.0;08:11:00;08:08:00;2.9999999999999893;08:46:00;08:28:00;18.000000000000014;08:51:00;08:51:00;0.0;;;0.0;03-06-2026_5301
;C45;5801.0;Alnabru;2026-06-03;23.0;Onsdag;08:50:00;08:58:00;-7.999999999999972;08:51:00;08:45:00;5.999999999999979;09:26:00;09:09:00;17.00000000000002;09:31:00;09:24:00;6.999999999999975;;;6.999999999999975;03-06-2026_5801
PRI-TOG;C42;5731.0;Alnabru;2026-06-03;23.0;Onsdag;08:50:00;;0.0;09:02:00;;0.0;09:37:00;;0.0;09:42:00;;0.0;T17 - Innstilt tog;;0.0;03-06-2026_5731
;C32 ;5507.0;Alnabru;2026-06-03;23.0;Onsdag;11:40:00;11:34:00;5.999999999999979;11:43:00;11:33:00;10.000000000000044;12:18:00;12:03:00;15.000000000000107;12:23:00;12:24:00;-0.9999999999999964;;;-0.9999999999999964;03-06-2026_5507
;C42;45960.0;Alnabru;2026-06-03;23.0;Onsdag;14:00:00;;0.0;15:02:00;;0.0;15:37:00;14:40:00;56.99999999999996;15:42:00;14:50:00;51.99999999999997;;;51.99999999999997;03-06-2026_45960
;C42;5707.0;Alnabru;2026-06-03;23.0;Onsdag;16:20:00;;0.0;16:32:00;;0.0;17:07:00;;0.0;17:12:00;;0.0;T17 - Innstilt tog;;0.0;03-06-2026_5707
;C32 ;5509.0;Alnabru;2026-06-03;23.0;Onsdag;16:30:00;16:00:00;30.000000000000053;16:44:00;16:30:00;13.99999999999995;17:19:00;16:15:00;63.99999999999993;17:24:00;17:21:00;2.9999999999999893;;;2.9999999999999893;03-06-2026_5509
;C44;81960.0;Alnabru;2026-06-03;23.0;Onsdag;12:00:00;12:00:00;0.0;12:50:00;12:12:00;38.00000000000003;13:25:00;12:26:00;58.99999999999995;13:30:00;13:28:00;1.999999999999993;;;1.999999999999993;03-06-2026_81960
;C2/C5A;41975.0;Alnabru;2026-06-03;23.0;Onsdag;12:30:00;12:30:00;0.0;12:55:00;12:15:00;40.000000000000014;13:30:00;13:06:00;24.000000000000075;13:35:00;13:28:00;6.999999999999975;;;6.999999999999975;03-06-2026_41975
;C45;5805.0;Alnabru;2026-06-03;23.0;Onsdag;17:00:00;17:20:00;-19.99999999999993;17:11:00;17:10:00;0.9999999999999964;17:46:00;17:32:00;14.00000000000011;17:51:00;17:50:00;0.9999999999999964;;;0.9999999999999964;03-06-2026_5805
PRI-TOG;C23;41910.0;Alnabru;2026-06-03;23.0;Onsdag;17:35:00;17:35:00;0.0;17:45:00;17:30:00;15.000000000000107;18:20:00;17:52:00;28.00000000000006;18:25:00;18:00:00;25.00000000000007;;;25.00000000000007;03-06-2026_41910
;C32 ;5511.0;Alnabru;2026-06-03;23.0;Onsdag;18:40:00;18:50:00;-9.999999999999964;18:59:00;18:30:00;28.999999999999897;19:34:00;19:11:00;22.99999999999992;19:39:00;19:34:00;4.999999999999982;;;4.999999999999982;03-06-2026_5511
;C42;5733.0;Alnabru;2026-06-03;23.0;Onsdag;19:20:00;;0.0;19:35:00;;0.0;20:05:00;;0.0;20:10:00;;0.0;T17 - Innstilt tog;;0.0;03-06-2026_5733
PRI-TOG;C31;41900.0;Alnabru;2026-06-03;23.0;Onsdag;19:40:00;19:30:00;9.999999999999964;19:46:00;19:40:00;5.999999999999979;20:21:00;19:50:00;31.00000000000005;20:26:00;20:26:00;0.0;;;0.0;03-06-2026_41900
;C45;85709.0;Alnabru;2026-06-03;23.0;Onsdag;17:00:00;17:25:00;-24.99999999999991;17:02:00;17:00:00;1.999999999999993;17:37:00;17:36:00;1.0000000000001563;17:42:00;17:42:00;0.0;;;0.0;03-06-2026_85709
LANGTOG;C43;5811.0;Alnabru;2026-06-03;23.0;Onsdag;20:30:00;20:30:00;0.0;20:51:00;20:34:00;17.0000000000001;21:26:00;20:55:00;31.00000000000005;21:31:00;21:31:00;0.0;;;0.0;03-06-2026_5811
LANGTOG;C32 ;5515.0;Alnabru;2026-06-03;23.0;Onsdag;21:15:00;21:00:00;14.999999999999947;21:17:00;21:10:00;6.999999999999975;21:52:00;21:15:00;37.00000000000003;21:57:00;21:50:00;6.999999999999975;;;6.999999999999975;03-06-2026_5515
PRI-TOG;C23;85735.0;Alnabru;2026-06-03;23.0;Onsdag;19:15:00;19:15:00;0.0;19:30:00;19:30:00;0.0;20:05:00;19:45:00;20.00000000000009;20:10:00;20:15:00;-4.999999999999982;T3 - Lokfører;Lok manglet en mappe.;-4.999999999999982;03-06-2026_85735
Lastefristkl. 19:30 dag før avgang.;C45;5301.0;Alnabru;2026-06-04;23.0;Torsdag;19:30:00;19:30:00;0.0;08:11:00;08:11:00;0.0;08:46:00;08:38:00;8.000000000000052;08:51:00;08:57:00;-5.999999999999979;T20 - Trafikkstyring (TXP/Togleder);;-5.999999999999979;04-06-2026_5301
;;4911.0;Alnabru;2026-06-04;23.0;Torsdag;;08:00:00;-480.0;08:42:00;;0.0;09:17:00;09:22:00;-4.999999999999982;09:22:00;09:54:00;-31.999999999999964;T21 - R206 ikke klar i tide;;-31.999999999999964;04-06-2026_4911
;C45;5801.0;Alnabru;2026-06-04;23.0;Torsdag;08:50:00;08:50:00;0.0;08:51:00;08:51:00;-7.993605777301127e-14;09:26:00;09:15:00;10.999999999999961;09:31:00;09:31:00;0.0;;;0.0;04-06-2026_5801
PRI-TOG;C42;5731.0;Alnabru;2026-06-04;23.0;Torsdag;08:50:00;;0.0;09:02:00;;0.0;09:37:00;;0.0;09:42:00;;0.0;T17 - Innstilt tog;;0.0;04-06-2026_5731
;C32 ;5507.0;Alnabru;2026-06-04;23.0;Torsdag;11:40:00;11:40:00;0.0;11:43:00;11:43:00;7.993605777301127e-14;12:18:00;12:00:00;18.000000000000096;12:23:00;12:11:00;12.000000000000117;;;12.000000000000117;04-06-2026_5507
;C42;85707.0;Alnabru;2026-06-04;23.0;Torsdag;12:00:00;12:00:00;0.0;12:00:00;11:55:00;4.999999999999982;12:35:00;12:10:00;25.00000000000007;12:40:00;12:24:00;15.999999999999943;;;15.999999999999943;04-06-2026_85707
;C44;81960.0;Alnabru;2026-06-04;23.0;Torsdag;12:00:00;12:30:00;-30.000000000000053;12:50:00;12:20:00;30.000000000000053;13:25:00;13:00:00;25.00000000000007;13:30:00;21:00:00;-450.0;;;-450.0;04-06-2026_81960
;C42;45960.0;Alnabru;2026-06-04;23.0;Torsdag;14:00:00;12:00:00;120.00000000000006;15:02:00;14:30:00;32.00000000000004;15:37:00;14:50:00;46.99999999999999;15:42:00;15:37:00;4.999999999999982;;;4.999999999999982;04-06-2026_45960
;C32 ;5509.0;Alnabru;2026-06-04;23.0;Torsdag;16:30:00;16:30:00;0.0;16:44:00;16:44:00;0.0;17:19:00;17:02:00;16.99999999999994;17:24:00;17:18:00;5.999999999999979;;;5.999999999999979;04-06-2026_5509
;C45;85709.0;Alnabru;2026-06-04;23.0;Torsdag;17:00:00;17:40:00;-40.000000000000014;17:02:00;17:02:00;0.0;17:37:00;17:51:00;-13.99999999999995;17:42:00;18:00:00;-17.999999999999936;T34 - Annen feil, forklaring i kommentarfelt;mye fremkjørt til 5811 på c43 + mye jobb i krana ellers + 5 klargjørere før kl17. ;-17.999999999999936;04-06-2026_85709
;C2/C5A;41971.0;Alnabru;2026-06-04;23.0;Torsdag;16:00:00;16:10:00;-10.000000000000124;17:04:00;16:52:00;12.000000000000117;17:39:00;17:03:00;36.00000000000003;17:44:00;17:36:00;8.000000000000131;;;8.000000000000131;04-06-2026_41971
;C45;5805.0;Alnabru;2026-06-04;23.0;Torsdag;17:00:00;17:11:00;-10.999999999999961;17:11:00;16:50:00;21.000000000000085;17:46:00;17:40:00;5.999999999999979;17:51:00;17:54:00;-2.9999999999999893;;;-2.9999999999999893;04-06-2026_5805
PRI-TOG;C23;41910.0;Alnabru;2026-06-04;23.0;Torsdag;17:35:00;17:35:00;0.0;17:45:00;17:42:00;2.9999999999999893;18:20:00;18:10:00;10.000000000000124;18:25:00;18:16:00;9.000000000000128;;;9.000000000000128;04-06-2026_41910
;C32 ;5511.0;Alnabru;2026-06-04;23.0;Torsdag;18:40:00;18:54:00;-13.99999999999995;18:59:00;18:52:00;6.999999999999975;19:34:00;19:08:00;25.999999999999908;19:39:00;19:15:00;23.999999999999915;;;23.999999999999915;04-06-2026_5511
;C42;5733.0;Alnabru;2026-06-04;23.0;Torsdag;19:20:00;;0.0;19:35:00;;0.0;20:05:00;;0.0;20:10:00;;0.0;T17 - Innstilt tog;;0.0;04-06-2026_5733
PRI-TOG;C23;85735.0;Alnabru;2026-06-04;23.0;Torsdag;19:15:00;19:15:00;0.0;19:30:00;19:34:00;-3.999999999999986;20:05:00;19:45:00;20.00000000000009;20:10:00;20:07:00;2.9999999999999893;;;2.9999999999999893;04-06-2026_85735
PRI-TOG;C31;41900.0;Alnabru;2026-06-04;23.0;Torsdag;19:40:00;19:28:00;11.999999999999957;19:46:00;19:15:00;30.99999999999989;20:21:00;19:46:00;35.000000000000036;20:26:00;20:17:00;8.999999999999968;;;8.999999999999968;04-06-2026_41900
LANGTOG;C43;5811.0;Alnabru;2026-06-04;23.0;Torsdag;20:30:00;20:26:00;3.999999999999986;20:51:00;20:23:00;28.00000000000006;21:26:00;20:42:00;44.0;21:31:00;21:03:00;28.00000000000006;;;28.00000000000006;04-06-2026_5811
LANGTOG;C32 ;5515.0;Alnabru;2026-06-04;23.0;Torsdag;21:15:00;21:12:00;2.9999999999999893;21:17:00;21:10:00;6.999999999999975;21:52:00;21:20:00;32.00000000000004;21:57:00;21:37:00;19.99999999999993;;;19.99999999999993;04-06-2026_5515
Lastefristkl. 19:30 dag før avgang.;C45;5301.0;Alnabru;2026-06-05;23.0;Fredag;19:30:00;19:30:00;0.0;08:11:00;08:00:00;11.00000000000004;08:46:00;08:15:00;31.00000000000005;08:51:00;08:21:00;30.000000000000053;;;30.000000000000053;05-06-2026_5301
;C45;5801.0;Alnabru;2026-06-05;23.0;Fredag;08:50:00;08:50:00;0.0;08:51:00;08:50:00;0.9999999999999165;09:26:00;09:26:00;0.0;09:31:00;09:31:00;0.0;;;0.0;05-06-2026_5801
PRI-TOG;C42;5731.0;Alnabru;2026-06-05;23.0;Fredag;08:50:00;;0.0;09:02:00;;0.0;09:37:00;;0.0;09:42:00;;0.0;T17 - Innstilt tog;;0.0;05-06-2026_5731
;C32 ;5507.0;Alnabru;2026-06-05;23.0;Fredag;11:40:00;11:40:00;0.0;11:43:00;11:40:00;3.0000000000000693;12:18:00;12:10:00;8.000000000000131;12:23:00;12:23:00;0.0;;;0.0;05-06-2026_5507
;C42;45960.0;Alnabru;2026-06-05;23.0;Fredag;14:00:00;;0.0;15:02:00;;0.0;15:37:00;;0.0;15:42:00;;0.0;;;0.0;05-06-2026_45960
;C32 ;5509.0;Alnabru;2026-06-05;23.0;Fredag;16:30:00;16:30:00;0.0;16:44:00;16:40:00;3.999999999999986;17:19:00;17:03:00;15.999999999999943;17:24:00;17:23:00;0.9999999999999964;;;0.9999999999999964;05-06-2026_5509
;C45;85709.0;Alnabru;2026-06-05;23.0;Fredag;17:00:00;17:00:00;0.0;17:02:00;16:51:00;11.00000000000012;17:37:00;17:10:00;27.000000000000064;17:42:00;17:34:00;8.000000000000131;;;8.000000000000131;05-06-2026_85709
;C2/C5A;41971.0;Alnabru;2026-06-05;23.0;Fredag;16:00:00;;0.0;17:04:00;;0.0;17:39:00;;0.0;17:44:00;;0.0;T17 - Innstilt tog;;0.0;05-06-2026_41971
;C45;5805.0;Alnabru;2026-06-05;23.0;Fredag;17:00:00;17:00:00;0.0;17:11:00;17:10:00;0.9999999999999964;17:46:00;17:35:00;11.00000000000012;17:51:00;17:48:00;2.9999999999999893;;;2.9999999999999893;05-06-2026_5805
PRI-TOG;C23;41910.0;Alnabru;2026-06-05;23.0;Fredag;17:35:00;17:35:00;0.0;17:45:00;17:39:00;5.999999999999979;18:20:00;18:04:00;16.000000000000103;18:25:00;18:15:00;10.000000000000124;;;10.000000000000124;05-06-2026_41910
;C32 ;5511.0;Alnabru;2026-06-05;23.0;Fredag;18:40:00;18:40:00;0.0;18:59:00;18:56:00;2.9999999999999893;19:34:00;19:20:00;13.99999999999995;19:39:00;19:10:00;28.999999999999897;;;28.999999999999897;05-06-2026_5511
;C42;5733.0;Alnabru;2026-06-05;23.0;Fredag;19:20:00;;0.0;19:35:00;;0.0;20:05:00;;0.0;20:10:00;;0.0;T17 - Innstilt tog;;0.0;05-06-2026_5733
PRI-TOG;C23;85735.0;Alnabru;2026-06-05;23.0;Fredag;21:50:00;19:00:00;170.00000000000003;19:30:00;19:24:00;5.999999999999979;20:05:00;19:34:00;31.00000000000005;20:10:00;19:43:00;27.000000000000064;;;27.000000000000064;05-06-2026_85735
PRI-TOG;C31;41900.0;Alnabru;2026-06-05;23.0;Fredag;19:40:00;19:30:00;9.999999999999964;19:46:00;20:10:00;-24.000000000000075;20:21:00;20:20:00;0.9999999999999964;20:26:00;20:26:00;0.0;;;0.0;05-06-2026_41900
LANGTOG;C43;5811.0;Alnabru;2026-06-05;23.0;Fredag;20:30:00;20:25:00;4.999999999999982;20:51:00;20:31:00;20.00000000000009;21:26:00;20:48:00;38.00000000000003;21:31:00;20:22:00;69.00000000000007;;;69.00000000000007;05-06-2026_5811
LANGTOG;C32 ;5515.0;Alnabru;2026-06-05;23.0;Fredag;21:15:00;21:15:00;0.0;21:17:00;21:20:00;-2.9999999999999893;21:52:00;21:32:00;19.99999999999993;21:57:00;21:51:00;5.999999999999979;;;5.999999999999979;05-06-2026_5515
FORHÅNDSLASTES C32 FREDAG;C32 ;5737.0;Alnabru;2026-06-06;23.0;Lørdag;11:00:00;12:00:00;-60.00000000000003;11:18:00;11:00:00;18.000000000000014;11:53:00;12:20:00;-26.999999999999904;11:58:00;12:27:00;-29.000000000000057;T34 - Annen feil, forklaring i kommentarfelt;skiftet opp feil stamme, måtte bytte stamme. For kort opplastingstid.;-29.000000000000057;06-06-2026_5737
;C44;41994.0;Alnabru;2026-06-06;23.0;Lørdag;12:00:00;14:00:00;-120.00000000000006;14:15:00;14:00:00;14.999999999999947;14:50:00;14:30:00;20.00000000000009;14:55:00;14:55:00;0.0;;;0.0;06-06-2026_41994
PRI-TOG;C23;41910.0;Alnabru;2026-06-06;23.0;Lørdag;12:00:00;12:00:00;0.0;17:45:00;16:30:00;75.00000000000006;18:20:00;16:40:00;100.00000000000013;18:25:00;17:30:00;55.00000000000013;;;55.00000000000013;06-06-2026_41910
LASTEFRIST KL. 15:00 LØRDAG;C23;5711.0;Alnabru;2026-06-07;23.0;Søndag;14:30:00;14:30:00;0.0;06:50:00;06:45:00;4.999999999999982;07:25:00;07:05:00;20.000000000000007;07:30:00;07:12:00;18.000000000000014;;;18.000000000000014;07-06-2026_5711
Lastefrist 13:30 Søndag;C44;41960.0;Alnabru;2026-06-07;23.0;Søndag;13:30:00;13:30:00;0.0;16:21:00;16:20:00;0.9999999999999964;16:56:00;16:30:00;26.000000000000068;17:01:00;16:42:00;19.000000000000092;;;19.000000000000092;07-06-2026_41960
;C44;81971.0;Alnabru;2026-06-07;23.0;Søndag;13:30:00;13:30:00;0.0;16:59:00;17:00:00;-0.9999999999999964;17:34:00;17:18:00;16.000000000000103;17:39:00;17:24:00;15.000000000000107;;;15.000000000000107;07-06-2026_81971
;C23;85717.0;Alnabru;2026-06-07;23.0;Søndag;16:00:00;16:00:00;0.0;18:05:00;19:20:00;-75.00000000000006;18:40:00;19:35:00;-54.999999999999964;18:45:00;19:46:00;-60.99999999999994;T19 - Feil på lok;måtte bytte lok, ferdig fra terminal i tide.;-60.99999999999994;07-06-2026_85717
LANGTOG;C32;5523.0;Alnabru;2026-06-07;23.0;Søndag;16:00:00;16:00:00;0.0;18:36:00;18:31:00;4.999999999999982;19:11:00;18:40:00;31.00000000000005;19:16:00;19:01:00;15.000000000000107;;;15.000000000000107;07-06-2026_5523
LANGTOG;C43;5811.0;Alnabru;2026-06-07;23.0;Søndag;13:30:00;13:30:00;0.0;20:51:00;20:45:00;5.999999999999979;21:26:00;20:53:00;33.00000000000004;21:31:00;20:57:00;34.00000000000004;;;34.00000000000004;07-06-2026_5811
;C32 Nord;5531.0;Alnabru;2026-06-08;24.0;Mandag;07:50:00;07:50:00;0.0;07:43:00;08:35:00;-52.00000000000006;08:18:00;09:00:00;-42.000000000000014;08:23:00;09:15:00;-52.00000000000006;T18 - Sent lok til stamme;;-52.00000000000006;08-06-2026_5531
Lastefristkl. 19:30 dag før avgang.;C45;5301.0;Alnabru;2026-06-08;24.0;Mandag;19:30:00;19:30:00;0.0;08:11:00;08:20:00;-8.999999999999968;08:46:00;08:51:00;-4.999999999999982;08:51:00;09:06:00;-14.999999999999947;T18 - Sent lok til stamme;Følgeforsinkelse sent lok 5531;-14.999999999999947;08-06-2026_5301
;C45;5801.0;Alnabru;2026-06-08;24.0;Mandag;08:50:00;08:50:00;0.0;08:51:00;08:51:00;-7.993605777301127e-14;09:26:00;09:24:00;1.999999999999993;09:31:00;09:31:00;0.0;;;0.0;08-06-2026_5801
PRI-TOG;C42;5731.0;Alnabru;2026-06-08;24.0;Mandag;08:50:00;;0.0;09:02:00;;0.0;09:37:00;;0.0;09:42:00;;0.0;T17 - Innstilt tog;;0.0;08-06-2026_5731
;C32 ;5507.0;Alnabru;2026-06-08;24.0;Mandag;11:40:00;11:25:00;15.000000000000027;11:43:00;11:35:00;8.000000000000052;12:18:00;12:00:00;18.000000000000096;12:23:00;12:20:00;3.000000000000149;;;3.000000000000149;08-06-2026_5507
;C42;85707.0;Alnabru;2026-06-08;24.0;Mandag;12:00:00;12:00:00;0.0;12:18:00;16:30:00;-252.00000000000006;12:53:00;18:15:00;-322.0;12:58:00;18:23:00;-325.0000000000001;T23 - Infrastruktur;Kjøreledning falt ned på loket før det kom inn på C42 nord. Det blir store forsinkelser.;-325.0000000000001;08-06-2026_85707
;C42;45964.0;Alnabru;2026-06-08;24.0;Mandag;14:00:00;14:00:00;0.0;15:02:00;13:30:00;92.0;15:37:00;14:15:00;82.00000000000003;15:42:00;14:25:00;77.00000000000004;;;77.00000000000004;08-06-2026_45964
;C32 ;5509.0;Alnabru;2026-06-08;24.0;Mandag;16:30:00;16:30:00;0.0;16:44:00;17:20:00;-36.00000000000003;17:19:00;17:40:00;-21.000000000000085;17:24:00;17:47:00;-23.000000000000078;T18 - Sent lok til stamme;;-23.000000000000078;08-06-2026_5509
;C44;41960.0;Alnabru;2026-06-08;24.0;Mandag;16:00:00;15:30:00;29.999999999999893;16:48:00;17:15:00;-27.000000000000064;17:23:00;17:50:00;-27.000000000000064;17:28:00;18:15:00;-46.99999999999999;T23 - Infrastruktur;Steng over aker, ned på g spor for brems, ble skjøvet igjennom terminal.;-46.99999999999999;08-06-2026_41960
;C2/C5A;81971.0;Alnabru;2026-06-08;24.0;Mandag;16:00:00;16:00:00;0.0;16:59:00;16:59:00;0.0;17:34:00;17:30:00;4.000000000000146;17:39:00;17:35:00;4.000000000000146;;;4.000000000000146;08-06-2026_81971
;C45;85709.0;Alnabru;2026-06-08;24.0;Mandag;17:00:00;17:00:00;0.0;17:02:00;17:02:00;0.0;17:37:00;17:37:00;1.5987211554602254e-13;17:42:00;18:32:00;-49.999999999999986;T34 - Annen feil, forklaring i kommentarfelt;Kø ut fra terminal etter 41960 og 5707.;-49.999999999999986;08-06-2026_85709
;C45;5805.0;Alnabru;2026-06-08;24.0;Mandag;17:00:00;17:00:00;0.0;17:11:00;17:45:00;-34.00000000000004;17:46:00;18:00:00;-13.99999999999995;17:51:00;18:20:00;-28.999999999999897;T18 - Sent lok til stamme;;-28.999999999999897;08-06-2026_5805
PRI-TOG;C23;41910.0;Alnabru;2026-06-08;24.0;Mandag;17:35:00;17:35:00;0.0;17:45:00;18:20:00;-34.99999999999987;18:20:00;18:30:00;-9.999999999999964;18:25:00;18:45:00;-19.99999999999993;T18 - Sent lok til stamme;Lok måtte skiftes igjennom terminalen med skiftemaskin;-19.99999999999993;08-06-2026_41910
PRI-TOG;C23;85735.0;Alnabru;2026-06-08;24.0;Mandag;18:45:00;18:45:00;0.0;18:43:00;20:00:00;-77.00000000000004;19:18:00;20:20:00;-61.99999999999994;19:23:00;20:32:00;-68.99999999999991;T18 - Sent lok til stamme;Lok sent til stamme da det måtte snus;-68.99999999999991;08-06-2026_85735
;C32;5511.0;Alnabru;2026-06-08;24.0;Mandag;18:40:00;19:00:00;-19.99999999999993;18:59:00;18:59:00;0.0;19:34:00;19:40:00;-5.999999999999979;19:39:00;19:56:00;-17.0000000000001;T28 - Sen lasting/lossing av kunde/underleverandør;Sent opp til opplasting da skiftemaskin måtte trekke opp lok.;-17.0000000000001;08-06-2026_5511
;C42;5733.0;Alnabru;2026-06-08;24.0;Mandag;19:20:00;;0.0;19:30:00;;0.0;20:05:00;;0.0;20:10:00;;0.0;T17 - Innstilt tog;;0.0;08-06-2026_5733
PRI-TOG;C31;41900.0;Alnabru;2026-06-08;24.0;Mandag;19:40:00;19:40:00;0.0;19:46:00;20:10:00;-24.000000000000075;20:21:00;20:35:00;-13.99999999999995;20:26:00;20:41:00;-15.000000000000107;T18 - Sent lok til stamme;;-15.000000000000107;08-06-2026_41900
LANGTOG;C43;5811.0;Alnabru;2026-06-08;24.0;Mandag;20:30:00;20:30:00;0.0;20:51:00;20:51:00;0.0;21:26:00;21:26:00;0.0;21:31:00;21:31:00;0.0;;;0.0;08-06-2026_5811
LANGTOG;C32 ;5515.0;Alnabru;2026-06-08;24.0;Mandag;21:15:00;;0.0;21:17:00;;0.0;21:52:00;;0.0;21:57:00;;0.0;;;0.0;08-06-2026_5515
LANGTOG;C32 ;5515.0;Alnabru;2026-06-08;24.0;Mandag;21:15:00;21:15:00;0.0;21:17:00;21:17:00;0.0;21:52:00;21:40:00;11.999999999999957;21:57:00;21:54:00;2.9999999999999893;;;2.9999999999999893;08-06-2026_5515
;;84911.0;Alnabru;2026-06-08;24.0;Mandag;12:00:00;10:00:00;119.99999999999997;12:23:00;11:15:00;67.99999999999991;12:58:00;11:30:00;87.99999999999993;13:03:00;12:09:00;53.99999999999997;;;53.99999999999997;08-06-2026_84911
Lastefristkl. 19:30 dag før avgang.;C45;5301.0;Alnabru;2026-06-09;24.0;Tirsdag;19:30:00;19:30:00;0.0;08:11:00;08:00:00;11.00000000000004;08:46:00;08:16:00;30.000000000000053;08:51:00;09:33:00;-41.99999999999993;T23 - Infrastruktur;Banenor havarerte ved innkjør i syd.;-41.99999999999993;09-06-2026_5301
;C45;5801.0;Alnabru;2026-06-09;24.0;Tirsdag;08:50:00;08:45:00;5.000000000000062;08:51:00;08:51:00;-7.993605777301127e-14;09:26:00;09:05:00;21.000000000000007;09:31:00;09:36:00;-5.000000000000062;T23 - Infrastruktur;Banenor havarerte ved innkjør i syd.;-5.000000000000062;09-06-2026_5801
PRI-TOG;C42;5731.0;Alnabru;2026-06-09;24.0;Tirsdag;08:50:00;;0.0;09:02:00;;0.0;09:37:00;;0.0;09:42:00;;0.0;T17 - Innstilt tog;;0.0;09-06-2026_5731
;C32 ;5507.0;Alnabru;2026-06-09;24.0;Tirsdag;11:40:00;11:35:00;4.999999999999982;11:43:00;11:40:00;3.0000000000000693;12:18:00;12:00:00;18.000000000000096;12:23:00;12:18:00;5.000000000000142;;;5.000000000000142;09-06-2026_5507
;C42;45960.0;Alnabru;2026-06-09;24.0;Tirsdag;14:00:00;12:00:00;120.00000000000006;15:02:00;14:00:00;61.99999999999994;15:37:00;;0.0;15:42:00;14:52:00;49.999999999999986;;;49.999999999999986;09-06-2026_45960
;C42;5707.0;Alnabru;2026-06-09;24.0;Tirsdag;16:20:00;;0.0;16:32:00;;0.0;17:07:00;;0.0;17:12:00;;0.0;T17 - Innstilt tog;;0.0;09-06-2026_5707
;C32 ;5509.0;Alnabru;2026-06-09;24.0;Tirsdag;16:30:00;16:30:00;0.0;16:44:00;16:44:00;0.0;17:19:00;17:00:00;18.999999999999932;17:24:00;17:10:00;13.99999999999995;;;13.99999999999995;09-06-2026_5509
;C44;41960.0;Alnabru;2026-06-09;24.0;Tirsdag;16:00:00;16:00:00;0.0;16:48:00;16:48:00;0.0;17:23:00;16:55:00;27.9999999999999;17:28:00;17:07:00;20.999999999999925;;;20.999999999999925;09-06-2026_41960
;C2/C5A;81971.0;Alnabru;2026-06-09;24.0;Tirsdag;16:00:00;16:00:00;0.0;16:59:00;16:59:00;0.0;17:34:00;17:25:00;9.000000000000128;17:39:00;17:37:00;2.0000000000001528;;;2.0000000000001528;09-06-2026_81971
;C45;85709.0;Alnabru;2026-06-09;24.0;Tirsdag;17:00:00;17:00:00;0.0;17:02:00;17:45:00;-43.00000000000001;17:37:00;17:37:00;1.5987211554602254e-13;17:42:00;17:55:00;-12.999999999999954;T18 - Sent lok til stamme;Sent uttak av lok.;-12.999999999999954;09-06-2026_85709
;C45;5805.0;Alnabru;2026-06-09;24.0;Tirsdag;17:00:00;17:00:00;0.0;17:11:00;17:11:00;0.0;17:46:00;17:46:00;0.0;17:51:00;17:51:00;0.0;;;0.0;09-06-2026_5805
PRI-TOG;C23;41910.0;Alnabru;2026-06-09;24.0;Tirsdag;17:35:00;17:35:00;0.0;17:45:00;17:45:00;0.0;18:20:00;18:30:00;-9.999999999999964;18:25:00;18:42:00;-16.99999999999994;T9 - Feil på vogn;Bilvogn med lekkasje på HL, måtte skiftes ut.;-16.99999999999994;09-06-2026_41910
;C32 ;5511.0;Alnabru;2026-06-09;24.0;Tirsdag;18:40:00;18:40:00;0.0;18:59:00;18:59:00;0.0;19:34:00;19:00:00;34.00000000000004;19:39:00;19:10:00;28.999999999999897;;;28.999999999999897;09-06-2026_5511
;C42;5733.0;Alnabru;2026-06-09;24.0;Tirsdag;19:20:00;;0.0;19:35:00;;0.0;20:05:00;;0.0;20:10:00;;0.0;T17 - Innstilt tog;;0.0;09-06-2026_5733
PRI-TOG;C23;85735.0;Alnabru;2026-06-09;24.0;Tirsdag;19:15:00;19:15:00;0.0;19:30:00;19:30:00;0.0;20:05:00;20:00:00;4.999999999999982;20:10:00;20:07:00;2.9999999999999893;;;2.9999999999999893;09-06-2026_85735
PRI-TOG;C31;41900.0;Alnabru;2026-06-09;24.0;Tirsdag;19:40:00;19:40:00;0.0;19:46:00;20:20:00;-34.00000000000004;20:21:00;20:39:00;-18.000000000000096;20:26:00;20:40:00;-14.00000000000011;T18 - Sent lok til stamme;klar fra oss i tide.;-14.00000000000011;09-06-2026_41900
LANGTOG;C43;5811.0;Alnabru;2026-06-09;24.0;Tirsdag;20:30:00;20:30:00;0.0;20:51:00;20:51:00;0.0;21:26:00;20:38:00;47.999999999999986;21:31:00;21:20:00;11.00000000000012;;;11.00000000000012;09-06-2026_5811
;;5515.0;Alnabru;2026-06-09;24.0;Tirsdag;21:15:00;21:00:00;14.999999999999947;21:17:00;21:00:00;16.99999999999994;21:52:00;21:32:00;19.99999999999993;21:57:00;;0.0;;;0.0;09-06-2026_5515
;C32 Nord;5531.0;Alnabru;2026-06-10;24.0;Onsdag;07:50:00;07:40:00;10.000000000000044;07:43:00;07:40:00;2.9999999999999893;08:18:00;07:50:00;27.99999999999998;08:23:00;08:03:00;20.000000000000007;;;20.000000000000007;10-06-2026_5531
Lastefristkl. 19:30 dag før avgang.;C45;5301.0;Alnabru;2026-06-10;24.0;Onsdag;19:30:00;19:30:00;0.0;08:11:00;08:10:00;0.9999999999999964;08:46:00;08:21:00;25.00000000000007;08:51:00;08:49:00;1.999999999999993;;;1.999999999999993;10-06-2026_5301
;C45;5801.0;Alnabru;2026-06-10;24.0;Onsdag;08:50:00;08:59:00;-8.999999999999968;08:51:00;08:45:00;5.999999999999979;09:26:00;09:15:00;10.999999999999961;09:31:00;09:20:00;10.999999999999961;;;10.999999999999961;10-06-2026_5801
PRI-TOG;C42;5731.0;Alnabru;2026-06-10;24.0;Onsdag;08:50:00;;0.0;09:02:00;;0.0;09:37:00;;0.0;09:42:00;;0.0;T17 - Innstilt tog;;0.0;10-06-2026_5731
;C42;85707.0;Alnabru;2026-06-10;24.0;Onsdag;11:00:00;11:05:00;-5.000000000000062;11:18:00;11:11:00;6.999999999999975;11:53:00;11:40:00;13.000000000000034;11:58:00;11:50:00;7.999999999999972;;;7.999999999999972;10-06-2026_85707
;C32 ;5507.0;Alnabru;2026-06-10;24.0;Onsdag;11:40:00;11:45:00;-4.999999999999982;11:43:00;12:05:00;-21.999999999999922;12:18:00;12:20:00;-1.999999999999833;12:23:00;12:27:00;-3.999999999999986;;;-3.999999999999986;10-06-2026_5507
;C42;45960.0;Alnabru;2026-06-10;24.0;Onsdag;14:00:00;14:00:00;0.0;15:02:00;14:30:00;32.00000000000004;15:37:00;15:37:00;0.0;15:42:00;16:05:00;-22.99999999999992;T20 - Trafikkstyring (TXP/Togleder);;-22.99999999999992;10-06-2026_45960
;C32 ;5509.0;Alnabru;2026-06-10;24.0;Onsdag;16:30:00;16:00:00;30.000000000000053;16:44:00;16:44:00;0.0;17:19:00;17:00:00;18.999999999999932;17:24:00;17:11:00;12.999999999999954;;;12.999999999999954;10-06-2026_5509
;C44;41960.0;Alnabru;2026-06-10;24.0;Onsdag;16:00:00;16:00:00;0.0;16:48:00;16:48:00;0.0;17:23:00;16:55:00;27.9999999999999;17:28:00;17:12:00;15.999999999999943;;;15.999999999999943;10-06-2026_41960
;C2/C5A;81971.0;Alnabru;2026-06-10;24.0;Onsdag;16:00:00;16:00:00;0.0;16:59:00;16:59:00;0.0;17:34:00;17:05:00;29.000000000000057;17:39:00;17:14:00;25.00000000000007;;;25.00000000000007;10-06-2026_81971
;C45;85709.0;Alnabru;2026-06-10;24.0;Onsdag;17:00:00;17:00:00;0.0;17:02:00;17:02:00;0.0;17:37:00;17:25:00;12.000000000000117;17:42:00;17:32:00;10.000000000000124;;;10.000000000000124;10-06-2026_85709
;C45;5805.0;Alnabru;2026-06-10;24.0;Onsdag;17:00:00;17:00:00;0.0;17:11:00;17:11:00;0.0;17:46:00;17:46:00;0.0;17:51:00;17:50:00;0.9999999999999964;;;0.9999999999999964;10-06-2026_5805
PRI-TOG;C23;41910.0;Alnabru;2026-06-10;24.0;Onsdag;17:35:00;17:30:00;4.999999999999982;17:45:00;17:55:00;-9.999999999999964;18:20:00;18:10:00;10.000000000000124;18:25:00;18:19:00;6.0000000000001386;;;6.0000000000001386;10-06-2026_41910
;C32 ;5511.0;Alnabru;2026-06-10;24.0;Onsdag;18:40:00;18:40:00;0.0;18:59:00;18:53:00;5.999999999999979;19:34:00;19:12:00;21.999999999999922;19:39:00;19:25:00;13.99999999999995;;;13.99999999999995;10-06-2026_5511
;C42;5733.0;Alnabru;2026-06-10;24.0;Onsdag;19:20:00;;0.0;19:35:00;;0.0;20:05:00;;0.0;20:10:00;;0.0;T17 - Innstilt tog;;0.0;10-06-2026_5733
PRI-TOG;C23;85735.0;Alnabru;2026-06-10;24.0;Onsdag;19:15:00;19:15:00;0.0;19:30:00;19:00:00;30.000000000000053;20:05:00;19:35:00;30.000000000000053;20:10:00;20:00:00;9.999999999999964;;;9.999999999999964;10-06-2026_85735
PRI-TOG;C31;41900.0;Alnabru;2026-06-10;24.0;Onsdag;19:40:00;19:40:00;0.0;19:46:00;19:46:00;0.0;20:21:00;20:10:00;10.999999999999961;20:26:00;20:22:00;3.999999999999986;;;3.999999999999986;10-06-2026_41900
LANGTOG;C43;5811.0;Alnabru;2026-06-10;24.0;Onsdag;20:30:00;20:30:00;0.0;20:51:00;20:30:00;21.000000000000085;21:26:00;20:35:00;51.00000000000014;21:31:00;20:44:00;46.99999999999999;;;46.99999999999999;10-06-2026_5811
LANGTOG;C32 ;5515.0;Alnabru;2026-06-10;24.0;Onsdag;21:15:00;21:10:00;4.999999999999982;21:17:00;21:00:00;16.99999999999994;21:52:00;21:45:00;6.999999999999975;21:57:00;21:55:00;1.999999999999993;;;1.999999999999993;10-06-2026_5515
Lastefristkl. 19:30 dag før avgang.;C45;5301.0;Alnabru;2026-06-11;24.0;Torsdag;19:30:00;19:30:00;0.0;08:11:00;08:11:00;0.0;08:46:00;08:39:00;7.000000000000055;08:51:00;08:50:00;0.9999999999999964;;;0.9999999999999964;11-06-2026_5301
;C45;5801.0;Alnabru;2026-06-11;24.0;Torsdag;08:50:00;08:50:00;0.0;08:51:00;08:51:00;-7.993605777301127e-14;09:26:00;09:15:00;10.999999999999961;09:31:00;09:31:00;0.0;;;0.0;11-06-2026_5801
PRI-TOG;C42;5731.0;Alnabru;2026-06-11;24.0;Torsdag;08:50:00;;0.0;09:02:00;;0.0;09:37:00;;0.0;09:42:00;;0.0;T17 - Innstilt tog;;0.0;11-06-2026_5731
;C32 ;5507.0;Alnabru;2026-06-11;24.0;Torsdag;11:40:00;11:30:00;9.999999999999964;11:43:00;11:40:00;3.0000000000000693;12:18:00;12:10:00;8.000000000000131;12:23:00;12:21:00;2.0000000000001528;;;2.0000000000001528;11-06-2026_5507
;C42;45960.0;Alnabru;2026-06-11;24.0;Torsdag;14:00:00;14:00:00;0.0;15:02:00;14:45:00;16.99999999999994;15:37:00;15:24:00;12.999999999999954;15:42:00;15:24:00;17.999999999999936;;;17.999999999999936;11-06-2026_45960
;C42;5707.0;Alnabru;2026-06-11;24.0;Torsdag;16:20:00;;0.0;16:32:00;;0.0;17:07:00;;0.0;17:12:00;;0.0;T17 - Innstilt tog;;0.0;11-06-2026_5707
;C32 ;5509.0;Alnabru;2026-06-11;24.0;Torsdag;16:30:00;16:30:00;0.0;16:44:00;17:40:00;-56.00000000000012;17:19:00;17:00:00;18.999999999999932;17:24:00;17:54:00;-30.000000000000053;T18 - Sent lok til stamme;;-30.000000000000053;11-06-2026_5509
;C44;41960.0;Alnabru;2026-06-11;24.0;Torsdag;16:00:00;16:00:00;0.0;16:48:00;16:00:00;47.999999999999986;17:23:00;17:00:00;22.99999999999992;17:28:00;17:23:00;4.999999999999982;;;4.999999999999982;11-06-2026_41960
;C2/C5A;41971.0;Alnabru;2026-06-11;24.0;Torsdag;16:00:00;16:15:00;-15.000000000000107;17:04:00;17:45:00;-41.000000000000014;17:39:00;17:30:00;9.000000000000128;17:44:00;18:00:00;-15.999999999999943;T18 - Sent lok til stamme;;-15.999999999999943;11-06-2026_41971
;C45;5805.0;Alnabru;2026-06-11;24.0;Torsdag;17:00:00;17:00:00;0.0;17:11:00;17:11:00;0.0;17:46:00;17:46:00;0.0;17:51:00;18:06:00;-14.999999999999947;T20 - Trafikkstyring (TXP/Togleder);Kø ut av terminal;-14.999999999999947;11-06-2026_5805
PRI-TOG;C23;41910.0;Alnabru;2026-06-11;24.0;Torsdag;17:35:00;17:35:00;0.0;17:45:00;17:45:00;0.0;18:20:00;18:15:00;5.000000000000142;18:25:00;18:22:00;3.000000000000149;;;3.000000000000149;11-06-2026_41910
;C32 ;5511.0;Alnabru;2026-06-11;24.0;Torsdag;18:40:00;18:40:00;0.0;18:59:00;18:59:00;0.0;19:34:00;19:30:00;3.999999999999986;19:39:00;19:34:00;4.999999999999982;;;4.999999999999982;11-06-2026_5511
;C42;5733.0;Alnabru;2026-06-11;24.0;Torsdag;19:20:00;;0.0;19:35:00;;0.0;20:05:00;;0.0;20:10:00;;0.0;T17 - Innstilt tog;;0.0;11-06-2026_5733
PRI-TOG;C31;41900.0;Alnabru;2026-06-11;24.0;Torsdag;19:40:00;19:40:00;0.0;19:46:00;19:46:00;0.0;20:21:00;20:00:00;20.999999999999925;20:26:00;20:09:00;16.99999999999994;;;16.99999999999994;11-06-2026_41900
;C45;85709.0;Alnabru;2026-06-11;24.0;Torsdag;17:00:00;17:00:00;0.0;17:02:00;17:02:00;0.0;17:37:00;;0.0;17:42:00;17:41:00;0.9999999999999964;;;0.9999999999999964;11-06-2026_85709
LANGTOG;C43;5811.0;Alnabru;2026-06-11;24.0;Torsdag;20:30:00;20:30:00;0.0;20:51:00;20:50:00;0.9999999999999964;21:26:00;21:00:00;26.000000000000068;21:31:00;21:28:00;2.9999999999999893;;;2.9999999999999893;11-06-2026_5811
LANGTOG;C32 ;5515.0;Alnabru;2026-06-11;24.0;Torsdag;21:15:00;21:15:00;0.0;21:17:00;21:00:00;16.99999999999994;21:52:00;21:35:00;16.99999999999994;21:57:00;21:38:00;18.999999999999932;;;18.999999999999932;11-06-2026_5515
PRI-TOG;C23;85735.0;Alnabru;2026-06-11;24.0;Torsdag;19:15:00;19:15:00;0.0;19:30:00;19:30:00;0.0;20:05:00;20:13:00;-7.999999999999972;20:10:00;20:17:00;-6.999999999999975;T9 - Feil på vogn;Avstengt vogn under bremseprøve;-6.999999999999975;11-06-2026_85735
;;84911.0;Alnabru;2026-06-11;24.0;Torsdag;;;0.0;11:05:00;;0.0;12:00:00;;0.0;11:45:00;12:00:00;-15.000000000000027;;;-15.000000000000027;11-06-2026_84911
Lastefristkl. 19:30 dag før avgang.;C45;5301.0;Alnabru;2026-06-12;24.0;Fredag;19:30:00;19:30:00;0.0;08:11:00;08:11:00;0.0;08:46:00;08:53:00;-6.999999999999975;08:51:00;09:01:00;-9.999999999999964;T8 - Maskinmangel skifting;Sykdom på skiftemaskin. Sent satt sammen.;-9.999999999999964;12-06-2026_5301
;C45;5801.0;Alnabru;2026-06-12;24.0;Fredag;08:50:00;08:50:00;0.0;08:51:00;08:50:00;0.9999999999999165;09:26:00;09:15:00;10.999999999999961;09:31:00;09:31:00;0.0;;;0.0;12-06-2026_5801
PRI-TOG;C42;5731.0;Alnabru;2026-06-12;24.0;Fredag;08:50:00;;0.0;09:02:00;;0.0;09:37:00;;0.0;09:42:00;;0.0;T17 - Innstilt tog;;0.0;12-06-2026_5731
;C32 ;5507.0;Alnabru;2026-06-12;24.0;Fredag;11:40:00;11:40:00;0.0;11:43:00;11:43:00;7.993605777301127e-14;12:18:00;12:00:00;18.000000000000096;12:23:00;12:23:00;0.0;;;0.0;12-06-2026_5507
;C42;45964.0;Alnabru;2026-06-12;24.0;Fredag;14:00:00;15:30:00;-90.0;15:02:00;15:00:00;1.999999999999993;15:37:00;;0.0;15:42:00;16:24:00;-42.000000000000014;T28 - Sen lasting/lossing av kunde/underleverandør;Sen opplasting grunnet sykdom på skiftemaskin på tidligtur;-42.000000000000014;12-06-2026_45964
;C32 ;5509.0;Alnabru;2026-06-12;24.0;Fredag;16:30:00;16:00:00;30.000000000000053;16:44:00;16:10:00;33.99999999999988;17:19:00;16:20:00;58.99999999999995;17:24:00;17:16:00;7.999999999999972;;;7.999999999999972;12-06-2026_5509
;C2/C5A;41971.0;Alnabru;2026-06-12;24.0;Fredag;16:00:00;;0.0;17:04:00;;0.0;17:39:00;;0.0;17:44:00;;0.0;T17 - Innstilt tog;;0.0;12-06-2026_41971
;C45;5805.0;Alnabru;2026-06-12;24.0;Fredag;17:00:00;17:00:00;0.0;17:11:00;16:55:00;15.999999999999943;17:46:00;17:55:00;-8.999999999999968;17:51:00;18:04:00;-12.999999999999954;T34 - Annen feil, forklaring i kommentarfelt;Feil på semi under lastkontroll;-12.999999999999954;12-06-2026_5805
PRI-TOG;C23;41910.0;Alnabru;2026-06-12;24.0;Fredag;17:35:00;17:35:00;0.0;17:45:00;17:40:00;4.999999999999982;18:20:00;18:10:00;10.000000000000124;18:25:00;18:32:00;-6.999999999999975;T20 - Trafikkstyring (TXP/Togleder);;-6.999999999999975;12-06-2026_41910
;C32 ;5511.0;Alnabru;2026-06-12;24.0;Fredag;18:40:00;18:30:00;9.999999999999964;18:59:00;18:35:00;23.999999999999915;19:34:00;;0.0;19:39:00;19:21:00;17.999999999999936;;;17.999999999999936;12-06-2026_5511
;C42;5733.0;Alnabru;2026-06-12;24.0;Fredag;19:20:00;;0.0;19:35:00;;0.0;20:05:00;;0.0;20:10:00;;0.0;T17 - Innstilt tog;;0.0;12-06-2026_5733
PRI-TOG;C31;41900.0;Alnabru;2026-06-12;24.0;Fredag;19:40:00;19:40:00;0.0;19:46:00;19:46:00;0.0;20:21:00;20:15:00;5.999999999999979;20:26:00;20:26:00;0.0;;;0.0;12-06-2026_41900
;C45;85709.0;Alnabru;2026-06-12;24.0;Fredag;17:00:00;17:00:00;0.0;17:02:00;17:00:00;1.999999999999993;17:37:00;17:37:00;1.5987211554602254e-13;17:42:00;17:47:00;-4.999999999999982;;;-4.999999999999982;12-06-2026_85709
LANGTOG;C43;5811.0;Alnabru;2026-06-12;24.0;Fredag;20:30:00;20:30:00;0.0;20:51:00;20:30:00;21.000000000000085;21:26:00;21:26:00;0.0;21:31:00;22:09:00;-38.00000000000003;T3 - Lokfører;Påsto at vognopptak ikke var lagt ut, lagt ut 20:50;-38.00000000000003;12-06-2026_5811
LANGTOG;C32 ;5515.0;Alnabru;2026-06-12;24.0;Fredag;21:15:00;21:15:00;0.0;21:17:00;21:17:00;0.0;21:52:00;21:40:00;11.999999999999957;21:57:00;21:50:00;6.999999999999975;;;6.999999999999975;12-06-2026_5515
PRI-TOG;C23;85735.0;Alnabru;2026-06-12;24.0;Fredag;19:15:00;19:00:00;15.000000000000107;19:30:00;18:55:00;35.000000000000036;20:05:00;19:20:00;45.0;20:10:00;19:32:00;38.00000000000003;;;38.00000000000003;12-06-2026_85735
;;85707.0;Alnabru;2026-06-12;24.0;Fredag;12:00:00;12:45:00;-45.0;12:18:00;12:00:00;17.999999999999936;12:53:00;13:40:00;-46.99999999999999;12:58:00;13:45:00;-46.99999999999999;T8 - Maskinmangel skifting;Sykdom, ligget bakpå i hele dag;-46.99999999999999;12-06-2026_85707
FORHÅNDSLASTES C32 FREDAG;C32 ;5737.0;Alnabru;2026-06-13;24.0;Lørdag;11:00:00;11:00:00;0.0;13:20:00;12:30:00;49.999999999999986;13:55:00;12:45:00;70.00000000000007;14:00:00;13:27:00;33.00000000000004;;;33.00000000000004;13-06-2026_5737
;C44;41971.0;Alnabru;2026-06-13;24.0;Lørdag;13:30:00;13:30:00;0.0;23:13:00;23:45:00;-32.00000000000004;23:48:00;23:40:00;7.999999999999972;23:53:00;23:48:00;4.999999999999982;;;4.999999999999982;13-06-2026_41971
PRI-TOG;C23;41910.0;Alnabru;2026-06-13;24.0;Lørdag;12:00:00;;0.0;17:45:00;;0.0;18:20:00;;0.0;18:25:00;;0.0;T17 - Innstilt tog;;0.0;13-06-2026_41910
LASTEFRIST KL. 15:00 LØRDAG;C23;95711.0;Alnabru;2026-06-14;24.0;Søndag;14:30:00;14:30:00;0.0;06:05:00;;0.0;06:40:00;06:45:00;-4.999999999999982;06:45:00;06:50:00;-4.999999999999982;;;-4.999999999999982;14-06-2026_95711
Lastefrist 13:30 Søndag;C44;41960.0;Alnabru;2026-06-14;24.0;Søndag;13:30:00;13:30:00;0.0;16:21:00;16:20:00;0.9999999999999964;16:56:00;16:35:00;21.000000000000085;17:01:00;16:48:00;13.000000000000114;;;13.000000000000114;14-06-2026_41960
;C44;81971.0;Alnabru;2026-06-14;24.0;Søndag;13:30:00;13:30:00;0.0;12:55:00;12:50:00;4.999999999999982;13:30:00;13:29:00;0.9999999999999964;13:35:00;13:35:00;0.0;;;0.0;14-06-2026_81971
LANGTOG;C32;5523.0;Alnabru;2026-06-14;24.0;Søndag;16:00:00;16:00:00;0.0;18:36:00;18:30:00;5.999999999999979;19:11:00;18:50:00;21.000000000000085;19:16:00;19:01:00;15.000000000000107;;;15.000000000000107;14-06-2026_5523
;C23;85717.0;Alnabru;2026-06-14;24.0;Søndag;16:00:00;16:00:00;0.0;18:36:00;17:29:00;67.00000000000009;19:11:00;17:40:00;91.0;19:16:00;18:12:00;64.00000000000009;;;64.00000000000009;14-06-2026_85717
LANGTOG;C43;5811.0;Alnabru;2026-06-14;24.0;Søndag;13:30:00;13:30:00;0.0;20:51:00;20:49:00;1.999999999999993;21:26:00;20:56:00;30.000000000000053;21:31:00;21:10:00;21.000000000000085;;;21.000000000000085;14-06-2026_5811
;;41946.0;Alnabru;2026-06-15;25.0;Mandag;16:00:00;16:00:00;0.0;01:35:00;01:35:00;-3.9968028886505635e-14;02:10:00;02:00:00;10.000000000000004;02:15:00;02:04:00;11.0;;;11.0;15-06-2026_41946
;C32 Nord;5531.0;Alnabru;2026-06-15;25.0;Mandag;07:50:00;07:50:00;0.0;07:43:00;07:20:00;22.99999999999992;08:18:00;08:05:00;12.999999999999954;08:23:00;08:23:00;0.0;;;0.0;15-06-2026_5531
Lastefristkl. 19:30 dag før avgang.;C45;5301.0;Alnabru;2026-06-15;25.0;Mandag;19:30:00;19:30:00;0.0;08:11:00;07:15:00;56.00000000000004;08:46:00;07:40:00;66.00000000000009;08:51:00;08:49:00;1.999999999999993;;;1.999999999999993;15-06-2026_5301
;C45;5801.0;Alnabru;2026-06-15;25.0;Mandag;08:50:00;08:55:00;-4.999999999999982;08:51:00;08:51:00;-7.993605777301127e-14;09:26:00;09:23:00;2.9999999999999893;09:31:00;09:49:00;-18.000000000000014;T21 - R206 ikke klar i tide;;-18.000000000000014;15-06-2026_5801
;C32 ;5507.0;Alnabru;2026-06-15;25.0;Mandag;11:40:00;11:40:00;0.0;11:43:00;11:30:00;13.000000000000034;12:18:00;12:30:00;-11.999999999999957;12:23:00;12:46:00;-22.99999999999992;T34 - Annen feil, forklaring i kommentarfelt;Opplæring lastkontroll;-22.99999999999992;15-06-2026_5507
PRI-TOG;C42;85731.0;Alnabru;2026-06-15;25.0;Mandag;08:50:00;09:30:00;-39.999999999999936;13:35:00;12:55:00;40.000000000000014;14:10:00;13:20:00;49.999999999999986;14:15:00;13:45:00;30.000000000000053;;;30.000000000000053;15-06-2026_85731
;C42;45960.0;Alnabru;2026-06-15;25.0;Mandag;14:00:00;14:00:00;0.0;15:02:00;;0.0;15:37:00;15:40:00;-2.9999999999999893;15:42:00;15:44:00;-1.999999999999993;;;-1.999999999999993;15-06-2026_45960
;C42;5707.0;Alnabru;2026-06-15;25.0;Mandag;16:20:00;16:20:00;0.0;16:32:00;17:00:00;-28.00000000000006;17:07:00;17:10:00;-2.9999999999999893;17:12:00;17:19:00;-6.999999999999975;T18 - Sent lok til stamme;;-6.999999999999975;15-06-2026_5707
;C32 ;5509.0;Alnabru;2026-06-15;25.0;Mandag;16:30:00;16:30:00;0.0;16:44:00;16:50:00;-5.999999999999979;17:19:00;17:15:00;3.999999999999986;17:24:00;17:11:00;12.999999999999954;;;12.999999999999954;15-06-2026_5509
;C44;41960.0;Alnabru;2026-06-15;25.0;Mandag;16:00:00;16:00:00;0.0;16:48:00;16:30:00;17.999999999999936;17:23:00;17:10:00;12.999999999999954;17:28:00;17:28:00;0.0;;;0.0;15-06-2026_41960
;C2/C5A;41971.0;Alnabru;2026-06-15;25.0;Mandag;16:00:00;16:00:00;0.0;17:04:00;17:00:00;3.999999999999986;17:39:00;16:53:00;46.0;17:44:00;17:43:00;0.9999999999999964;;;0.9999999999999964;15-06-2026_41971
;C45;5805.0;Alnabru;2026-06-15;25.0;Mandag;17:00:00;17:00:00;0.0;17:11:00;17:05:00;5.999999999999979;17:46:00;17:18:00;28.00000000000006;17:51:00;17:50:00;0.9999999999999964;;;0.9999999999999964;15-06-2026_5805
PRI-TOG;C23;41910.0;Alnabru;2026-06-15;25.0;Mandag;17:35:00;17:35:00;0.0;17:45:00;17:45:00;0.0;18:20:00;18:20:00;1.5987211554602254e-13;18:25:00;18:30:00;-4.999999999999982;T9 - Feil på vogn;Problemer med en vogn;-4.999999999999982;15-06-2026_41910
;C32;5511.0;Alnabru;2026-06-15;25.0;Mandag;18:40:00;18:40:00;0.0;18:59:00;18:47:00;11.999999999999957;19:34:00;19:25:00;8.999999999999968;19:39:00;19:33:00;5.999999999999979;;;5.999999999999979;15-06-2026_5511
;C42;5733.0;Alnabru;2026-06-15;25.0;Mandag;19:20:00;19:20:00;0.0;19:30:00;19:30:00;0.0;20:05:00;20:10:00;-4.999999999999982;20:10:00;20:18:00;-7.999999999999972;T34 - Annen feil, forklaring i kommentarfelt;Ulykke på term. Havnet bakpå på innlesing;-7.999999999999972;15-06-2026_5733
PRI-TOG;C31;41900.0;Alnabru;2026-06-15;25.0;Mandag;19:40:00;19:40:00;0.0;19:46:00;19:46:00;0.0;20:21:00;20:25:00;-3.999999999999986;20:26:00;20:30:00;-3.999999999999986;T34 - Annen feil, forklaring i kommentarfelt;Ulykke på term. Havnet bakpå på innlesing;-3.999999999999986;15-06-2026_41900
LANGTOG;C43;5811.0;Alnabru;2026-06-15;25.0;Mandag;20:30:00;20:30:00;0.0;20:51:00;20:51:00;0.0;21:26:00;21:20:00;6.0000000000001386;21:31:00;21:31:00;0.0;;;0.0;15-06-2026_5811
;C45;5709.0;Alnabru;2026-06-15;25.0;Mandag;21:00:00;21:00:00;0.0;21:02:00;21:02:00;0.0;21:37:00;21:55:00;-17.999999999999936;21:42:00;22:05:00;-22.99999999999992;T34 - Annen feil, forklaring i kommentarfelt;Ulykke på term. Havnet bakpå på innlesing;-22.99999999999992;15-06-2026_5709
LANGTOG;C32 ;5515.0;Alnabru;2026-06-15;25.0;Mandag;21:15:00;21:15:00;0.0;21:17:00;21:17:00;0.0;21:52:00;21:58:00;-5.999999999999979;21:57:00;22:04:00;-6.999999999999975;T34 - Annen feil, forklaring i kommentarfelt;Ulykke på term. Havnet bakpå på innlesing;-6.999999999999975;15-06-2026_5515
PRI-TOG;C23;5735.0;Alnabru;2026-06-15;25.0;Mandag;21:50:00;21:50:00;0.0;22:02:00;21:55:00;6.999999999999975;22:37:00;22:20:00;16.99999999999994;22:42:00;22:28:00;13.99999999999995;;;13.99999999999995;15-06-2026_5735
Lastefristkl. 19:30 dag før avgang.;C45;5301.0;Alnabru;2026-06-16;25.0;Tirsdag;19:30:00;19:30:00;0.0;08:11:00;08:00:00;11.00000000000004;08:46:00;08:20:00;26.000000000000068;08:51:00;08:41:00;10.000000000000044;;;10.000000000000044;16-06-2026_5301
;C45;5801.0;Alnabru;2026-06-16;25.0;Tirsdag;08:50:00;08:50:00;0.0;08:51:00;08:51:00;-7.993605777301127e-14;09:26:00;09:26:00;0.0;09:31:00;09:31:00;0.0;;;0.0;16-06-2026_5801
;C42;5707.0;Alnabru;2026-06-16;25.0;Tirsdag;16:20:00;16:20:00;0.0;16:32:00;16:30:00;1.999999999999993;17:07:00;16:45:00;22.00000000000008;17:12:00;17:01:00;10.999999999999961;T17 - Innstilt tog;;10.999999999999961;16-06-2026_5707
;C32 ;5507.0;Alnabru;2026-06-16;25.0;Tirsdag;11:40:00;11:40:00;0.0;11:43:00;11:43:00;7.993605777301127e-14;12:18:00;12:00:00;18.000000000000096;12:23:00;12:15:00;8.000000000000131;;;8.000000000000131;16-06-2026_5507
PRI-TOG;C42;85731.0;Alnabru;2026-06-16;25.0;Tirsdag;13:00:00;11:30:00;89.99999999999991;13:35:00;13:35:00;0.0;14:10:00;13:50:00;20.00000000000009;14:15:00;14:15:00;0.0;;;0.0;16-06-2026_85731
;C42;45960.0;Alnabru;2026-06-16;25.0;Tirsdag;14:00:00;;0.0;15:02:00;;0.0;15:37:00;15:01:00;36.00000000000003;15:42:00;15:03:00;39.00000000000002;;;39.00000000000002;16-06-2026_45960
;C32 ;5509.0;Alnabru;2026-06-16;25.0;Tirsdag;16:30:00;16:30:00;0.0;16:44:00;16:51:00;-6.999999999999975;17:19:00;16:55:00;23.999999999999915;17:24:00;17:25:00;-0.9999999999999964;;;-0.9999999999999964;16-06-2026_5509
;C44;41960.0;Alnabru;2026-06-16;25.0;Tirsdag;16:00:00;16:00:00;0.0;16:48:00;16:40:00;7.999999999999972;17:23:00;17:17:00;5.999999999999979;17:28:00;17:28:00;0.0;;;0.0;16-06-2026_41960
;C2/C5A;41971.0;Alnabru;2026-06-16;25.0;Tirsdag;16:00:00;16:00:00;0.0;16:59:00;16:45:00;14.00000000000011;17:34:00;17:15:00;19.000000000000092;17:39:00;17:39:00;0.0;;;0.0;16-06-2026_41971
;C45;5709.0;Alnabru;2026-06-16;25.0;Tirsdag;21:00:00;21:00:00;0.0;21:02:00;20:00:00;61.99999999999994;21:37:00;21:28:00;8.999999999999968;21:42:00;21:41:00;0.9999999999999964;T34 - Annen feil, forklaring i kommentarfelt;Sent opp til lasting;0.9999999999999964;16-06-2026_5709
;C45;5805.0;Alnabru;2026-06-16;25.0;Tirsdag;17:00:00;17:00:00;0.0;17:11:00;17:15:00;-3.999999999999986;17:46:00;17:25:00;21.000000000000085;17:51:00;17:30:00;21.000000000000085;;;21.000000000000085;16-06-2026_5805
PRI-TOG;C23;41910.0;Alnabru;2026-06-16;25.0;Tirsdag;17:35:00;17:35:00;0.0;17:45:00;17:40:00;4.999999999999982;18:20:00;18:12:00;8.000000000000131;18:25:00;18:20:00;5.000000000000142;;;5.000000000000142;16-06-2026_41910
;C32 ;5511.0;Alnabru;2026-06-16;25.0;Tirsdag;18:40:00;18:40:00;0.0;18:59:00;19:23:00;-24.000000000000075;19:34:00;18:30:00;63.99999999999993;19:39:00;19:39:00;0.0;;;0.0;16-06-2026_5511
;C42;5733.0;Alnabru;2026-06-16;25.0;Tirsdag;19:20:00;19:20:00;0.0;19:35:00;19:40:00;-4.999999999999982;20:05:00;19:55:00;9.999999999999964;20:10:00;20:10:00;0.0;;;0.0;16-06-2026_5733
PRI-TOG;C23;5735.0;Alnabru;2026-06-16;25.0;Tirsdag;21:50:00;21:50:00;0.0;22:02:00;21:58:00;3.999999999999986;22:37:00;22:03:00;34.00000000000004;22:42:00;22:22:00;19.99999999999993;;;19.99999999999993;16-06-2026_5735
PRI-TOG;C31;41900.0;Alnabru;2026-06-16;25.0;Tirsdag;19:40:00;20:05:00;-25.00000000000007;19:46:00;19:46:00;0.0;20:21:00;20:15:00;5.999999999999979;20:26:00;20:34:00;-7.999999999999972;T21 - R206 ikke klar i tide;;-7.999999999999972;16-06-2026_41900
LANGTOG;C43;5811.0;Alnabru;2026-06-16;25.0;Tirsdag;20:30:00;20:30:00;0.0;20:50:00;21:10:00;-19.99999999999993;21:25:00;21:04:00;21.000000000000085;21:30:00;22:44:00;-73.9999999999999;T19 - Feil på lok;;-73.9999999999999;16-06-2026_5811
LANGTOG;C32 ;5515.0;Alnabru;2026-06-16;25.0;Tirsdag;21:15:00;21:45:00;-30.000000000000053;21:17:00;21:15:00;1.999999999999993;21:52:00;22:01:00;-8.999999999999968;21:57:00;22:15:00;-18.000000000000096;T4 - Forsinket ankommet tog. (kort snutid);Sent opp til lossing/lasting + R206 trøbbel;-18.000000000000096;16-06-2026_5515
;;4911.0;Alnabru;2026-06-16;25.0;Tirsdag;08:00:00;08:00:00;0.0;08:42:00;08:42:00;0.0;09:17:00;09:17:00;0.0;09:22:00;09:02:00;20.000000000000007;;;20.000000000000007;16-06-2026_4911
;C32 Nord;5531.0;Alnabru;2026-06-17;25.0;Onsdag;07:50:00;07:50:00;0.0;07:43:00;07:43:00;-7.993605777301127e-14;08:18:00;08:18:00;0.0;08:23:00;08:38:00;-15.000000000000027;;;-15.000000000000027;17-06-2026_5531
Lastefristkl. 19:30 dag før avgang.;C45;5301.0;Alnabru;2026-06-17;25.0;Onsdag;19:30:00;19:30:00;0.0;08:11:00;08:11:00;0.0;08:46:00;08:30:00;16.00000000000002;08:51:00;08:45:00;6.000000000000059;;;6.000000000000059;17-06-2026_5301
;C45;5801.0;Alnabru;2026-06-17;25.0;Onsdag;08:50:00;08:50:00;0.0;08:51:00;08:51:00;-7.993605777301127e-14;09:26:00;09:20:00;5.999999999999979;09:31:00;09:31:00;0.0;;;0.0;17-06-2026_5801
PRI-TOG;C42;5731.0;Alnabru;2026-06-17;25.0;Onsdag;08:50:00;08:50:00;0.0;09:02:00;09:00:00;1.999999999999993;09:37:00;09:37:00;0.0;09:42:00;09:28:00;14.00000000000003;;;14.00000000000003;17-06-2026_5731
;C32 ;5507.0;Alnabru;2026-06-17;25.0;Onsdag;11:40:00;11:40:00;0.0;11:43:00;11:43:00;7.993605777301127e-14;12:18:00;12:10:00;8.000000000000131;12:23:00;12:31:00;-7.999999999999972;T20 - Trafikkstyring (TXP/Togleder);;-7.999999999999972;17-06-2026_5507
;C42;45960.0;Alnabru;2026-06-17;25.0;Onsdag;14:00:00;14:00:00;0.0;15:02:00;15:02:00;0.0;15:37:00;15:30:00;6.999999999999975;15:42:00;15:39:00;2.9999999999999893;;;2.9999999999999893;17-06-2026_45960
;C42;5707.0;Alnabru;2026-06-17;25.0;Onsdag;16:20:00;16:20:00;0.0;16:32:00;16:30:00;1.999999999999993;17:07:00;16:50:00;17.0000000000001;17:12:00;16:59:00;12.999999999999954;;;12.999999999999954;17-06-2026_5707
;C32 ;5509.0;Alnabru;2026-06-17;25.0;Onsdag;16:30:00;16:30:00;0.0;16:44:00;16:55:00;-11.00000000000012;17:19:00;17:14:00;4.999999999999982;17:24:00;17:20:00;3.999999999999986;;;3.999999999999986;17-06-2026_5509
;C44;41960.0;Alnabru;2026-06-17;25.0;Onsdag;16:00:00;16:00:00;0.0;16:48:00;16:48:00;0.0;17:23:00;17:20:00;2.9999999999999893;17:28:00;17:25:00;2.9999999999999893;;;2.9999999999999893;17-06-2026_41960
;C2/C5A;41971.0;Alnabru;2026-06-17;25.0;Onsdag;16:00:00;16:00:00;0.0;17:04:00;17:04:00;0.0;17:39:00;17:30:00;9.000000000000128;17:44:00;17:34:00;10.000000000000124;;;10.000000000000124;17-06-2026_41971
;C45;5805.0;Alnabru;2026-06-17;25.0;Onsdag;17:00:00;17:00:00;0.0;17:11:00;17:11:00;0.0;17:46:00;17:17:00;29.000000000000057;17:51:00;17:49:00;1.999999999999993;;;1.999999999999993;17-06-2026_5805
PRI-TOG;C23;41910.0;Alnabru;2026-06-17;25.0;Onsdag;17:35:00;17:20:00;14.999999999999947;17:45:00;17:00:00;45.0;18:20:00;17:35:00;45.000000000000156;18:25:00;17:57:00;28.00000000000006;;;28.00000000000006;17-06-2026_41910
;C32 ;5511.0;Alnabru;2026-06-17;25.0;Onsdag;18:40:00;18:40:00;0.0;18:59:00;18:40:00;18.999999999999932;19:34:00;19:10:00;23.999999999999915;19:39:00;19:19:00;19.99999999999993;;;19.99999999999993;17-06-2026_5511
;C42;5733.0;Alnabru;2026-06-17;25.0;Onsdag;19:20:00;20:15:00;-54.999999999999964;19:35:00;19:35:00;0.0;20:05:00;20:30:00;-24.99999999999991;20:10:00;20:47:00;-37.00000000000003;T12 - Mannskapsmangel;1 Kran fra kl 19. Mange 40f i kranbanen som måtte på.;-37.00000000000003;17-06-2026_5733
PRI-TOG;C31;41900.0;Alnabru;2026-06-17;25.0;Onsdag;19:40:00;19:40:00;0.0;19:46:00;19:46:00;0.0;20:21:00;20:00:00;20.999999999999925;20:26:00;20:13:00;12.999999999999954;;;12.999999999999954;17-06-2026_41900
;C45;5709.0;Alnabru;2026-06-17;25.0;Onsdag;21:00:00;21:30:00;-30.000000000000053;21:02:00;21:02:00;0.0;21:37:00;21:45:00;-7.999999999999972;21:42:00;21:53:00;-10.999999999999961;T12 - Mannskapsmangel;;-10.999999999999961;17-06-2026_5709
LANGTOG;C43;5811.0;Alnabru;2026-06-17;25.0;Onsdag;20:30:00;20:30:00;0.0;20:51:00;20:51:00;0.0;21:26:00;21:20:00;6.0000000000001386;21:31:00;21:35:00;-3.999999999999986;T12 - Mannskapsmangel;;-3.999999999999986;17-06-2026_5811
LANGTOG;C32 ;5515.0;Alnabru;2026-06-17;25.0;Onsdag;21:15:00;21:15:00;0.0;21:17:00;21:17:00;0.0;21:52:00;21:40:00;11.999999999999957;21:57:00;21:46:00;10.999999999999961;;;10.999999999999961;17-06-2026_5515
PRI-TOG;C23;5735.0;Alnabru;2026-06-17;25.0;Onsdag;21:50:00;21:30:00;19.99999999999993;22:02:00;21:50:00;11.999999999999957;22:37:00;22:00:00;37.00000000000003;22:42:00;22:23:00;18.999999999999932;;;18.999999999999932;17-06-2026_5735
Lastefristkl. 19:30 dag før avgang.;C45;5301.0;Alnabru;2026-06-18;25.0;Torsdag;19:30:00;19:30:00;0.0;08:11:00;08:55:00;-44.0;08:46:00;08:30:00;16.00000000000002;08:51:00;08:55:00;-3.999999999999986;T20 - Trafikkstyring (TXP/Togleder);;-3.999999999999986;18-06-2026_5301
;;4911.0;Alnabru;2026-06-18;25.0;Torsdag;08:00:00;08:00:00;0.0;08:42:00;08:20:00;22.0;09:17:00;08:40:00;37.00000000000003;09:22:00;09:22:00;0.0;;;0.0;18-06-2026_4911
;C45;5801.0;Alnabru;2026-06-18;25.0;Torsdag;08:50:00;09:00:00;-9.999999999999964;08:51:00;08:41:00;9.999999999999964;09:26:00;09:33:00;-6.999999999999975;09:31:00;09:36:00;-5.000000000000062;;Feil på lok ;-5.000000000000062;18-06-2026_5801
PRI-TOG;C42;5731.0;Alnabru;2026-06-18;25.0;Torsdag;08:50:00;09:00:00;-9.999999999999964;09:02:00;09:26:00;-23.999999999999993;09:37:00;09:37:00;0.0;09:42:00;09:50:00;-7.999999999999972;T18 - Sent lok til stamme;;-7.999999999999972;18-06-2026_5731
;C32 ;5507.0;Alnabru;2026-06-18;25.0;Torsdag;11:40:00;11:31:00;8.999999999999968;11:43:00;11:40:00;3.0000000000000693;12:18:00;12:09:00;9.000000000000128;12:23:00;12:21:00;2.0000000000001528;;;2.0000000000001528;18-06-2026_5507
;C42;45960.0;Alnabru;2026-06-18;25.0;Torsdag;14:00:00;14:00:00;0.0;15:02:00;15:02:00;0.0;15:37:00;15:00:00;37.00000000000003;15:42:00;;0.0;;;0.0;18-06-2026_45960
;C42;5707.0;Alnabru;2026-06-18;25.0;Torsdag;16:20:00;16:20:00;0.0;16:32:00;16:32:00;0.0;17:07:00;17:00:00;6.999999999999975;17:12:00;17:12:00;0.0;;;0.0;18-06-2026_5707
;C32 ;5509.0;Alnabru;2026-06-18;25.0;Torsdag;16:30:00;16:30:00;0.0;16:44:00;16:44:00;0.0;17:19:00;17:00:00;18.999999999999932;17:24:00;17:18:00;5.999999999999979;;;5.999999999999979;18-06-2026_5509
;C44;41960.0;Alnabru;2026-06-18;25.0;Torsdag;16:00:00;16:00:00;0.0;16:48:00;16:48:00;0.0;17:23:00;;0.0;17:28:00;;0.0;T17 - Innstilt tog;;0.0;18-06-2026_41960
;C2/C5A;41971.0;Alnabru;2026-06-18;25.0;Torsdag;16:00:00;16:00:00;0.0;17:04:00;17:00:00;3.999999999999986;17:39:00;17:10:00;29.000000000000057;17:44:00;17:37:00;7.000000000000135;;;7.000000000000135;18-06-2026_41971
;C45;5805.0;Alnabru;2026-06-18;25.0;Torsdag;17:00:00;17:00:00;0.0;17:11:00;17:05:00;5.999999999999979;17:46:00;17:15:00;31.00000000000005;17:51:00;17:46:00;4.999999999999982;;;4.999999999999982;18-06-2026_5805
PRI-TOG;C23;41910.0;Alnabru;2026-06-18;25.0;Torsdag;17:35:00;17:35:00;0.0;17:45:00;17:00:00;45.0;18:20:00;17:40:00;40.000000000000014;18:25:00;18:24:00;0.9999999999999964;;;0.9999999999999964;18-06-2026_41910
;C32 ;5511.0;Alnabru;2026-06-18;25.0;Torsdag;18:40:00;18:40:00;0.0;18:59:00;18:59:00;0.0;19:34:00;19:34:00;0.0;19:39:00;19:38:00;0.9999999999999964;;;0.9999999999999964;18-06-2026_5511
;C42;5733.0;Alnabru;2026-06-18;25.0;Torsdag;19:20:00;19:20:00;0.0;19:35:00;21:00:00;-85.00000000000001;20:05:00;20:05:00;0.0;20:10:00;21:14:00;-63.99999999999993;T19 - Feil på lok;Feil på lok når det kom til stamme, måtte byttes.;-63.99999999999993;18-06-2026_5733
PRI-TOG;C31;41900.0;Alnabru;2026-06-18;25.0;Torsdag;19:40:00;19:40:00;0.0;19:46:00;19:46:00;0.0;20:21:00;20:15:00;5.999999999999979;20:26:00;20:24:00;1.999999999999993;;;1.999999999999993;18-06-2026_41900
LANGTOG;C43;5811.0;Alnabru;2026-06-18;25.0;Torsdag;20:30:00;20:30:00;0.0;20:51:00;20:51:00;0.0;21:26:00;21:26:00;0.0;21:31:00;21:41:00;-9.999999999999964;T34 - Annen feil, forklaring i kommentarfelt;Sen innlesing fra Teamleder som forsinket R206;-9.999999999999964;18-06-2026_5811
;C45;5709.0;Alnabru;2026-06-18;25.0;Torsdag;21:00:00;21:00:00;0.0;21:02:00;21:02:00;0.0;21:37:00;21:37:00;0.0;21:42:00;21:41:00;0.9999999999999964;;;0.9999999999999964;18-06-2026_5709
LANGTOG;C32 ;5515.0;Alnabru;2026-06-18;25.0;Torsdag;21:15:00;21:15:00;0.0;21:17:00;21:17:00;0.0;21:52:00;21:30:00;21.999999999999922;21:57:00;21:47:00;9.999999999999964;;;9.999999999999964;18-06-2026_5515
PRI-TOG;C23;5735.0;Alnabru;2026-06-18;25.0;Torsdag;21:50:00;21:50:00;0.0;22:02:00;21:00:00;61.99999999999994;22:37:00;21:50:00;46.99999999999999;22:42:00;22:33:00;8.999999999999968;;;8.999999999999968;18-06-2026_5735
Lastefristkl. 19:30 dag før avgang.;C45;5301.0;Alnabru;2026-06-19;25.0;Fredag;19:30:00;19:30:00;0.0;08:11:00;08:08:00;2.9999999999999893;08:46:00;08:46:00;7.993605777301127e-14;08:51:00;09:21:00;-29.99999999999997;T21 - R206 ikke klar i tide;;-29.99999999999997;19-06-2026_5301
;C45;5801.0;Alnabru;2026-06-19;25.0;Fredag;08:50:00;09:20:00;-29.99999999999997;08:51:00;08:44:00;6.999999999999975;09:26:00;09:24:00;1.999999999999993;09:31:00;09:31:00;0.0;;;0.0;19-06-2026_5801
PRI-TOG;C42;5731.0;Alnabru;2026-06-19;25.0;Fredag;08:50:00;10:02:00;-71.99999999999999;09:02:00;08:59:00;2.9999999999999893;09:37:00;10:20:00;-43.00000000000001;09:42:00;10:33:00;-50.99999999999998;T12 - Mannskapsmangel;I krana;-50.99999999999998;19-06-2026_5731
;C32 ;5507.0;Alnabru;2026-06-19;25.0;Fredag;11:40:00;12:00:00;-20.000000000000007;11:43:00;11:42:00;1.0000000000000764;12:18:00;12:13:00;5.000000000000142;12:23:00;12:29:00;-5.999999999999979;T20 - Trafikkstyring (TXP/Togleder);;-5.999999999999979;19-06-2026_5507
;C42;45960.0;Alnabru;2026-06-19;25.0;Fredag;14:00:00;;0.0;15:02:00;;0.0;15:37:00;;0.0;15:42:00;;0.0;T17 - Innstilt tog;;0.0;19-06-2026_45960
;C32 ;5509.0;Alnabru;2026-06-19;25.0;Fredag;16:30:00;16:10:00;19.99999999999993;16:44:00;16:40:00;3.999999999999986;17:19:00;17:18:00;0.9999999999999964;17:24:00;17:19:00;4.999999999999982;;;4.999999999999982;19-06-2026_5509
;C2/C5A;41971.0;Alnabru;2026-06-19;25.0;Fredag;16:00:00;;0.0;17:04:00;;0.0;17:39:00;;0.0;17:44:00;;0.0;T17 - Innstilt tog;;0.0;19-06-2026_41971
;C45;5805.0;Alnabru;2026-06-19;25.0;Fredag;17:00:00;16:30:00;30.000000000000053;17:11:00;16:55:00;15.999999999999943;17:46:00;17:15:00;31.00000000000005;17:51:00;17:50:00;0.9999999999999964;;;0.9999999999999964;19-06-2026_5805
PRI-TOG;C23;41910.0;Alnabru;2026-06-19;25.0;Fredag;17:35:00;17:35:00;0.0;17:45:00;17:45:00;0.0;18:20:00;17:42:00;38.00000000000003;18:25:00;18:20:00;5.000000000000142;;;5.000000000000142;19-06-2026_41910
;C32 ;5511.0;Alnabru;2026-06-19;25.0;Fredag;18:40:00;18:40:00;0.0;18:59:00;18:59:00;0.0;19:34:00;19:10:00;23.999999999999915;19:39:00;19:35:00;3.999999999999986;;;3.999999999999986;19-06-2026_5511
;C42;5733.0;Alnabru;2026-06-19;25.0;Fredag;19:20:00;19:20:00;0.0;19:35:00;19:15:00;19.99999999999993;20:05:00;19:17:00;47.999999999999986;20:10:00;19:36:00;34.00000000000004;;;34.00000000000004;19-06-2026_5733
PRI-TOG;C31;41900.0;Alnabru;2026-06-19;25.0;Fredag;19:40:00;19:40:00;0.0;19:46:00;19:30:00;15.999999999999943;20:21:00;19:54:00;26.999999999999904;20:26:00;20:18:00;7.999999999999972;;;7.999999999999972;19-06-2026_41900
;C45;5709.0;Alnabru;2026-06-19;25.0;Fredag;21:00:00;21:00:00;0.0;21:02:00;20:30:00;32.00000000000004;21:37:00;21:15:00;22.00000000000008;21:42:00;21:30:00;11.999999999999957;;;11.999999999999957;19-06-2026_5709
LANGTOG;C43;5811.0;Alnabru;2026-06-19;25.0;Fredag;20:30:00;20:30:00;0.0;20:51:00;20:34:00;17.0000000000001;21:26:00;20:50:00;36.00000000000003;21:31:00;21:01:00;30.000000000000053;;;30.000000000000053;19-06-2026_5811
LANGTOG;C32 ;5515.0;Alnabru;2026-06-19;25.0;Fredag;21:15:00;21:15:00;0.0;21:17:00;21:10:00;6.999999999999975;21:52:00;21:42:00;9.999999999999964;21:57:00;21:57:00;0.0;;;0.0;19-06-2026_5515
PRI-TOG;C23;5735.0;Alnabru;2026-06-19;25.0;Fredag;21:50:00;21:50:00;0.0;22:02:00;21:50:00;11.999999999999957;22:37:00;22:16:00;20.999999999999925;22:42:00;22:45:00;-2.9999999999999893;;;-2.9999999999999893;19-06-2026_5735
FORHÅNDSLASTES C32 FREDAG;C32 ;5737.0;Alnabru;2026-06-20;25.0;Lørdag;11:00:00;;0.0;11:02:00;;0.0;11:37:00;;0.0;11:42:00;;0.0;T17 - Innstilt tog;;0.0;20-06-2026_5737
;C44;41971.0;Alnabru;2026-06-20;25.0;Lørdag;13:30:00;12:00:00;90.0;17:04:00;17:04:00;0.0;17:39:00;17:28:00;11.00000000000012;17:44:00;17:38:00;5.999999999999979;;;5.999999999999979;20-06-2026_41971
PRI-TOG;C23;41910.0;Alnabru;2026-06-20;25.0;Lørdag;12:00:00;12:00:00;0.0;17:45:00;17:03:00;42.000000000000014;18:20:00;17:30:00;50.00000000000014;18:25:00;17:39:00;46.0;;;46.0;20-06-2026_41910
LASTEFRIST KL. 15:00 LØRDAG;C23;5711.0;Alnabru;2026-06-21;25.0;Søndag;14:30:00;14:30:00;0.0;07:27:00;07:10:00;17.00000000000002;08:02:00;07:25:00;37.00000000000003;08:07:00;07:32:00;35.000000000000036;;;35.000000000000036;21-06-2026_5711
Lastefrist 13:30 Søndag;C44;41960.0;Alnabru;2026-06-21;25.0;Søndag;13:30:00;12:00:00;90.0;16:48:00;;0.0;17:23:00;;0.0;17:28:00;;0.0;T17 - Innstilt tog;;0.0;21-06-2026_41960
;C44;41971.0;Alnabru;2026-06-21;25.0;Søndag;13:30:00;12:00:00;90.0;17:04:00;16:55:00;8.999999999999968;17:39:00;17:03:00;36.00000000000003;17:44:00;17:23:00;21.000000000000085;;;21.000000000000085;21-06-2026_41971
LANGTOG;C32;5523.0;Alnabru;2026-06-21;25.0;Søndag;16:00:00;16:00:00;0.0;18:31:00;18:07:00;24.000000000000075;19:06:00;18:17:00;49.00000000000014;19:11:00;18:28:00;43.00000000000001;;;43.00000000000001;21-06-2026_5523
;C23;5717.0;Alnabru;2026-06-21;25.0;Søndag;16:00:00;12:00:00;239.99999999999994;18:57:00;16:22:00;154.99999999999994;19:32:00;16:13:00;198.99999999999994;19:37:00;16:22:00;194.99999999999994;;Ut som 05717 med av kl 17:12;194.99999999999994;21-06-2026_5717
LANGTOG;C43;5811.0;Alnabru;2026-06-21;25.0;Søndag;13:30:00;12:00:00;90.0;20:51:00;21:35:00;-44.0;21:26:00;21:44:00;-17.999999999999936;21:31:00;21:55:00;-23.999999999999915;T23 - Infrastruktur;Jord feil i syd ;-23.999999999999915;21-06-2026_5811
;;41964.0;Alnabru;2026-06-21;25.0;Søndag;12:00:00;12:00:00;0.0;20:20:00;19:28:00;51.99999999999997;20:55:00;20:04:00;50.99999999999998;21:00:00;20:50:00;9.999999999999964;;;9.999999999999964;21-06-2026_41964
;C32 Nord;5531.0;Alnabru;2026-06-22;26.0;Mandag;07:50:00;07:50:00;0.0;07:43:00;07:35:00;7.999999999999972;08:18:00;07:44:00;33.99999999999996;08:23:00;08:28:00;-5.000000000000062;;;-5.000000000000062;22-06-2026_5531
Lastefristkl. 19:30 dag før avgang.;C45;5301.0;Alnabru;2026-06-22;26.0;Mandag;19:30:00;19:30:00;0.0;08:11:00;08:00:00;11.00000000000004;08:46:00;08:28:00;18.000000000000014;08:51:00;08:54:00;-2.9999999999999893;;;-2.9999999999999893;22-06-2026_5301
;C45;5801.0;Alnabru;2026-06-22;26.0;Mandag;08:50:00;09:21:00;-30.99999999999997;08:51:00;08:50:00;0.9999999999999165;09:26:00;09:26:00;0.0;09:31:00;09:47:00;-16.00000000000002;T24 - Optimalisering av togstamme;;-16.00000000000002;22-06-2026_5801
PRI-TOG;C42;5731.0;Alnabru;2026-06-22;26.0;Mandag;08:50:00;08:50:00;0.0;09:02:00;09:15:00;-13.000000000000034;09:37:00;09:30:00;7.000000000000055;09:42:00;09:52:00;-9.999999999999964;T21 - R206 ikke klar i tide;Problemer med vognopptak. Toget for langt. Måtte kappe.;-9.999999999999964;22-06-2026_5731
;C32 ;5507.0;Alnabru;2026-06-22;26.0;Mandag;11:40:00;11:40:00;0.0;11:43:00;11:49:00;-5.999999999999979;12:18:00;12:09:00;9.000000000000128;12:23:00;12:22:00;1.0000000000001563;;;1.0000000000001563;22-06-2026_5507
;C42;45960.0;Alnabru;2026-06-22;26.0;Mandag;14:00:00;;0.0;15:02:00;;0.0;15:37:00;;0.0;15:42:00;15:29:00;12.999999999999954;;;12.999999999999954;22-06-2026_45960
;C42;5707.0;Alnabru;2026-06-22;26.0;Mandag;16:20:00;16:34:00;-13.99999999999995;16:32:00;16:08:00;23.999999999999915;17:07:00;17:06:00;0.9999999999999964;17:12:00;17:14:00;-1.999999999999993;;;-1.999999999999993;22-06-2026_5707
;C32 ;5509.0;Alnabru;2026-06-22;26.0;Mandag;16:30:00;;0.0;16:44:00;;0.0;17:19:00;;0.0;17:24:00;;0.0;T17 - Innstilt tog;;0.0;22-06-2026_5509
;C44;41960.0;Alnabru;2026-06-22;26.0;Mandag;16:00:00;16:00:00;0.0;20:20:00;19:30:00;49.999999999999986;20:55:00;20:46:00;8.999999999999968;21:00:00;20:56:00;3.999999999999986;;;3.999999999999986;22-06-2026_41960
;C2/C5A;41971.0;Alnabru;2026-06-22;26.0;Mandag;16:00:00;16:00:00;0.0;17:04:00;16:44:00;20.00000000000009;17:39:00;17:07:00;32.00000000000004;17:44:00;17:21:00;23.000000000000078;;;23.000000000000078;22-06-2026_41971
;C45;5805.0;Alnabru;2026-06-22;26.0;Mandag;17:00:00;17:00:00;0.0;17:11:00;17:10:00;0.9999999999999964;17:46:00;17:23:00;23.000000000000078;17:51:00;17:36:00;15.000000000000107;;;15.000000000000107;22-06-2026_5805
PRI-TOG;C23;41910.0;Alnabru;2026-06-22;26.0;Mandag;17:35:00;17:35:00;0.0;17:45:00;17:31:00;14.00000000000011;18:20:00;17:51:00;29.000000000000057;18:25:00;17:57:00;28.00000000000006;;;28.00000000000006;22-06-2026_41910
;C32;5511.0;Alnabru;2026-06-22;26.0;Mandag;18:40:00;18:40:00;0.0;18:59:00;19:06:00;-6.999999999999975;19:34:00;19:12:00;21.999999999999922;19:39:00;19:23:00;15.999999999999943;;;15.999999999999943;22-06-2026_5511
;C42;5733.0;Alnabru;2026-06-22;26.0;Mandag;19:20:00;;0.0;19:30:00;;0.0;20:05:00;;0.0;20:10:00;;0.0;T17 - Innstilt tog;;0.0;22-06-2026_5733
PRI-TOG;C31;41900.0;Alnabru;2026-06-22;26.0;Mandag;19:40:00;19:45:00;-4.999999999999982;19:46:00;19:19:00;26.999999999999904;20:21:00;19:55:00;25.999999999999908;20:26:00;20:33:00;-6.999999999999975;T21 - R206 ikke klar i tide;;-6.999999999999975;22-06-2026_41900
;C45;5709.0;Alnabru;2026-06-22;26.0;Mandag;21:00:00;21:00:00;0.0;21:02:00;20:24:00;38.00000000000003;21:37:00;21:36:00;0.9999999999999964;21:42:00;21:47:00;-4.999999999999982;;Feil på meter i fido;-4.999999999999982;22-06-2026_5709
LANGTOG;C43;5811.0;Alnabru;2026-06-22;26.0;Mandag;20:30:00;20:30:00;0.0;20:51:00;20:48:00;2.9999999999999893;21:26:00;21:10:00;16.000000000000103;21:31:00;21:24:00;6.999999999999975;;;6.999999999999975;22-06-2026_5811
LANGTOG;C32 ;5515.0;Alnabru;2026-06-22;26.0;Mandag;21:15:00;21:05:00;9.999999999999964;21:17:00;21:16:00;0.9999999999999964;21:52:00;21:44:00;7.999999999999972;21:57:00;22:08:00;-11.00000000000012;;;-11.00000000000012;22-06-2026_5515
PRI-TOG;C23;5735.0;Alnabru;2026-06-22;26.0;Mandag;21:50:00;21:50:00;0.0;22:02:00;21:50:00;11.999999999999957;22:37:00;22:13:00;23.999999999999915;22:42:00;22:25:00;16.99999999999994;;;16.99999999999994;22-06-2026_5735
Lastefristkl. 19:30 dag før avgang.;C45;5301.0;Alnabru;2026-06-23;26.0;Tirsdag;19:30:00;19:30:00;0.0;08:11:00;08:11:00;0.0;08:46:00;08:40:00;6.000000000000059;08:51:00;08:51:00;0.0;;;0.0;23-06-2026_5301
;C45;5801.0;Alnabru;2026-06-23;26.0;Tirsdag;08:50:00;08:50:00;0.0;08:51:00;09:00:00;-9.000000000000048;09:26:00;09:16:00;9.999999999999964;09:31:00;09:21:00;9.999999999999964;;;9.999999999999964;23-06-2026_5801
PRI-TOG;C42;5731.0;Alnabru;2026-06-23;26.0;Tirsdag;08:50:00;08:50:00;0.0;09:02:00;09:18:00;-16.00000000000002;09:37:00;09:07:00;30.000000000000053;09:42:00;09:38:00;3.999999999999986;;;3.999999999999986;23-06-2026_5731
;C32 ;5507.0;Alnabru;2026-06-23;26.0;Tirsdag;11:40:00;11:40:00;0.0;11:43:00;11:13:00;30.000000000000053;12:18:00;12:02:00;16.000000000000103;12:23:00;12:20:00;3.000000000000149;;;3.000000000000149;23-06-2026_5507
;C42;45960.0;Alnabru;2026-06-23;26.0;Tirsdag;14:00:00;;0.0;15:02:00;;0.0;15:37:00;;0.0;15:42:00;;0.0;;;0.0;23-06-2026_45960
;C42;5707.0;Alnabru;2026-06-23;26.0;Tirsdag;16:20:00;16:20:00;0.0;16:32:00;16:18:00;13.99999999999995;17:07:00;16:41:00;26.000000000000068;17:12:00;16:50:00;22.00000000000008;;;22.00000000000008;23-06-2026_5707
;C32 ;5509.0;Alnabru;2026-06-23;26.0;Tirsdag;16:30:00;;0.0;16:44:00;;0.0;17:19:00;;0.0;17:24:00;;0.0;T17 - Innstilt tog;;0.0;23-06-2026_5509
;C44;41960.0;Alnabru;2026-06-23;26.0;Tirsdag;16:00:00;16:00:00;0.0;20:20:00;19:40:00;40.000000000000014;20:55:00;21:02:00;-6.999999999999975;21:00:00;21:04:00;-3.999999999999986;;speret inn i Gamla pga feil på skiftemakin ved oppset av 5506;-3.999999999999986;23-06-2026_41960
;C2/C5A;41971.0;Alnabru;2026-06-23;26.0;Tirsdag;16:00:00;16:00:00;0.0;17:04:00;16:42:00;22.00000000000008;17:39:00;17:01:00;38.00000000000003;17:44:00;17:33:00;11.00000000000012;;;11.00000000000012;23-06-2026_41971
;C45;5805.0;Alnabru;2026-06-23;26.0;Tirsdag;17:00:00;16:48:00;12.000000000000117;17:11:00;16:48:00;23.000000000000078;17:46:00;17:21:00;25.00000000000007;17:51:00;17:47:00;3.999999999999986;;;3.999999999999986;23-06-2026_5805
PRI-TOG;C23;41910.0;Alnabru;2026-06-23;26.0;Tirsdag;17:35:00;17:35:00;0.0;17:45:00;17:24:00;21.000000000000085;18:20:00;17:40:00;40.000000000000014;18:25:00;17:52:00;33.00000000000004;;;33.00000000000004;23-06-2026_41910
;C32 ;5511.0;Alnabru;2026-06-23;26.0;Tirsdag;18:40:00;18:40:00;0.0;18:59:00;18:58:00;0.9999999999999964;19:34:00;19:09:00;24.99999999999991;19:39:00;19:25:00;13.99999999999995;;;13.99999999999995;23-06-2026_5511
;C42;5733.0;Alnabru;2026-06-23;26.0;Tirsdag;19:20:00;;0.0;19:35:00;;0.0;20:05:00;;0.0;20:10:00;;0.0;T17 - Innstilt tog;;0.0;23-06-2026_5733
PRI-TOG;C31;41900.0;Alnabru;2026-06-23;26.0;Tirsdag;19:40:00;19:25:00;14.999999999999947;19:46:00;19:36:00;9.999999999999964;20:21:00;19:43:00;38.00000000000003;20:26:00;20:25:00;0.9999999999999964;;;0.9999999999999964;23-06-2026_41900
;C45;5709.0;Alnabru;2026-06-23;26.0;Tirsdag;21:00:00;21:00:00;0.0;21:02:00;20:18:00;44.0;21:37:00;21:32:00;4.999999999999982;21:42:00;22:08:00;-26.000000000000068;;Sent ut pga feil meter i FIDO;-26.000000000000068;23-06-2026_5709
LANGTOG;C43;5811.0;Alnabru;2026-06-23;26.0;Tirsdag;20:30:00;20:33:00;-2.9999999999999893;20:51:00;20:49:00;1.999999999999993;21:26:00;21:06:00;20.00000000000009;21:31:00;21:16:00;15.000000000000107;;;15.000000000000107;23-06-2026_5811
LANGTOG;C32 ;5515.0;Alnabru;2026-06-23;26.0;Tirsdag;21:15:00;21:58:00;-43.00000000000001;21:17:00;21:35:00;-18.000000000000096;21:52:00;22:13:00;-21.000000000000085;21:57:00;22:22:00;-25.00000000000007;T19 - Feil på lok;5506 sent inn til Alna ;-25.00000000000007;23-06-2026_5515
PRI-TOG;C23;5735.0;Alnabru;2026-06-23;26.0;Tirsdag;21:50:00;21:50:00;0.0;22:02:00;21:48:00;13.99999999999995;22:37:00;22:23:00;13.99999999999995;22:42:00;22:39:00;2.9999999999999893;;;2.9999999999999893;23-06-2026_5735
;C32 Nord;5531.0;Alnabru;2026-06-24;26.0;Onsdag;07:50:00;07:50:00;0.0;07:43:00;07:40:00;2.9999999999999893;08:18:00;07:57:00;21.000000000000007;08:23:00;08:39:00;-16.00000000000002;T21 - R206 ikke klar i tide;Vogn ikke i systemet. Tok tid før dette ble i ;-16.00000000000002;24-06-2026_5531
Lastefristkl. 19:30 dag før avgang.;C45;5301.0;Alnabru;2026-06-24;26.0;Onsdag;19:30:00;19:30:00;0.0;08:11:00;08:11:00;0.0;08:46:00;08:50:00;-3.999999999999986;08:51:00;08:59:00;-7.999999999999972;T4 - Forsinket ankommet tog. (kort snutid);2x forsinkede ARE tog. Sent satt sammen 5301;-7.999999999999972;24-06-2026_5301
;C45;5801.0;Alnabru;2026-06-24;26.0;Onsdag;08:50:00;09:12:00;-22.0;08:51:00;08:50:00;0.9999999999999165;09:26:00;09:25:00;0.9999999999999964;09:31:00;09:33:00;-1.999999999999993;T34 - Annen feil, forklaring i kommentarfelt;Sent opplastet;-1.999999999999993;24-06-2026_5801
PRI-TOG;C42;5731.0;Alnabru;2026-06-24;26.0;Onsdag;08:50:00;08:50:00;0.0;09:02:00;09:00:00;1.999999999999993;09:37:00;09:18:00;19.000000000000014;09:42:00;09:31:00;11.00000000000004;;;11.00000000000004;24-06-2026_5731
;C32 ;5507.0;Alnabru;2026-06-24;26.0;Onsdag;11:40:00;11:40:00;0.0;11:43:00;11:15:00;28.00000000000006;12:18:00;12:00:00;18.000000000000096;12:23:00;12:18:00;5.000000000000142;;;5.000000000000142;24-06-2026_5507
;C42;45960.0;Alnabru;2026-06-24;26.0;Onsdag;14:00:00;;0.0;15:02:00;;0.0;15:37:00;;0.0;15:42:00;15:17:00;25.00000000000007;;;25.00000000000007;24-06-2026_45960
;C42;5707.0;Alnabru;2026-06-24;26.0;Onsdag;16:20:00;16:22:00;-1.999999999999993;16:32:00;16:16:00;15.999999999999943;17:07:00;16:49:00;18.000000000000096;17:12:00;17:03:00;8.999999999999968;;;8.999999999999968;24-06-2026_5707
;C32 ;5509.0;Alnabru;2026-06-24;26.0;Onsdag;16:30:00;;0.0;16:44:00;;0.0;17:19:00;;0.0;17:24:00;;0.0;T17 - Innstilt tog;;0.0;24-06-2026_5509
;C44;41960.0;Alnabru;2026-06-24;26.0;Onsdag;15:30:00;15:30:00;0.0;20:08:00;19:46:00;22.00000000000008;20:43:00;20:02:00;41.000000000000014;20:48:00;20:26:00;22.00000000000008;;;22.00000000000008;24-06-2026_41960
;C2/C5A;41971.0;Alnabru;2026-06-24;26.0;Onsdag;16:00:00;16:46:00;-46.0;17:04:00;17:38:00;-34.00000000000004;17:39:00;17:21:00;18.000000000000096;17:44:00;17:58:00;-13.99999999999995;T19 - Feil på lok;;-13.99999999999995;24-06-2026_41971
;C45;5805.0;Alnabru;2026-06-24;26.0;Onsdag;17:00:00;17:00:00;0.0;17:11:00;17:09:00;1.999999999999993;17:46:00;17:37:00;9.000000000000128;17:51:00;17:45:00;5.999999999999979;;;5.999999999999979;24-06-2026_5805
PRI-TOG;C23;41910.0;Alnabru;2026-06-24;26.0;Onsdag;17:35:00;17:14:00;20.999999999999925;17:45:00;19:30:00;-104.99999999999994;18:20:00;18:00:00;20.00000000000009;18:25:00;19:25:00;-59.99999999999994;T18 - Sent lok til stamme;;-59.99999999999994;24-06-2026_41910
;C32 ;5511.0;Alnabru;2026-06-24;26.0;Onsdag;18:40:00;18:40:00;0.0;18:59:00;19:08:00;-9.000000000000128;19:34:00;19:19:00;14.999999999999947;19:39:00;19:34:00;4.999999999999982;T18 - Sent lok til stamme;;4.999999999999982;24-06-2026_5511
;C42;5733.0;Alnabru;2026-06-24;26.0;Onsdag;19:20:00;;0.0;19:35:00;;0.0;20:05:00;;0.0;20:10:00;;0.0;T17 - Innstilt tog;;0.0;24-06-2026_5733
PRI-TOG;C31;81900.0;Alnabru;2026-06-24;26.0;Onsdag;19:30:00;19:18:00;11.999999999999957;19:30:00;18:26:00;63.99999999999993;20:05:00;19:48:00;17.0000000000001;20:10:00;20:37:00;-26.999999999999904;;;-26.999999999999904;24-06-2026_81900
;C45;85709.0;Alnabru;2026-06-24;26.0;Onsdag;21:00:00;21:00:00;0.0;20:50:00;22:22:00;-92.0;21:25:00;21:12:00;13.000000000000114;21:30:00;22:45:00;-74.99999999999989;T18 - Sent lok til stamme;;-74.99999999999989;24-06-2026_85709
LANGTOG;C43;5811.0;Alnabru;2026-06-24;26.0;Onsdag;20:30:00;20:30:00;0.0;20:51:00;20:24:00;27.000000000000064;21:26:00;21:07:00;19.000000000000092;21:31:00;22:39:00;-67.99999999999991;T17 - Innstilt tog;Venter på et lok;-67.99999999999991;24-06-2026_5811
LANGTOG;C32 ;5515.0;Alnabru;2026-06-24;26.0;Onsdag;21:15:00;21:15:00;0.0;21:17:00;21:00:00;16.99999999999994;21:52:00;21:44:00;7.999999999999972;21:57:00;21:53:00;3.999999999999986;;;3.999999999999986;24-06-2026_5515
PRI-TOG;C23;85735.0;Alnabru;2026-06-24;26.0;Onsdag;21:50:00;21:44:00;5.999999999999979;21:47:00;;0.0;22:22:00;22:22:00;0.0;22:27:00;00:19:00;1328.0;T18 - Sent lok til stamme;;1328.0;24-06-2026_85735
Lastefristkl. 19:30 dag før avgang.;C45;5301.0;Alnabru;2026-06-25;26.0;Torsdag;19:30:00;19:30:00;0.0;08:11:00;08:11:00;0.0;08:46:00;08:37:00;9.000000000000048;08:51:00;08:51:00;0.0;;;0.0;25-06-2026_5301
;C45;5801.0;Alnabru;2026-06-25;26.0;Torsdag;08:50:00;08:47:00;3.0000000000000693;08:51:00;08:50:00;0.9999999999999165;09:26:00;09:08:00;18.000000000000014;09:31:00;09:31:00;0.0;;;0.0;25-06-2026_5801
PRI-TOG;C42;5731.0;Alnabru;2026-06-25;26.0;Torsdag;08:50:00;08:52:00;-1.999999999999993;09:02:00;08:37:00;24.999999999999993;09:37:00;09:02:00;35.000000000000036;09:42:00;09:25:00;17.00000000000002;;;17.00000000000002;25-06-2026_5731
;C32 ;5507.0;Alnabru;2026-06-25;26.0;Torsdag;11:40:00;11:39:00;0.9999999999999964;11:43:00;11:43:00;7.993605777301127e-14;12:18:00;12:03:00;15.000000000000107;12:23:00;12:22:00;1.0000000000001563;;;1.0000000000001563;25-06-2026_5507
;C42;45960.0;Alnabru;2026-06-25;26.0;Torsdag;14:00:00;;0.0;15:02:00;;0.0;15:37:00;;0.0;15:42:00;15:38:00;3.999999999999986;;;3.999999999999986;25-06-2026_45960
;C42;5707.0;Alnabru;2026-06-25;26.0;Torsdag;16:20:00;16:10:00;9.999999999999964;16:32:00;16:00:00;32.00000000000004;17:07:00;16:32:00;35.000000000000036;17:12:00;16:59:00;12.999999999999954;;;12.999999999999954;25-06-2026_5707
;C32 ;5509.0;Alnabru;2026-06-25;26.0;Torsdag;16:30:00;;0.0;16:44:00;;0.0;17:19:00;;0.0;17:24:00;;0.0;T17 - Innstilt tog;;0.0;25-06-2026_5509
;C44;41960.0;Alnabru;2026-06-25;26.0;Torsdag;16:00:00;16:00:00;0.0;20:20:00;20:20:00;0.0;20:55:00;20:49:00;5.999999999999979;21:00:00;21:00:00;0.0;;;0.0;25-06-2026_41960
;C2/C5A;41971.0;Alnabru;2026-06-25;26.0;Torsdag;16:00:00;16:08:00;-8.000000000000131;17:04:00;16:55:00;8.999999999999968;17:39:00;17:19:00;20.00000000000009;17:44:00;17:27:00;17.0000000000001;;;17.0000000000001;25-06-2026_41971
;C45;5805.0;Alnabru;2026-06-25;26.0;Torsdag;17:00:00;17:12:00;-11.999999999999957;17:11:00;16:52:00;19.000000000000092;17:46:00;17:25:00;21.000000000000085;17:51:00;17:31:00;20.00000000000009;;;20.00000000000009;25-06-2026_5805
PRI-TOG;C23;41910.0;Alnabru;2026-06-25;26.0;Torsdag;17:35:00;17:35:00;0.0;17:45:00;17:28:00;17.0000000000001;18:20:00;17:49:00;31.00000000000005;18:25:00;18:01:00;24.000000000000075;;;24.000000000000075;25-06-2026_41910
;C32 ;5511.0;Alnabru;2026-06-25;26.0;Torsdag;18:40:00;18:40:00;0.0;18:59:00;19:13:00;-14.00000000000011;19:34:00;19:08:00;25.999999999999908;19:39:00;19:33:00;5.999999999999979;T18 - Sent lok til stamme;;5.999999999999979;25-06-2026_5511
;C42;5733.0;Alnabru;2026-06-25;26.0;Torsdag;19:20:00;;0.0;19:35:00;;0.0;20:05:00;;0.0;20:10:00;;0.0;T17 - Innstilt tog;;0.0;25-06-2026_5733
PRI-TOG;C31;41900.0;Alnabru;2026-06-25;26.0;Torsdag;19:40:00;19:21:00;18.999999999999932;19:46:00;19:00:00;46.0;20:21:00;19:38:00;43.00000000000001;20:26:00;20:03:00;22.99999999999992;;;22.99999999999992;25-06-2026_41900
;C45;5709.0;Alnabru;2026-06-25;26.0;Torsdag;21:00:00;21:00:00;0.0;21:02:00;20:00:00;61.99999999999994;21:37:00;21:15:00;22.00000000000008;21:42:00;21:31:00;10.999999999999961;;;10.999999999999961;25-06-2026_5709
LANGTOG;C43;5811.0;Alnabru;2026-06-25;26.0;Torsdag;20:30:00;20:30:00;0.0;20:51:00;20:25:00;26.000000000000068;21:26:00;20:48:00;38.00000000000003;21:31:00;21:28:00;2.9999999999999893;;;2.9999999999999893;25-06-2026_5811
LANGTOG;C32 ;5515.0;Alnabru;2026-06-25;26.0;Torsdag;21:15:00;21:12:00;2.9999999999999893;21:17:00;21:18:00;-0.9999999999999964;21:52:00;21:46:00;5.999999999999979;21:57:00;21:56:00;0.9999999999999964;;;0.9999999999999964;25-06-2026_5515
PRI-TOG;C23;5735.0;Alnabru;2026-06-25;26.0;Torsdag;21:50:00;21:26:00;23.999999999999915;22:02:00;20:50:00;71.9999999999999;22:37:00;21:46:00;50.99999999999998;22:42:00;22:00:00;42.000000000000014;;;42.000000000000014;25-06-2026_5735
Lastefristkl. 19:30 dag før avgang.;C45;5301.0;Alnabru;2026-06-26;26.0;Fredag;19:30:00;19:30:00;0.0;08:11:00;08:15:00;-3.999999999999986;08:46:00;08:30:00;16.00000000000002;08:51:00;08:54:00;-2.9999999999999893;T20 - Trafikkstyring (TXP/Togleder);;-2.9999999999999893;26-06-2026_5301
;C45;5801.0;Alnabru;2026-06-26;26.0;Fredag;08:50:00;08:50:00;0.0;08:51:00;08:51:00;-7.993605777301127e-14;09:26:00;09:38:00;-12.000000000000037;09:31:00;09:41:00;-10.000000000000044;T34 - Annen feil, forklaring i kommentarfelt;Feil på enhet under lastkontroll, måtte utbedres;-10.000000000000044;26-06-2026_5801
PRI-TOG;C42;5731.0;Alnabru;2026-06-26;26.0;Fredag;08:50:00;08:50:00;0.0;09:02:00;09:00:00;1.999999999999993;09:37:00;09:27:00;10.000000000000044;09:42:00;09:37:00;4.999999999999982;;;4.999999999999982;26-06-2026_5731
;C32 ;5507.0;Alnabru;2026-06-26;26.0;Fredag;11:40:00;11:50:00;-10.000000000000044;11:43:00;11:55:00;-11.999999999999957;12:18:00;12:00:00;18.000000000000096;12:23:00;12:23:00;0.0;;;0.0;26-06-2026_5507
;C42;45960.0;Alnabru;2026-06-26;26.0;Fredag;14:00:00;14:00:00;0.0;15:02:00;14:40:00;21.999999999999922;15:37:00;15:35:00;1.999999999999993;15:42:00;15:41:00;0.9999999999999964;;;0.9999999999999964;26-06-2026_45960
;C32 ;5509.0;Alnabru;2026-06-26;26.0;Fredag;16:30:00;;0.0;16:44:00;;0.0;17:19:00;;0.0;17:24:00;;0.0;T17 - Innstilt tog;;0.0;26-06-2026_5509
;C2/C5A;41971.0;Alnabru;2026-06-26;26.0;Fredag;16:00:00;;0.0;17:04:00;;0.0;17:39:00;;0.0;17:44:00;;0.0;T17 - Innstilt tog;;0.0;26-06-2026_41971
;C45;5805.0;Alnabru;2026-06-26;26.0;Fredag;17:00:00;17:00:00;0.0;17:11:00;18:15:00;-63.99999999999993;17:46:00;18:55:00;-68.99999999999991;17:51:00;19:26:00;-94.99999999999999;T23 - Infrastruktur;Feil på KL Sørlandsbanen;-94.99999999999999;26-06-2026_5805
PRI-TOG;C23;41910.0;Alnabru;2026-06-26;26.0;Fredag;17:35:00;;0.0;17:45:00;;0.0;18:20:00;;0.0;18:25:00;;0.0;T17 - Innstilt tog;;0.0;26-06-2026_41910
;C32 ;5511.0;Alnabru;2026-06-26;26.0;Fredag;18:40:00;18:00:00;40.000000000000014;18:59:00;19:20:00;-21.000000000000085;19:34:00;19:25:00;8.999999999999968;19:39:00;19:46:00;-6.999999999999975;T18 - Sent lok til stamme;Ferdig last&Brems kl 18:30;-6.999999999999975;26-06-2026_5511
;C42;5733.0;Alnabru;2026-06-26;26.0;Fredag;19:20:00;;0.0;19:35:00;;0.0;20:05:00;;0.0;20:10:00;;0.0;T17 - Innstilt tog;;0.0;26-06-2026_5733
PRI-TOG;C31;41900.0;Alnabru;2026-06-26;26.0;Fredag;19:40:00;;0.0;19:46:00;;0.0;20:21:00;;0.0;20:26:00;;0.0;T17 - Innstilt tog;;0.0;26-06-2026_41900
LANGTOG;C43;5811.0;Alnabru;2026-06-26;26.0;Fredag;20:30:00;20:20:00;9.999999999999964;20:51:00;20:15:00;36.00000000000003;21:26:00;20:35:00;51.00000000000014;21:31:00;21:31:00;0.0;;;0.0;26-06-2026_5811
;C45;5709.0;Alnabru;2026-06-26;26.0;Fredag;21:00:00;21:00:00;0.0;21:02:00;21:02:00;0.0;21:37:00;21:30:00;6.999999999999975;21:42:00;21:41:00;0.9999999999999964;;;0.9999999999999964;26-06-2026_5709
LANGTOG;C32 ;5515.0;Alnabru;2026-06-26;26.0;Fredag;21:15:00;21:15:00;0.0;21:17:00;21:00:00;16.99999999999994;21:52:00;21:40:00;11.999999999999957;21:57:00;21:50:00;6.999999999999975;;;6.999999999999975;26-06-2026_5515
PRI-TOG;C23;5735.0;Alnabru;2026-06-26;26.0;Fredag;21:50:00;21:50:00;0.0;22:02:00;21:02:00;59.99999999999994;22:37:00;21:45:00;51.99999999999997;22:42:00;22:18:00;23.999999999999915;;;23.999999999999915;26-06-2026_5735
FORHÅNDSLASTES C32 FREDAG;C32 ;5737.0;Alnabru;2026-06-27;26.0;Lørdag;11:00:00;10:30:00;29.99999999999997;11:02:00;11:00:00;1.999999999999993;11:37:00;11:19:00;18.000000000000014;11:42:00;11:24:00;18.000000000000014;;;18.000000000000014;27-06-2026_5737
;C44;41971.0;Alnabru;2026-06-27;26.0;Lørdag;13:30:00;13:30:00;0.0;17:04:00;;0.0;17:39:00;;0.0;17:44:00;;0.0;T1 - I rute;;0.0;27-06-2026_41971
PRI-TOG;C23;41910.0;Alnabru;2026-06-27;26.0;Lørdag;12:00:00;;0.0;17:45:00;;0.0;18:20:00;;0.0;18:25:00;;0.0;T17 - Innstilt tog;;0.0;27-06-2026_41910
LASTEFRIST KL. 15:00 LØRDAG;C23;5711.0;Alnabru;2026-06-28;26.0;Søndag;07:30:00;07:00:00;29.99999999999997;07:27:00;07:22:00;4.999999999999982;08:02:00;07:30:00;32.00000000000004;08:07:00;07:46:00;21.000000000000007;;;21.000000000000007;28-06-2026_5711
Lastefrist 13:30 Søndag;C44;41960.0;Alnabru;2026-06-28;26.0;Søndag;13:30:00;13:30:00;0.0;16:48:00;16:33:00;14.999999999999947;17:23:00;16:39:00;44.0;17:28:00;16:50:00;38.00000000000003;;;38.00000000000003;28-06-2026_41960
;C44;41971.0;Alnabru;2026-06-28;26.0;Søndag;13:30:00;13:30:00;0.0;17:04:00;17:02:00;1.999999999999993;17:39:00;17:30:00;9.000000000000128;17:44:00;17:38:00;5.999999999999979;;;5.999999999999979;28-06-2026_41971
LANGTOG;C32;5523.0;Alnabru;2026-06-28;26.0;Søndag;16:00:00;16:00:00;0.0;18:31:00;18:24:00;6.999999999999975;19:06:00;18:35:00;31.00000000000005;19:11:00;18:51:00;20.00000000000009;;;20.00000000000009;28-06-2026_5523
;C23;5717.0;Alnabru;2026-06-28;26.0;Søndag;16:00:00;12:30:00;209.9999999999999;18:57:00;16:41:00;136.0;19:32:00;16:50:00;162.00000000000006;19:37:00;17:01:00;155.99999999999991;;;155.99999999999991;28-06-2026_5717
LANGTOG;C43;5811.0;Alnabru;2026-06-28;26.0;Søndag;13:30:00;13:30:00;0.0;20:51:00;19:55:00;55.99999999999996;21:26:00;20:21:00;65.00000000000009;21:31:00;20:33:00;58.000000000000114;;;58.000000000000114;28-06-2026_5811
;C32 ;41710.0;Alnabru;2026-06-28;26.0;Søndag;07:30:00;07:30:00;0.0;10:12:00;10:00:00;11.999999999999957;10:47:00;10:10:00;37.00000000000003;10:52:00;10:16:00;36.00000000000003;;;36.00000000000003;28-06-2026_41710
;C31;41712.0;Alnabru;2026-06-28;26.0;Søndag;12:00:00;12:00:00;0.0;12:57:00;12:40:00;16.99999999999994;13:32:00;12:58:00;34.00000000000004;13:37:00;13:14:00;22.99999999999992;;;22.99999999999992;28-06-2026_41712
;C32 Nord;5531.0;Alnabru;2026-06-29;27.0;Mandag;07:50:00;07:50:00;0.0;07:43:00;;0.0;08:18:00;;0.0;08:23:00;07:55:00;27.99999999999998;;;27.99999999999998;29-06-2026_5531
Lastefristkl. 19:30 dag før avgang.;C45;5301.0;Alnabru;2026-06-29;27.0;Mandag;19:30:00;19:30:00;0.0;07:51:00;07:55:00;-3.999999999999986;08:26:00;08:22:00;4.000000000000066;08:31:00;08:31:00;0.0;;;0.0;29-06-2026_5301
;C45;5801.0;Alnabru;2026-06-29;27.0;Mandag;08:50:00;;0.0;08:51:00;;0.0;09:26:00;;0.0;09:31:00;;0.0;T17 - Innstilt tog;;0.0;29-06-2026_5801
PRI-TOG;C42;5731.0;Alnabru;2026-06-29;27.0;Mandag;08:50:00;08:50:00;0.0;09:02:00;08:58:00;3.999999999999986;09:37:00;09:13:00;23.999999999999993;09:42:00;09:20:00;22.0;;;22.0;29-06-2026_5731
;C32 ;5507.0;Alnabru;2026-06-29;27.0;Mandag;11:40:00;11:40:00;0.0;11:36:00;11:16:00;19.99999999999993;12:11:00;11:56:00;14.999999999999947;12:16:00;12:08:00;7.999999999999972;;;7.999999999999972;29-06-2026_5507
;C42;45960.0;Alnabru;2026-06-29;27.0;Mandag;14:00:00;;0.0;15:02:00;;0.0;15:37:00;;0.0;15:42:00;15:34:00;7.999999999999972;;;7.999999999999972;29-06-2026_45960
;C42;5707.0;Alnabru;2026-06-29;27.0;Mandag;16:20:00;16:20:00;0.0;16:32:00;16:30:00;1.999999999999993;17:07:00;16:45:00;22.00000000000008;17:12:00;16:56:00;15.999999999999943;;;15.999999999999943;29-06-2026_5707
;C32 ;5509.0;Alnabru;2026-06-29;27.0;Mandag;16:30:00;;0.0;16:44:00;;0.0;17:19:00;;0.0;17:24:00;;0.0;T17 - Innstilt tog;;0.0;29-06-2026_5509
;C44;41960.0;Alnabru;2026-06-29;27.0;Mandag;16:00:00;16:00:00;0.0;16:55:00;16:15:00;39.99999999999986;17:30:00;16:32:00;57.99999999999996;17:35:00;17:25:00;9.999999999999964;;;9.999999999999964;29-06-2026_41960
;C2/C5A;41971.0;Alnabru;2026-06-29;27.0;Mandag;16:00:00;16:00:00;0.0;17:20:00;17:20:00;0.0;17:55:00;17:20:00;35.000000000000036;18:00:00;17:38:00;21.999999999999922;;;21.999999999999922;29-06-2026_41971
;C45;5805.0;Alnabru;2026-06-29;27.0;Mandag;17:00:00;17:00:00;0.0;16:51:00;16:45:00;5.999999999999979;17:26:00;17:10:00;15.999999999999943;17:31:00;17:37:00;-5.999999999999979;T20 - Trafikkstyring (TXP/Togleder);Kø ut fra term.;-5.999999999999979;29-06-2026_5805
PRI-TOG;C23;41910.0;Alnabru;2026-06-29;27.0;Mandag;17:35:00;17:35:00;0.0;17:54:00;19:45:00;-110.99999999999993;18:29:00;18:03:00;26.000000000000068;18:34:00;20:03:00;-89.0;T18 - Sent lok til stamme;Forsinket lok fra lodalen;-89.0;29-06-2026_41910
;C32;5511.0;Alnabru;2026-06-29;27.0;Mandag;18:40:00;18:40:00;0.0;18:59:00;18:30:00;28.999999999999897;19:34:00;18:58:00;36.00000000000003;19:39:00;19:16:00;22.99999999999992;;;22.99999999999992;29-06-2026_5511
;C42;5733.0;Alnabru;2026-06-29;27.0;Mandag;19:20:00;;0.0;19:30:00;;0.0;20:05:00;;0.0;20:10:00;;0.0;T17 - Innstilt tog;;0.0;29-06-2026_5733
PRI-TOG;C31;41900.0;Alnabru;2026-06-29;27.0;Mandag;19:40:00;19:40:00;0.0;19:54:00;19:45:00;8.999999999999968;20:29:00;20:10:00;18.999999999999932;20:34:00;20:15:00;18.999999999999932;;;18.999999999999932;29-06-2026_41900
;C45;5709.0;Alnabru;2026-06-29;27.0;Mandag;21:00:00;21:00:00;0.0;21:11:00;20:30:00;41.000000000000014;21:46:00;21:25:00;20.999999999999925;21:51:00;21:51:00;0.0;;;0.0;29-06-2026_5709
LANGTOG;C43;5811.0;Alnabru;2026-06-29;27.0;Mandag;20:30:00;20:30:00;0.0;20:51:00;21:43:00;-51.99999999999997;21:26:00;20:45:00;41.000000000000014;21:31:00;21:49:00;-17.999999999999936;T11 - Endring av togstamme;Ingen mult. Lokhavari. Måtte laste om og kappe toget.;-17.999999999999936;29-06-2026_5811
LANGTOG;C32 ;5515.0;Alnabru;2026-06-29;27.0;Mandag;21:15:00;21:15:00;0.0;21:17:00;21:15:00;1.999999999999993;21:52:00;21:32:00;19.99999999999993;21:57:00;21:51:00;5.999999999999979;;;5.999999999999979;29-06-2026_5515
PRI-TOG;C23;5735.0;Alnabru;2026-06-29;27.0;Mandag;21:50:00;21:50:00;0.0;22:02:00;21:45:00;16.99999999999994;22:37:00;22:15:00;21.999999999999922;22:42:00;22:26:00;15.999999999999943;;;15.999999999999943;29-06-2026_5735
Lastefristkl. 19:30 dag før avgang.;C45;5301.0;Alnabru;2026-06-30;27.0;Tirsdag;19:30:00;19:30:00;0.0;08:11:00;07:52:00;19.000000000000014;08:46:00;08:05:00;41.000000000000014;08:51:00;08:51:00;0.0;;;0.0;30-06-2026_5301
;C45;5801.0;Alnabru;2026-06-30;27.0;Tirsdag;08:50:00;;0.0;08:51:00;;0.0;09:26:00;;0.0;09:31:00;;0.0;T17 - Innstilt tog;;0.0;30-06-2026_5801
PRI-TOG;C42;5731.0;Alnabru;2026-06-30;27.0;Tirsdag;08:50:00;08:50:00;0.0;09:09:00;09:35:00;-26.000000000000068;09:44:00;09:11:00;33.00000000000004;09:49:00;09:46:00;2.9999999999999893;T18 - Sent lok til stamme;;2.9999999999999893;30-06-2026_5731
;C32 ;5507.0;Alnabru;2026-06-30;27.0;Tirsdag;11:40:00;11:37:00;2.9999999999999893;11:36:00;11:28:00;7.999999999999892;12:11:00;11:53:00;17.999999999999936;12:16:00;12:06:00;9.999999999999964;;;9.999999999999964;30-06-2026_5507
;C42;45960.0;Alnabru;2026-06-30;27.0;Tirsdag;14:00:00;;0.0;15:02:00;;0.0;15:37:00;;0.0;15:42:00;14:42:00;59.99999999999994;;;59.99999999999994;30-06-2026_45960
;C42;5707.0;Alnabru;2026-06-30;27.0;Tirsdag;16:20:00;16:20:00;0.0;16:32:00;16:30:00;1.999999999999993;17:07:00;17:06:00;0.9999999999999964;17:12:00;17:12:00;0.0;;;0.0;30-06-2026_5707
;C32 ;5509.0;Alnabru;2026-06-30;27.0;Tirsdag;16:30:00;;0.0;16:44:00;;0.0;17:19:00;;0.0;17:24:00;;0.0;T17 - Innstilt tog;;0.0;30-06-2026_5509
;C44;41960.0;Alnabru;2026-06-30;27.0;Tirsdag;16:00:00;16:00:00;0.0;16:55:00;16:30:00;24.99999999999991;17:30:00;16:54:00;35.99999999999987;17:35:00;16:59:00;35.99999999999987;;;35.99999999999987;30-06-2026_41960
;C2/C5A;41971.0;Alnabru;2026-06-30;27.0;Tirsdag;16:00:00;16:00:00;0.0;17:20:00;17:10:00;9.999999999999964;17:55:00;17:10:00;45.0;18:00:00;17:48:00;11.999999999999957;;;11.999999999999957;30-06-2026_41971
;C45;5805.0;Alnabru;2026-06-30;27.0;Tirsdag;17:00:00;16:40:00;20.00000000000009;16:51:00;17:05:00;-14.00000000000011;17:26:00;17:20:00;5.999999999999979;17:31:00;17:30:00;0.9999999999999964;;;0.9999999999999964;30-06-2026_5805
PRI-TOG;C23;41910.0;Alnabru;2026-06-30;27.0;Tirsdag;17:35:00;17:35:00;0.0;17:54:00;17:00:00;53.99999999999997;18:29:00;18:01:00;28.00000000000006;18:34:00;18:08:00;26.000000000000068;;;26.000000000000068;30-06-2026_41910
;C32 ;5511.0;Alnabru;2026-06-30;27.0;Tirsdag;18:40:00;18:40:00;0.0;18:59:00;18:30:00;28.999999999999897;19:34:00;19:00:00;34.00000000000004;19:39:00;19:12:00;26.999999999999904;;;26.999999999999904;30-06-2026_5511
;C42;5733.0;Alnabru;2026-06-30;27.0;Tirsdag;19:20:00;;0.0;19:35:00;;0.0;20:05:00;;0.0;20:10:00;;0.0;T17 - Innstilt tog;;0.0;30-06-2026_5733
PRI-TOG;C31;41900.0;Alnabru;2026-06-30;27.0;Tirsdag;19:40:00;19:40:00;0.0;19:54:00;19:30:00;23.999999999999915;20:29:00;20:01:00;27.9999999999999;20:34:00;20:16:00;17.999999999999936;;;17.999999999999936;30-06-2026_41900
;C45;5709.0;Alnabru;2026-06-30;27.0;Tirsdag;21:00:00;21:00:00;0.0;21:11:00;20:30:00;41.000000000000014;21:46:00;21:37:00;8.999999999999968;21:51:00;21:43:00;7.999999999999972;;;7.999999999999972;30-06-2026_5709
LANGTOG;C43;5811.0;Alnabru;2026-06-30;27.0;Tirsdag;20:30:00;20:30:00;0.0;20:51:00;20:51:00;0.0;21:26:00;21:00:00;26.000000000000068;21:31:00;21:26:00;4.999999999999982;;;4.999999999999982;30-06-2026_5811
LANGTOG;C32 ;5515.0;Alnabru;2026-06-30;27.0;Tirsdag;21:15:00;21:15:00;0.0;21:17:00;21:10:00;6.999999999999975;21:52:00;21:45:00;6.999999999999975;21:57:00;21:57:00;0.0;;;0.0;30-06-2026_5515
PRI-TOG;C23;5735.0;Alnabru;2026-06-30;27.0;Tirsdag;21:50:00;21:50:00;0.0;22:02:00;21:30:00;31.999999999999886;22:37:00;22:05:00;32.00000000000004;22:42:00;22:22:00;19.99999999999993;;;19.99999999999993;30-06-2026_5735
;;4911.0;Alnabru;2026-06-30;27.0;Tirsdag;08:00:00;08:00:00;0.0;08:42:00;08:41:00;0.9999999999999964;09:17:00;;0.0;09:22:00;09:03:00;19.000000000000014;;;19.000000000000014;30-06-2026_4911
;C32 Nord;5531.0;Alnabru;2026-07-01;27.0;Onsdag;07:50:00;07:50:00;0.0;07:43:00;07:43:00;-7.993605777301127e-14;08:18:00;08:04:00;13.99999999999995;08:23:00;08:14:00;8.999999999999968;;;8.999999999999968;01-07-2026_5531
Lastefristkl. 19:30 dag før avgang.;C45;5301.0;Alnabru;2026-07-01;27.0;Onsdag;19:30:00;19:30:00;0.0;07:51:00;07:53:00;-1.999999999999993;08:26:00;08:08:00;18.000000000000014;08:31:00;08:32:00;-0.9999999999999964;;;-0.9999999999999964;01-07-2026_5301
;C45;5801.0;Alnabru;2026-07-01;27.0;Onsdag;08:50:00;;0.0;08:51:00;;0.0;09:26:00;;0.0;09:31:00;;0.0;T17 - Innstilt tog;;0.0;01-07-2026_5801
PRI-TOG;C42;5731.0;Alnabru;2026-07-01;27.0;Onsdag;08:50:00;08:50:00;0.0;09:09:00;08:58:00;10.999999999999961;09:44:00;09:08:00;36.00000000000003;09:49:00;09:31:00;18.000000000000014;;;18.000000000000014;01-07-2026_5731
;C32 ;5507.0;Alnabru;2026-07-01;27.0;Onsdag;11:40:00;11:34:00;5.999999999999979;11:36:00;11:40:00;-4.000000000000066;12:11:00;12:13:00;-1.999999999999993;12:16:00;12:16:00;0.0;T19 - Feil på lok;;0.0;01-07-2026_5507
;C42;45960.0;Alnabru;2026-07-01;27.0;Onsdag;14:00:00;;0.0;15:02:00;;0.0;15:37:00;15:30:00;6.999999999999975;15:42:00;15:34:00;7.999999999999972;;;7.999999999999972;01-07-2026_45960
;C42;5707.0;Alnabru;2026-07-01;27.0;Onsdag;16:20:00;16:20:00;0.0;16:32:00;16:30:00;1.999999999999993;17:07:00;16:45:00;22.00000000000008;17:12:00;17:01:00;10.999999999999961;;;10.999999999999961;01-07-2026_5707
;C32 ;5509.0;Alnabru;2026-07-01;27.0;Onsdag;16:30:00;;0.0;16:44:00;;0.0;17:19:00;;0.0;17:24:00;;0.0;T17 - Innstilt tog;;0.0;01-07-2026_5509
;C44;41960.0;Alnabru;2026-07-01;27.0;Onsdag;16:00:00;16:00:00;0.0;16:55:00;16:30:00;24.99999999999991;17:30:00;17:25:00;4.999999999999982;17:35:00;17:35:00;0.0;;;0.0;01-07-2026_41960
;C2/C5A;41971.0;Alnabru;2026-07-01;27.0;Onsdag;16:00:00;16:00:00;0.0;17:20:00;17:15:00;4.999999999999982;17:55:00;17:39:00;15.999999999999943;18:00:00;17:42:00;17.999999999999936;;;17.999999999999936;01-07-2026_41971
;C45;5805.0;Alnabru;2026-07-01;27.0;Onsdag;17:00:00;17:00:00;0.0;16:51:00;16:50:00;0.9999999999999964;17:26:00;17:20:00;5.999999999999979;17:31:00;17:31:00;0.0;;;0.0;01-07-2026_5805
PRI-TOG;C23;41910.0;Alnabru;2026-07-01;27.0;Onsdag;17:35:00;17:25:00;9.999999999999964;17:54:00;17:40:00;13.99999999999995;18:29:00;17:25:00;64.00000000000009;18:34:00;17:48:00;46.0;;;46.0;01-07-2026_41910
;C32 ;5511.0;Alnabru;2026-07-01;27.0;Onsdag;18:40:00;18:40:00;0.0;18:59:00;18:45:00;13.99999999999995;19:34:00;18:57:00;37.00000000000003;19:39:00;19:35:00;3.999999999999986;;;3.999999999999986;01-07-2026_5511
;C42;5733.0;Alnabru;2026-07-01;27.0;Onsdag;19:20:00;;0.0;19:35:00;;0.0;20:05:00;;0.0;20:10:00;;0.0;T17 - Innstilt tog;;0.0;01-07-2026_5733
PRI-TOG;C31;41900.0;Alnabru;2026-07-01;27.0;Onsdag;19:40:00;19:40:00;0.0;19:54:00;19:30:00;23.999999999999915;20:29:00;19:44:00;45.0;20:34:00;20:02:00;31.999999999999886;;;31.999999999999886;01-07-2026_41900
;C45;5709.0;Alnabru;2026-07-01;27.0;Onsdag;21:00:00;21:00:00;0.0;21:11:00;21:55:00;-44.0;21:46:00;21:00:00;46.0;21:51:00;22:23:00;-32.00000000000004;T18 - Sent lok til stamme;;-32.00000000000004;01-07-2026_5709
LANGTOG;C43;5811.0;Alnabru;2026-07-01;27.0;Onsdag;20:30:00;20:30:00;0.0;20:51:00;20:40:00;10.999999999999961;21:26:00;21:00:00;26.000000000000068;21:31:00;21:15:00;16.000000000000103;;;16.000000000000103;01-07-2026_5811
LANGTOG;C32 ;5515.0;Alnabru;2026-07-01;27.0;Onsdag;21:15:00;21:15:00;0.0;21:17:00;21:30:00;-13.000000000000114;21:52:00;21:30:00;21.999999999999922;21:57:00;21:57:00;0.0;;;0.0;01-07-2026_5515
PRI-TOG;C23;5735.0;Alnabru;2026-07-01;27.0;Onsdag;21:50:00;21:50:00;0.0;22:02:00;22:00:00;1.999999999999993;22:37:00;22:15:00;21.999999999999922;22:42:00;;0.0;;;0.0;01-07-2026_5735
Lastefristkl. 19:30 dag før avgang.;C45;5301.0;Alnabru;2026-07-02;27.0;Torsdag;19:30:00;19:30:00;0.0;07:51:00;08:05:00;-14.00000000000003;08:25:00;08:25:00;0.0;08:31:00;08:48:00;-16.99999999999994;T16 - Kø skifting;Skifting i syd av CN med stamme til 5731, så lok kom sent til stamme.;-16.99999999999994;02-07-2026_5301
;C45;5801.0;Alnabru;2026-07-02;27.0;Torsdag;08:50:00;;0.0;08:51:00;;0.0;09:26:00;;0.0;09:31:00;;0.0;T17 - Innstilt tog;;0.0;02-07-2026_5801
PRI-TOG;C42;5731.0;Alnabru;2026-07-02;27.0;Torsdag;08:50:00;08:05:00;45.0;09:02:00;08:50:00;11.999999999999957;09:37:00;09:30:00;7.000000000000055;09:42:00;09:45:00;-2.9999999999999893;T20 - Trafikkstyring (TXP/Togleder);Klar fra terminal i tide;-2.9999999999999893;02-07-2026_5731
;C32 ;5507.0;Alnabru;2026-07-02;27.0;Torsdag;11:40:00;11:40:00;0.0;11:36:00;11:36:00;-7.993605777301127e-14;12:11:00;12:00:00;10.999999999999961;12:16:00;12:14:00;1.999999999999993;;;1.999999999999993;02-07-2026_5507
;C42;45960.0;Alnabru;2026-07-02;27.0;Torsdag;14:00:00;10:30:00;210.00000000000006;15:02:00;13:00:00;122.00000000000004;15:37:00;;0.0;15:42:00;14:41:00;60.99999999999994;;;60.99999999999994;02-07-2026_45960
;C42;5707.0;Alnabru;2026-07-02;27.0;Torsdag;16:20:00;16:20:00;0.0;16:32:00;16:30:00;1.999999999999993;17:07:00;16:38:00;29.000000000000057;17:12:00;16:49:00;23.000000000000078;;;23.000000000000078;02-07-2026_5707
;C32 ;5509.0;Alnabru;2026-07-02;27.0;Torsdag;16:30:00;;0.0;16:44:00;;0.0;17:19:00;;0.0;17:24:00;;0.0;T17 - Innstilt tog;;0.0;02-07-2026_5509
;C44;41960.0;Alnabru;2026-07-02;27.0;Torsdag;16:00:00;16:00:00;0.0;16:55:00;16:30:00;24.99999999999991;17:30:00;16:45:00;45.0;17:35:00;17:38:00;-3.000000000000149;;;-3.000000000000149;02-07-2026_41960
;C2/C5A;41971.0;Alnabru;2026-07-02;27.0;Torsdag;16:00:00;16:00:00;0.0;17:20:00;17:10:00;9.999999999999964;17:55:00;17:21:00;34.00000000000004;18:00:00;17:31:00;29.000000000000057;;;29.000000000000057;02-07-2026_41971
;C45;5805.0;Alnabru;2026-07-02;27.0;Torsdag;17:00:00;16:20:00;40.000000000000014;16:51:00;16:55:00;-4.000000000000146;17:26:00;17:20:00;5.999999999999979;17:31:00;17:35:00;-3.999999999999986;;;-3.999999999999986;02-07-2026_5805
PRI-TOG;C23;41910.0;Alnabru;2026-07-02;27.0;Torsdag;17:35:00;17:35:00;0.0;17:54:00;17:30:00;24.000000000000075;18:29:00;17:53:00;36.00000000000003;18:34:00;18:08:00;26.000000000000068;;;26.000000000000068;02-07-2026_41910
;C32 ;5511.0;Alnabru;2026-07-02;27.0;Torsdag;18:40:00;18:40:00;0.0;18:59:00;18:17:00;42.000000000000014;19:34:00;19:15:00;18.999999999999932;19:39:00;19:23:00;15.999999999999943;;;15.999999999999943;02-07-2026_5511
;C42;5733.0;Alnabru;2026-07-02;27.0;Torsdag;19:20:00;;0.0;19:35:00;;0.0;20:05:00;;0.0;20:10:00;;0.0;T17 - Innstilt tog;;0.0;02-07-2026_5733
PRI-TOG;C31;41900.0;Alnabru;2026-07-02;27.0;Torsdag;19:40:00;19:40:00;0.0;19:54:00;19:00:00;53.99999999999997;20:29:00;19:50:00;39.00000000000002;20:34:00;20:01:00;32.999999999999886;;;32.999999999999886;02-07-2026_41900
;C45;5709.0;Alnabru;2026-07-02;27.0;Torsdag;21:00:00;21:00:00;0.0;21:11:00;21:00:00;10.999999999999961;21:46:00;21:46:00;0.0;21:51:00;21:50:00;0.9999999999999964;;;0.9999999999999964;02-07-2026_5709
LANGTOG;C43;5811.0;Alnabru;2026-07-02;27.0;Torsdag;20:30:00;20:30:00;0.0;20:51:00;20:51:00;0.0;21:26:00;21:10:00;16.000000000000103;21:31:00;21:31:00;0.0;;;0.0;02-07-2026_5811
LANGTOG;C32 ;5515.0;Alnabru;2026-07-02;27.0;Torsdag;21:15:00;21:15:00;0.0;21:17:00;21:15:00;1.999999999999993;21:52:00;21:30:00;21.999999999999922;21:57:00;21:50:00;6.999999999999975;;;6.999999999999975;02-07-2026_5515
PRI-TOG;C23;5735.0;Alnabru;2026-07-02;27.0;Torsdag;21:50:00;21:50:00;0.0;22:02:00;21:45:00;16.99999999999994;22:37:00;22:06:00;31.00000000000005;22:42:00;22:12:00;29.999999999999893;;;29.999999999999893;02-07-2026_5735
;;4911.0;Alnabru;2026-07-02;27.0;Torsdag;08:00:00;08:00:00;0.0;08:42:00;08:35:00;6.999999999999975;09:17:00;09:17:00;0.0;09:22:00;09:28:00;-5.999999999999979;T34 - Annen feil, forklaring i kommentarfelt;Uviss årsak. Lok på plass før tiden.;-5.999999999999979;02-07-2026_4911
Lastefristkl. 19:30 dag før avgang.;C45;5301.0;Alnabru;2026-07-03;27.0;Fredag;19:30:00;;0.0;07:51:00;;0.0;08:26:00;;0.0;08:31:00;08:58:00;-26.999999999999986;T11 - Endring av togstamme;Skifting inn med bilvogner fra 2 AREblokker;-26.999999999999986;03-07-2026_5301
;C45;5801.0;Alnabru;2026-07-03;27.0;Fredag;08:50:00;;0.0;08:51:00;;0.0;09:26:00;;0.0;09:31:00;;0.0;T17 - Innstilt tog;;0.0;03-07-2026_5801
PRI-TOG;C42;5731.0;Alnabru;2026-07-03;27.0;Fredag;08:50:00;09:00:00;-9.999999999999964;09:02:00;08:55:00;6.999999999999975;09:37:00;09:20:00;17.00000000000002;09:42:00;09:29:00;13.000000000000034;;;13.000000000000034;03-07-2026_5731
;C32 ;5507.0;Alnabru;2026-07-03;27.0;Fredag;11:40:00;11:40:00;0.0;11:36:00;11:36:00;-7.993605777301127e-14;12:11:00;12:00:00;10.999999999999961;12:16:00;12:16:00;0.0;;;0.0;03-07-2026_5507
;C42;45960.0;Alnabru;2026-07-03;27.0;Fredag;14:00:00;14:00:00;0.0;15:02:00;14:30:00;32.00000000000004;15:37:00;15:05:00;32.00000000000004;15:42:00;15:13:00;29.000000000000057;;;29.000000000000057;03-07-2026_45960
;C32 ;5509.0;Alnabru;2026-07-03;27.0;Fredag;16:30:00;;0.0;16:44:00;;0.0;17:19:00;;0.0;17:24:00;;0.0;T17 - Innstilt tog;;0.0;03-07-2026_5509
;C2/C5A;41971.0;Alnabru;2026-07-03;27.0;Fredag;16:00:00;;0.0;17:04:00;;0.0;17:39:00;;0.0;17:44:00;;0.0;T17 - Innstilt tog;;0.0;03-07-2026_41971
;C45;5805.0;Alnabru;2026-07-03;27.0;Fredag;17:00:00;17:00:00;0.0;16:51:00;16:50:00;0.9999999999999964;17:26:00;17:11:00;14.999999999999947;17:31:00;17:14:00;16.99999999999994;;;16.99999999999994;03-07-2026_5805
PRI-TOG;C23;41910.0;Alnabru;2026-07-03;27.0;Fredag;17:35:00;17:30:00;4.999999999999982;17:54:00;17:49:00;4.999999999999982;18:29:00;17:55:00;34.00000000000004;18:34:00;18:11:00;23.000000000000078;;;23.000000000000078;03-07-2026_41910
;C32 ;5511.0;Alnabru;2026-07-03;27.0;Fredag;18:40:00;18:36:00;3.999999999999986;18:59:00;18:00:00;58.99999999999995;19:34:00;18:55:00;39.00000000000002;19:39:00;19:03:00;36.00000000000003;;;36.00000000000003;03-07-2026_5511
;C42;5733.0;Alnabru;2026-07-03;27.0;Fredag;19:20:00;;0.0;19:35:00;;0.0;20:05:00;;0.0;20:10:00;;0.0;T17 - Innstilt tog;;0.0;03-07-2026_5733
PRI-TOG;C31;41900.0;Alnabru;2026-07-03;27.0;Fredag;19:40:00;19:40:00;0.0;19:54:00;19:45:00;8.999999999999968;20:29:00;19:49:00;40.000000000000014;20:34:00;20:00:00;33.99999999999988;;;33.99999999999988;03-07-2026_41900
;C45;5709.0;Alnabru;2026-07-03;27.0;Fredag;21:00:00;20:45:00;14.999999999999947;21:11:00;21:01:00;9.999999999999964;21:46:00;21:10:00;36.00000000000003;21:51:00;21:32:00;18.999999999999932;;;18.999999999999932;03-07-2026_5709
LANGTOG;C43;5811.0;Alnabru;2026-07-03;27.0;Fredag;20:30:00;20:30:00;0.0;20:51:00;20:46:00;4.999999999999982;21:26:00;21:20:00;6.0000000000001386;21:31:00;21:29:00;1.999999999999993;;;1.999999999999993;03-07-2026_5811
LANGTOG;C32 ;5515.0;Alnabru;2026-07-03;27.0;Fredag;21:15:00;21:15:00;0.0;21:17:00;21:20:00;-2.9999999999999893;21:52:00;21:40:00;11.999999999999957;21:57:00;21:57:00;0.0;;;0.0;03-07-2026_5515
PRI-TOG;C23;5735.0;Alnabru;2026-07-03;27.0;Fredag;21:50:00;21:20:00;30.000000000000053;22:02:00;21:45:00;16.99999999999994;22:37:00;22:01:00;36.00000000000003;22:42:00;22:08:00;33.99999999999988;;;33.99999999999988;03-07-2026_5735
FORHÅNDSLASTES C32 FREDAG;C32 ;5737.0;Alnabru;2026-07-04;27.0;Lørdag;10:40:00;10:40:00;0.0;11:02:00;10:55:00;6.999999999999975;11:37:00;11:20:00;17.00000000000002;11:42:00;11:30:00;11.999999999999957;;;11.999999999999957;04-07-2026_5737
PRI-TOG;C23;41910.0;Alnabru;2026-07-04;27.0;Lørdag;12:00:00;12:00:00;0.0;17:54:00;17:35:00;19.000000000000092;18:29:00;17:50:00;39.00000000000002;18:34:00;18:06:00;28.00000000000006;;;28.00000000000006;04-07-2026_41910
;C44;41971.0;Alnabru;2026-07-04;27.0;Lørdag;12:00:00;12:00:00;0.0;19:18:00;19:18:00;0.0;19:53:00;19:30:00;23.000000000000078;19:58:00;19:58:00;0.0;;;0.0;04-07-2026_41971
LASTEFRIST KL. 15:00 LØRDAG;C23;5711.0;Alnabru;2026-07-05;27.0;Søndag;14:30:00;14:30:00;0.0;07:27:00;07:25:00;1.999999999999993;08:02:00;07:30:00;32.00000000000004;08:07:00;07:35:00;32.00000000000004;;;32.00000000000004;05-07-2026_5711
Lastefrist 13:30 Søndag;C44;41960.0;Alnabru;2026-07-05;27.0;Søndag;13:30:00;13:30:00;0.0;16:11:00;15:30:00;40.99999999999986;16:46:00;15:45:00;60.99999999999994;16:51:00;16:04:00;46.99999999999999;;;46.99999999999999;05-07-2026_41960
;C23;5717.0;Alnabru;2026-07-05;27.0;Søndag;16:00:00;16:00:00;0.0;16:32:00;16:30:00;1.999999999999993;17:07:00;16:45:00;22.00000000000008;17:12:00;16:51:00;21.000000000000085;;;21.000000000000085;05-07-2026_5717
;C44;81971.0;Alnabru;2026-07-05;27.0;Søndag;13:30:00;13:30:00;0.0;17:27:00;17:20:00;6.999999999999975;18:02:00;17:30:00;32.00000000000004;18:07:00;17:36:00;31.00000000000005;;;31.00000000000005;05-07-2026_81971
LANGTOG;C32;5523.0;Alnabru;2026-07-05;27.0;Søndag;16:00:00;16:00:00;0.0;18:36:00;18:36:00;0.0;19:11:00;18:50:00;21.000000000000085;19:16:00;19:01:00;15.000000000000107;;;15.000000000000107;05-07-2026_5523
LANGTOG;C43;5811.0;Alnabru;2026-07-05;27.0;Søndag;13:30:00;13:30:00;0.0;20:51:00;20:27:00;24.000000000000075;21:26:00;20:30:00;56.00000000000012;21:31:00;21:06:00;25.00000000000007;;;25.00000000000007;05-07-2026_5811
;C32 Nord;5531.0;Alnabru;2026-07-06;28.0;Mandag;07:50:00;07:50:00;0.0;07:43:00;06:48:00;54.999999999999964;08:18:00;07:02:00;75.99999999999997;08:23:00;08:04:00;18.999999999999932;;;18.999999999999932;06-07-2026_5531
Lastefristkl. 19:30 dag før avgang.;C45;5301.0;Alnabru;2026-07-06;28.0;Mandag;19:30:00;19:30:00;0.0;07:50:00;07:45:00;4.999999999999982;08:25:00;07:58:00;27.000000000000064;08:30:00;08:36:00;-5.999999999999979;T20 - Trafikkstyring (TXP/Togleder);;-5.999999999999979;06-07-2026_5301
;C45;5801.0;Alnabru;2026-07-06;28.0;Mandag;08:50:00;;0.0;08:51:00;;0.0;09:26:00;;0.0;09:31:00;;0.0;T17 - Innstilt tog;;0.0;06-07-2026_5801
PRI-TOG;C42;5731.0;Alnabru;2026-07-06;28.0;Mandag;08:50:00;08:50:00;0.0;09:02:00;08:57:00;4.999999999999982;09:37:00;09:03:00;34.00000000000004;09:42:00;09:18:00;23.999999999999993;;;23.999999999999993;06-07-2026_5731
;C32 ;5507.0;Alnabru;2026-07-06;28.0;Mandag;11:40:00;11:28:00;11.999999999999957;11:43:00;11:20:00;23.000000000000078;12:18:00;12:08:00;10.000000000000124;12:23:00;12:19:00;4.000000000000146;;;4.000000000000146;06-07-2026_5507
;C42;45960.0;Alnabru;2026-07-06;28.0;Mandag;14:00:00;14:00:00;0.0;15:02:00;14:30:00;32.00000000000004;15:37:00;15:25:00;11.999999999999957;15:42:00;15:32:00;9.999999999999964;;;9.999999999999964;06-07-2026_45960
;C42;5707.0;Alnabru;2026-07-06;28.0;Mandag;16:20:00;16:20:00;0.0;16:32:00;15:45:00;46.99999999999999;17:07:00;16:45:00;22.00000000000008;17:12:00;17:00:00;11.999999999999957;;;11.999999999999957;06-07-2026_5707
;C32 ;5509.0;Alnabru;2026-07-06;28.0;Mandag;16:30:00;;0.0;16:44:00;;0.0;17:19:00;;0.0;17:24:00;;0.0;T17 - Innstilt tog;;0.0;06-07-2026_5509
;C45;5805.0;Alnabru;2026-07-06;28.0;Mandag;17:00:00;17:00:00;0.0;16:51:00;16:51:00;0.0;17:26:00;17:20:00;5.999999999999979;17:31:00;17:33:00;-1.999999999999993;T34 - Annen feil, forklaring i kommentarfelt;Lastkontroll, utbedring av feil.;-1.999999999999993;06-07-2026_5805
;C44;41960.0;Alnabru;2026-07-06;28.0;Mandag;16:00:00;14:00:00;119.99999999999989;16:55:00;15:30:00;84.99999999999986;17:30:00;16:40:00;49.999999999999986;17:35:00;16:45:00;49.999999999999986;;;49.999999999999986;06-07-2026_41960
PRI-TOG;C23;41910.0;Alnabru;2026-07-06;28.0;Mandag;17:35:00;17:30:00;4.999999999999982;17:54:00;17:50:00;3.999999999999986;18:29:00;18:15:00;14.00000000000011;18:34:00;18:20:00;14.00000000000011;;;14.00000000000011;06-07-2026_41910
;C32;5511.0;Alnabru;2026-07-06;28.0;Mandag;18:40:00;18:40:00;0.0;18:59:00;18:45:00;13.99999999999995;19:34:00;19:15:00;18.999999999999932;19:39:00;19:43:00;-3.999999999999986;T21 - R206 ikke klar i tide;;-3.999999999999986;06-07-2026_5511
;C2/C5A;81971.0;Alnabru;2026-07-06;28.0;Mandag;16:00:00;16:00:00;0.0;19:18:00;18:55:00;23.000000000000078;19:53:00;19:10:00;43.00000000000001;19:58:00;20:01:00;-2.9999999999999893;T20 - Trafikkstyring (TXP/Togleder);Tog ferdig fra terminal i god tid før avgang;-2.9999999999999893;06-07-2026_81971
;C42;5733.0;Alnabru;2026-07-06;28.0;Mandag;19:20:00;;0.0;19:30:00;;0.0;20:05:00;;0.0;20:10:00;;0.0;T17 - Innstilt tog;;0.0;06-07-2026_5733
PRI-TOG;C31;41900.0;Alnabru;2026-07-06;28.0;Mandag;19:40:00;19:45:00;-4.999999999999982;19:54:00;19:30:00;23.999999999999915;20:29:00;20:15:00;13.99999999999995;20:34:00;20:26:00;7.999999999999972;;;7.999999999999972;06-07-2026_41900
LANGTOG;C43;5811.0;Alnabru;2026-07-06;28.0;Mandag;20:30:00;20:30:00;0.0;20:51:00;20:45:00;5.999999999999979;21:26:00;21:00:00;26.000000000000068;21:31:00;21:10:00;21.000000000000085;;;21.000000000000085;06-07-2026_5811
;C45;5709.0;Alnabru;2026-07-06;28.0;Mandag;21:00:00;21:00:00;0.0;21:11:00;21:00:00;10.999999999999961;21:46:00;21:15:00;31.00000000000005;21:51:00;21:28:00;22.99999999999992;;;22.99999999999992;06-07-2026_5709
LANGTOG;C32 ;5515.0;Alnabru;2026-07-06;28.0;Mandag;21:15:00;21:15:00;0.0;21:17:00;21:17:00;0.0;21:52:00;21:30:00;21.999999999999922;21:57:00;21:42:00;14.999999999999947;;;14.999999999999947;06-07-2026_5515
PRI-TOG;C23;5735.0;Alnabru;2026-07-06;28.0;Mandag;21:50:00;21:50:00;0.0;22:02:00;21:30:00;31.999999999999886;22:37:00;22:00:00;37.00000000000003;22:42:00;22:23:00;18.999999999999932;;;18.999999999999932;06-07-2026_5735
;;84911.0;Alnabru;2026-07-07;28.0;Tirsdag;19:00:00;;0.0;05:05:00;;0.0;05:40:00;05:40:00;3.9968028886505635e-14;05:45:00;05:47:00;-1.999999999999993;;;-1.999999999999993;07-07-2026_84911
Lastefristkl. 19:30 dag før avgang.;C45;5301.0;Alnabru;2026-07-07;28.0;Tirsdag;19:30:00;19:30:00;0.0;08:11:00;08:11:00;0.0;08:46:00;08:25:00;21.000000000000085;08:51:00;08:33:00;18.000000000000014;;;18.000000000000014;07-07-2026_5301
PRI-TOG;C42;5731.0;Alnabru;2026-07-07;28.0;Tirsdag;08:50:00;08:50:00;0.0;09:02:00;09:00:00;1.999999999999993;09:37:00;09:25:00;12.000000000000037;09:42:00;09:42:00;0.0;;;0.0;07-07-2026_5731
;C32 ;5507.0;Alnabru;2026-07-07;28.0;Tirsdag;11:40:00;11:40:00;0.0;11:36:00;11:30:00;5.999999999999899;12:11:00;12:05:00;5.999999999999979;12:16:00;12:14:00;1.999999999999993;;;1.999999999999993;07-07-2026_5507
;C42;5707.0;Alnabru;2026-07-07;28.0;Tirsdag;16:20:00;16:15:00;4.999999999999982;16:32:00;;0.0;17:07:00;16:30:00;37.00000000000003;17:12:00;16:42:00;30.000000000000053;;;30.000000000000053;07-07-2026_5707
;C45;5805.0;Alnabru;2026-07-07;28.0;Tirsdag;17:00:00;16:50:00;10.000000000000124;16:51:00;;0.0;17:26:00;17:20:00;5.999999999999979;17:31:00;17:25:00;5.999999999999979;;;5.999999999999979;07-07-2026_5805
;C45;5801.0;Alnabru;2026-07-07;28.0;Tirsdag;08:50:00;;0.0;08:51:00;;0.0;09:26:00;;0.0;09:31:00;;0.0;T17 - Innstilt tog;;0.0;07-07-2026_5801
;C42;45960.0;Alnabru;2026-07-07;28.0;Tirsdag;14:00:00;;0.0;15:02:00;;0.0;15:37:00;;0.0;15:42:00;;0.0;T17 - Innstilt tog;;0.0;07-07-2026_45960
;C32 ;5509.0;Alnabru;2026-07-07;28.0;Tirsdag;16:30:00;16:30:00;0.0;16:44:00;;0.0;17:19:00;;0.0;17:24:00;;0.0;T17 - Innstilt tog;;0.0;07-07-2026_5509
;C44;41960.0;Alnabru;2026-07-07;28.0;Tirsdag;16:00:00;15:30:00;29.999999999999893;16:55:00;;0.0;17:30:00;17:15:00;14.999999999999947;17:35:00;17:32:00;2.9999999999999893;;;2.9999999999999893;07-07-2026_41960
;C2/C5A;81971.0;Alnabru;2026-07-07;28.0;Tirsdag;16:00:00;16:00:00;0.0;19:18:00;;0.0;19:53:00;18:30:00;83.00000000000003;19:58:00;20:26:00;-27.9999999999999;;;-27.9999999999999;07-07-2026_81971
PRI-TOG;C23;41910.0;Alnabru;2026-07-07;28.0;Tirsdag;17:35:00;17:20:00;14.999999999999947;17:54:00;;0.0;18:29:00;18:10:00;19.000000000000092;18:34:00;18:14:00;20.00000000000009;;;20.00000000000009;07-07-2026_41910
;C32 ;5511.0;Alnabru;2026-07-07;28.0;Tirsdag;18:40:00;18:40:00;0.0;18:59:00;;0.0;19:34:00;19:15:00;18.999999999999932;19:39:00;19:22:00;16.99999999999994;;;16.99999999999994;07-07-2026_5511
;C42;5733.0;Alnabru;2026-07-07;28.0;Tirsdag;19:20:00;19:20:00;0.0;19:35:00;;0.0;20:05:00;;0.0;20:10:00;;0.0;T17 - Innstilt tog;;0.0;07-07-2026_5733
PRI-TOG;C31;41900.0;Alnabru;2026-07-07;28.0;Tirsdag;19:40:00;19:40:00;0.0;19:54:00;;0.0;20:29:00;20:00:00;28.999999999999897;20:34:00;20:15:00;18.999999999999932;;;18.999999999999932;07-07-2026_41900
;C45;5709.0;Alnabru;2026-07-07;28.0;Tirsdag;21:00:00;21:00:00;0.0;21:11:00;;0.0;21:46:00;21:15:00;31.00000000000005;21:51:00;21:28:00;22.99999999999992;;;22.99999999999992;07-07-2026_5709
LANGTOG;C43;5811.0;Alnabru;2026-07-07;28.0;Tirsdag;20:30:00;20:30:00;0.0;20:51:00;;0.0;21:26:00;21:25:00;0.9999999999999964;21:31:00;21:35:00;-3.999999999999986;T20 - Trafikkstyring (TXP/Togleder);;-3.999999999999986;07-07-2026_5811
LANGTOG;C32 ;5515.0;Alnabru;2026-07-07;28.0;Tirsdag;21:15:00;21:15:00;0.0;21:17:00;;0.0;21:52:00;21:30:00;21.999999999999922;21:57:00;21:43:00;13.99999999999995;;;13.99999999999995;07-07-2026_5515
PRI-TOG;C23;5735.0;Alnabru;2026-07-07;28.0;Tirsdag;21:50:00;21:50:00;0.0;22:02:00;;0.0;22:37:00;22:10:00;26.999999999999904;22:42:00;22:18:00;23.999999999999915;;;23.999999999999915;07-07-2026_5735
;C32 Nord;5531.0;Alnabru;2026-07-08;28.0;Onsdag;07:50:00;07:30:00;20.000000000000007;07:43:00;07:35:00;7.999999999999972;08:18:00;07:50:00;27.99999999999998;08:23:00;08:05:00;17.999999999999936;;;17.999999999999936;08-07-2026_5531
Lastefristkl. 19:30 dag før avgang.;C45;5301.0;Alnabru;2026-07-08;28.0;Onsdag;19:30:00;19:30:00;0.0;07:51:00;07:52:00;-0.9999999999999964;08:26:00;08:20:00;6.000000000000059;08:31:00;08:41:00;-9.999999999999964;T20 - Trafikkstyring (TXP/Togleder);Kø ut fra gruppa;-9.999999999999964;08-07-2026_5301
;C45;5801.0;Alnabru;2026-07-08;28.0;Onsdag;08:50:00;;0.0;08:51:00;;0.0;09:26:00;;0.0;09:31:00;;0.0;T17 - Innstilt tog;;0.0;08-07-2026_5801
PRI-TOG;C42;5731.0;Alnabru;2026-07-08;28.0;Onsdag;08:50:00;08:50:00;0.0;09:02:00;09:00:00;1.999999999999993;09:37:00;09:10:00;27.000000000000064;09:42:00;09:20:00;22.0;;;22.0;08-07-2026_5731
;C32 ;5507.0;Alnabru;2026-07-08;28.0;Onsdag;11:40:00;11:55:00;-15.000000000000027;11:36:00;11:36:00;-7.993605777301127e-14;12:11:00;12:11:00;0.0;12:16:00;12:19:00;-2.9999999999999893;;Sent opplastet;-2.9999999999999893;08-07-2026_5507
;C42;45960.0;Alnabru;2026-07-08;28.0;Onsdag;14:00:00;;0.0;15:02:00;;0.0;15:37:00;;0.0;15:42:00;15:37:00;4.999999999999982;;;4.999999999999982;08-07-2026_45960
;C42;5707.0;Alnabru;2026-07-08;28.0;Onsdag;16:20:00;16:00:00;20.00000000000009;16:32:00;15:30:00;61.99999999999994;17:07:00;16:25:00;42.000000000000014;17:12:00;16:29:00;43.00000000000001;;;43.00000000000001;08-07-2026_5707
;C32 ;5509.0;Alnabru;2026-07-08;28.0;Onsdag;16:30:00;;0.0;16:44:00;;0.0;17:19:00;;0.0;17:24:00;;0.0;T17 - Innstilt tog;;0.0;08-07-2026_5509
;C45;5805.0;Alnabru;2026-07-08;28.0;Onsdag;17:00:00;17:00:00;0.0;16:51:00;17:30:00;-39.00000000000002;17:26:00;17:45:00;-19.000000000000092;17:31:00;17:54:00;-23.000000000000078;T9 - Feil på vogn;Vogn måtte skiftes ut da den ble rødmerket med feil på akselhus under brems. Forsinket avgang.;-23.000000000000078;08-07-2026_5805
;C44;41960.0;Alnabru;2026-07-08;28.0;Onsdag;16:00:00;16:00:00;0.0;16:55:00;16:00:00;54.999999999999964;17:30:00;16:35:00;54.999999999999964;17:35:00;16:54:00;40.99999999999986;;;40.99999999999986;08-07-2026_41960
PRI-TOG;C23;41910.0;Alnabru;2026-07-08;28.0;Onsdag;17:35:00;17:35:00;0.0;17:54:00;17:40:00;13.99999999999995;18:29:00;17:50:00;39.00000000000002;18:34:00;18:02:00;32.00000000000004;;;32.00000000000004;08-07-2026_41910
;C32 ;5511.0;Alnabru;2026-07-08;28.0;Onsdag;18:40:00;18:40:00;0.0;18:59:00;;0.0;19:34:00;;0.0;19:39:00;19:10:00;28.999999999999897;;;28.999999999999897;08-07-2026_5511
;C2/C5A;81971.0;Alnabru;2026-07-08;28.0;Onsdag;16:00:00;16:00:00;0.0;19:18:00;18:15:00;63.0000000000001;19:53:00;19:00:00;53.00000000000013;19:58:00;19:27:00;31.00000000000005;;;31.00000000000005;08-07-2026_81971
;C42;5733.0;Alnabru;2026-07-08;28.0;Onsdag;19:20:00;;0.0;19:35:00;;0.0;20:05:00;;0.0;20:10:00;;0.0;T17 - Innstilt tog;;0.0;08-07-2026_5733
PRI-TOG;C31;41900.0;Alnabru;2026-07-08;28.0;Onsdag;19:40:00;19:40:00;0.0;19:54:00;19:00:00;53.99999999999997;20:29:00;20:00:00;28.999999999999897;20:34:00;20:11:00;22.99999999999992;;;22.99999999999992;08-07-2026_41900
LANGTOG;C43;5811.0;Alnabru;2026-07-08;28.0;Onsdag;20:30:00;20:30:00;0.0;20:51:00;21:51:00;-59.99999999999994;21:26:00;21:26:00;0.0;21:31:00;21:31:00;0.0;;;0.0;08-07-2026_5811
;C45;5709.0;Alnabru;2026-07-08;28.0;Onsdag;21:00:00;21:00:00;0.0;21:11:00;20:00:00;70.99999999999991;21:46:00;21:35:00;10.999999999999961;21:51:00;21:41:00;9.999999999999964;;;9.999999999999964;08-07-2026_5709
LANGTOG;C32 ;5515.0;Alnabru;2026-07-08;28.0;Onsdag;21:15:00;21:15:00;0.0;21:17:00;21:20:00;-2.9999999999999893;21:52:00;21:52:00;0.0;21:57:00;21:57:00;0.0;;;0.0;08-07-2026_5515
PRI-TOG;C23;5735.0;Alnabru;2026-07-08;28.0;Onsdag;21:50:00;21:50:00;0.0;22:02:00;21:40:00;21.999999999999922;22:37:00;22:30:00;6.999999999999975;22:42:00;22:41:00;0.9999999999999964;;;0.9999999999999964;08-07-2026_5735
;;84911.0;Alnabru;2026-07-09;28.0;Torsdag;22:00:00;22:00:00;0.0;05:05:00;05:00:00;4.999999999999982;05:40:00;05:50:00;-9.999999999999964;05:45:00;05:58:00;-12.999999999999993;T12 - Mannskapsmangel;Ingen klargjørere dekt opp fra 05:00;-12.999999999999993;09-07-2026_84911
Lastefristkl. 19:30 dag før avgang.;C45;5301.0;Alnabru;2026-07-09;28.0;Torsdag;19:30:00;19:30:00;0.0;07:51:00;07:51:00;0.0;08:26:00;08:18:00;8.000000000000052;08:31:00;08:27:00;3.999999999999986;;;3.999999999999986;09-07-2026_5301
;C45;5801.0;Alnabru;2026-07-09;28.0;Torsdag;08:50:00;;0.0;08:51:00;;0.0;09:26:00;;0.0;09:31:00;;0.0;T17 - Innstilt tog;;0.0;09-07-2026_5801
PRI-TOG;C42;5731.0;Alnabru;2026-07-09;28.0;Torsdag;08:50:00;09:15:00;-24.999999999999993;09:02:00;09:02:00;0.0;09:37:00;09:26:00;11.00000000000004;09:42:00;09:31:00;11.00000000000004;;;11.00000000000004;09-07-2026_5731
;C32 ;5507.0;Alnabru;2026-07-09;28.0;Torsdag;11:40:00;11:40:00;0.0;11:36:00;11:40:00;-4.000000000000066;12:11:00;12:00:00;10.999999999999961;12:16:00;12:15:00;0.9999999999999964;;;0.9999999999999964;09-07-2026_5507
;C42;45960.0;Alnabru;2026-07-09;28.0;Torsdag;14:00:00;;0.0;15:02:00;;0.0;15:37:00;;0.0;15:42:00;;0.0;T17 - Innstilt tog;;0.0;09-07-2026_45960
;C42;5707.0;Alnabru;2026-07-09;28.0;Torsdag;16:20:00;16:20:00;0.0;16:32:00;16:32:00;0.0;17:07:00;16:45:00;22.00000000000008;17:12:00;16:55:00;16.99999999999994;;;16.99999999999994;09-07-2026_5707
;C32 ;5509.0;Alnabru;2026-07-09;28.0;Torsdag;16:30:00;;0.0;16:44:00;;0.0;17:19:00;;0.0;17:24:00;;0.0;T17 - Innstilt tog;;0.0;09-07-2026_5509
;C45;5805.0;Alnabru;2026-07-09;28.0;Torsdag;17:00:00;17:00:00;0.0;16:51:00;16:50:00;0.9999999999999964;17:26:00;17:30:00;-3.999999999999986;17:31:00;17:37:00;-5.999999999999979;T9 - Feil på vogn;Feil på vogn under bremseprøve, tok tid å utbedre.;-5.999999999999979;09-07-2026_5805
;C44;41960.0;Alnabru;2026-07-09;28.0;Torsdag;16:00:00;15:30:00;29.999999999999893;16:55:00;15:30:00;84.99999999999986;17:30:00;16:45:00;45.0;17:35:00;23:19:00;-344.00000000000006;T23 - Infrastruktur;KL fall lillestr-oslo S;-344.00000000000006;09-07-2026_41960
PRI-TOG;C23;41910.0;Alnabru;2026-07-09;28.0;Torsdag;17:35:00;17:35:00;0.0;17:54:00;17:30:00;24.000000000000075;18:29:00;17:50:00;39.00000000000002;18:34:00;23:59:00;-324.99999999999994;T23 - Infrastruktur;Avg: 00:15;-324.99999999999994;09-07-2026_41910
;C32 ;5511.0;Alnabru;2026-07-09;28.0;Torsdag;18:40:00;18:40:00;0.0;18:59:00;18:40:00;18.999999999999932;19:34:00;19:05:00;29.000000000000057;19:39:00;19:21:00;17.999999999999936;;;17.999999999999936;09-07-2026_5511
;C2/C5A;81971.0;Alnabru;2026-07-09;28.0;Torsdag;16:00:00;16:00:00;0.0;19:18:00;18:55:00;23.000000000000078;19:53:00;19:10:00;43.00000000000001;19:58:00;19:20:00;38.00000000000003;;;38.00000000000003;09-07-2026_81971
;C42;5733.0;Alnabru;2026-07-09;28.0;Torsdag;19:20:00;;0.0;19:35:00;;0.0;20:05:00;;0.0;20:10:00;;0.0;T17 - Innstilt tog;;0.0;09-07-2026_5733
PRI-TOG;C31;41900.0;Alnabru;2026-07-09;28.0;Torsdag;19:40:00;19:40:00;0.0;19:54:00;;0.0;20:29:00;19:50:00;39.00000000000002;20:34:00;23:43:00;-189.0000000000001;T23 - Infrastruktur;;-189.0000000000001;09-07-2026_41900
LANGTOG;C43;5811.0;Alnabru;2026-07-09;28.0;Torsdag;20:30:00;20:30:00;0.0;20:51:00;20:45:00;5.999999999999979;21:26:00;21:10:00;16.000000000000103;21:31:00;21:16:00;15.000000000000107;;;15.000000000000107;09-07-2026_5811
;C45;5709.0;Alnabru;2026-07-09;28.0;Torsdag;21:00:00;21:00:00;0.0;21:11:00;;0.0;21:46:00;21:25:00;20.999999999999925;21:51:00;23:59:00;-128.00000000000003;T23 - Infrastruktur;Avg: 00:23;-128.00000000000003;09-07-2026_5709
LANGTOG;C32 ;5515.0;Alnabru;2026-07-09;28.0;Torsdag;21:15:00;21:15:00;0.0;21:17:00;21:17:00;0.0;21:52:00;21:31:00;20.999999999999925;21:57:00;21:50:00;6.999999999999975;;;6.999999999999975;09-07-2026_5515
PRI-TOG;C23;5735.0;Alnabru;2026-07-09;28.0;Torsdag;21:50:00;21:50:00;0.0;22:02:00;;0.0;22:37:00;22:15:00;21.999999999999922;22:42:00;23:59:00;-77.00000000000004;T23 - Infrastruktur;Avg: 00:36;-77.00000000000004;09-07-2026_5735
Lastefristkl. 19:30 dag før avgang.;C45;5301.0;Alnabru;2026-07-10;28.0;Fredag;19:30:00;;0.0;07:51:00;10:00:00;-129.00000000000003;08:26:00;08:20:00;6.000000000000059;08:31:00;10:50:00;-139.0;T3 - Lokfører;Bremseprøvd med maskin, klar fra term i rute. Forsinket tog inn i går, lokfører måtte ha timene i mellom vaktene før han var på plass.;-139.0;10-07-2026_5301
;C45;5801.0;Alnabru;2026-07-10;28.0;Fredag;08:50:00;;0.0;08:51:00;;0.0;09:26:00;;0.0;09:31:00;;0.0;T17 - Innstilt tog;;0.0;10-07-2026_5801
PRI-TOG;C42;5731.0;Alnabru;2026-07-10;28.0;Fredag;08:50:00;09:37:00;-46.99999999999999;09:02:00;09:00:00;1.999999999999993;09:37:00;09:45:00;-7.999999999999972;09:42:00;11:12:00;-90.0;T3 - Lokfører;Minus på klargjøring og truck. Sent opplastet + lokfører som måtte ha timene mellom vakter etter sent ankommende tog i går.;-90.0;10-07-2026_5731
;C32 ;5507.0;Alnabru;2026-07-10;28.0;Fredag;11:40:00;11:40:00;0.0;11:36:00;11:36:00;-7.993605777301127e-14;12:11:00;12:04:00;6.999999999999975;12:16:00;12:12:00;3.999999999999986;;;3.999999999999986;10-07-2026_5507
;C42;45960.0;Alnabru;2026-07-10;28.0;Fredag;14:00:00;14:00:00;0.0;15:02:00;15:00:00;1.999999999999993;15:37:00;15:30:00;6.999999999999975;15:42:00;15:35:00;6.999999999999975;;;6.999999999999975;10-07-2026_45960
;C32 ;5509.0;Alnabru;2026-07-10;28.0;Fredag;16:30:00;;0.0;16:44:00;;0.0;17:19:00;;0.0;17:24:00;;0.0;T17 - Innstilt tog;;0.0;10-07-2026_5509
;C2/C5A;41971.0;Alnabru;2026-07-10;28.0;Fredag;16:00:00;;0.0;17:04:00;;0.0;17:39:00;;0.0;17:44:00;;0.0;T17 - Innstilt tog;;0.0;10-07-2026_41971
;C45;5805.0;Alnabru;2026-07-10;28.0;Fredag;17:00:00;16:00:00;60.00000000000011;16:51:00;16:30:00;20.999999999999925;17:26:00;17:00:00;25.999999999999908;17:31:00;17:34:00;-2.9999999999999893;;;-2.9999999999999893;10-07-2026_5805
PRI-TOG;C23;41910.0;Alnabru;2026-07-10;28.0;Fredag;17:35:00;;0.0;17:45:00;;0.0;18:20:00;;0.0;18:25:00;;0.0;T17 - Innstilt tog;;0.0;10-07-2026_41910
;C32 ;5511.0;Alnabru;2026-07-10;28.0;Fredag;18:40:00;18:00:00;40.000000000000014;18:59:00;18:30:00;28.999999999999897;19:34:00;19:00:00;34.00000000000004;19:39:00;19:30:00;8.999999999999968;;;8.999999999999968;10-07-2026_5511
;C42;5733.0;Alnabru;2026-07-10;28.0;Fredag;19:20:00;;0.0;19:35:00;;0.0;20:05:00;;0.0;20:10:00;;0.0;T17 - Innstilt tog;;0.0;10-07-2026_5733
PRI-TOG;C31;41900.0;Alnabru;2026-07-10;28.0;Fredag;19:40:00;;0.0;19:46:00;;0.0;20:21:00;;0.0;20:26:00;;0.0;T17 - Innstilt tog;;0.0;10-07-2026_41900
;C45;5709.0;Alnabru;2026-07-10;28.0;Fredag;21:00:00;21:00:00;0.0;21:11:00;20:30:00;41.000000000000014;21:46:00;21:46:00;0.0;21:51:00;21:07:00;44.0;;;44.0;10-07-2026_5709
LANGTOG;C43;5811.0;Alnabru;2026-07-10;28.0;Fredag;20:30:00;20:30:00;0.0;20:51:00;20:51:00;0.0;21:26:00;21:26:00;0.0;21:31:00;21:31:00;0.0;;;0.0;10-07-2026_5811
LANGTOG;C32 ;5515.0;Alnabru;2026-07-10;28.0;Fredag;21:15:00;21:15:00;0.0;21:17:00;21:17:00;0.0;21:52:00;21:52:00;0.0;21:57:00;21:55:00;1.999999999999993;;;1.999999999999993;10-07-2026_5515
PRI-TOG;C23;5735.0;Alnabru;2026-07-10;28.0;Fredag;21:50:00;21:50:00;0.0;22:02:00;21:55:00;6.999999999999975;22:37:00;22:00:00;37.00000000000003;22:42:00;22:25:00;16.99999999999994;;;16.99999999999994;10-07-2026_5735
;;8265.0;Alnabru;2026-07-10;28.0;Fredag;;;0.0;07:22:00;;0.0;07:57:00;07:52:00;4.999999999999982;08:02:00;08:01:00;0.9999999999999964;;;0.9999999999999964;10-07-2026_8265
FORHÅNDSLASTES C32 FREDAG;C32 ;5737.0;Alnabru;2026-07-11;28.0;Lørdag;10:40:00;10:40:00;0.0;11:02:00;10:45:00;16.99999999999994;11:37:00;11:15:00;22.0;11:42:00;11:30:00;11.999999999999957;;;11.999999999999957;11-07-2026_5737
;C44;81971.0;Alnabru;2026-07-11;28.0;Lørdag;13:30:00;13:30:00;0.0;19:18:00;18:40:00;38.00000000000003;19:53:00;16:30:00;203.00000000000009;19:58:00;18:59:00;59.000000000000114;;;59.000000000000114;11-07-2026_81971
PRI-TOG;C23;41910.0;Alnabru;2026-07-11;28.0;Lørdag;12:00:00;;0.0;17:45:00;;0.0;18:20:00;;0.0;18:25:00;;0.0;T17 - Innstilt tog;;0.0;11-07-2026_41910
;C31;42910.0;Alnabru;2026-07-12;28.0;Søndag;14:00:00;14:00:00;0.0;02:40:00;02:30:00;9.999999999999964;03:15:00;02:40:00;35.000000000000036;03:20:00;02:46:00;34.0;;;34.0;12-07-2026_42910
;C42;43010.0;Alnabru;2026-07-12;28.0;Søndag;14:00:00;14:00:00;0.0;03:00:00;02:35:00;24.99999999999997;03:35:00;02:45:00;50.00000000000004;03:40:00;02:53:00;47.000000000000014;;;47.000000000000014;12-07-2026_43010
LASTEFRIST KL. 15:00 LØRDAG;C23;5711.0;Alnabru;2026-07-12;28.0;Søndag;14:30:00;16:00:00;-90.0;07:27:00;07:30:00;-2.9999999999999893;08:02:00;07:25:00;37.00000000000003;08:07:00;07:34:00;33.00000000000004;;;33.00000000000004;12-07-2026_5711
Lastefrist 13:30 Søndag;C44;41960.0;Alnabru;2026-07-12;28.0;Søndag;12:00:00;13:00:00;-59.99999999999994;16:11:00;16:00:00;10.999999999999961;16:46:00;16:15:00;30.99999999999989;16:51:00;16:48:00;2.9999999999999893;;;2.9999999999999893;12-07-2026_41960
;C23;5717.0;Alnabru;2026-07-12;28.0;Søndag;16:00:00;16:00:00;0.0;16:32:00;16:00:00;32.00000000000004;17:07:00;16:30:00;37.00000000000003;17:12:00;17:06:00;5.999999999999979;;;5.999999999999979;12-07-2026_5717
LANGTOG;C32;5523.0;Alnabru;2026-07-12;28.0;Søndag;16:00:00;16:00:00;0.0;18:31:00;18:00:00;31.00000000000005;19:06:00;17:33:00;93.00000000000014;19:11:00;19:00:00;11.00000000000012;;;11.00000000000012;12-07-2026_5523
;C44;81971.0;Alnabru;2026-07-12;28.0;Søndag;13:30:00;13:30:00;0.0;19:18:00;19:00:00;18.000000000000096;19:53:00;19:40:00;13.000000000000114;19:58:00;19:58:00;0.0;;;0.0;12-07-2026_81971
LANGTOG;C43;5811.0;Alnabru;2026-07-12;28.0;Søndag;13:30:00;13:30:00;0.0;20:51:00;20:43:00;7.999999999999972;21:26:00;17:00:00;266.0;21:31:00;20:50:00;41.000000000000014;;;41.000000000000014;12-07-2026_5811
;C32 Nord;5531.0;Alnabru;2026-07-13;29.0;Mandag;07:50:00;07:50:00;0.0;07:43:00;07:43:00;-7.993605777301127e-14;08:18:00;08:18:00;0.0;08:23:00;08:29:00;-6.000000000000059;T20 - Trafikkstyring (TXP/Togleder);;-6.000000000000059;13-07-2026_5531
Lastefristkl. 19:30 dag før avgang.;C45;5301.0;Alnabru;2026-07-13;29.0;Mandag;19:30:00;;0.0;08:11:00;;0.0;08:46:00;;0.0;08:51:00;;0.0;T17 - Innstilt tog;;0.0;13-07-2026_5301
;C45;5801.0;Alnabru;2026-07-13;29.0;Mandag;08:50:00;;0.0;08:51:00;;0.0;09:26:00;;0.0;09:31:00;;0.0;T17 - Innstilt tog;;0.0;13-07-2026_5801
PRI-TOG;C42;5731.0;Alnabru;2026-07-13;29.0;Mandag;08:50:00;09:58:00;-68.0;09:02:00;08:40:00;22.0;09:37:00;10:05:00;-27.99999999999998;09:42:00;10:18:00;-35.99999999999995;T14 - Ekstern datafeil TOS/GOS;;-35.99999999999995;13-07-2026_5731
;C32 ;5507.0;Alnabru;2026-07-13;29.0;Mandag;11:40:00;15:30:00;-230.00000000000006;11:36:00;11:36:00;-7.993605777301127e-14;12:11:00;15:33:00;-202.00000000000009;12:16:00;17:00:00;-284.0000000000001;T14 - Ekstern datafeil TOS/GOS;fikk ny rute 15:30;-284.0000000000001;13-07-2026_5507
;C42;45960.0;Alnabru;2026-07-13;29.0;Mandag;14:00:00;11:00:00;180.00000000000009;15:02:00;14:10:00;51.99999999999997;15:37:00;12:30:00;186.99999999999997;15:42:00;15:52:00;-9.999999999999964;;;-9.999999999999964;13-07-2026_45960
;C42;5707.0;Alnabru;2026-07-13;29.0;Mandag;16:20:00;17:38:00;-78.00000000000004;16:32:00;15:30:00;61.99999999999994;17:07:00;17:52:00;-45.0;17:12:00;18:03:00;-50.99999999999998;T14 - Ekstern datafeil TOS/GOS;Følgeforsinkelse;-50.99999999999998;13-07-2026_5707
;C32 ;5509.0;Alnabru;2026-07-13;29.0;Mandag;16:30:00;;0.0;16:44:00;;0.0;17:19:00;;0.0;17:24:00;;0.0;T17 - Innstilt tog;;0.0;13-07-2026_5509
;C45;5805.0;Alnabru;2026-07-13;29.0;Mandag;17:00:00;16:46:00;14.00000000000011;16:51:00;16:51:00;0.0;17:26:00;17:30:00;-3.999999999999986;17:31:00;17:41:00;-10.000000000000124;T14 - Ekstern datafeil TOS/GOS;Følgeforsinkelse;-10.000000000000124;13-07-2026_5805
;C44;41960.0;Alnabru;2026-07-13;29.0;Mandag;16:00:00;17:03:00;-63.0000000000001;16:55:00;17:00:00;-5.000000000000142;17:30:00;17:40:00;-10.000000000000124;17:35:00;17:46:00;-11.00000000000012;T14 - Ekstern datafeil TOS/GOS;Følgeforsinkelse;-11.00000000000012;13-07-2026_41960
PRI-TOG;C23;41910.0;Alnabru;2026-07-13;29.0;Mandag;17:35:00;17:47:00;-12.000000000000117;17:54:00;17:54:00;0.0;18:29:00;18:16:00;13.000000000000114;18:34:00;18:28:00;5.999999999999979;;;5.999999999999979;13-07-2026_41910
;C32;5511.0;Alnabru;2026-07-13;29.0;Mandag;18:40:00;18:58:00;-17.999999999999936;18:59:00;18:57:00;1.999999999999993;19:34:00;19:26:00;7.999999999999972;19:39:00;19:43:00;-3.999999999999986;;Klar fra oss i tide.;-3.999999999999986;13-07-2026_5511
;C2/C5A;81971.0;Alnabru;2026-07-13;29.0;Mandag;16:00:00;18:15:00;-135.0;19:18:00;19:18:00;0.0;19:53:00;19:53:00;0.0;19:58:00;20:39:00;-41.000000000000014;T34 - Annen feil, forklaring i kommentarfelt;Se synergi;-41.000000000000014;13-07-2026_81971
;C42;5733.0;Alnabru;2026-07-13;29.0;Mandag;19:20:00;;0.0;19:30:00;;0.0;20:05:00;;0.0;20:10:00;;0.0;T17 - Innstilt tog;;0.0;13-07-2026_5733
PRI-TOG;C31;41900.0;Alnabru;2026-07-13;29.0;Mandag;19:40:00;20:00:00;-20.00000000000009;19:54:00;19:54:00;-1.5987211554602254e-13;20:29:00;20:25:00;3.999999999999986;20:34:00;20:32:00;1.999999999999993;;;1.999999999999993;13-07-2026_41900
LANGTOG;C43;5811.0;Alnabru;2026-07-13;29.0;Mandag;20:30:00;20:30:00;0.0;20:51:00;20:51:00;0.0;21:26:00;21:16:00;10.000000000000124;21:31:00;21:31:00;0.0;;;0.0;13-07-2026_5811
;C45;5709.0;Alnabru;2026-07-13;29.0;Mandag;21:00:00;21:35:00;-35.000000000000036;21:11:00;21:11:00;0.0;21:46:00;21:48:00;-1.999999999999993;21:51:00;21:58:00;-6.999999999999975;T14 - Ekstern datafeil TOS/GOS;Følgeforsinkelse;-6.999999999999975;13-07-2026_5709
LANGTOG;C32 ;5515.0;Alnabru;2026-07-13;29.0;Mandag;21:15:00;21:30:00;-15.000000000000107;21:17:00;21:17:00;0.0;21:52:00;21:40:00;11.999999999999957;21:57:00;22:42:00;-45.0;T23 - Infrastruktur;Mulig skade på veksler etter hendelse. Se synergi;-45.0;13-07-2026_5515
PRI-TOG;C23;5735.0;Alnabru;2026-07-13;29.0;Mandag;21:50:00;21:50:00;0.0;22:02:00;22:00:00;1.999999999999993;22:37:00;22:28:00;8.999999999999968;22:42:00;22:35:00;6.999999999999975;;;6.999999999999975;13-07-2026_5735
Lastefristkl. 19:30 dag før avgang.;C45;5301.0;Alnabru;2026-07-14;29.0;Tirsdag;19:30:00;;0.0;08:11:00;;0.0;08:46:00;;0.0;08:51:00;;0.0;T17 - Innstilt tog;;0.0;14-07-2026_5301
;C45;5801.0;Alnabru;2026-07-14;29.0;Tirsdag;08:50:00;;0.0;08:51:00;;0.0;09:26:00;;0.0;09:31:00;;0.0;T17 - Innstilt tog;;0.0;14-07-2026_5801
PRI-TOG;C42;5731.0;Alnabru;2026-07-14;29.0;Tirsdag;08:50:00;09:00:00;-9.999999999999964;09:02:00;09:00:00;1.999999999999993;09:37:00;09:35:00;1.999999999999993;09:42:00;10:07:00;-24.999999999999993;T24 - Optimalisering av togstamme;;-24.999999999999993;14-07-2026_5731
;C32 ;5507.0;Alnabru;2026-07-14;29.0;Tirsdag;11:40:00;;0.0;11:36:00;11:00:00;35.99999999999995;12:11:00;12:40:00;-29.000000000000057;12:16:00;12:50:00;-34.00000000000004;T26 - Terminalforhold (Forklar nærmere i kommentar);forsinket/Innstilte tog, skiftere må bygge stammer og sette inn vogner i de flest tog;-34.00000000000004;14-07-2026_5507
;C42;45960.0;Alnabru;2026-07-14;29.0;Tirsdag;14:00:00;;0.0;15:02:00;;0.0;15:37:00;;0.0;15:42:00;;0.0;T17 - Innstilt tog;;0.0;14-07-2026_45960
;C42;5707.0;Alnabru;2026-07-14;29.0;Tirsdag;16:20:00;16:00:00;20.00000000000009;16:32:00;16:15:00;16.99999999999994;17:07:00;16:35:00;32.00000000000004;17:12:00;16:48:00;24.000000000000075;;;24.000000000000075;14-07-2026_5707
;C32 ;5509.0;Alnabru;2026-07-14;29.0;Tirsdag;16:30:00;;0.0;16:44:00;;0.0;17:19:00;;0.0;17:24:00;;0.0;T17 - Innstilt tog;;0.0;14-07-2026_5509
;C44;41960.0;Alnabru;2026-07-14;29.0;Tirsdag;16:00:00;16:00:00;0.0;16:55:00;16:30:00;24.99999999999991;17:30:00;17:23:00;6.999999999999975;17:35:00;17:35:00;0.0;;;0.0;14-07-2026_41960
;C2/C5A;41971.0;Alnabru;2026-07-14;29.0;Tirsdag;16:00:00;18:15:00;-135.0;19:18:00;;0.0;19:53:00;19:00:00;53.00000000000013;19:58:00;19:34:00;24.000000000000075;;;24.000000000000075;14-07-2026_41971
;C45;5805.0;Alnabru;2026-07-14;29.0;Tirsdag;17:00:00;17:10:00;-9.999999999999964;17:11:00;17:05:00;5.999999999999979;17:26:00;17:35:00;-8.999999999999968;17:31:00;17:51:00;-20.00000000000009;T34 - Annen feil, forklaring i kommentarfelt;Sen opplasting. ;-20.00000000000009;14-07-2026_5805
PRI-TOG;C23;41910.0;Alnabru;2026-07-14;29.0;Tirsdag;17:35:00;17:30:00;4.999999999999982;17:54:00;17:40:00;13.99999999999995;18:29:00;18:00:00;29.000000000000057;18:34:00;18:31:00;2.9999999999999893;;;2.9999999999999893;14-07-2026_41910
;C32 ;5511.0;Alnabru;2026-07-14;29.0;Tirsdag;18:40:00;18:40:00;0.0;18:59:00;18:50:00;8.999999999999968;19:34:00;19:05:00;29.000000000000057;19:39:00;19:23:00;15.999999999999943;;;15.999999999999943;14-07-2026_5511
;C42;5733.0;Alnabru;2026-07-14;29.0;Tirsdag;19:20:00;;0.0;19:35:00;;0.0;20:05:00;;0.0;20:10:00;;0.0;T17 - Innstilt tog;;0.0;14-07-2026_5733
PRI-TOG;C31;41900.0;Alnabru;2026-07-14;29.0;Tirsdag;19:40:00;19:40:00;0.0;19:54:00;19:50:00;4.000000000000146;20:29:00;20:10:00;18.999999999999932;20:34:00;21:08:00;-34.00000000000004;T34 - Annen feil, forklaring i kommentarfelt;Uviss årsak. Klar fra oss i tide. Ny lastefrist.;-34.00000000000004;14-07-2026_41900
;C45;5709.0;Alnabru;2026-07-14;29.0;Tirsdag;21:00:00;21:00:00;0.0;21:11:00;20:50:00;20.999999999999925;21:46:00;21:30:00;15.999999999999943;21:51:00;21:40:00;10.999999999999961;;;10.999999999999961;14-07-2026_5709
LANGTOG;C43;5811.0;Alnabru;2026-07-14;29.0;Tirsdag;20:30:00;20:25:00;4.999999999999982;20:51:00;20:51:00;0.0;21:26:00;21:21:00;5.000000000000142;21:31:00;21:31:00;0.0;;;0.0;14-07-2026_5811
LANGTOG;C32 ;5515.0;Alnabru;2026-07-14;29.0;Tirsdag;21:15:00;21:15:00;0.0;21:17:00;21:10:00;6.999999999999975;21:52:00;21:35:00;16.99999999999994;21:57:00;21:55:00;1.999999999999993;;;1.999999999999993;14-07-2026_5515
PRI-TOG;C23;5735.0;Alnabru;2026-07-14;29.0;Tirsdag;21:50:00;21:45:00;4.999999999999982;22:02:00;22:00:00;1.999999999999993;22:37:00;22:15:00;21.999999999999922;22:42:00;22:24:00;17.999999999999936;;;17.999999999999936;14-07-2026_5735
;C32 Nord;5531.0;Alnabru;2026-07-15;29.0;Onsdag;07:50:00;;0.0;07:43:00;;0.0;08:18:00;;0.0;08:23:00;;0.0;T17 - Innstilt tog;;0.0;15-07-2026_5531
Lastefristkl. 19:30 dag før avgang.;C45;5301.0;Alnabru;2026-07-15;29.0;Onsdag;19:30:00;;0.0;08:11:00;;0.0;08:46:00;;0.0;08:51:00;;0.0;T17 - Innstilt tog;;0.0;15-07-2026_5301
;C45;5801.0;Alnabru;2026-07-15;29.0;Onsdag;08:50:00;;0.0;08:51:00;;0.0;09:26:00;;0.0;09:31:00;;0.0;T17 - Innstilt tog;;0.0;15-07-2026_5801
PRI-TOG;C42;5731.0;Alnabru;2026-07-15;29.0;Onsdag;08:50:00;09:35:00;-45.0;09:02:00;09:00:00;1.999999999999993;09:37:00;09:50:00;-12.999999999999954;09:42:00;10:28:00;-46.0;T28 - Sen lasting/lossing av kunde/underleverandør;Sen opplasting fra truck. Gjensto 8+ enheter ved lastefrist, må prioritere avgående tog;-46.0;15-07-2026_5731
;C32 ;5507.0;Alnabru;2026-07-15;29.0;Onsdag;11:40:00;11:40:00;0.0;11:36:00;11:35:00;0.9999999999999165;12:11:00;12:11:00;0.0;12:16:00;12:21:00;-4.999999999999982;;;-4.999999999999982;15-07-2026_5507
;C42;45960.0;Alnabru;2026-07-15;29.0;Onsdag;14:00:00;;0.0;15:02:00;;0.0;15:37:00;;0.0;15:42:00;15:11:00;31.00000000000005;;;31.00000000000005;15-07-2026_45960
;C42;5707.0;Alnabru;2026-07-15;29.0;Onsdag;16:20:00;16:20:00;0.0;16:32:00;16:15:00;16.99999999999994;17:07:00;16:35:00;32.00000000000004;17:12:00;23:57:00;-405.0;T23 - Infrastruktur;Brann ved hovedbanen.;-405.0;15-07-2026_5707
;C32 ;5509.0;Alnabru;2026-07-15;29.0;Onsdag;16:30:00;;0.0;16:44:00;;0.0;17:19:00;16:50:00;;17:24:00;;0.0;T17 - Innstilt tog;;0.0;15-07-2026_5509
;C45;5805.0;Alnabru;2026-07-15;29.0;Onsdag;17:00:00;17:00:00;0.0;16:51:00;16:50:00;0.9999999999999964;17:26:00;17:05:00;20.999999999999925;17:31:00;17:30:00;0.9999999999999964;;;0.9999999999999964;15-07-2026_5805
;C44;41960.0;Alnabru;2026-07-15;29.0;Onsdag;16:00:00;16:10:00;-10.000000000000124;16:55:00;16:55:00;-1.5987211554602254e-13;17:30:00;17:10:00;19.99999999999993;17:35:00;23:50:00;-375.0000000000001;T23 - Infrastruktur;Brann ved hovedbanen.;-375.0000000000001;15-07-2026_41960
PRI-TOG;C23;41910.0;Alnabru;2026-07-15;29.0;Onsdag;17:35:00;17:33:00;1.999999999999993;17:54:00;17:50:00;3.999999999999986;18:29:00;18:15:00;14.00000000000011;18:34:00;00:10:00;1104.0;T23 - Infrastruktur;Brann ved hovedbanen.;1104.0;15-07-2026_41910
;C32 ;5511.0;Alnabru;2026-07-15;29.0;Onsdag;18:40:00;18:30:00;9.999999999999964;18:59:00;18:20:00;39.00000000000002;19:34:00;18:50:00;44.0;19:39:00;19:35:00;3.999999999999986;;;3.999999999999986;15-07-2026_5511
;C2/C5A;41971.0;Alnabru;2026-07-15;29.0;Onsdag;16:00:00;18:30:00;-150.0000000000001;19:18:00;19:00:00;18.000000000000096;19:53:00;19:19:00;34.00000000000004;19:58:00;19:24:00;34.00000000000004;;;34.00000000000004;15-07-2026_41971
;C42;5733.0;Alnabru;2026-07-15;29.0;Onsdag;19:20:00;;0.0;19:35:00;;0.0;20:05:00;;0.0;20:10:00;;0.0;T17 - Innstilt tog;;0.0;15-07-2026_5733
PRI-TOG;C31;41900.0;Alnabru;2026-07-15;29.0;Onsdag;19:40:00;19:35:00;4.999999999999982;19:54:00;19:54:00;-1.5987211554602254e-13;20:29:00;20:29:00;0.0;20:34:00;00:55:00;1179.0;T23 - Infrastruktur;Brann ved hovedbanen.;1179.0;15-07-2026_41900
LANGTOG;C43;5811.0;Alnabru;2026-07-15;29.0;Onsdag;20:30:00;20:30:00;0.0;20:51:00;21:10:00;-18.999999999999932;21:26:00;20:55:00;31.00000000000005;21:31:00;21:29:00;1.999999999999993;T18 - Sent lok til stamme;;1.999999999999993;15-07-2026_5811
;C45;5709.0;Alnabru;2026-07-15;29.0;Onsdag;21:00:00;21:00:00;0.0;21:11:00;21:11:00;0.0;21:46:00;21:30:00;15.999999999999943;21:51:00;01:44:00;1207.0;T23 - Infrastruktur;Brann ved hovedbanen.;1207.0;15-07-2026_5709
LANGTOG;C32 ;5515.0;Alnabru;2026-07-15;29.0;Onsdag;21:15:00;21:10:00;4.999999999999982;21:17:00;21:45:00;-28.00000000000006;21:52:00;21:20:00;32.00000000000004;21:57:00;22:01:00;-3.999999999999986;T18 - Sent lok til stamme;;-3.999999999999986;15-07-2026_5515
PRI-TOG;C23;5735.0;Alnabru;2026-07-15;29.0;Onsdag;21:50:00;21:50:00;0.0;22:02:00;22:00:00;1.999999999999993;22:37:00;22:20:00;16.99999999999994;22:42:00;01:35:00;1267.0;T23 - Infrastruktur;Brann ved hovedbanen.;1267.0;15-07-2026_5735
;;84911.0;Alnabru;2026-07-16;29.0;Torsdag;;;0.0;05:05:00;;0.0;05:40:00;;0.0;05:45:00;05:42:00;3.0000000000000293;;;3.0000000000000293;16-07-2026_84911
Lastefristkl. 19:30 dag før avgang.;C45;5301.0;Alnabru;2026-07-16;29.0;Torsdag;19:30:00;;0.0;08:11:00;;0.0;08:46:00;;0.0;08:51:00;;0.0;T17 - Innstilt tog;;0.0;16-07-2026_5301
;C45;5801.0;Alnabru;2026-07-16;29.0;Torsdag;08:50:00;;0.0;08:51:00;;0.0;09:26:00;;0.0;09:31:00;;0.0;T17 - Innstilt tog;;0.0;16-07-2026_5801
PRI-TOG;C42;5731.0;Alnabru;2026-07-16;29.0;Torsdag;08:50:00;09:00:00;-9.999999999999964;09:02:00;11:30:00;-148.00000000000003;09:37:00;09:35:00;1.999999999999993;09:42:00;12:07:00;-144.99999999999997;T3 - Lokfører;hviletid, Lokfører kom inn med sent tog i natt. ;-144.99999999999997;16-07-2026_5731
;C32 ;5507.0;Alnabru;2026-07-16;29.0;Torsdag;11:40:00;11:39:00;0.9999999999999964;11:36:00;11:39:00;-3.0000000000000693;12:11:00;12:06:00;4.999999999999982;12:16:00;12:12:00;3.999999999999986;;;3.999999999999986;16-07-2026_5507
;C42;45960.0;Alnabru;2026-07-16;29.0;Torsdag;14:00:00;;0.0;15:02:00;;0.0;15:37:00;;0.0;15:42:00;;0.0;T17 - Innstilt tog;;0.0;16-07-2026_45960
;C42;5707.0;Alnabru;2026-07-16;29.0;Torsdag;16:20:00;16:20:00;0.0;16:32:00;16:15:00;16.99999999999994;17:07:00;17:05:00;1.999999999999993;17:12:00;17:08:00;3.999999999999986;;;3.999999999999986;16-07-2026_5707
;C32 ;5509.0;Alnabru;2026-07-16;29.0;Torsdag;16:30:00;;0.0;16:44:00;;0.0;17:19:00;;0.0;17:24:00;;0.0;T17 - Innstilt tog;;0.0;16-07-2026_5509
;C45;5805.0;Alnabru;2026-07-16;29.0;Torsdag;17:00:00;17:10:00;-9.999999999999964;16:51:00;17:25:00;-34.00000000000004;17:26:00;17:38:00;-12.000000000000117;17:31:00;17:41:00;-10.000000000000124;T18 - Sent lok til stamme;;-10.000000000000124;16-07-2026_5805
;C44;41960.0;Alnabru;2026-07-16;29.0;Torsdag;16:00:00;13:30:00;149.99999999999994;16:55:00;16:40:00;14.999999999999947;17:30:00;17:10:00;19.99999999999993;17:35:00;17:27:00;7.999999999999972;;;7.999999999999972;16-07-2026_41960
PRI-TOG;C23;41910.0;Alnabru;2026-07-16;29.0;Torsdag;17:35:00;;0.0;17:45:00;;0.0;18:20:00;;0.0;18:25:00;;0.0;T17 - Innstilt tog;;0.0;16-07-2026_41910
;C32 ;5511.0;Alnabru;2026-07-16;29.0;Torsdag;18:40:00;18:40:00;0.0;18:59:00;18:30:00;28.999999999999897;19:34:00;19:10:00;23.999999999999915;19:39:00;19:30:00;8.999999999999968;;;8.999999999999968;16-07-2026_5511
;C2/C5A;81971.0;Alnabru;2026-07-16;29.0;Torsdag;16:00:00;16:00:00;0.0;19:18:00;18:00:00;78.00000000000004;19:53:00;18:38:00;75.00000000000006;19:58:00;19:45:00;13.000000000000114;;;13.000000000000114;16-07-2026_81971
;C42;5733.0;Alnabru;2026-07-16;29.0;Torsdag;19:20:00;;0.0;19:35:00;;0.0;20:05:00;;0.0;20:10:00;;0.0;T17 - Innstilt tog;;0.0;16-07-2026_5733
PRI-TOG;C31;41900.0;Alnabru;2026-07-16;29.0;Torsdag;19:40:00;19:40:00;0.0;19:54:00;19:30:00;23.999999999999915;20:29:00;19:55:00;33.99999999999988;20:34:00;20:25:00;8.999999999999968;;;8.999999999999968;16-07-2026_41900
LANGTOG;C43;5811.0;Alnabru;2026-07-16;29.0;Torsdag;20:30:00;20:25:00;4.999999999999982;20:51:00;20:35:00;16.000000000000103;21:26:00;20:39:00;46.99999999999999;21:31:00;21:31:00;0.0;;;0.0;16-07-2026_5811
;C45;5709.0;Alnabru;2026-07-16;29.0;Torsdag;21:00:00;20:43:00;16.99999999999994;21:11:00;;0.0;21:46:00;21:15:00;31.00000000000005;21:51:00;00:24:00;1287.0;T18 - Sent lok til stamme;Lok kommer etter kl 23:00;1287.0;16-07-2026_5709
LANGTOG;C32 ;5515.0;Alnabru;2026-07-16;29.0;Torsdag;21:15:00;21:04:00;10.999999999999961;21:17:00;21:17:00;0.0;21:52:00;21:20:00;32.00000000000004;21:57:00;21:44:00;12.999999999999954;;;12.999999999999954;16-07-2026_5515
PRI-TOG;C23;5735.0;Alnabru;2026-07-16;29.0;Torsdag;21:50:00;21:30:00;19.99999999999993;22:02:00;21:30:00;31.999999999999886;22:37:00;22:02:00;35.000000000000036;22:42:00;22:12:00;29.999999999999893;;;29.999999999999893;16-07-2026_5735
Lastefristkl. 19:30 dag før avgang.;C45;5301.0;Alnabru;2026-07-17;29.0;Fredag;19:30:00;;0.0;08:11:00;;0.0;08:46:00;;0.0;08:51:00;;0.0;T17 - Innstilt tog;;0.0;17-07-2026_5301
;C45;5801.0;Alnabru;2026-07-17;29.0;Fredag;08:50:00;;0.0;08:51:00;;0.0;09:26:00;;0.0;09:31:00;;0.0;T17 - Innstilt tog;;0.0;17-07-2026_5801
PRI-TOG;C42;5731.0;Alnabru;2026-07-17;29.0;Fredag;08:50:00;09:00:00;-9.999999999999964;09:02:00;08:45:00;17.00000000000002;09:37:00;09:20:00;17.00000000000002;09:42:00;09:26:00;16.00000000000002;;;16.00000000000002;17-07-2026_5731
;C32 ;5507.0;Alnabru;2026-07-17;29.0;Fredag;11:40:00;11:40:00;0.0;11:36:00;11:30:00;5.999999999999899;12:11:00;12:00:00;10.999999999999961;12:16:00;12:16:00;0.0;;;0.0;17-07-2026_5507
;C42;45960.0;Alnabru;2026-07-17;29.0;Fredag;14:00:00;14:00:00;0.0;15:02:00;14:30:00;32.00000000000004;15:37:00;15:25:00;11.999999999999957;15:42:00;15:33:00;8.999999999999968;;;8.999999999999968;17-07-2026_45960
;C32 ;5509.0;Alnabru;2026-07-17;29.0;Fredag;16:30:00;;0.0;16:44:00;;0.0;17:19:00;;0.0;17:24:00;;0.0;T17 - Innstilt tog;;0.0;17-07-2026_5509
;C2/C5A;41971.0;Alnabru;2026-07-17;29.0;Fredag;16:00:00;;0.0;17:04:00;;0.0;17:39:00;;0.0;17:44:00;;0.0;T17 - Innstilt tog;;0.0;17-07-2026_41971
;C45;5805.0;Alnabru;2026-07-17;29.0;Fredag;17:00:00;16:50:00;10.000000000000124;16:51:00;18:05:00;-74.00000000000006;17:26:00;18:10:00;-44.0;17:31:00;18:15:00;-44.0;T19 - Feil på lok;;-44.0;17-07-2026_5805
PRI-TOG;C23;41910.0;Alnabru;2026-07-17;29.0;Fredag;17:35:00;17:15:00;19.99999999999993;17:54:00;17:40:00;13.99999999999995;18:29:00;17:50:00;39.00000000000002;18:34:00;;0.0;T23 - Infrastruktur;18/7: 05:41;0.0;17-07-2026_41910
;C32 ;5511.0;Alnabru;2026-07-17;29.0;Fredag;18:40:00;18:00:00;40.000000000000014;18:59:00;18:40:00;18.999999999999932;19:34:00;18:45:00;48.999999999999986;19:39:00;19:21:00;17.999999999999936;;;17.999999999999936;17-07-2026_5511
;C42;5733.0;Alnabru;2026-07-17;29.0;Fredag;19:20:00;;0.0;19:35:00;;0.0;20:05:00;;0.0;20:10:00;;0.0;T17 - Innstilt tog;;0.0;17-07-2026_5733
PRI-TOG;C31;41900.0;Alnabru;2026-07-17;29.0;Fredag;19:40:00;19:20:00;19.99999999999993;19:54:00;19:50:00;3.999999999999986;20:29:00;;0.0;20:34:00;;0.0;T23 - Infrastruktur;18/7: 05:58;0.0;17-07-2026_41900
;C45;5709.0;Alnabru;2026-07-17;29.0;Fredag;21:00:00;20:30:00;30.000000000000053;21:11:00;;0.0;21:46:00;;0.0;21:51:00;;0.0;T23 - Infrastruktur;18/7. 05:23;0.0;17-07-2026_5709
LANGTOG;C43;5811.0;Alnabru;2026-07-17;29.0;Fredag;20:30:00;20:30:00;0.0;20:51:00;20:46:00;4.999999999999982;21:26:00;21:20:00;6.0000000000001386;21:31:00;21:30:00;0.9999999999999964;;;0.9999999999999964;17-07-2026_5811
LANGTOG;C32 ;5515.0;Alnabru;2026-07-17;29.0;Fredag;21:15:00;21:15:00;0.0;21:17:00;21:10:00;6.999999999999975;21:52:00;21:35:00;16.99999999999994;21:57:00;21:56:00;0.9999999999999964;;;0.9999999999999964;17-07-2026_5515
PRI-TOG;C23;5735.0;Alnabru;2026-07-17;29.0;Fredag;21:50:00;21:50:00;0.0;22:02:00;21:54:00;7.999999999999972;22:37:00;22:20:00;16.99999999999994;22:42:00;;0.0;T23 - Infrastruktur;18/7:05:48;0.0;17-07-2026_5735
FORHÅNDSLASTES C32 FREDAG;C32 ;5737.0;Alnabru;2026-07-18;29.0;Lørdag;11:00:00;11:00:00;0.0;11:02:00;11:15:00;-13.000000000000034;11:37:00;11:30:00;6.999999999999975;11:42:00;13:17:00;-95.00000000000006;T9 - Feil på vogn;Feil på vogn under gjennomslag, måtte merkes og stenges;-95.00000000000006;18-07-2026_5737
;C44;81971.0;Alnabru;2026-07-18;29.0;Lørdag;12:00:00;12:00:00;0.0;19:18:00;18:55:00;23.000000000000078;19:53:00;17:10:00;163.00000000000006;19:58:00;19:09:00;48.999999999999986;;;48.999999999999986;18-07-2026_81971
PRI-TOG;C23;41910.0;Alnabru;2026-07-18;29.0;Lørdag;12:00:00;12:00:00;0.0;17:54:00;16:25:00;89.0;18:29:00;16:40:00;109.00000000000009;18:34:00;17:00:00;93.99999999999999;;;93.99999999999999;18-07-2026_41910
LASTEFRIST KL. 15:00 LØRDAG;C23;5711.0;Alnabru;2026-07-19;29.0;Søndag;14:30:00;14:30:00;0.0;07:36:00;07:20:00;15.999999999999943;08:11:00;07:30:00;41.000000000000014;08:16:00;07:48:00;27.99999999999998;;;27.99999999999998;19-07-2026_5711
Lastefrist 13:30 Søndag;C44;41960.0;Alnabru;2026-07-19;29.0;Søndag;13:30:00;13:30:00;0.0;16:11:00;15:35:00;35.99999999999987;16:46:00;15:45:00;60.99999999999994;16:51:00;15:49:00;61.99999999999994;;;61.99999999999994;19-07-2026_41960
;C23;5717.0;Alnabru;2026-07-19;29.0;Søndag;16:00:00;14:00:00;119.99999999999989;16:32:00;16:25:00;6.999999999999975;17:07:00;16:30:00;37.00000000000003;17:12:00;16:45:00;27.000000000000064;;;27.000000000000064;19-07-2026_5717
LANGTOG;C32;5523.0;Alnabru;2026-07-19;29.0;Søndag;16:00:00;16:15:00;-15.000000000000107;18:36:00;18:18:00;18.000000000000096;19:11:00;18:40:00;31.00000000000005;19:16:00;18:50:00;26.000000000000068;;;26.000000000000068;19-07-2026_5523
;C44;81971.0;Alnabru;2026-07-19;29.0;Søndag;13:30:00;13:30:00;0.0;19:18:00;18:40:00;38.00000000000003;19:53:00;18:50:00;63.0000000000001;19:58:00;19:00:00;58.000000000000114;;;58.000000000000114;19-07-2026_81971
LANGTOG;C43;5811.0;Alnabru;2026-07-19;29.0;Søndag;13:30:00;13:30:00;0.0;20:51:00;20:40:00;10.999999999999961;21:26:00;20:50:00;36.00000000000003;21:31:00;21:00:00;31.00000000000005;;;31.00000000000005;19-07-2026_5811
;C32 Nord;5531.0;Alnabru;2026-07-20;30.0;Mandag;07:50:00;07:50:00;0.0;07:43:00;07:40:00;2.9999999999999893;08:18:00;08:05:00;12.999999999999954;08:23:00;08:23:00;0.0;;;0.0;20-07-2026_5531
Lastefristkl. 19:30 dag før avgang.;C45;5301.0;Alnabru;2026-07-20;30.0;Mandag;19:30:00;;0.0;08:11:00;;0.0;08:46:00;;0.0;08:51:00;;0.0;T17 - Innstilt tog;;0.0;20-07-2026_5301
;C45;5801.0;Alnabru;2026-07-20;30.0;Mandag;08:50:00;;0.0;08:51:00;;0.0;09:26:00;;0.0;09:31:00;;0.0;T17 - Innstilt tog;;0.0;20-07-2026_5801
PRI-TOG;C42;5731.0;Alnabru;2026-07-20;30.0;Mandag;08:50:00;08:50:00;0.0;09:02:00;10:00:00;-58.000000000000036;09:37:00;10:05:00;-27.99999999999998;09:42:00;10:18:00;-35.99999999999995;T23 - Infrastruktur;Skinnebrudd Alfaset;-35.99999999999995;20-07-2026_5731
;C32 ;5507.0;Alnabru;2026-07-20;30.0;Mandag;11:40:00;11:40:00;0.0;11:36:00;11:35:00;0.9999999999999165;12:11:00;12:10:00;0.9999999999999964;12:16:00;12:14:00;1.999999999999993;;;1.999999999999993;20-07-2026_5507
;C42;45960.0;Alnabru;2026-07-20;30.0;Mandag;14:00:00;;0.0;15:02:00;;0.0;15:37:00;;0.0;15:42:00;15:19:00;23.000000000000078;;;23.000000000000078;20-07-2026_45960
;C42;5707.0;Alnabru;2026-07-20;30.0;Mandag;16:20:00;16:20:00;0.0;16:32:00;16:32:00;0.0;17:07:00;16:15:00;51.99999999999997;17:12:00;17:31:00;-18.999999999999932;T23 - Infrastruktur;Skinnebrudd alfaset, stamme måtte trekkes ned på Gspor og huke på lok i Nordenden, ut over aker.;-18.999999999999932;20-07-2026_5707
;C32 ;5509.0;Alnabru;2026-07-20;30.0;Mandag;16:30:00;;0.0;16:44:00;;0.0;17:19:00;;0.0;17:24:00;;0.0;T17 - Innstilt tog;;0.0;20-07-2026_5509
;C44;41960.0;Alnabru;2026-07-20;30.0;Mandag;16:00:00;15:00:00;59.99999999999994;16:55:00;16:45:00;9.999999999999964;17:30:00;17:45:00;-15.000000000000107;17:35:00;17:57:00;-22.00000000000008;T16 - Kø skifting;skifting fra Onrail;-22.00000000000008;20-07-2026_41960
;C2/C5A;81971.0;Alnabru;2026-07-20;30.0;Mandag;16:00:00;16:00:00;0.0;19:18:00;19:18:00;0.0;19:53:00;19:30:00;23.000000000000078;19:58:00;19:58:00;0.0;;;0.0;20-07-2026_81971
;C45;5805.0;Alnabru;2026-07-20;30.0;Mandag;17:00:00;17:00:00;0.0;16:51:00;16:51:00;0.0;17:26:00;17:00:00;25.999999999999908;17:31:00;17:10:00;20.999999999999925;;;20.999999999999925;20-07-2026_5805
PRI-TOG;C23;41910.0;Alnabru;2026-07-20;30.0;Mandag;17:35:00;17:35:00;0.0;17:54:00;17:54:00;0.0;18:29:00;18:29:00;0.0;18:34:00;18:49:00;-14.999999999999947;T23 - Infrastruktur;Skinnebrudd alfaset, stamme måtte trekkes ned på Gspor og huke på lok i Nordenden, ut over aker.;-14.999999999999947;20-07-2026_41910
;C32;5511.0;Alnabru;2026-07-20;30.0;Mandag;18:40:00;18:40:00;0.0;18:59:00;18:59:00;0.0;19:34:00;19:25:00;8.999999999999968;19:39:00;19:34:00;4.999999999999982;;;4.999999999999982;20-07-2026_5511
;C42;5733.0;Alnabru;2026-07-20;30.0;Mandag;19:20:00;;0.0;19:30:00;;0.0;20:05:00;;0.0;20:10:00;;0.0;T17 - Innstilt tog;;0.0;20-07-2026_5733
PRI-TOG;C31;41900.0;Alnabru;2026-07-20;30.0;Mandag;19:40:00;19:40:00;0.0;19:54:00;19:53:00;0.9999999999998366;20:29:00;20:10:00;18.999999999999932;20:34:00;20:36:00;-1.999999999999993;T23 - Infrastruktur;Skinnebrudd alfaset, stamme måtte trekkes ned på Gspor og huke på lok i Nordenden, ut over aker.;-1.999999999999993;20-07-2026_41900
;C45;5709.0;Alnabru;2026-07-20;30.0;Mandag;21:00:00;21:00:00;0.0;21:11:00;21:11:00;0.0;21:46:00;21:40:00;5.999999999999979;21:51:00;22:04:00;-12.999999999999954;T23 - Infrastruktur;Skinnebrudd alfaset, stamme måtte trekkes ned på Gspor og huke på lok i Nordenden, ut over aker.;-12.999999999999954;20-07-2026_5709
LANGTOG;C43;5811.0;Alnabru;2026-07-20;30.0;Mandag;20:30:00;20:30:00;0.0;20:51:00;20:45:00;5.999999999999979;21:26:00;21:00:00;26.000000000000068;21:31:00;21:11:00;20.00000000000009;;;20.00000000000009;20-07-2026_5811
LANGTOG;C32 ;5515.0;Alnabru;2026-07-20;30.0;Mandag;21:15:00;21:15:00;0.0;21:17:00;21:15:00;1.999999999999993;21:52:00;21:34:00;17.999999999999936;21:57:00;21:57:00;0.0;;;0.0;20-07-2026_5515
PRI-TOG;C23;5735.0;Alnabru;2026-07-20;30.0;Mandag;21:50:00;21:50:00;0.0;22:02:00;22:00:00;1.999999999999993;22:37:00;22:30:00;6.999999999999975;22:42:00;22:47:00;-4.999999999999982;T23 - Infrastruktur;Skinnebrudd alfaset, stamme måtte trekkes ned på Gspor og huke på lok i Nordenden, ut over aker.;-4.999999999999982;20-07-2026_5735
Lastefristkl. 19:30 dag før avgang.;C45;5301.0;Alnabru;2026-07-21;30.0;Tirsdag;19:30:00;;0.0;08:11:00;;0.0;08:46:00;;0.0;08:51:00;;0.0;T17 - Innstilt tog;;0.0;21-07-2026_5301
;C45;5801.0;Alnabru;2026-07-21;30.0;Tirsdag;08:50:00;;0.0;08:51:00;;0.0;09:26:00;;0.0;09:31:00;;0.0;T17 - Innstilt tog;;0.0;21-07-2026_5801
PRI-TOG;C42;5731.0;Alnabru;2026-07-21;30.0;Tirsdag;08:50:00;08:56:00;-5.999999999999979;09:02:00;09:02:00;0.0;09:37:00;09:10:00;27.000000000000064;09:42:00;09:42:00;0.0;;;0.0;21-07-2026_5731
;C32 ;5507.0;Alnabru;2026-07-21;30.0;Tirsdag;11:40:00;11:47:00;-6.999999999999975;11:36:00;11:49:00;-13.000000000000114;12:11:00;12:13:00;-1.999999999999993;12:16:00;12:30:00;-14.00000000000011;T20 - Trafikkstyring (TXP/Togleder);klar i tide. Sen ut av TXP;-14.00000000000011;21-07-2026_5507
;C42;45960.0;Alnabru;2026-07-21;30.0;Tirsdag;14:00:00;;0.0;15:02:00;;0.0;15:37:00;;0.0;15:42:00;;0.0;T17 - Innstilt tog;;0.0;21-07-2026_45960
;C42;5707.0;Alnabru;2026-07-21;30.0;Tirsdag;16:20:00;16:20:00;0.0;16:32:00;16:32:00;0.0;17:07:00;16:30:00;37.00000000000003;17:12:00;17:12:00;0.0;;;0.0;21-07-2026_5707
;C32 ;5509.0;Alnabru;2026-07-21;30.0;Tirsdag;16:30:00;;0.0;16:44:00;;0.0;17:19:00;;0.0;17:24:00;;0.0;T17 - Innstilt tog;;0.0;21-07-2026_5509
;C44;41960.0;Alnabru;2026-07-21;30.0;Tirsdag;16:00:00;16:00:00;0.0;16:48:00;15:30:00;77.99999999999989;17:23:00;17:00:00;22.99999999999992;17:28:00;17:18:00;9.999999999999964;;;9.999999999999964;21-07-2026_41960
;C2/C5A;81971.0;Alnabru;2026-07-21;30.0;Tirsdag;16:00:00;16:00:00;0.0;19:18:00;19:50:00;-31.999999999999886;19:53:00;19:40:00;13.000000000000114;19:58:00;20:31:00;-32.999999999999886;T18 - Sent lok til stamme;;-32.999999999999886;21-07-2026_81971
;C45;5805.0;Alnabru;2026-07-21;30.0;Tirsdag;17:00:00;17:00:00;0.0;16:51:00;17:00:00;-9.000000000000128;17:26:00;17:05:00;20.999999999999925;17:31:00;17:31:00;0.0;;;0.0;21-07-2026_5805
PRI-TOG;C23;41910.0;Alnabru;2026-07-21;30.0;Tirsdag;17:35:00;17:35:00;0.0;17:54:00;17:54:00;0.0;18:29:00;17:35:00;54.00000000000013;18:34:00;18:22:00;12.000000000000117;;;12.000000000000117;21-07-2026_41910
;C32 ;5511.0;Alnabru;2026-07-21;30.0;Tirsdag;18:40:00;18:30:00;9.999999999999964;18:59:00;18:40:00;18.999999999999932;19:34:00;19:00:00;34.00000000000004;19:39:00;19:35:00;3.999999999999986;;;3.999999999999986;21-07-2026_5511
;C42;5733.0;Alnabru;2026-07-21;30.0;Tirsdag;19:20:00;;0.0;19:35:00;;0.0;20:05:00;;0.0;20:10:00;;0.0;T17 - Innstilt tog;;0.0;21-07-2026_5733
PRI-TOG;C31;41900.0;Alnabru;2026-07-21;30.0;Tirsdag;19:40:00;19:40:00;0.0;19:54:00;19:54:00;-1.5987211554602254e-13;20:29:00;20:00:00;28.999999999999897;20:34:00;20:36:00;-1.999999999999993;T23 - Infrastruktur;Feil på sporveksel i nord grorud, skiftes ned på Gspor;-1.999999999999993;21-07-2026_41900
;C45;5709.0;Alnabru;2026-07-21;30.0;Tirsdag;21:00:00;20:50:00;9.999999999999964;21:11:00;21:11:00;0.0;21:46:00;21:00:00;46.0;21:51:00;21:58:00;-6.999999999999975;T23 - Infrastruktur;Feil på sporveksel i nord grorud, skiftes ned på Gspor;-6.999999999999975;21-07-2026_5709
LANGTOG;C43;5811.0;Alnabru;2026-07-21;30.0;Tirsdag;20:30:00;20:30:00;0.0;20:51:00;20:45:00;5.999999999999979;21:26:00;21:20:00;6.0000000000001386;21:31:00;21:31:00;0.0;;;0.0;21-07-2026_5811
LANGTOG;C32 ;5515.0;Alnabru;2026-07-21;30.0;Tirsdag;21:15:00;21:15:00;0.0;21:17:00;21:17:00;0.0;21:52:00;21:31:00;20.999999999999925;21:57:00;21:55:00;1.999999999999993;;;1.999999999999993;21-07-2026_5515
PRI-TOG;C23;5735.0;Alnabru;2026-07-21;30.0;Tirsdag;21:50:00;21:45:00;4.999999999999982;22:02:00;22:02:00;0.0;22:37:00;22:20:00;16.99999999999994;22:42:00;22:37:00;4.999999999999982;;;4.999999999999982;21-07-2026_5735
;C32 Nord;5531.0;Alnabru;2026-07-22;30.0;Onsdag;07:50:00;07:50:00;0.0;07:43:00;07:40:00;2.9999999999999893;08:18:00;08:15:00;2.9999999999999893;08:23:00;08:27:00;-4.000000000000066;T34 - Annen feil, forklaring i kommentarfelt;Vogn eksisterte ikke i systemet. Måtte legges inn av booking.;-4.000000000000066;22-07-2026_5531
Lastefristkl. 19:30 dag før avgang.;C45;5301.0;Alnabru;2026-07-22;30.0;Onsdag;19:30:00;;0.0;08:11:00;;0.0;08:46:00;;0.0;08:51:00;;0.0;T17 - Innstilt tog;;0.0;22-07-2026_5301
;C45;5801.0;Alnabru;2026-07-22;30.0;Onsdag;08:50:00;;0.0;08:51:00;;0.0;09:26:00;;0.0;09:31:00;;0.0;T17 - Innstilt tog;;0.0;22-07-2026_5801
PRI-TOG;C42;5731.0;Alnabru;2026-07-22;30.0;Onsdag;08:50:00;09:15:00;-24.999999999999993;09:02:00;09:02:00;0.0;09:37:00;09:34:00;2.9999999999999893;09:42:00;09:49:00;-6.999999999999975;T23 - Infrastruktur;Feil på sporveksel over alfaset.;-6.999999999999975;22-07-2026_5731
;C32 ;5507.0;Alnabru;2026-07-22;30.0;Onsdag;11:40:00;11:22:00;18.000000000000014;11:36:00;11:43:00;-7.000000000000055;12:11:00;12:16:00;-4.999999999999982;12:16:00;12:23:00;-7.000000000000135;;;-7.000000000000135;22-07-2026_5507
;C42;45964.0;Alnabru;2026-07-22;30.0;Onsdag;14:00:00;14:00:00;0.0;15:02:00;14:40:00;21.999999999999922;15:37:00;15:00:00;37.00000000000003;15:42:00;15:03:00;39.00000000000002;;;39.00000000000002;22-07-2026_45964
;C42;5707.0;Alnabru;2026-07-22;30.0;Onsdag;16:20:00;16:20:00;0.0;16:32:00;16:32:00;0.0;17:07:00;17:00:00;6.999999999999975;17:12:00;17:07:00;4.999999999999982;;;4.999999999999982;22-07-2026_5707
;C32 ;5509.0;Alnabru;2026-07-22;30.0;Onsdag;16:30:00;;0.0;16:44:00;;0.0;17:19:00;;0.0;17:24:00;;0.0;T17 - Innstilt tog;;0.0;22-07-2026_5509
;C44;41960.0;Alnabru;2026-07-22;30.0;Onsdag;16:00:00;16:00:00;0.0;16:55:00;16:55:00;-1.5987211554602254e-13;17:30:00;17:40:00;-10.000000000000124;17:35:00;17:47:00;-12.000000000000117;T16 - Kø skifting;kø for å komme seg opp på A-spor;-12.000000000000117;22-07-2026_41960
;C2/C5A;81971.0;Alnabru;2026-07-22;30.0;Onsdag;16:00:00;16:00:00;0.0;19:18:00;19:18:00;0.0;19:53:00;20:15:00;-21.999999999999922;19:58:00;20:21:00;-22.99999999999992;T9 - Feil på vogn;under bremseprøve.;-22.99999999999992;22-07-2026_81971
;C45;5805.0;Alnabru;2026-07-22;30.0;Onsdag;17:00:00;17:00:00;0.0;16:51:00;16:51:00;0.0;17:26:00;17:20:00;5.999999999999979;17:31:00;17:31:00;0.0;;;0.0;22-07-2026_5805
PRI-TOG;C23;41910.0;Alnabru;2026-07-22;30.0;Onsdag;17:35:00;17:35:00;0.0;17:54:00;17:54:00;0.0;18:29:00;18:00:00;29.000000000000057;18:34:00;18:36:00;-1.999999999999993;T23 - Infrastruktur;Feil på sporveksel i nord grorud, skiftes ned på Gspor;-1.999999999999993;22-07-2026_41910
;C32 ;5511.0;Alnabru;2026-07-22;30.0;Onsdag;18:40:00;18:40:00;0.0;18:59:00;18:59:00;0.0;19:34:00;19:30:00;3.999999999999986;19:39:00;19:39:00;0.0;;;0.0;22-07-2026_5511
;C42;5733.0;Alnabru;2026-07-22;30.0;Onsdag;19:20:00;;0.0;19:35:00;;0.0;20:05:00;;0.0;20:10:00;;0.0;T17 - Innstilt tog;;0.0;22-07-2026_5733
PRI-TOG;C31;41900.0;Alnabru;2026-07-22;30.0;Onsdag;19:40:00;19:40:00;0.0;19:46:00;19:46:00;0.0;20:21:00;20:15:00;5.999999999999979;20:26:00;20:25:00;0.9999999999999964;;;0.9999999999999964;22-07-2026_41900
;C45;5709.0;Alnabru;2026-07-22;30.0;Onsdag;21:00:00;21:00:00;0.0;21:11:00;21:11:00;0.0;21:46:00;21:40:00;5.999999999999979;21:51:00;21:51:00;0.0;;;0.0;22-07-2026_5709
LANGTOG;C43;5811.0;Alnabru;2026-07-22;30.0;Onsdag;20:30:00;20:30:00;0.0;20:51:00;20:51:00;0.0;21:26:00;21:15:00;11.00000000000012;21:31:00;21:24:00;6.999999999999975;;;6.999999999999975;22-07-2026_5811
LANGTOG;C32 ;5515.0;Alnabru;2026-07-22;30.0;Onsdag;21:15:00;21:00:00;14.999999999999947;21:17:00;21:17:00;0.0;21:52:00;21:30:00;21.999999999999922;21:57:00;21:45:00;11.999999999999957;;;11.999999999999957;22-07-2026_5515
PRI-TOG;C23;5735.0;Alnabru;2026-07-22;30.0;Onsdag;21:50:00;21:50:00;0.0;22:02:00;22:02:00;0.0;22:37:00;22:00:00;37.00000000000003;22:42:00;22:35:00;6.999999999999975;;;6.999999999999975;22-07-2026_5735
Lastefristkl. 19:30 dag før avgang.;C45;5301.0;Alnabru;2026-07-23;30.0;Torsdag;19:30:00;;0.0;08:11:00;;0.0;08:46:00;;0.0;08:51:00;;0.0;T17 - Innstilt tog;;0.0;23-07-2026_5301
;C45;5801.0;Alnabru;2026-07-23;30.0;Torsdag;08:50:00;;0.0;08:51:00;;0.0;09:26:00;;0.0;09:31:00;;0.0;T17 - Innstilt tog;;0.0;23-07-2026_5801
PRI-TOG;C42;5731.0;Alnabru;2026-07-23;30.0;Torsdag;08:50:00;08:50:00;0.0;09:02:00;09:00:00;1.999999999999993;09:37:00;09:10:00;27.000000000000064;09:42:00;09:31:00;11.00000000000004;;;11.00000000000004;23-07-2026_5731
;C32 ;5507.0;Alnabru;2026-07-23;30.0;Torsdag;11:40:00;11:30:00;9.999999999999964;11:36:00;11:35:00;0.9999999999999165;12:11:00;11:55:00;15.999999999999943;12:16:00;12:16:00;0.0;;;0.0;23-07-2026_5507
;C42;45960.0;Alnabru;2026-07-23;30.0;Torsdag;14:00:00;;0.0;15:02:00;;0.0;15:37:00;;0.0;15:42:00;;0.0;T17 - Innstilt tog;;0.0;23-07-2026_45960
;C42;5707.0;Alnabru;2026-07-23;30.0;Torsdag;16:20:00;16:00:00;20.00000000000009;16:32:00;16:00:00;32.00000000000004;17:07:00;16:31:00;36.00000000000003;17:12:00;16:52:00;20.00000000000009;;;20.00000000000009;23-07-2026_5707
;C32 ;5509.0;Alnabru;2026-07-23;30.0;Torsdag;16:30:00;;0.0;16:44:00;;0.0;17:19:00;;0.0;17:24:00;;0.0;T17 - Innstilt tog;;0.0;23-07-2026_5509
;C44;41960.0;Alnabru;2026-07-23;30.0;Torsdag;16:00:00;10:30:00;329.99999999999994;16:55:00;16:35:00;19.99999999999993;17:30:00;17:00:00;29.999999999999893;17:35:00;17:35:00;0.0;;;0.0;23-07-2026_41960
;C2/C5A;81971.0;Alnabru;2026-07-23;30.0;Torsdag;16:00:00;17:20:00;-80.00000000000003;19:18:00;19:10:00;7.999999999999972;19:53:00;18:00:00;113.00000000000009;19:58:00;19:28:00;30.000000000000053;;;30.000000000000053;23-07-2026_81971
;C45;5805.0;Alnabru;2026-07-23;30.0;Torsdag;16:40:00;16:20:00;19.99999999999993;16:51:00;16:10:00;40.99999999999986;17:26:00;16:40:00;46.0;17:31:00;17:02:00;28.999999999999897;;;28.999999999999897;23-07-2026_5805
PRI-TOG;C23;41910.0;Alnabru;2026-07-23;30.0;Torsdag;17:35:00;;0.0;17:45:00;;0.0;18:20:00;;0.0;18:25:00;;0.0;T17 - Innstilt tog;;0.0;23-07-2026_41910
;C32 ;5511.0;Alnabru;2026-07-23;30.0;Torsdag;18:40:00;18:40:00;0.0;18:59:00;18:10:00;48.999999999999986;19:34:00;19:10:00;23.999999999999915;19:39:00;19:32:00;6.999999999999975;;;6.999999999999975;23-07-2026_5511
;C42;5733.0;Alnabru;2026-07-23;30.0;Torsdag;19:20:00;;0.0;19:35:00;;0.0;20:05:00;;0.0;20:10:00;;0.0;T17 - Innstilt tog;;0.0;23-07-2026_5733
PRI-TOG;C31;41900.0;Alnabru;2026-07-23;30.0;Torsdag;19:40:00;19:40:00;0.0;19:54:00;19:54:00;-1.5987211554602254e-13;20:29:00;20:20:00;8.999999999999968;20:34:00;20:31:00;2.9999999999999893;;;2.9999999999999893;23-07-2026_41900
;C45;5709.0;Alnabru;2026-07-23;30.0;Torsdag;21:00:00;20:45:00;14.999999999999947;21:11:00;21:11:00;0.0;21:46:00;21:00:00;46.0;21:51:00;21:19:00;32.00000000000004;;;32.00000000000004;23-07-2026_5709
LANGTOG;C43;5811.0;Alnabru;2026-07-23;30.0;Torsdag;20:30:00;20:30:00;0.0;20:51:00;21:40:00;-48.999999999999986;21:26:00;21:20:00;6.0000000000001386;21:31:00;22:00:00;-28.999999999999897;T18 - Sent lok til stamme;Lok fra fjellet.;-28.999999999999897;23-07-2026_5811
LANGTOG;C32 ;5515.0;Alnabru;2026-07-23;30.0;Torsdag;21:15:00;21:15:00;0.0;21:17:00;21:00:00;16.99999999999994;21:52:00;21:25:00;26.999999999999904;21:57:00;21:36:00;20.999999999999925;;;20.999999999999925;23-07-2026_5515
PRI-TOG;C23;5735.0;Alnabru;2026-07-23;30.0;Torsdag;21:50:00;21:30:00;19.99999999999993;22:02:00;21:45:00;16.99999999999994;22:37:00;21:50:00;46.99999999999999;22:42:00;22:17:00;24.99999999999991;;;24.99999999999991;23-07-2026_5735
Lastefristkl. 19:30 dag før avgang.;C45;5301.0;Alnabru;2026-07-24;30.0;Fredag;19:30:00;;0.0;07:55:00;08:15:00;-20.000000000000007;08:30:00;09:00:00;-29.99999999999997;08:35:00;;0.0;T18 - Sent lok til stamme;;0.0;24-07-2026_5301
;C45;5801.0;Alnabru;2026-07-24;30.0;Fredag;08:50:00;;0.0;08:51:00;;0.0;09:26:00;;0.0;09:31:00;;0.0;T17 - Innstilt tog;;0.0;24-07-2026_5801
PRI-TOG;C42;5731.0;Alnabru;2026-07-24;30.0;Fredag;08:50:00;08:45:00;5.000000000000062;09:02:00;08:50:00;11.999999999999957;09:37:00;09:15:00;22.0;09:42:00;09:27:00;15.000000000000027;;;15.000000000000027;24-07-2026_5731
;C32 ;5507.0;Alnabru;2026-07-24;30.0;Fredag;11:40:00;11:47:00;-6.999999999999975;11:36:00;11:20:00;15.999999999999943;12:11:00;12:11:00;0.0;12:16:00;12:24:00;-8.000000000000131;;Klar fra oss tide.;-8.000000000000131;24-07-2026_5507
;C42;45960.0;Alnabru;2026-07-24;30.0;Fredag;14:00:00;12:00:00;120.00000000000006;15:02:00;14:20:00;42.000000000000014;15:37:00;15:00:00;37.00000000000003;15:42:00;15:16:00;26.000000000000068;;;26.000000000000068;24-07-2026_45960
;C32 ;5509.0;Alnabru;2026-07-24;30.0;Fredag;16:30:00;;0.0;16:44:00;;0.0;17:19:00;;0.0;17:24:00;;0.0;T17 - Innstilt tog;;0.0;24-07-2026_5509
;C45;5805.0;Alnabru;2026-07-24;30.0;Fredag;16:40:00;16:50:00;-9.999999999999964;16:51:00;16:30:00;20.999999999999925;17:26:00;17:10:00;15.999999999999943;17:31:00;17:29:00;1.999999999999993;;;1.999999999999993;24-07-2026_5805
;C2/C5A;41971.0;Alnabru;2026-07-24;30.0;Fredag;16:00:00;;0.0;17:04:00;;0.0;17:39:00;;0.0;17:44:00;;0.0;T17 - Innstilt tog;;0.0;24-07-2026_41971
PRI-TOG;C23;41910.0;Alnabru;2026-07-24;30.0;Fredag;17:35:00;17:15:00;19.99999999999993;17:54:00;17:29:00;25.00000000000007;18:29:00;17:35:00;54.00000000000013;18:34:00;18:29:00;4.999999999999982;;;4.999999999999982;24-07-2026_41910
;C32 ;5511.0;Alnabru;2026-07-24;30.0;Fredag;18:40:00;18:40:00;0.0;18:59:00;18:58:00;0.9999999999999964;19:34:00;19:10:00;23.999999999999915;19:39:00;19:30:00;8.999999999999968;;;8.999999999999968;24-07-2026_5511
;C42;5733.0;Alnabru;2026-07-24;30.0;Fredag;19:20:00;;0.0;19:35:00;;0.0;20:05:00;;0.0;20:10:00;;0.0;T17 - Innstilt tog;;0.0;24-07-2026_5733
PRI-TOG;C31;41900.0;Alnabru;2026-07-24;30.0;Fredag;19:40:00;19:40:00;0.0;19:54:00;19:50:00;3.999999999999986;20:29:00;20:00:00;28.999999999999897;20:34:00;20:18:00;15.999999999999943;;;15.999999999999943;24-07-2026_41900
LANGTOG;C43;5811.0;Alnabru;2026-07-24;30.0;Fredag;20:30:00;20:30:00;0.0;20:51:00;20:51:00;0.0;21:26:00;21:20:00;6.0000000000001386;21:31:00;21:29:00;1.999999999999993;;;1.999999999999993;24-07-2026_5811
;C45;5709.0;Alnabru;2026-07-24;30.0;Fredag;21:00:00;21:00:00;0.0;21:11:00;21:10:00;0.9999999999999964;21:46:00;21:35:00;10.999999999999961;21:51:00;21:41:00;9.999999999999964;;;9.999999999999964;24-07-2026_5709
LANGTOG;C32 ;5515.0;Alnabru;2026-07-24;30.0;Fredag;21:15:00;21:15:00;0.0;21:17:00;21:17:00;0.0;21:52:00;21:30:00;21.999999999999922;21:57:00;21:40:00;16.99999999999994;;;16.99999999999994;24-07-2026_5515
PRI-TOG;C23;5735.0;Alnabru;2026-07-24;30.0;Fredag;21:50:00;21:40:00;9.999999999999964;22:02:00;21:50:00;11.999999999999957;22:37:00;22:00:00;37.00000000000003;22:42:00;22:14:00;27.9999999999999;;;27.9999999999999;24-07-2026_5735
FORHÅNDSLASTES C32 FREDAG;C32 ;5737.0;Alnabru;2026-07-25;30.0;Lørdag;11:00:00;10:30:00;29.99999999999997;11:02:00;10:45:00;16.99999999999994;11:37:00;11:10:00;26.999999999999986;11:42:00;11:17:00;24.999999999999993;;;24.999999999999993;25-07-2026_5737
;C44;41971.0;Alnabru;2026-07-25;30.0;Lørdag;13:30:00;13:30:00;0.0;19:18:00;;0.0;19:53:00;19:00:00;53.00000000000013;19:58:00;;0.0;;;0.0;25-07-2026_41971
PRI-TOG;C23;41910.0;Alnabru;2026-07-25;30.0;Lørdag;12:00:00;11:15:00;45.0;17:45:00;;0.0;18:20:00;17:30:00;50.00000000000014;18:25:00;;0.0;;;0.0;25-07-2026_41910
LASTEFRIST KL. 15:00 LØRDAG;C23;5711.0;Alnabru;2026-07-26;30.0;Søndag;14:30:00;14:00:00;29.999999999999893;07:27:00;07:25:00;1.999999999999993;08:02:00;07:55:00;7.000000000000055;08:07:00;08:01:00;6.000000000000059;;;6.000000000000059;26-07-2026_5711
;C23;5717.0;Alnabru;2026-07-26;30.0;Søndag;16:00:00;13:00:00;180.0;16:32:00;16:00:00;32.00000000000004;17:07:00;15:55:00;72.00000000000006;17:12:00;16:45:00;27.000000000000064;;;27.000000000000064;26-07-2026_5717
Lastefrist 13:30 Søndag;C44;41960.0;Alnabru;2026-07-26;30.0;Søndag;13:30:00;13:00:00;30.000000000000053;16:11:00;16:20:00;-9.000000000000128;16:46:00;16:30:00;15.999999999999943;16:51:00;16:35:00;15.999999999999943;;;15.999999999999943;26-07-2026_41960
;C44;41971.0;Alnabru;2026-07-26;30.0;Søndag;13:30:00;13:00:00;30.000000000000053;19:18:00;18:30:00;47.999999999999986;19:53:00;17:00:00;173.00000000000003;19:58:00;19:35:00;23.000000000000078;;;23.000000000000078;26-07-2026_41971
LANGTOG;C32;5523.0;Alnabru;2026-07-26;30.0;Søndag;16:00:00;16:00:00;0.0;18:36:00;18:15:00;21.000000000000085;19:11:00;18:30:00;41.000000000000014;19:16:00;19:15:00;0.9999999999999964;;;0.9999999999999964;26-07-2026_5523
LANGTOG;C43;5811.0;Alnabru;2026-07-26;30.0;Søndag;13:30:00;13:00:00;30.000000000000053;20:51:00;20:17:00;34.00000000000004;21:26:00;20:30:00;56.00000000000012;21:31:00;20:50:00;41.000000000000014;;;41.000000000000014;26-07-2026_5811
;C32 Nord;5531.0;Alnabru;2026-07-27;31.0;Mandag;07:50:00;07:50:00;0.0;07:43:00;07:43:00;-7.993605777301127e-14;08:18:00;08:23:00;-4.999999999999982;08:23:00;08:48:00;-24.999999999999993;T15 - Intern datafeil GTS;1 vogn lå ikke inne i GTS.;-24.999999999999993;27-07-2026_5531
Lastefristkl. 19:30 dag før avgang.;C45;5301.0;Alnabru;2026-07-27;31.0;Mandag;19:30:00;;0.0;08:11:00;;0.0;08:46:00;;0.0;08:51:00;;0.0;T17 - Innstilt tog;;0.0;27-07-2026_5301
;C45;5801.0;Alnabru;2026-07-27;31.0;Mandag;08:50:00;;0.0;08:51:00;;0.0;09:26:00;;0.0;09:31:00;;0.0;T17 - Innstilt tog;;0.0;27-07-2026_5801
PRI-TOG;C42;5731.0;Alnabru;2026-07-27;31.0;Mandag;08:50:00;08:47:00;3.0000000000000693;09:02:00;09:02:00;0.0;09:37:00;09:18:00;19.000000000000014;09:42:00;09:38:00;3.999999999999986;;;3.999999999999986;27-07-2026_5731
;C32 ;5507.0;Alnabru;2026-07-27;31.0;Mandag;11:40:00;11:45:00;-4.999999999999982;11:43:00;11:43:00;7.993605777301127e-14;12:18:00;11:57:00;21.000000000000085;12:23:00;12:18:00;5.000000000000142;;;5.000000000000142;27-07-2026_5507
;C42;45960.0;Alnabru;2026-07-27;31.0;Mandag;14:00:00;09:16:00;284.00000000000006;15:02:00;15:10:00;-7.999999999999972;15:37:00;15:30:00;6.999999999999975;15:42:00;15:29:00;12.999999999999954;;;12.999999999999954;27-07-2026_45960
;C42;5707.0;Alnabru;2026-07-27;31.0;Mandag;16:20:00;16:20:00;0.0;16:32:00;16:15:00;16.99999999999994;17:07:00;16:40:00;27.000000000000064;17:12:00;17:33:00;-20.999999999999925;T34 - Annen feil, forklaring i kommentarfelt;Feil på FIDO;-20.999999999999925;27-07-2026_5707
;C32 ;5509.0;Alnabru;2026-07-27;31.0;Mandag;16:30:00;;0.0;16:44:00;;0.0;17:19:00;;0.0;17:24:00;;0.0;T17 - Innstilt tog;;0.0;27-07-2026_5509
;C45;5805.0;Alnabru;2026-07-27;31.0;Mandag;16:40:00;16:35:00;4.999999999999982;16:51:00;16:40:00;10.999999999999961;17:26:00;17:00:00;25.999999999999908;17:31:00;17:20:00;10.999999999999961;;;10.999999999999961;27-07-2026_5805
;C44;41960.0;Alnabru;2026-07-27;31.0;Mandag;16:00:00;10:41:00;319.0;16:55:00;16:45:00;9.999999999999964;17:30:00;17:00:00;29.999999999999893;17:35:00;17:36:00;-0.9999999999999964;T34 - Annen feil, forklaring i kommentarfelt;Feil på FIDO;-0.9999999999999964;27-07-2026_41960
PRI-TOG;C23;41910.0;Alnabru;2026-07-27;31.0;Mandag;17:35:00;17:00:00;34.99999999999987;17:54:00;17:50:00;3.999999999999986;18:29:00;17:40:00;48.999999999999986;18:34:00;18:19:00;15.000000000000107;;;15.000000000000107;27-07-2026_41910
;C32;5511.0;Alnabru;2026-07-27;31.0;Mandag;18:40:00;18:40:00;0.0;18:59:00;19:28:00;-29.000000000000057;19:34:00;19:12:00;21.999999999999922;19:39:00;19:41:00;-1.999999999999993;;;-1.999999999999993;27-07-2026_5511
;C2/C5A;41971.0;Alnabru;2026-07-27;31.0;Mandag;16:00:00;16:30:00;-30.000000000000053;19:18:00;18:45:00;33.00000000000004;19:53:00;18:30:00;83.00000000000003;19:58:00;19:28:00;30.000000000000053;;;30.000000000000053;27-07-2026_41971
;C42;5733.0;Alnabru;2026-07-27;31.0;Mandag;19:20:00;;0.0;19:30:00;;0.0;20:05:00;;0.0;20:10:00;;0.0;T17 - Innstilt tog;;0.0;27-07-2026_5733
PRI-TOG;C31;41900.0;Alnabru;2026-07-27;31.0;Mandag;19:40:00;19:00:00;40.000000000000014;19:54:00;19:40:00;13.99999999999995;20:29:00;19:30:00;58.99999999999995;20:34:00;20:13:00;20.999999999999925;;;20.999999999999925;27-07-2026_41900
LANGTOG;C43;5811.0;Alnabru;2026-07-27;31.0;Mandag;20:30:00;20:25:00;4.999999999999982;20:51:00;20:10:00;41.000000000000014;21:26:00;20:38:00;47.999999999999986;21:31:00;20:55:00;36.00000000000003;;;36.00000000000003;27-07-2026_5811
;C45;5709.0;Alnabru;2026-07-27;31.0;Mandag;21:00:00;20:30:00;30.000000000000053;21:11:00;20:00:00;70.99999999999991;21:46:00;21:00:00;46.0;21:51:00;21:48:00;2.9999999999999893;;;2.9999999999999893;27-07-2026_5709
LANGTOG;C32 ;5515.0;Alnabru;2026-07-27;31.0;Mandag;21:15:00;21:15:00;0.0;21:17:00;21:22:00;-4.999999999999982;21:52:00;21:35:00;16.99999999999994;21:57:00;21:52:00;4.999999999999982;;;4.999999999999982;27-07-2026_5515
PRI-TOG;C23;5735.0;Alnabru;2026-07-27;31.0;Mandag;21:50:00;21:45:00;4.999999999999982;22:02:00;21:52:00;9.999999999999964;22:37:00;22:05:00;32.00000000000004;22:42:00;22:12:00;29.999999999999893;;;29.999999999999893;27-07-2026_5735
Lastefristkl. 19:30 dag før avgang.;C45;5301.0;Alnabru;2026-07-28;31.0;Tirsdag;19:30:00;;0.0;08:11:00;;0.0;08:46:00;;0.0;08:51:00;;0.0;T17 - Innstilt tog;;0.0;28-07-2026_5301
;C45;5801.0;Alnabru;2026-07-28;31.0;Tirsdag;08:50:00;;0.0;08:51:00;;0.0;09:26:00;;0.0;09:31:00;;0.0;T17 - Innstilt tog;;0.0;28-07-2026_5801
PRI-TOG;C42;5731.0;Alnabru;2026-07-28;31.0;Tirsdag;08:50:00;08:54:00;-3.999999999999986;09:02:00;09:02:00;0.0;09:37:00;09:25:00;12.000000000000037;09:42:00;09:46:00;-3.999999999999986;;Forskjellig rutetid ut mellom her og Balise. I Rute i henhold til Balise sin rutetid. ;-3.999999999999986;28-07-2026_5731
;C32 ;5507.0;Alnabru;2026-07-28;31.0;Tirsdag;11:40:00;11:40:00;0.0;11:43:00;11:41:00;2.000000000000073;12:18:00;12:07:00;11.00000000000012;12:23:00;12:29:00;-5.999999999999979;T20 - Trafikkstyring (TXP/Togleder);Klar fra oss i tide. Kø ut fra term.;-5.999999999999979;28-07-2026_5507
;C42;45960.0;Alnabru;2026-07-28;31.0;Tirsdag;14:00:00;;0.0;15:02:00;;0.0;15:37:00;;0.0;15:42:00;;0.0;T17 - Innstilt tog;;0.0;28-07-2026_45960
;C42;5707.0;Alnabru;2026-07-28;31.0;Tirsdag;16:20:00;15:50:00;30.000000000000053;16:32:00;15:40:00;51.99999999999997;17:07:00;16:30:00;37.00000000000003;17:12:00;16:59:00;12.999999999999954;;;12.999999999999954;28-07-2026_5707
;C32 ;5509.0;Alnabru;2026-07-28;31.0;Tirsdag;16:30:00;;0.0;16:44:00;;0.0;17:19:00;;0.0;17:24:00;;0.0;T17 - Innstilt tog;;0.0;28-07-2026_5509
;C44;41960.0;Alnabru;2026-07-28;31.0;Tirsdag;16:00:00;15:30:00;29.999999999999893;16:48:00;16:30:00;17.999999999999936;17:23:00;16:15:00;67.99999999999991;17:28:00;17:19:00;8.999999999999968;;;8.999999999999968;28-07-2026_41960
;C2/C5A;41971.0;Alnabru;2026-07-28;31.0;Tirsdag;16:00:00;17:00:00;-60.00000000000011;19:18:00;18:00:00;78.00000000000004;19:53:00;17:35:00;138.00000000000014;19:58:00;19:00:00;58.000000000000114;;;58.000000000000114;28-07-2026_41971
;C45;5805.0;Alnabru;2026-07-28;31.0;Tirsdag;16:40:00;16:45:00;-4.999999999999982;16:51:00;16:50:00;0.9999999999999964;17:26:00;17:15:00;10.999999999999961;17:31:00;17:28:00;2.9999999999999893;;;2.9999999999999893;28-07-2026_5805
PRI-TOG;C23;41910.0;Alnabru;2026-07-28;31.0;Tirsdag;17:35:00;17:30:00;4.999999999999982;17:54:00;17:45:00;8.999999999999968;18:29:00;18:00:00;29.000000000000057;18:34:00;18:30:00;3.999999999999986;;;3.999999999999986;28-07-2026_41910
;C32 ;5511.0;Alnabru;2026-07-28;31.0;Tirsdag;18:40:00;18:40:00;0.0;18:59:00;18:45:00;13.99999999999995;19:34:00;19:05:00;29.000000000000057;19:39:00;19:25:00;13.99999999999995;;;13.99999999999995;28-07-2026_5511
;C42;5733.0;Alnabru;2026-07-28;31.0;Tirsdag;19:20:00;;0.0;19:35:00;;0.0;20:05:00;;0.0;20:10:00;;0.0;T17 - Innstilt tog;;0.0;28-07-2026_5733
PRI-TOG;C31;41900.0;Alnabru;2026-07-28;31.0;Tirsdag;19:40:00;19:10:00;29.999999999999893;19:54:00;19:35:00;18.999999999999932;20:29:00;19:30:00;58.99999999999995;20:34:00;20:25:00;8.999999999999968;;;8.999999999999968;28-07-2026_41900
;C45;5709.0;Alnabru;2026-07-28;31.0;Tirsdag;21:00:00;20:00:00;59.99999999999994;21:11:00;20:40:00;30.99999999999989;21:46:00;21:05:00;41.000000000000014;21:51:00;21:20:00;31.00000000000005;;;31.00000000000005;28-07-2026_5709
LANGTOG;C43;5811.0;Alnabru;2026-07-28;31.0;Tirsdag;20:30:00;20:30:00;0.0;20:51:00;20:35:00;16.000000000000103;21:26:00;20:45:00;41.000000000000014;21:31:00;21:10:00;21.000000000000085;;;21.000000000000085;28-07-2026_5811
LANGTOG;C32 ;5515.0;Alnabru;2026-07-28;31.0;Tirsdag;21:15:00;21:10:00;4.999999999999982;21:17:00;21:05:00;11.999999999999957;21:52:00;21:22:00;30.000000000000053;21:57:00;21:55:00;1.999999999999993;;;1.999999999999993;28-07-2026_5515
PRI-TOG;C23;5735.0;Alnabru;2026-07-28;31.0;Tirsdag;21:50:00;21:40:00;9.999999999999964;21:55:00;22:00:00;-4.999999999999982;22:30:00;22:20:00;9.999999999999964;22:35:00;22:27:00;7.999999999999972;;;7.999999999999972;28-07-2026_5735
;C32 Nord;5531.0;Alnabru;2026-07-29;31.0;Onsdag;07:50:00;07:50:00;0.0;07:43:00;07:48:00;-5.000000000000062;08:18:00;08:25:00;-6.999999999999975;08:23:00;08:36:00;-13.000000000000034;T20 - Trafikkstyring (TXP/Togleder);;-13.000000000000034;29-07-2026_5531
Lastefristkl. 19:30 dag før avgang.;C45;5301.0;Alnabru;2026-07-29;31.0;Onsdag;19:30:00;;0.0;08:11:00;;0.0;08:46:00;;0.0;08:51:00;;0.0;T17 - Innstilt tog;;0.0;29-07-2026_5301
;C45;5801.0;Alnabru;2026-07-29;31.0;Onsdag;08:50:00;;0.0;08:51:00;;0.0;09:26:00;;0.0;09:31:00;;0.0;T17 - Innstilt tog;;0.0;29-07-2026_5801
PRI-TOG;C42;5731.0;Alnabru;2026-07-29;31.0;Onsdag;08:50:00;09:54:00;-63.99999999999993;09:02:00;09:02:00;0.0;09:37:00;10:12:00;-34.99999999999996;09:42:00;10:24:00;-42.000000000000014;T34 - Annen feil, forklaring i kommentarfelt;Flere lossetog inkludert begge ARE sene inn. + feil skiftet på 8265 med avgang 08.00. + truck prioriterte å tømme andre tog før de fikk beskjed om å prioritere c42. + skrue midt i 5731 når det skulle settes opp.;-42.000000000000014;29-07-2026_5731
;C32 ;5507.0;Alnabru;2026-07-29;31.0;Onsdag;11:40:00;11:30:00;9.999999999999964;11:43:00;11:43:00;7.993605777301127e-14;12:18:00;12:00:00;18.000000000000096;12:23:00;12:17:00;6.0000000000001386;;;6.0000000000001386;29-07-2026_5507
;C42;45960.0;Alnabru;2026-07-29;31.0;Onsdag;14:00:00;11:57:00;123.00000000000004;15:02:00;14:30:00;32.00000000000004;15:37:00;14:50:00;46.99999999999999;15:42:00;15:06:00;36.00000000000003;;;36.00000000000003;29-07-2026_45960
;C42;5707.0;Alnabru;2026-07-29;31.0;Onsdag;16:20:00;16:00:00;20.00000000000009;16:32:00;16:00:00;32.00000000000004;17:07:00;16:50:00;17.0000000000001;17:12:00;16:57:00;14.999999999999947;;;14.999999999999947;29-07-2026_5707
;C32 ;5509.0;Alnabru;2026-07-29;31.0;Onsdag;16:30:00;;0.0;16:44:00;;0.0;17:19:00;;0.0;17:24:00;;0.0;T17 - Innstilt tog;;0.0;29-07-2026_5509
;C45;5805.0;Alnabru;2026-07-29;31.0;Onsdag;17:00:00;17:00:00;0.0;16:51:00;16:50:00;0.9999999999999964;17:26:00;17:25:00;0.9999999999999964;17:31:00;17:31:00;0.0;;;0.0;29-07-2026_5805
;C44;41960.0;Alnabru;2026-07-29;31.0;Onsdag;16:00:00;16:10:00;-10.000000000000124;16:55:00;16:40:00;14.999999999999947;17:30:00;17:00:00;29.999999999999893;17:35:00;17:17:00;17.999999999999936;;;17.999999999999936;29-07-2026_41960
PRI-TOG;C23;41910.0;Alnabru;2026-07-29;31.0;Onsdag;17:35:00;17:00:00;34.99999999999987;17:45:00;16:30:00;75.00000000000006;18:20:00;17:35:00;45.000000000000156;18:25:00;17:41:00;44.0;;;44.0;29-07-2026_41910
;C32 ;5511.0;Alnabru;2026-07-29;31.0;Onsdag;18:40:00;18:40:00;0.0;18:59:00;18:00:00;58.99999999999995;19:34:00;19:00:00;34.00000000000004;19:39:00;19:39:00;0.0;;;0.0;29-07-2026_5511
;C2/C5A;41971.0;Alnabru;2026-07-29;31.0;Onsdag;16:00:00;16:30:00;-30.000000000000053;19:18:00;19:00:00;18.000000000000096;19:53:00;19:25:00;28.00000000000006;19:58:00;19:33:00;25.00000000000007;;;25.00000000000007;29-07-2026_41971
;C42;5733.0;Alnabru;2026-07-29;31.0;Onsdag;19:20:00;;0.0;19:35:00;;0.0;20:05:00;;0.0;20:10:00;;0.0;T17 - Innstilt tog;;0.0;29-07-2026_5733
PRI-TOG;C31;41900.0;Alnabru;2026-07-29;31.0;Onsdag;19:40:00;19:30:00;9.999999999999964;19:54:00;19:35:00;18.999999999999932;20:29:00;19:55:00;33.99999999999988;20:34:00;20:11:00;22.99999999999992;;;22.99999999999992;29-07-2026_41900
LANGTOG;C43;5811.0;Alnabru;2026-07-29;31.0;Onsdag;20:30:00;20:25:00;4.999999999999982;20:51:00;21:00:00;-8.999999999999968;21:26:00;20:41:00;45.0;21:31:00;21:19:00;12.000000000000117;;;12.000000000000117;29-07-2026_5811
;C45;5709.0;Alnabru;2026-07-29;31.0;Onsdag;21:00:00;21:00:00;0.0;21:11:00;20:30:00;41.000000000000014;21:46:00;21:10:00;36.00000000000003;21:51:00;21:51:00;0.0;;;0.0;29-07-2026_5709
LANGTOG;C32 ;5515.0;Alnabru;2026-07-29;31.0;Onsdag;21:15:00;21:10:00;4.999999999999982;21:17:00;21:27:00;-10.000000000000124;21:52:00;21:35:00;16.99999999999994;21:57:00;21:54:00;2.9999999999999893;;;2.9999999999999893;29-07-2026_5515
PRI-TOG;C23;5735.0;Alnabru;2026-07-29;31.0;Onsdag;21:50:00;21:50:00;0.0;21:55:00;21:40:00;14.999999999999947;22:30:00;22:20:00;9.999999999999964;22:35:00;22:39:00;-3.999999999999986;T23 - Infrastruktur;Alfaset ble stengt. Måtte skiftes ned på G-spor og kjøre via Aker.;-3.999999999999986;29-07-2026_5735
;;84911.0;Alnabru;2026-07-30;31.0;Torsdag;18:00:00;18:00:00;0.0;05:05:00;05:10:00;-5.000000000000022;05:40:00;05:30:00;10.000000000000044;05:45:00;05:40:00;5.000000000000022;;;5.000000000000022;30-07-2026_84911
Lastefristkl. 19:30 dag før avgang.;C45;5301.0;Alnabru;2026-07-30;31.0;Torsdag;19:30:00;;0.0;08:11:00;;0.0;08:46:00;;0.0;08:51:00;;0.0;T17 - Innstilt tog;;0.0;30-07-2026_5301
;C45;5801.0;Alnabru;2026-07-30;31.0;Torsdag;08:50:00;;0.0;08:51:00;;0.0;09:26:00;;0.0;09:31:00;;0.0;T17 - Innstilt tog;;0.0;30-07-2026_5801
PRI-TOG;C42;5731.0;Alnabru;2026-07-30;31.0;Torsdag;08:50:00;09:00:00;-9.999999999999964;09:02:00;09:00:00;1.999999999999993;09:37:00;09:19:00;18.000000000000014;09:42:00;09:23:00;19.000000000000014;;;19.000000000000014;30-07-2026_5731
;C32 ;5507.0;Alnabru;2026-07-30;31.0;Torsdag;11:40:00;11:40:00;0.0;11:36:00;11:36:00;-7.993605777301127e-14;12:11:00;12:18:00;-6.999999999999975;12:16:00;12:20:00;-3.999999999999986;;;-3.999999999999986;30-07-2026_5507
;C42;45960.0;Alnabru;2026-07-30;31.0;Torsdag;14:00:00;;0.0;15:02:00;;0.0;15:37:00;;0.0;15:42:00;;0.0;T17 - Innstilt tog;;0.0;30-07-2026_45960
;C42;5707.0;Alnabru;2026-07-30;31.0;Torsdag;16:20:00;16:15:00;4.999999999999982;16:32:00;16:30:00;1.999999999999993;17:07:00;16:50:00;17.0000000000001;17:12:00;16:55:00;16.99999999999994;;;16.99999999999994;30-07-2026_5707
;C32 ;5509.0;Alnabru;2026-07-30;31.0;Torsdag;16:30:00;;0.0;16:44:00;;0.0;17:19:00;;0.0;17:24:00;;0.0;T17 - Innstilt tog;;0.0;30-07-2026_5509
;C45;5805.0;Alnabru;2026-07-30;31.0;Torsdag;16:40:00;16:40:00;0.0;16:51:00;16:00:00;50.99999999999998;17:26:00;17:05:00;20.999999999999925;17:31:00;17:25:00;5.999999999999979;;;5.999999999999979;30-07-2026_5805
;C44;41960.0;Alnabru;2026-07-30;31.0;Torsdag;16:00:00;16:00:00;0.0;16:55:00;16:30:00;24.99999999999991;17:30:00;17:00:00;29.999999999999893;17:35:00;17:19:00;15.999999999999943;;;15.999999999999943;30-07-2026_41960
PRI-TOG;C23;41910.0;Alnabru;2026-07-30;31.0;Torsdag;17:35:00;;0.0;17:45:00;;0.0;18:20:00;;0.0;18:25:00;;0.0;T17 - Innstilt tog;;0.0;30-07-2026_41910
;C32 ;5511.0;Alnabru;2026-07-30;31.0;Torsdag;18:40:00;18:40:00;0.0;18:59:00;18:55:00;3.999999999999986;19:34:00;19:00:00;34.00000000000004;19:39:00;19:18:00;20.999999999999925;;;20.999999999999925;30-07-2026_5511
;C2/C5A;81971.0;Alnabru;2026-07-30;31.0;Torsdag;16:00:00;16:00:00;0.0;19:18:00;19:03:00;15.000000000000107;19:53:00;18:30:00;83.00000000000003;19:58:00;19:20:00;38.00000000000003;;;38.00000000000003;30-07-2026_81971
;C42;5733.0;Alnabru;2026-07-30;31.0;Torsdag;19:20:00;;0.0;19:35:00;;0.0;20:05:00;;0.0;20:10:00;;0.0;T17 - Innstilt tog;;0.0;30-07-2026_5733
PRI-TOG;C31;41900.0;Alnabru;2026-07-30;31.0;Torsdag;19:40:00;19:40:00;0.0;19:54:00;19:35:00;18.999999999999932;20:29:00;20:00:00;28.999999999999897;20:34:00;20:26:00;7.999999999999972;;;7.999999999999972;30-07-2026_41900
LANGTOG;C43;5811.0;Alnabru;2026-07-30;31.0;Torsdag;20:30:00;20:30:00;0.0;20:51:00;20:40:00;10.999999999999961;21:26:00;21:00:00;26.000000000000068;21:31:00;21:17:00;14.00000000000011;;;14.00000000000011;30-07-2026_5811
;C45;5709.0;Alnabru;2026-07-30;31.0;Torsdag;21:00:00;21:00:00;0.0;21:11:00;20:00:00;70.99999999999991;21:46:00;21:25:00;20.999999999999925;21:51:00;21:50:00;0.9999999999999964;;;0.9999999999999964;30-07-2026_5709
LANGTOG;C32 ;5515.0;Alnabru;2026-07-30;31.0;Torsdag;21:15:00;21:10:00;4.999999999999982;21:17:00;21:00:00;16.99999999999994;21:52:00;21:30:00;21.999999999999922;21:57:00;21:46:00;10.999999999999961;;;10.999999999999961;30-07-2026_5515
PRI-TOG;C23;5735.0;Alnabru;2026-07-30;31.0;Torsdag;21:50:00;21:50:00;0.0;21:55:00;21:48:00;6.999999999999975;22:30:00;21:59:00;31.00000000000005;22:35:00;22:23:00;11.999999999999957;;;11.999999999999957;30-07-2026_5735
Lastefristkl. 19:30 dag før avgang.;C45;5301.0;Alnabru;2026-07-31;31.0;Fredag;19:30:00;;0.0;08:11:00;;0.0;08:46:00;;0.0;08:51:00;;0.0;T17 - Innstilt tog;;0.0;31-07-2026_5301
;C45;5801.0;Alnabru;2026-07-31;31.0;Fredag;08:50:00;;0.0;08:51:00;;0.0;09:26:00;;0.0;09:31:00;;0.0;T17 - Innstilt tog;;0.0;31-07-2026_5801
PRI-TOG;C42;5731.0;Alnabru;2026-07-31;31.0;Fredag;08:50:00;08:45:00;5.000000000000062;09:55:00;08:50:00;64.99999999999993;10:30:00;09:05:00;85.00000000000001;10:35:00;09:10:00;85.00000000000001;;;85.00000000000001;31-07-2026_5731
;C32 ;5507.0;Alnabru;2026-07-31;31.0;Fredag;11:40:00;11:40:00;0.0;11:36:00;11:30:00;5.999999999999899;12:11:00;12:11:00;0.0;12:16:00;12:13:00;2.9999999999999893;;;2.9999999999999893;31-07-2026_5507
;C42;45960.0;Alnabru;2026-07-31;31.0;Fredag;14:00:00;12:00:00;120.00000000000006;15:02:00;15:00:00;1.999999999999993;15:37:00;15:30:00;6.999999999999975;15:42:00;;0.0;;;0.0;31-07-2026_45960
;C32 ;5509.0;Alnabru;2026-07-31;31.0;Fredag;16:30:00;;0.0;16:44:00;;0.0;17:19:00;;0.0;17:24:00;;0.0;T17 - Innstilt tog;;0.0;31-07-2026_5509
;C2/C5A;41971.0;Alnabru;2026-07-31;31.0;Fredag;16:00:00;;0.0;17:04:00;;0.0;17:39:00;;0.0;17:44:00;;0.0;T17 - Innstilt tog;;0.0;31-07-2026_41971
;C45;5805.0;Alnabru;2026-07-31;31.0;Fredag;16:40:00;16:35:00;4.999999999999982;16:51:00;16:30:00;20.999999999999925;17:26:00;17:26:00;0.0;17:31:00;17:35:00;-3.999999999999986;;Klar fra oss i tide.;-3.999999999999986;31-07-2026_5805
PRI-TOG;C23;41910.0;Alnabru;2026-07-31;31.0;Fredag;17:35:00;17:35:00;0.0;17:54:00;17:40:00;13.99999999999995;18:29:00;17:55:00;34.00000000000004;18:34:00;18:16:00;18.000000000000096;;;18.000000000000096;31-07-2026_41910
;C32 ;5511.0;Alnabru;2026-07-31;31.0;Fredag;18:40:00;18:30:00;9.999999999999964;18:59:00;18:30:00;28.999999999999897;19:34:00;19:00:00;34.00000000000004;19:39:00;19:06:00;33.00000000000004;;;33.00000000000004;31-07-2026_5511
;C42;5733.0;Alnabru;2026-07-31;31.0;Fredag;19:20:00;;0.0;19:35:00;;0.0;20:05:00;;0.0;20:10:00;;0.0;T17 - Innstilt tog;;0.0;31-07-2026_5733
PRI-TOG;C31;41900.0;Alnabru;2026-07-31;31.0;Fredag;19:40:00;19:30:00;9.999999999999964;19:54:00;19:35:00;18.999999999999932;20:29:00;19:50:00;39.00000000000002;20:34:00;20:01:00;32.999999999999886;;;32.999999999999886;31-07-2026_41900
;C45;5709.0;Alnabru;2026-07-31;31.0;Fredag;21:00:00;20:50:00;9.999999999999964;21:11:00;20:30:00;41.000000000000014;21:46:00;20:55:00;50.99999999999998;21:51:00;21:10:00;41.000000000000014;;;41.000000000000014;31-07-2026_5709
LANGTOG;C43;5811.0;Alnabru;2026-07-31;31.0;Fredag;20:30:00;20:20:00;9.999999999999964;20:51:00;20:30:00;21.000000000000085;21:26:00;20:35:00;51.00000000000014;21:31:00;20:50:00;41.000000000000014;;;41.000000000000014;31-07-2026_5811
LANGTOG;C32 ;5515.0;Alnabru;2026-07-31;31.0;Fredag;21:15:00;21:14:00;0.9999999999999964;21:17:00;21:15:00;1.999999999999993;21:52:00;21:20:00;32.00000000000004;21:57:00;21:39:00;17.999999999999936;;;17.999999999999936;31-07-2026_5515
PRI-TOG;C23;5735.0;Alnabru;2026-07-31;31.0;Fredag;21:50:00;21:50:00;0.0;21:55:00;22:02:00;-6.999999999999975;22:30:00;22:11:00;18.999999999999932;22:35:00;22:15:00;19.99999999999993;;;19.99999999999993;31-07-2026_5735
FORHÅNDSLASTES C32 FREDAG;C32 ;5737.0;Alnabru;2026-08-01;31.0;Lørdag;10:40:00;10:40:00;0.0;11:57:00;10:55:00;62.00000000000002;11:37:00;11:00:00;37.00000000000003;12:37:00;11:40:00;57.000000000000036;;;57.000000000000036;01-08-2026_5737
;C44;81971.0;Alnabru;2026-08-01;31.0;Lørdag;12:00:00;12:00:00;0.0;19:18:00;18:40:00;38.00000000000003;19:53:00;18:50:00;63.0000000000001;19:58:00;19:00:00;58.000000000000114;;;58.000000000000114;01-08-2026_81971
PRI-TOG;C23;41910.0;Alnabru;2026-08-01;31.0;Lørdag;14:00:00;14:00:00;0.0;17:54:00;17:54:00;0.0;18:20:00;18:10:00;9.999999999999964;18:34:00;18:17:00;17.0000000000001;;;17.0000000000001;01-08-2026_41910
LASTEFRIST KL. 15:00 LØRDAG;C23;5711.0;Alnabru;2026-08-02;31.0;Søndag;14:30:00;14:30:00;0.0;07:36:00;07:00:00;35.99999999999995;08:11:00;07:30:00;41.000000000000014;08:16:00;07:40:00;36.00000000000003;;;36.00000000000003;02-08-2026_5711
Lastefrist 13:30 Søndag;C44;41960.0;Alnabru;2026-08-02;31.0;Søndag;12:00:00;12:00:00;0.0;12:12:00;12:12:00;0.0;12:47:00;12:34:00;12.999999999999954;12:52:00;12:59:00;-6.999999999999975;T3 - Lokfører;bytte av lokfører, klar fra terminal i god tid.;-6.999999999999975;02-08-2026_41960
;C44;81971.0;Alnabru;2026-08-02;31.0;Søndag;13:30:00;13:30:00;0.0;19:18:00;;0.0;19:53:00;19:17:00;36.00000000000003;19:58:00;19:37:00;21.000000000000085;;;21.000000000000085;02-08-2026_81971
LANGTOG;C32;5523.0;Alnabru;2026-08-02;31.0;Søndag;16:00:00;15:30:00;29.999999999999893;18:36:00;18:10:00;26.000000000000068;19:11:00;18:25:00;46.0;19:16:00;18:30:00;46.0;;;46.0;02-08-2026_5523
;C23;5717.0;Alnabru;2026-08-02;31.0;Søndag;16:00:00;16:00:00;0.0;16:32:00;16:00:00;32.00000000000004;17:07:00;16:20:00;46.99999999999999;17:12:00;16:27:00;45.0;;;45.0;02-08-2026_5717
LANGTOG;C43;5811.0;Alnabru;2026-08-02;31.0;Søndag;13:30:00;13:30:00;0.0;20:51:00;20:24:00;27.000000000000064;21:26:00;20:30:00;56.00000000000012;21:31:00;20:32:00;59.000000000000114;;;59.000000000000114;02-08-2026_5811
;C32 Nord;5531.0;Alnabru;2026-08-03;32.0;Mandag;07:50:00;07:30:00;20.000000000000007;07:55:00;07:50:00;4.999999999999982;08:30:00;08:00:00;30.000000000000053;08:35:00;08:34:00;0.9999999999999964;;;0.9999999999999964;03-08-2026_5531
Lastefristkl. 19:30 dag før avgang.;C45;5301.0;Alnabru;2026-08-03;32.0;Mandag;19:30:00;;0.0;08:11:00;;0.0;08:46:00;;0.0;08:51:00;;0.0;T17 - Innstilt tog;;0.0;03-08-2026_5301
;C45;5801.0;Alnabru;2026-08-03;32.0;Mandag;08:50:00;;0.0;08:51:00;;0.0;09:26:00;;0.0;09:31:00;;0.0;T17 - Innstilt tog;;0.0;03-08-2026_5801
;C44;81960.0;Alnabru;2026-08-03;32.0;Mandag;21:00:00;21:00:00;0.0;08:57:00;08:50:00;6.999999999999975;09:32:00;09:00:00;32.00000000000004;09:37:00;09:37:00;0.0;;;0.0;03-08-2026_81960
PRI-TOG;C42;5731.0;Alnabru;2026-08-03;32.0;Mandag;08:50:00;08:45:00;5.000000000000062;09:55:00;08:50:00;64.99999999999993;10:30:00;09:10:00;80.00000000000003;10:35:00;09:55:00;40.000000000000014;;;40.000000000000014;03-08-2026_5731
;C32 ;85507.0;Alnabru;2026-08-03;32.0;Mandag;11:15:00;11:05:00;9.999999999999964;11:28:00;11:15:00;12.999999999999954;12:03:00;11:35:00;27.99999999999998;12:08:00;12:00:00;7.999999999999972;;;7.999999999999972;03-08-2026_85507
;C42;45960.0;Alnabru;2026-08-03;32.0;Mandag;14:00:00;12:00:00;120.00000000000006;15:02:00;14:15:00;46.99999999999999;15:37:00;14:40:00;56.99999999999996;15:42:00;14:52:00;49.999999999999986;;;49.999999999999986;03-08-2026_45960
;C42;5707.0;Alnabru;2026-08-03;32.0;Mandag;16:20:00;16:00:00;20.00000000000009;17:54:00;16:30:00;84.00000000000003;18:29:00;16:45:00;104.00000000000011;18:34:00;18:04:00;30.000000000000053;;;30.000000000000053;03-08-2026_5707
;C32 ;5509.0;Alnabru;2026-08-03;32.0;Mandag;16:30:00;;0.0;16:44:00;;0.0;17:19:00;;0.0;17:24:00;;0.0;T17 - Innstilt tog;;0.0;03-08-2026_5509
;C45;5805.0;Alnabru;2026-08-03;32.0;Mandag;16:40:00;16:40:00;0.0;16:51:00;16:30:00;20.999999999999925;17:26:00;16:50:00;36.00000000000003;17:31:00;17:10:00;20.999999999999925;;;20.999999999999925;03-08-2026_5805
;C2/C5A;41971.0;Alnabru;2026-08-03;32.0;Mandag;16:00:00;16:00:00;0.0;17:20:00;17:00:00;19.99999999999993;17:55:00;17:22:00;33.00000000000004;18:00:00;17:30:00;30.000000000000053;;;30.000000000000053;03-08-2026_41971
PRI-TOG;C23;41910.0;Alnabru;2026-08-03;32.0;Mandag;17:35:00;17:00:00;34.99999999999987;17:45:00;17:20:00;25.00000000000007;18:20:00;17:35:00;45.000000000000156;18:25:00;18:04:00;21.000000000000085;;;21.000000000000085;03-08-2026_41910
;C32;85511.0;Alnabru;2026-08-03;32.0;Mandag;18:20:00;18:20:00;0.0;18:23:00;18:23:00;-1.5987211554602254e-13;18:58:00;18:50:00;7.999999999999972;19:03:00;18:55:00;7.999999999999972;;;7.999999999999972;03-08-2026_85511
;C42;5733.0;Alnabru;2026-08-03;32.0;Mandag;19:20:00;;0.0;19:30:00;;0.0;20:05:00;;0.0;20:10:00;;0.0;T17 - Innstilt tog;;0.0;03-08-2026_5733
PRI-TOG;C31;41900.0;Alnabru;2026-08-03;32.0;Mandag;19:40:00;19:40:00;0.0;19:46:00;19:46:00;0.0;20:21:00;20:00:00;20.999999999999925;20:26:00;20:17:00;8.999999999999968;;;8.999999999999968;03-08-2026_41900
LANGTOG;C32 ;85515.0;Alnabru;2026-08-03;32.0;Mandag;20:15:00;20:15:00;0.0;20:28:00;20:28:00;0.0;21:03:00;21:03:00;0.0;21:08:00;21:08:00;0.0;;;0.0;03-08-2026_85515
LANGTOG;C43;5811.0;Alnabru;2026-08-03;32.0;Mandag;20:30:00;20:30:00;0.0;20:51:00;;0.0;21:26:00;;0.0;21:31:00;;0.0;;Brann på Sørlandsbanen, tog står ferdiglastet på C43 inntil videre;0.0;03-08-2026_5811
;C45;5709.0;Alnabru;2026-08-03;32.0;Mandag;21:00:00;21:00:00;0.0;21:11:00;21:11:00;0.0;21:46:00;21:46:00;0.0;21:51:00;21:30:00;20.999999999999925;;;20.999999999999925;03-08-2026_5709
PRI-TOG;C23;5735.0;Alnabru;2026-08-03;32.0;Mandag;21:50:00;21:50:00;0.0;21:55:00;21:55:00;0.0;22:30:00;22:05:00;25.00000000000007;22:35:00;22:23:00;11.999999999999957;;;11.999999999999957;03-08-2026_5735
;C44;81960.0;Alnabru;2026-08-04;32.0;Tirsdag;21:00:00;21:00:00;0.0;07:57:00;07:45:00;11.999999999999957;08:32:00;08:03:00;29.000000000000057;08:37:00;08:36:00;0.9999999999999964;;;0.9999999999999964;04-08-2026_81960
Lastefristkl. 19:30 dag før avgang.;C45;5301.0;Alnabru;2026-08-04;32.0;Tirsdag;19:30:00;;0.0;08:11:00;;0.0;08:46:00;;0.0;08:51:00;;0.0;T17 - Innstilt tog;;0.0;04-08-2026_5301
;;4911.0;Alnabru;2026-08-04;32.0;Tirsdag;08:30:00;08:00:00;30.000000000000053;08:42:00;;0.0;09:17:00;08:00:00;77.00000000000004;09:22:00;08:29:00;52.99999999999997;;;52.99999999999997;04-08-2026_4911
;C45;5801.0;Alnabru;2026-08-04;32.0;Tirsdag;08:50:00;;0.0;08:51:00;;0.0;09:26:00;;0.0;09:31:00;;0.0;T17 - Innstilt tog;;0.0;04-08-2026_5801
PRI-TOG;C42;5731.0;Alnabru;2026-08-04;32.0;Tirsdag;08:50:00;08:50:00;0.0;09:55:00;09:00:00;54.999999999999964;10:30:00;09:20:00;69.99999999999999;10:35:00;09:31:00;64.00000000000001;;;64.00000000000001;04-08-2026_5731
;C32 ;85507.0;Alnabru;2026-08-04;32.0;Tirsdag;11:15:00;11:45:00;-29.99999999999997;11:28:00;11:10:00;17.999999999999936;12:03:00;11:50:00;12.999999999999954;12:08:00;12:00:00;7.999999999999972;;;7.999999999999972;04-08-2026_85507
;;8011.0;Alnabru;2026-08-04;32.0;Tirsdag;13:30:00;13:30:00;0.0;14:09:00;14:17:00;-7.999999999999972;14:44:00;14:00:00;44.0;14:49:00;14:35:00;14.00000000000011;;5811 fra 3/8;14.00000000000011;04-08-2026_8011
;C42;45960.0;Alnabru;2026-08-04;32.0;Tirsdag;14:00:00;;0.0;15:02:00;;0.0;15:37:00;;0.0;15:42:00;;0.0;T17 - Innstilt tog;;0.0;04-08-2026_45960
;C32 ;5509.0;Alnabru;2026-08-04;32.0;Tirsdag;16:30:00;;0.0;16:44:00;;0.0;17:19:00;;0.0;17:24:00;;0.0;T17 - Innstilt tog;;0.0;04-08-2026_5509
;C45;5805.0;Alnabru;2026-08-04;32.0;Tirsdag;16:40:00;;0.0;16:51:00;;0.0;17:26:00;;0.0;17:31:00;;0.0;T17 - Innstilt tog;;0.0;04-08-2026_5805
;C2/C5A;41971.0;Alnabru;2026-08-04;32.0;Tirsdag;16:00:00;16:00:00;0.0;17:20:00;16:55:00;24.99999999999991;17:55:00;17:10:00;45.0;18:00:00;17:35:00;25.00000000000007;;;25.00000000000007;04-08-2026_41971
;C42;5707.0;Alnabru;2026-08-04;32.0;Tirsdag;16:20:00;16:20:00;0.0;17:54:00;17:15:00;39.00000000000002;18:29:00;17:20:00;69.00000000000007;18:34:00;18:10:00;24.000000000000075;;;24.000000000000075;04-08-2026_5707
PRI-TOG;C23;41910.0;Alnabru;2026-08-04;32.0;Tirsdag;17:35:00;17:25:00;9.999999999999964;17:54:00;17:45:00;8.999999999999968;18:29:00;18:00:00;29.000000000000057;18:34:00;18:32:00;1.999999999999993;;;1.999999999999993;04-08-2026_41910
;C32 ;85511.0;Alnabru;2026-08-04;32.0;Tirsdag;18:20:00;18:20:00;0.0;18:23:00;18:23:00;-1.5987211554602254e-13;18:58:00;18:50:00;7.999999999999972;19:03:00;19:00:00;2.9999999999999893;;;2.9999999999999893;04-08-2026_85511
;C42;5733.0;Alnabru;2026-08-04;32.0;Tirsdag;19:20:00;;0.0;19:35:00;;0.0;20:05:00;;0.0;20:10:00;;0.0;T17 - Innstilt tog;;0.0;04-08-2026_5733
PRI-TOG;C31;41900.0;Alnabru;2026-08-04;32.0;Tirsdag;19:40:00;19:40:00;0.0;19:46:00;19:46:00;0.0;20:21:00;20:15:00;5.999999999999979;20:26:00;20:26:00;0.0;;;0.0;04-08-2026_41900
LANGTOG;C32 ;85515.0;Alnabru;2026-08-04;32.0;Tirsdag;20:15:00;20:15:00;0.0;20:28:00;20:00:00;27.9999999999999;21:03:00;20:35:00;28.00000000000006;21:08:00;20:44:00;23.999999999999915;;;23.999999999999915;04-08-2026_85515
LANGTOG;C43;5811.0;Alnabru;2026-08-04;32.0;Tirsdag;20:30:00;21:45:00;-75.00000000000006;20:51:00;21:30:00;-39.00000000000002;21:26:00;21:50:00;-23.999999999999915;21:31:00;22:25:00;-53.99999999999997;T28 - Sen lasting/lossing av kunde/underleverandør;Forsinket amkomst, kort snutid. 2 timer fra ankomst 20:20 til avgang 22:25;-53.99999999999997;04-08-2026_5811
;C45;5709.0;Alnabru;2026-08-04;32.0;Tirsdag;21:00:00;21:00:00;0.0;21:02:00;18:30:00;151.99999999999994;21:37:00;21:47:00;-9.999999999999964;21:42:00;21:55:00;-12.999999999999954;T25 - Transittgods;Transitter fra 5814;-12.999999999999954;04-08-2026_5709
PRI-TOG;C23;5735.0;Alnabru;2026-08-04;32.0;Tirsdag;21:50:00;21:50:00;0.0;21:55:00;21:55:00;0.0;22:30:00;22:25:00;4.999999999999982;22:35:00;22:34:00;0.9999999999999964;;;0.9999999999999964;04-08-2026_5735
;C32 Nord;5531.0;Alnabru;2026-08-05;32.0;Onsdag;07:50:00;07:50:00;0.0;07:55:00;07:55:00;0.0;08:30:00;08:20:00;10.000000000000044;08:35:00;08:35:00;0.0;;;0.0;05-08-2026_5531
Lastefristkl. 19:30 dag før avgang.;C45;5301.0;Alnabru;2026-08-05;32.0;Onsdag;19:30:00;;0.0;08:11:00;;0.0;08:46:00;;0.0;08:51:00;;0.0;T17 - Innstilt tog;;0.0;05-08-2026_5301
;C45;5801.0;Alnabru;2026-08-05;32.0;Onsdag;08:50:00;;0.0;08:51:00;;0.0;09:26:00;;0.0;09:31:00;;0.0;T17 - Innstilt tog;;0.0;05-08-2026_5801
;C44;81960.0;Alnabru;2026-08-05;32.0;Onsdag;21:00:00;21:00:00;0.0;08:57:00;08:30:00;26.999999999999986;09:32:00;08:57:00;35.000000000000036;09:37:00;09:00:00;37.00000000000003;;;37.00000000000003;05-08-2026_81960
PRI-TOG;C42;5731.0;Alnabru;2026-08-05;32.0;Onsdag;08:50:00;08:50:00;0.0;09:55:00;09:55:00;0.0;10:30:00;09:53:00;37.00000000000003;10:35:00;10:05:00;29.99999999999997;;;29.99999999999997;05-08-2026_5731
;C32 ;5507.0;Alnabru;2026-08-05;32.0;Onsdag;11:15:00;11:10:00;4.999999999999982;11:28:00;11:05:00;22.99999999999992;12:03:00;11:35:00;27.99999999999998;12:08:00;12:07:00;0.9999999999999964;;;0.9999999999999964;05-08-2026_5507
;C42;45960.0;Alnabru;2026-08-05;32.0;Onsdag;14:00:00;12:00:00;120.00000000000006;15:02:00;;0.0;15:37:00;;0.0;15:42:00;15:26:00;15.999999999999943;;;15.999999999999943;05-08-2026_45960
;C32 ;5509.0;Alnabru;2026-08-05;32.0;Onsdag;16:30:00;;0.0;16:44:00;;0.0;17:19:00;;0.0;17:24:00;;0.0;T17 - Innstilt tog;;0.0;05-08-2026_5509
;C45;5805.0;Alnabru;2026-08-05;32.0;Onsdag;16:40:00;16:40:00;0.0;16:51:00;16:45:00;5.999999999999979;17:26:00;17:26:00;0.0;17:31:00;17:31:00;0.0;;;0.0;05-08-2026_5805
;C2/C5A;41971.0;Alnabru;2026-08-05;32.0;Onsdag;16:00:00;16:00:00;0.0;17:20:00;17:00:00;19.99999999999993;17:55:00;17:30:00;25.00000000000007;18:00:00;17:59:00;0.9999999999999964;;;0.9999999999999964;05-08-2026_41971
PRI-TOG;C23;41910.0;Alnabru;2026-08-05;32.0;Onsdag;17:35:00;17:35:00;0.0;17:54:00;17:45:00;8.999999999999968;18:29:00;18:00:00;29.000000000000057;18:34:00;18:29:00;4.999999999999982;;;4.999999999999982;05-08-2026_41910
;C42;5707.0;Alnabru;2026-08-05;32.0;Onsdag;16:20:00;16:20:00;0.0;17:54:00;16:30:00;84.00000000000003;18:29:00;16:40:00;109.00000000000009;18:34:00;18:40:00;-5.999999999999979;T20 - Trafikkstyring (TXP/Togleder);Tog klart i god tid fra terminal, fikk ikke gått tidligere fra trafikkstyrer.;-5.999999999999979;05-08-2026_5707
;C32 ;85511.0;Alnabru;2026-08-05;32.0;Onsdag;18:20:00;18:10:00;9.999999999999964;18:23:00;18:23:00;-1.5987211554602254e-13;18:58:00;18:50:00;7.999999999999972;19:03:00;19:11:00;-8.000000000000131;T16 - Kø skifting;Skifting opp med togstamme;-8.000000000000131;05-08-2026_85511
;C42;5733.0;Alnabru;2026-08-05;32.0;Onsdag;19:20:00;;0.0;19:35:00;;0.0;20:05:00;;0.0;20:10:00;;0.0;T17 - Innstilt tog;;0.0;05-08-2026_5733
PRI-TOG;C31;41900.0;Alnabru;2026-08-05;32.0;Onsdag;19:40:00;19:40:00;0.0;19:57:00;19:40:00;16.99999999999994;20:32:00;19:50:00;42.000000000000014;20:37:00;20:33:00;3.999999999999986;;;3.999999999999986;05-08-2026_41900
LANGTOG;C32 ;85515.0;Alnabru;2026-08-05;32.0;Onsdag;20:15:00;20:37:00;-21.999999999999922;20:28:00;20:28:00;0.0;21:03:00;21:07:00;-3.999999999999986;21:08:00;21:18:00;-9.999999999999964;T26 - Terminalforhold (Forklar nærmere i kommentar);Kort snutid da 5707 har senere avgang og mangel på sporplass.;-9.999999999999964;05-08-2026_85515
LANGTOG;C43;5811.0;Alnabru;2026-08-05;32.0;Onsdag;20:30:00;20:30:00;0.0;20:51:00;20:51:00;0.0;21:26:00;21:20:00;6.0000000000001386;21:31:00;21:31:00;0.0;;;0.0;05-08-2026_5811
;C45;5709.0;Alnabru;2026-08-05;32.0;Onsdag;21:00:00;21:00:00;0.0;20:54:00;19:30:00;84.00000000000003;21:29:00;21:14:00;15.000000000000107;21:34:00;21:34:00;0.0;;;0.0;05-08-2026_5709
PRI-TOG;C23;5735.0;Alnabru;2026-08-05;32.0;Onsdag;21:50:00;21:50:00;0.0;21:55:00;22:00:00;-4.999999999999982;22:30:00;22:15:00;14.999999999999947;22:35:00;22:40:00;-4.999999999999982;;Klar fra terminal i tide, uviss grunn til forsinkelse;-4.999999999999982;05-08-2026_5735
;C44;41960.0;Alnabru;2026-08-06;32.0;Torsdag;16:00:00;16:00:00;0.0;07:57:00;07:25:00;31.999999999999964;08:32:00;07:43:00;48.999999999999986;08:37:00;08:08:00;28.99999999999998;;;28.99999999999998;06-08-2026_41960
Lastefristkl. 19:30 dag før avgang.;C45;5301.0;Alnabru;2026-08-06;32.0;Torsdag;19:30:00;;0.0;08:11:00;;0.0;08:46:00;;0.0;08:51:00;;0.0;T17 - Innstilt tog;;0.0;06-08-2026_5301
;C45;5801.0;Alnabru;2026-08-06;32.0;Torsdag;08:50:00;;0.0;08:51:00;;0.0;09:26:00;;0.0;09:31:00;;0.0;T17 - Innstilt tog;;0.0;06-08-2026_5801
PRI-TOG;C42;5731.0;Alnabru;2026-08-06;32.0;Torsdag;08:50:00;08:57:00;-6.999999999999975;09:55:00;09:04:00;50.99999999999998;10:30:00;09:20:00;69.99999999999999;10:35:00;09:40:00;54.999999999999964;;;54.999999999999964;06-08-2026_5731
;C32 ;5507.0;Alnabru;2026-08-06;32.0;Torsdag;11:15:00;11:12:00;2.9999999999999893;11:28:00;11:15:00;12.999999999999954;12:03:00;11:45:00;18.000000000000014;12:08:00;12:05:00;2.9999999999999893;;;2.9999999999999893;06-08-2026_5507
;C42;45960.0;Alnabru;2026-08-06;32.0;Torsdag;14:00:00;;0.0;15:02:00;;0.0;15:37:00;;0.0;15:42:00;;0.0;T17 - Innstilt tog;;0.0;06-08-2026_45960
;C42;5707.0;Alnabru;2026-08-06;32.0;Torsdag;16:20:00;16:20:00;0.0;16:32:00;16:30:00;1.999999999999993;17:07:00;16:45:00;22.00000000000008;17:12:00;17:01:00;10.999999999999961;;;10.999999999999961;06-08-2026_5707
;C32 ;5509.0;Alnabru;2026-08-06;32.0;Torsdag;16:30:00;;0.0;16:44:00;;0.0;17:19:00;;0.0;17:24:00;;0.0;T17 - Innstilt tog;;0.0;06-08-2026_5509
;C45;5805.0;Alnabru;2026-08-06;32.0;Torsdag;16:40:00;16:40:00;0.0;16:51:00;16:51:00;0.0;17:26:00;17:26:00;0.0;17:31:00;17:30:00;0.9999999999999964;;;0.9999999999999964;06-08-2026_5805
;C2/C5A;41971.0;Alnabru;2026-08-06;32.0;Torsdag;16:00:00;16:00:00;0.0;17:20:00;17:20:00;0.0;17:55:00;17:45:00;9.999999999999964;18:00:00;17:54:00;5.999999999999979;;;5.999999999999979;06-08-2026_41971
PRI-TOG;C23;41910.0;Alnabru;2026-08-06;32.0;Torsdag;17:35:00;;0.0;17:45:00;;0.0;18:20:00;;0.0;18:25:00;;0.0;T17 - Innstilt tog;;0.0;06-08-2026_41910
;C32 ;5511.0;Alnabru;2026-08-06;32.0;Torsdag;18:20:00;18:20:00;0.0;18:23:00;18:23:00;-1.5987211554602254e-13;18:58:00;18:40:00;17.999999999999936;19:03:00;19:00:00;2.9999999999999893;;;2.9999999999999893;06-08-2026_5511
;C42;5733.0;Alnabru;2026-08-06;32.0;Torsdag;19:20:00;;0.0;19:35:00;;0.0;20:05:00;;0.0;20:10:00;;0.0;T17 - Innstilt tog;;0.0;06-08-2026_5733
PRI-TOG;C31;41900.0;Alnabru;2026-08-06;32.0;Torsdag;19:40:00;19:00:00;40.000000000000014;19:46:00;19:40:00;5.999999999999979;20:21:00;19:55:00;25.999999999999908;20:26:00;20:20:00;5.999999999999979;;;5.999999999999979;06-08-2026_41900
LANGTOG;C32 ;5515.0;Alnabru;2026-08-06;32.0;Torsdag;20:15:00;20:15:00;0.0;20:28:00;20:28:00;0.0;21:03:00;20:48:00;14.999999999999947;21:08:00;21:08:00;0.0;;;0.0;06-08-2026_5515
LANGTOG;C43;5811.0;Alnabru;2026-08-06;32.0;Torsdag;20:30:00;21:20:00;-49.999999999999986;20:51:00;20:51:00;0.0;21:26:00;21:35:00;-8.999999999999968;21:31:00;21:48:00;-16.99999999999994;T27 - Kranstopp;Forsinket opplasting grunnet feil på Kran nord.;-16.99999999999994;06-08-2026_5811
;C45;5709.0;Alnabru;2026-08-06;32.0;Torsdag;21:00:00;21:00:00;0.0;20:54:00;20:54:00;0.0;21:29:00;20:49:00;40.000000000000014;21:34:00;20:56:00;38.00000000000003;;;38.00000000000003;06-08-2026_5709
PRI-TOG;C23;5735.0;Alnabru;2026-08-06;32.0;Torsdag;21:50:00;21:50:00;0.0;21:55:00;21:00:00;54.999999999999964;22:30:00;21:55:00;35.000000000000036;22:35:00;22:07:00;28.00000000000006;;;28.00000000000006;06-08-2026_5735
Lastefristkl. 19:30 dag før avgang.;C45;5301.0;Alnabru;2026-08-07;32.0;Fredag;19:30:00;;0.0;08:11:00;;0.0;08:46:00;;0.0;08:51:00;;0.0;T17 - Innstilt tog;;0.0;07-08-2026_5301
;C45;5801.0;Alnabru;2026-08-07;32.0;Fredag;08:50:00;;0.0;08:51:00;;0.0;09:26:00;;0.0;09:31:00;;0.0;T17 - Innstilt tog;;0.0;07-08-2026_5801
PRI-TOG;C42;5731.0;Alnabru;2026-08-07;32.0;Fredag;08:50:00;08:59:00;-8.999999999999968;09:55:00;09:03:00;51.99999999999997;10:30:00;09:29:00;61.00000000000002;10:35:00;10:16:00;19.000000000000014;;;19.000000000000014;07-08-2026_5731
;C32 ;5507.0;Alnabru;2026-08-07;32.0;Fredag;11:40:00;11:43:00;-2.9999999999999893;11:43:00;11:20:00;23.000000000000078;12:18:00;11:59:00;19.000000000000092;12:23:00;12:13:00;10.000000000000124;;;10.000000000000124;07-08-2026_5507
;C42;45960.0;Alnabru;2026-08-07;32.0;Fredag;14:00:00;09:57:00;243.00000000000003;15:02:00;;0.0;15:37:00;;0.0;15:42:00;14:55:00;46.99999999999999;;;46.99999999999999;07-08-2026_45960
;C32 ;5509.0;Alnabru;2026-08-07;32.0;Fredag;16:30:00;;0.0;16:44:00;;0.0;17:19:00;;0.0;17:24:00;;0.0;T17 - Innstilt tog;;0.0;07-08-2026_5509
;C2/C5A;41971.0;Alnabru;2026-08-07;32.0;Fredag;16:00:00;;0.0;17:04:00;;0.0;17:39:00;;0.0;17:44:00;;0.0;T17 - Innstilt tog;;0.0;07-08-2026_41971
;C45;5805.0;Alnabru;2026-08-07;32.0;Fredag;17:00:00;17:00:00;0.0;16:51:00;17:00:00;-9.000000000000128;17:26:00;17:15:00;10.999999999999961;17:31:00;17:31:00;0.0;;;0.0;07-08-2026_5805
PRI-TOG;C23;41910.0;Alnabru;2026-08-07;32.0;Fredag;17:35:00;17:35:00;0.0;17:54:00;17:45:00;8.999999999999968;18:29:00;17:50:00;39.00000000000002;18:34:00;18:20:00;14.00000000000011;;;14.00000000000011;07-08-2026_41910
;C32 ;5511.0;Alnabru;2026-08-07;32.0;Fredag;18:40:00;18:30:00;9.999999999999964;18:59:00;18:40:00;18.999999999999932;19:34:00;19:10:00;23.999999999999915;19:39:00;19:31:00;7.999999999999972;;;7.999999999999972;07-08-2026_5511
;C42;5733.0;Alnabru;2026-08-07;32.0;Fredag;19:20:00;;0.0;19:35:00;;0.0;20:05:00;;0.0;20:10:00;;0.0;T17 - Innstilt tog;;0.0;07-08-2026_5733
PRI-TOG;C31;41900.0;Alnabru;2026-08-07;32.0;Fredag;19:40:00;19:40:00;0.0;19:57:00;19:50:00;6.999999999999975;20:32:00;19:50:00;42.000000000000014;20:37:00;20:03:00;33.99999999999988;;;33.99999999999988;07-08-2026_41900
;C45;5709.0;Alnabru;2026-08-07;32.0;Fredag;21:00:00;21:00:00;0.0;21:02:00;20:30:00;32.00000000000004;21:37:00;21:00:00;37.00000000000003;21:42:00;21:20:00;22.00000000000008;;;22.00000000000008;07-08-2026_5709
LANGTOG;C43;5811.0;Alnabru;2026-08-07;32.0;Fredag;20:30:00;20:30:00;0.0;20:51:00;20:40:00;10.999999999999961;21:26:00;20:50:00;36.00000000000003;21:31:00;21:03:00;28.00000000000006;;;28.00000000000006;07-08-2026_5811
LANGTOG;C32 ;5515.0;Alnabru;2026-08-07;32.0;Fredag;21:15:00;21:15:00;0.0;20:54:00;20:55:00;-0.9999999999999964;21:29:00;21:00:00;29.000000000000057;21:34:00;21:52:00;-17.999999999999936;;;-17.999999999999936;07-08-2026_5515
PRI-TOG;C23;5735.0;Alnabru;2026-08-07;32.0;Fredag;21:50:00;21:50:00;0.0;21:55:00;21:50:00;4.999999999999982;22:30:00;22:13:00;16.99999999999994;22:35:00;22:24:00;10.999999999999961;;;10.999999999999961;07-08-2026_5735
FORHÅNDSLASTES C32 FREDAG;C32 ;5737.0;Alnabru;2026-08-08;32.0;Lørdag;10:40:00;10:40:00;0.0;11:57:00;11:31:00;25.999999999999986;12:32:00;11:51:00;41.000000000000014;12:37:00;12:05:00;32.00000000000004;;;32.00000000000004;08-08-2026_5737
;C44;41971.0;Alnabru;2026-08-08;32.0;Lørdag;12:00:00;12:00:00;0.0;17:04:00;16:30:00;34.00000000000004;17:39:00;16:40:00;59.000000000000114;17:44:00;16:48:00;56.00000000000012;;;56.00000000000012;08-08-2026_41971
PRI-TOG;C23;41910.0;Alnabru;2026-08-08;32.0;Lørdag;14:00:00;11:21:00;159.00000000000009;17:54:00;17:32:00;22.00000000000008;18:29:00;17:40:00;48.999999999999986;18:34:00;17:42:00;51.99999999999997;;;51.99999999999997;08-08-2026_41910
LASTEFRIST KL. 15:00 LØRDAG;C23;5711.0;Alnabru;2026-08-09;32.0;Søndag;14:30:00;14:24:00;5.999999999999979;07:57:00;07:30:00;26.999999999999986;08:32:00;08:00:00;32.00000000000004;08:37:00;08:16:00;21.000000000000007;;;21.000000000000007;09-08-2026_5711
Lastefrist 13:30 Søndag;C44;41960.0;Alnabru;2026-08-09;32.0;Søndag;13:30:00;12:05:00;85.00000000000001;16:48:00;16:29:00;18.999999999999932;17:23:00;16:39:00;44.0;17:28:00;16:54:00;33.99999999999988;;;33.99999999999988;09-08-2026_41960
;C44;41971.0;Alnabru;2026-08-09;32.0;Søndag;13:30:00;13:30:00;0.0;14:18:00;13:29:00;48.999999999999986;14:53:00;13:53:00;59.99999999999994;14:58:00;14:10:00;47.999999999999986;;;47.999999999999986;09-08-2026_41971
LANGTOG;C32;5523.0;Alnabru;2026-08-09;32.0;Søndag;16:00:00;16:06:00;-5.999999999999979;18:36:00;18:28:00;7.999999999999972;19:11:00;18:37:00;34.00000000000004;19:16:00;18:43:00;33.00000000000004;;;33.00000000000004;09-08-2026_5523
;C23;5717.0;Alnabru;2026-08-09;32.0;Søndag;16:00:00;11:11:00;288.99999999999994;17:55:00;16:22:00;92.99999999999999;18:30:00;16:41:00;109.00000000000009;18:35:00;17:56:00;39.00000000000002;;;39.00000000000002;09-08-2026_5717
LANGTOG;C43;5811.0;Alnabru;2026-08-09;32.0;Søndag;13:30:00;12:26:00;63.99999999999993;20:51:00;20:31:00;20.00000000000009;21:26:00;20:43:00;43.00000000000001;21:31:00;21:02:00;29.000000000000057;;;29.000000000000057;09-08-2026_5811
;C32 Nord;5531.0;Alnabru;2026-08-10;33.0;Mandag;07:50:00;;0.0;07:43:00;;0.0;08:18:00;;0.0;08:23:00;;0.0;T17 - Innstilt tog;;0.0;10-08-2026_5531
Lastefristkl. 19:30 dag før avgang.;C45;5301.0;Alnabru;2026-08-10;33.0;Mandag;19:30:00;19:30:00;0.0;08:11:00;08:11:00;0.0;08:46:00;08:29:00;17.00000000000002;08:51:00;08:30:00;21.000000000000007;;;21.000000000000007;10-08-2026_5301
;C44;41960.0;Alnabru;2026-08-10;33.0;Mandag;16:00:00;16:00:00;0.0;08:45:00;08:34:00;10.999999999999961;09:20:00;08:54:00;25.999999999999986;09:25:00;09:08:00;17.00000000000002;;;17.00000000000002;10-08-2026_41960
;C45;5801.0;Alnabru;2026-08-10;33.0;Mandag;08:50:00;;0.0;08:51:00;;0.0;09:26:00;;0.0;09:31:00;;0.0;T17 - Innstilt tog;;0.0;10-08-2026_5801
PRI-TOG;C42;5731.0;Alnabru;2026-08-10;33.0;Mandag;08:50:00;08:50:00;0.0;09:02:00;09:02:00;0.0;09:37:00;09:14:00;23.0;09:42:00;09:21:00;21.000000000000007;;;21.000000000000007;10-08-2026_5731
PRI-TOG;C23;41910.0;Alnabru;2026-08-10;33.0;Mandag;17:35:00;10:54:00;400.99999999999994;11:00:00;11:00:00;0.0;11:35:00;11:31:00;3.999999999999986;11:40:00;11:55:00;-15.000000000000027;T16 - Kø skifting;Måtte skiftes på og skyves ned på Lok på G-spor;-15.000000000000027;10-08-2026_41910
;C32 ;5507.0;Alnabru;2026-08-10;33.0;Mandag;11:40:00;11:48:00;-7.999999999999972;11:43:00;11:39:00;4.000000000000066;12:18:00;12:04:00;14.00000000000011;12:23:00;12:13:00;10.000000000000124;;;10.000000000000124;10-08-2026_5507
PRI-TOG;C31;41900.0;Alnabru;2026-08-10;33.0;Mandag;19:40:00;13:30:00;369.99999999999994;13:40:00;13:19:00;20.999999999999925;14:15:00;13:41:00;34.00000000000004;14:20:00;14:10:00;9.999999999999964;;;9.999999999999964;10-08-2026_41900
;C42;45960.0;Alnabru;2026-08-10;33.0;Mandag;14:00:00;;0.0;15:02:00;;0.0;15:37:00;;0.0;15:42:00;;0.0;T17 - Innstilt tog;;0.0;10-08-2026_45960
;C42;5707.0;Alnabru;2026-08-10;33.0;Mandag;16:20:00;16:20:00;0.0;16:32:00;16:57:00;-25.00000000000007;17:07:00;17:03:00;3.999999999999986;17:12:00;17:14:00;-1.999999999999993;T18 - Sent lok til stamme;;-1.999999999999993;10-08-2026_5707
;C32 ;5509.0;Alnabru;2026-08-10;33.0;Mandag;16:30:00;;0.0;16:44:00;;0.0;17:19:00;;0.0;17:24:00;;0.0;T17 - Innstilt tog;;0.0;10-08-2026_5509
;C2/C5A;41971.0;Alnabru;2026-08-10;33.0;Mandag;16:00:00;16:00:00;0.0;17:04:00;17:12:00;-7.999999999999972;17:39:00;17:17:00;22.00000000000008;17:44:00;17:38:00;5.999999999999979;;;5.999999999999979;10-08-2026_41971
;C45;5805.0;Alnabru;2026-08-10;33.0;Mandag;17:00:00;17:00:00;0.0;17:11:00;17:18:00;-6.999999999999975;17:46:00;17:43:00;2.9999999999999893;17:51:00;17:49:00;1.999999999999993;;;1.999999999999993;10-08-2026_5805
;C32;5511.0;Alnabru;2026-08-10;33.0;Mandag;18:40:00;18:40:00;0.0;18:59:00;19:15:00;-16.000000000000103;19:34:00;19:00:00;34.00000000000004;19:39:00;19:34:00;4.999999999999982;;;4.999999999999982;10-08-2026_5511
;C42;5733.0;Alnabru;2026-08-10;33.0;Mandag;19:20:00;;0.0;19:30:00;;0.0;20:05:00;;0.0;20:10:00;;0.0;T17 - Innstilt tog;;0.0;10-08-2026_5733
LANGTOG;C43;5811.0;Alnabru;2026-08-10;33.0;Mandag;20:30:00;20:30:00;0.0;20:51:00;20:40:00;10.999999999999961;21:26:00;20:50:00;36.00000000000003;21:31:00;21:13:00;18.000000000000096;;;18.000000000000096;10-08-2026_5811
;C45;5709.0;Alnabru;2026-08-10;33.0;Mandag;21:00:00;21:00:00;0.0;21:02:00;20:34:00;28.00000000000006;21:37:00;21:00:00;37.00000000000003;21:42:00;21:14:00;28.00000000000006;;;28.00000000000006;10-08-2026_5709
LANGTOG;C32 ;5515.0;Alnabru;2026-08-10;33.0;Mandag;21:15:00;21:00:00;14.999999999999947;21:17:00;20:55:00;21.999999999999922;21:52:00;21:15:00;37.00000000000003;21:57:00;21:30:00;26.999999999999904;;;26.999999999999904;10-08-2026_5515
PRI-TOG;C23;5735.0;Alnabru;2026-08-10;33.0;Mandag;21:50:00;21:40:00;9.999999999999964;22:02:00;21:50:00;11.999999999999957;22:37:00;21:55:00;42.000000000000014;22:42:00;22:10:00;31.999999999999886;;;31.999999999999886;10-08-2026_5735
Lastefristkl. 19:30 dag før avgang.;C45;5301.0;Alnabru;2026-08-11;33.0;Tirsdag;19:30:00;19:30:00;0.0;08:11:00;08:11:00;0.0;08:46:00;08:59:00;-12.999999999999954;08:51:00;09:11:00;-19.99999999999993;T34 - Annen feil, forklaring i kommentarfelt;Feil under bremseprøve.;-19.99999999999993;11-08-2026_5301
;C45;5801.0;Alnabru;2026-08-11;33.0;Tirsdag;08:50:00;;0.0;08:51:00;;0.0;09:26:00;;0.0;09:31:00;;0.0;T17 - Innstilt tog;;0.0;11-08-2026_5801
PRI-TOG;C42;5731.0;Alnabru;2026-08-11;33.0;Tirsdag;08:50:00;08:50:00;0.0;09:02:00;09:02:00;0.0;09:37:00;09:12:00;24.999999999999993;09:42:00;09:27:00;15.000000000000027;;;15.000000000000027;11-08-2026_5731
PRI-TOG;C23;41910.0;Alnabru;2026-08-11;33.0;Tirsdag;17:35:00;09:30:00;484.99999999999994;09:34:00;09:17:00;16.99999999999994;10:09:00;09:41:00;27.99999999999998;10:14:00;10:04:00;9.999999999999964;;;9.999999999999964;11-08-2026_41910
;C44;41960.0;Alnabru;2026-08-11;33.0;Tirsdag;16:00:00;16:00:00;0.0;11:12:00;11:02:00;10.000000000000044;11:47:00;11:23:00;24.000000000000075;11:52:00;11:50:00;1.999999999999993;;;1.999999999999993;11-08-2026_41960
;C32 ;5507.0;Alnabru;2026-08-11;33.0;Tirsdag;11:40:00;11:34:00;5.999999999999979;11:43:00;12:41:00;-57.99999999999996;12:18:00;11:52:00;26.000000000000068;12:23:00;13:01:00;-37.999999999999865;T18 - Sent lok til stamme;tekniske problemer med lok.;-37.999999999999865;11-08-2026_5507
PRI-TOG;C31;41900.0;Alnabru;2026-08-11;33.0;Tirsdag;19:40:00;13:34:00;366.0;13:40:00;12:43:00;56.99999999999996;14:15:00;13:45:00;30.000000000000053;14:20:00;14:18:00;1.999999999999993;;;1.999999999999993;11-08-2026_41900
;C42;45960.0;Alnabru;2026-08-11;33.0;Tirsdag;14:00:00;;0.0;15:02:00;;0.0;15:37:00;;0.0;15:42:00;;0.0;T17 - Innstilt tog;;0.0;11-08-2026_45960
;C42;5707.0;Alnabru;2026-08-11;33.0;Tirsdag;16:20:00;16:20:00;0.0;16:32:00;16:50:00;-17.999999999999936;17:07:00;16:55:00;11.999999999999957;17:12:00;17:06:00;5.999999999999979;;;5.999999999999979;11-08-2026_5707
;C32 ;5509.0;Alnabru;2026-08-11;33.0;Tirsdag;16:30:00;;0.0;16:44:00;;0.0;17:19:00;;0.0;17:24:00;;0.0;T17 - Innstilt tog;;0.0;11-08-2026_5509
;C2/C5A;41971.0;Alnabru;2026-08-11;33.0;Tirsdag;16:00:00;16:00:00;0.0;17:04:00;16:55:00;8.999999999999968;17:39:00;17:08:00;31.00000000000005;17:44:00;17:33:00;11.00000000000012;;;11.00000000000012;11-08-2026_41971
;C45;5805.0;Alnabru;2026-08-11;33.0;Tirsdag;17:00:00;17:00:00;0.0;17:11:00;17:11:00;0.0;17:46:00;17:25:00;21.000000000000085;17:51:00;17:43:00;7.999999999999972;;;7.999999999999972;11-08-2026_5805
;C32 ;5511.0;Alnabru;2026-08-11;33.0;Tirsdag;18:40:00;18:40:00;0.0;18:59:00;18:30:00;28.999999999999897;19:34:00;18:50:00;44.0;19:39:00;19:22:00;16.99999999999994;;;16.99999999999994;11-08-2026_5511
;C42;5733.0;Alnabru;2026-08-11;33.0;Tirsdag;19:20:00;;0.0;19:35:00;;0.0;20:05:00;;0.0;20:10:00;;0.0;T17 - Innstilt tog;;0.0;11-08-2026_5733
LANGTOG;C43;5811.0;Alnabru;2026-08-11;33.0;Tirsdag;20:30:00;20:30:00;0.0;20:51:00;20:51:00;0.0;21:26:00;21:20:00;6.0000000000001386;21:31:00;21:31:00;0.0;;;0.0;11-08-2026_5811
;C45;5709.0;Alnabru;2026-08-11;33.0;Tirsdag;21:00:00;21:00:00;0.0;21:02:00;21:42:00;-40.000000000000014;21:37:00;21:00:00;37.00000000000003;21:42:00;21:49:00;-6.999999999999975;T18 - Sent lok til stamme;;-6.999999999999975;11-08-2026_5709
LANGTOG;C32 ;5515.0;Alnabru;2026-08-11;33.0;Tirsdag;21:15:00;21:15:00;0.0;21:17:00;21:15:00;1.999999999999993;21:52:00;21:40:00;11.999999999999957;21:57:00;21:50:00;6.999999999999975;;;6.999999999999975;11-08-2026_5515
PRI-TOG;C23;5735.0;Alnabru;2026-08-11;33.0;Tirsdag;21:50:00;21:50:00;0.0;22:02:00;22:36:00;-34.00000000000004;22:37:00;22:00:00;37.00000000000003;22:42:00;;0.0;;;0.0;11-08-2026_5735
PRI-TOG;C31;42987.0;Alnabru;2026-08-12;33.0;Onsdag;19:40:00;19:40:00;0.0;07:34:00;08:01:00;-26.999999999999986;08:09:00;07:43:00;25.999999999999986;08:14:00;08:19:00;-4.999999999999982;T18 - Sent lok til stamme;;-4.999999999999982;12-08-2026_42987
;C32 Nord;5531.0;Alnabru;2026-08-12;33.0;Onsdag;07:50:00;07:50:00;0.0;07:43:00;07:28:00;14.999999999999947;08:18:00;08:02:00;16.00000000000002;08:23:00;08:23:00;0.0;;;0.0;12-08-2026_5531
Lastefristkl. 19:30 dag før avgang.;C45;5301.0;Alnabru;2026-08-12;33.0;Onsdag;19:30:00;19:30:00;0.0;08:11:00;08:29:00;-18.000000000000014;08:46:00;08:48:00;-1.999999999999913;08:51:00;08:53:00;-1.999999999999993;T16 - Kø skifting;Kø i syd for Lok;-1.999999999999993;12-08-2026_5301
PRI-TOG;C42;5731.0;Alnabru;2026-08-12;33.0;Onsdag;08:50:00;09:01:00;-10.999999999999961;09:02:00;09:21:00;-19.000000000000014;09:37:00;09:24:00;13.000000000000034;09:42:00;09:51:00;-8.999999999999968;T18 - Sent lok til stamme;Lok fra 5708 sent inn.;-8.999999999999968;12-08-2026_5731
PRI-TOG;C23;82911.0;Alnabru;2026-08-12;33.0;Onsdag;17:35:00;11:07:00;387.9999999999999;11:00:00;11:00:00;0.0;11:35:00;11:29:00;5.999999999999979;11:40:00;11:40:00;0.0;;;0.0;12-08-2026_82911
;C44;41960.0;Alnabru;2026-08-12;33.0;Onsdag;16:00:00;16:00:00;0.0;11:12:00;11:02:00;10.000000000000044;11:47:00;11:33:00;14.00000000000003;11:52:00;11:49:00;2.9999999999999893;;;2.9999999999999893;12-08-2026_41960
;C32 ;5507.0;Alnabru;2026-08-12;33.0;Onsdag;11:40:00;11:40:00;0.0;11:43:00;11:43:00;7.993605777301127e-14;12:18:00;11:46:00;32.00000000000013;12:23:00;12:20:00;3.000000000000149;;;3.000000000000149;12-08-2026_5507
;C42;5707.0;Alnabru;2026-08-12;33.0;Onsdag;16:20:00;16:20:00;0.0;16:32:00;16:30:00;1.999999999999993;17:07:00;16:50:00;17.0000000000001;17:12:00;17:03:00;8.999999999999968;;;8.999999999999968;12-08-2026_5707
;C45;5801.0;Alnabru;2026-08-12;33.0;Onsdag;08:50:00;;0.0;08:51:00;;0.0;09:26:00;;0.0;09:31:00;;0.0;T17 - Innstilt tog;;0.0;12-08-2026_5801
;C42;45960.0;Alnabru;2026-08-12;33.0;Onsdag;14:00:00;;0.0;15:02:00;;0.0;15:37:00;;0.0;15:42:00;;0.0;T17 - Innstilt tog;;0.0;12-08-2026_45960
;C32 ;5509.0;Alnabru;2026-08-12;33.0;Onsdag;16:30:00;;0.0;16:44:00;;0.0;17:19:00;;0.0;17:24:00;;0.0;T17 - Innstilt tog;;0.0;12-08-2026_5509
;C2/C5A;41971.0;Alnabru;2026-08-12;33.0;Onsdag;16:00:00;16:00:00;0.0;17:04:00;17:04:00;0.0;17:39:00;16:40:00;59.000000000000114;17:44:00;17:42:00;1.999999999999993;;;1.999999999999993;12-08-2026_41971
;C45;5805.0;Alnabru;2026-08-12;33.0;Onsdag;17:00:00;16:50:00;10.000000000000124;17:11:00;17:08:00;2.9999999999999893;17:46:00;17:10:00;36.00000000000003;17:51:00;17:37:00;14.00000000000011;;;14.00000000000011;12-08-2026_5805
;C32 ;5511.0;Alnabru;2026-08-12;33.0;Onsdag;18:40:00;18:30:00;9.999999999999964;18:59:00;18:50:00;8.999999999999968;19:34:00;19:00:00;34.00000000000004;19:39:00;19:33:00;5.999999999999979;;;5.999999999999979;12-08-2026_5511
;C42;5733.0;Alnabru;2026-08-12;33.0;Onsdag;19:20:00;;0.0;19:35:00;;0.0;20:05:00;;0.0;20:10:00;;0.0;T17 - Innstilt tog;;0.0;12-08-2026_5733
;C45;5709.0;Alnabru;2026-08-12;33.0;Onsdag;21:00:00;21:00:00;0.0;21:02:00;20:30:00;32.00000000000004;21:37:00;21:00:00;37.00000000000003;21:42:00;21:42:00;0.0;;;0.0;12-08-2026_5709
LANGTOG;C43;5811.0;Alnabru;2026-08-12;33.0;Onsdag;20:30:00;20:30:00;0.0;20:51:00;20:40:00;10.999999999999961;21:26:00;21:05:00;21.000000000000085;21:31:00;21:31:00;0.0;;;0.0;12-08-2026_5811
LANGTOG;C32 ;5515.0;Alnabru;2026-08-12;33.0;Onsdag;21:15:00;21:15:00;0.0;21:17:00;21:15:00;1.999999999999993;21:52:00;21:46:00;5.999999999999979;21:57:00;21:55:00;1.999999999999993;;;1.999999999999993;12-08-2026_5515
PRI-TOG;C23;5735.0;Alnabru;2026-08-12;33.0;Onsdag;21:50:00;21:50:00;0.0;22:02:00;22:00:00;1.999999999999993;22:37:00;22:10:00;26.999999999999904;22:42:00;22:23:00;18.999999999999932;;;18.999999999999932;12-08-2026_5735
Lastefristkl. 19:30 dag før avgang.;C45;5301.0;Alnabru;2026-08-13;33.0;Torsdag;19:30:00;19:30:00;0.0;08:11:00;08:08:00;2.9999999999999893;08:46:00;08:35:00;11.00000000000004;08:51:00;08:50:00;0.9999999999999964;;;0.9999999999999964;13-08-2026_5301
PRI-TOG;C42;5731.0;Alnabru;2026-08-13;33.0;Torsdag;08:50:00;08:50:00;0.0;09:02:00;08:56:00;5.999999999999979;09:37:00;09:22:00;15.000000000000027;09:42:00;09:31:00;11.00000000000004;;;11.00000000000004;13-08-2026_5731
;;82911.0;Alnabru;2026-08-13;33.0;Torsdag;09:00:00;09:00:00;0.0;09:37:00;09:37:00;-7.993605777301127e-14;10:12:00;10:06:00;5.999999999999979;10:17:00;10:17:00;0.0;;;0.0;13-08-2026_82911
;C32 ;5507.0;Alnabru;2026-08-13;33.0;Torsdag;11:40:00;11:30:00;9.999999999999964;11:43:00;11:15:00;28.00000000000006;12:18:00;11:41:00;37.00000000000011;12:23:00;12:09:00;14.00000000000011;;;14.00000000000011;13-08-2026_5507
;;82961.0;Alnabru;2026-08-13;33.0;Torsdag;21:00:00;21:00:00;0.0;13:02:00;13:02:00;0.0;13:37:00;13:18:00;18.999999999999932;13:42:00;13:22:00;19.99999999999993;;;19.99999999999993;13-08-2026_82961
;C45;5801.0;Alnabru;2026-08-13;33.0;Torsdag;08:50:00;;0.0;08:51:00;;0.0;09:26:00;;0.0;09:31:00;;0.0;T17 - Innstilt tog;;0.0;13-08-2026_5801
;C42;45960.0;Alnabru;2026-08-13;33.0;Torsdag;14:00:00;;0.0;15:02:00;;0.0;15:37:00;;0.0;15:42:00;;0.0;T17 - Innstilt tog;;0.0;13-08-2026_45960
;C42;5707.0;Alnabru;2026-08-13;33.0;Torsdag;16:20:00;16:20:00;0.0;16:32:00;16:15:00;16.99999999999994;17:07:00;16:45:00;22.00000000000008;17:12:00;16:47:00;25.00000000000007;;;25.00000000000007;13-08-2026_5707
;C32 ;5509.0;Alnabru;2026-08-13;33.0;Torsdag;16:30:00;;0.0;16:44:00;;0.0;17:19:00;;0.0;17:24:00;;0.0;T17 - Innstilt tog;;0.0;13-08-2026_5509
;C44;41960.0;Alnabru;2026-08-13;33.0;Torsdag;16:00:00;;0.0;16:48:00;;0.0;17:23:00;;0.0;17:28:00;;0.0;T17 - Innstilt tog;;0.0;13-08-2026_41960
;C2/C5A;41971.0;Alnabru;2026-08-13;33.0;Torsdag;16:00:00;16:00:00;0.0;17:04:00;16:57:00;6.999999999999975;17:39:00;16:43:00;56.00000000000012;17:44:00;17:44:00;0.0;;;0.0;13-08-2026_41971
;C45;5805.0;Alnabru;2026-08-13;33.0;Torsdag;17:00:00;17:00:00;0.0;17:11:00;16:50:00;21.000000000000085;17:46:00;17:00:00;46.0;17:51:00;17:17:00;34.00000000000004;;;34.00000000000004;13-08-2026_5805
PRI-TOG;C23;41910.0;Alnabru;2026-08-13;33.0;Torsdag;17:35:00;;0.0;17:45:00;;0.0;18:20:00;;0.0;18:25:00;;0.0;T17 - Innstilt tog;;0.0;13-08-2026_41910
;C32 ;5511.0;Alnabru;2026-08-13;33.0;Torsdag;18:40:00;18:40:00;0.0;18:59:00;19:00:00;-0.9999999999999964;19:34:00;19:28:00;5.999999999999979;19:39:00;19:42:00;-2.9999999999999893;;Kø ut fra term.;-2.9999999999999893;13-08-2026_5511
;C42;5733.0;Alnabru;2026-08-13;33.0;Torsdag;19:20:00;;0.0;19:35:00;;0.0;20:05:00;;0.0;20:10:00;;0.0;T17 - Innstilt tog;;0.0;13-08-2026_5733
PRI-TOG;C31;41900.0;Alnabru;2026-08-13;33.0;Torsdag;19:40:00;;0.0;19:46:00;;0.0;20:21:00;;0.0;20:26:00;;0.0;T17 - Innstilt tog;;0.0;13-08-2026_41900
;C45;5709.0;Alnabru;2026-08-13;33.0;Torsdag;21:00:00;21:00:00;0.0;21:02:00;20:30:00;32.00000000000004;21:37:00;21:00:00;37.00000000000003;21:42:00;21:39:00;2.9999999999999893;;;2.9999999999999893;13-08-2026_5709
LANGTOG;C43;5811.0;Alnabru;2026-08-13;33.0;Torsdag;20:30:00;20:30:00;0.0;20:51:00;20:30:00;21.000000000000085;21:26:00;20:40:00;46.0;21:31:00;21:30:00;0.9999999999999964;;;0.9999999999999964;13-08-2026_5811
LANGTOG;C32 ;5515.0;Alnabru;2026-08-13;33.0;Torsdag;21:15:00;21:10:00;4.999999999999982;21:17:00;21:13:00;3.999999999999986;21:52:00;21:35:00;16.99999999999994;21:57:00;21:50:00;6.999999999999975;;;6.999999999999975;13-08-2026_5515
PRI-TOG;C23;5735.0;Alnabru;2026-08-13;33.0;Torsdag;21:50:00;21:30:00;19.99999999999993;22:02:00;21:35:00;26.999999999999904;22:37:00;21:50:00;46.99999999999999;22:42:00;22:10:00;31.999999999999886;;;31.999999999999886;13-08-2026_5735
;;42901.0;Alnabru;2026-08-13;33.0;Torsdag;13:30:00;13:30:00;0.0;13:40:00;13:19:00;20.999999999999925;14:15:00;13:44:00;31.00000000000005;14:20:00;13:56:00;23.999999999999915;;;23.999999999999915;13-08-2026_42901
Lastefristkl. 19:30 dag før avgang.;C45;5301.0;Alnabru;2026-08-14;33.0;Fredag;19:30:00;19:30:00;0.0;08:11:00;07:30:00;41.000000000000014;08:46:00;07:51:00;55.00000000000004;08:51:00;08:51:00;0.0;;;0.0;14-08-2026_5301
;C45;5801.0;Alnabru;2026-08-14;33.0;Fredag;08:50:00;;0.0;08:51:00;;0.0;09:26:00;;0.0;09:31:00;;0.0;T17 - Innstilt tog;;0.0;14-08-2026_5801
PRI-TOG;C42;5731.0;Alnabru;2026-08-14;33.0;Fredag;08:50:00;08:50:00;0.0;09:02:00;08:57:00;4.999999999999982;09:37:00;09:13:00;23.999999999999993;09:42:00;09:29:00;13.000000000000034;;;13.000000000000034;14-08-2026_5731
;C32 ;5507.0;Alnabru;2026-08-14;33.0;Fredag;11:40:00;11:36:00;3.999999999999986;11:43:00;11:21:00;22.00000000000008;12:18:00;11:48:00;30.000000000000135;12:23:00;12:23:00;0.0;;;0.0;14-08-2026_5507
;C42;45960.0;Alnabru;2026-08-14;33.0;Fredag;14:00:00;;0.0;15:02:00;;0.0;15:37:00;;0.0;15:42:00;;0.0;T17 - Innstilt tog;;0.0;14-08-2026_45960
;C32 ;5509.0;Alnabru;2026-08-14;33.0;Fredag;16:30:00;;0.0;16:44:00;;0.0;17:19:00;;0.0;17:24:00;;0.0;T17 - Innstilt tog;;0.0;14-08-2026_5509
;C2/C5A;41971.0;Alnabru;2026-08-14;33.0;Fredag;16:00:00;;0.0;17:04:00;;0.0;17:39:00;;0.0;17:44:00;;0.0;T17 - Innstilt tog;;0.0;14-08-2026_41971
;C45;5805.0;Alnabru;2026-08-14;33.0;Fredag;17:00:00;17:00:00;0.0;17:11:00;17:00:00;10.999999999999961;17:46:00;17:40:00;5.999999999999979;17:51:00;17:51:00;0.0;;;0.0;14-08-2026_5805
PRI-TOG;C23;41910.0;Alnabru;2026-08-14;33.0;Fredag;17:35:00;;0.0;17:45:00;;0.0;18:20:00;;0.0;18:25:00;;0.0;T17 - Innstilt tog;;0.0;14-08-2026_41910
;C32 ;5511.0;Alnabru;2026-08-14;33.0;Fredag;18:40:00;18:40:00;0.0;18:59:00;18:30:00;28.999999999999897;19:34:00;19:10:00;23.999999999999915;19:39:00;19:21:00;17.999999999999936;;;17.999999999999936;14-08-2026_5511
;C42;5733.0;Alnabru;2026-08-14;33.0;Fredag;19:20:00;;0.0;19:35:00;;0.0;20:05:00;;0.0;20:10:00;;0.0;T17 - Innstilt tog;;0.0;14-08-2026_5733
PRI-TOG;C31;41900.0;Alnabru;2026-08-14;33.0;Fredag;19:40:00;;0.0;19:46:00;;0.0;20:21:00;;0.0;20:26:00;;0.0;T17 - Innstilt tog;;0.0;14-08-2026_41900
;C45;5709.0;Alnabru;2026-08-14;33.0;Fredag;21:00:00;20:45:00;14.999999999999947;21:02:00;20:45:00;16.99999999999994;21:37:00;21:00:00;37.00000000000003;21:42:00;21:11:00;31.00000000000005;;;31.00000000000005;14-08-2026_5709
LANGTOG;C43;5811.0;Alnabru;2026-08-14;33.0;Fredag;20:30:00;20:30:00;0.0;20:51:00;20:50:00;0.9999999999999964;21:26:00;21:15:00;11.00000000000012;21:31:00;21:31:00;0.0;;;0.0;14-08-2026_5811
LANGTOG;C32 ;5515.0;Alnabru;2026-08-14;33.0;Fredag;21:15:00;21:15:00;0.0;21:17:00;21:21:00;-3.999999999999986;21:52:00;21:40:00;11.999999999999957;21:57:00;21:55:00;1.999999999999993;;;1.999999999999993;14-08-2026_5515
PRI-TOG;C23;5735.0;Alnabru;2026-08-14;33.0;Fredag;21:50:00;21:50:00;0.0;22:02:00;21:30:00;31.999999999999886;22:37:00;22:00:00;37.00000000000003;22:42:00;22:18:00;23.999999999999915;;;23.999999999999915;14-08-2026_5735
FORHÅNDSLASTES C32 FREDAG;C32 ;5737.0;Alnabru;2026-08-15;33.0;Lørdag;11:00:00;10:40:00;20.000000000000007;11:02:00;10:43:00;18.999999999999932;11:37:00;10:57:00;40.000000000000014;11:42:00;11:37:00;4.999999999999982;;;4.999999999999982;15-08-2026_5737
;C44;41951.0;Alnabru;2026-08-15;33.0;Lørdag;13:30:00;12:00:00;90.0;20:15:00;;0.0;20:50:00;;0.0;20:55:00;20:19:00;36.00000000000003;;;36.00000000000003;15-08-2026_41951
PRI-TOG;C23;42951.0;Alnabru;2026-08-15;33.0;Lørdag;12:00:00;13:05:00;-64.99999999999993;18:15:00;;0.0;18:50:00;;0.0;18:55:00;18:43:00;11.999999999999957;;;11.999999999999957;15-08-2026_42951
;;42971.0;Alnabru;2026-08-15;33.0;Lørdag;14:00:00;13:41:00;19.000000000000092;19:13:00;;0.0;19:48:00;;0.0;19:53:00;18:57:00;56.00000000000012;;;56.00000000000012;15-08-2026_42971
LASTEFRIST KL. 15:00 LØRDAG;C23;5711.0;Alnabru;2026-08-16;33.0;Søndag;14:30:00;14:30:00;0.0;07:27:00;;0.0;08:02:00;;0.0;08:07:00;07:13:00;54.00000000000005;;;54.00000000000005;16-08-2026_5711
Lastefrist 13:30 Søndag;C44;42963.0;Alnabru;2026-08-16;33.0;Søndag;13:30:00;00:01:00;809.0;08:38:00;;0.0;09:13:00;;0.0;09:18:00;09:08:00;10.000000000000044;;;10.000000000000044;16-08-2026_42963
;C44;41951.0;Alnabru;2026-08-16;33.0;Søndag;13:30:00;13:30:00;0.0;20:15:00;19:25:00;49.999999999999986;20:50:00;19:29:00;81.00000000000003;20:55:00;19:31:00;84.00000000000003;;;84.00000000000003;16-08-2026_41951
LANGTOG;C32;5523.0;Alnabru;2026-08-16;33.0;Søndag;16:00:00;16:10:00;-10.000000000000124;18:36:00;17:31:00;65.00000000000009;19:11:00;17:46:00;85.00000000000001;19:16:00;18:12:00;64.00000000000009;;;64.00000000000009;16-08-2026_5523
;C23;5717.0;Alnabru;2026-08-16;33.0;Søndag;16:00:00;16:00:00;0.0;16:32:00;15:56:00;36.00000000000003;17:07:00;16:03:00;64.00000000000009;17:12:00;16:14:00;57.99999999999996;;;57.99999999999996;16-08-2026_5717
LANGTOG;C43;5811.0;Alnabru;2026-08-16;33.0;Søndag;13:30:00;13:30:00;0.0;20:51:00;20:31:00;20.00000000000009;21:26:00;20:38:00;47.999999999999986;21:31:00;20:52:00;39.00000000000002;;;39.00000000000002;16-08-2026_5811
;C32 Nord;5531.0;Alnabru;2026-08-17;34.0;Mandag;07:50:00;07:50:00;0.0;07:43:00;07:30:00;12.999999999999954;08:18:00;08:00:00;18.000000000000014;08:23:00;08:19:00;3.999999999999986;;;3.999999999999986;17-08-2026_5531
Lastefristkl. 19:30 dag før avgang.;C45;5301.0;Alnabru;2026-08-17;34.0;Mandag;19:30:00;19:30:00;0.0;08:11:00;08:40:00;-28.99999999999998;08:46:00;08:54:00;-7.999999999999972;08:51:00;09:02:00;-10.999999999999961;T18 - Sent lok til stamme;Kø i syd på gruppa;-10.999999999999961;17-08-2026_5301
;C45;5801.0;Alnabru;2026-08-17;34.0;Mandag;08:50:00;08:50:00;0.0;08:51:00;08:50:00;0.9999999999999165;09:26:00;09:16:00;9.999999999999964;09:31:00;09:35:00;-4.000000000000066;T20 - Trafikkstyring (TXP/Togleder);Kø ut fra term;-4.000000000000066;17-08-2026_5801
PRI-TOG;C42;5731.0;Alnabru;2026-08-17;34.0;Mandag;08:50:00;08:50:00;0.0;09:02:00;09:00:00;1.999999999999993;09:37:00;09:20:00;17.00000000000002;09:42:00;09:32:00;10.000000000000044;;;10.000000000000044;17-08-2026_5731
;C32 ;5507.0;Alnabru;2026-08-17;34.0;Mandag;11:40:00;12:10:00;-29.99999999999997;11:43:00;12:25:00;-42.000000000000014;12:18:00;12:17:00;1.0000000000001563;12:23:00;12:42:00;-18.999999999999932;T18 - Sent lok til stamme;;-18.999999999999932;17-08-2026_5507
;C42;45960.0;Alnabru;2026-08-17;34.0;Mandag;14:00:00;;0.0;15:02:00;;0.0;15:37:00;;0.0;15:42:00;;0.0;T17 - Innstilt tog;;0.0;17-08-2026_45960
;C42;5707.0;Alnabru;2026-08-17;34.0;Mandag;16:20:00;16:12:00;7.999999999999972;16:32:00;16:33:00;-0.9999999999999964;17:07:00;17:00:00;6.999999999999975;17:12:00;17:06:00;5.999999999999979;;;5.999999999999979;17-08-2026_5707
;C32 ;5509.0;Alnabru;2026-08-17;34.0;Mandag;16:30:00;;0.0;16:44:00;;0.0;17:19:00;;0.0;17:24:00;;0.0;T17 - Innstilt tog;;0.0;17-08-2026_5509
;C44;41961.0;Alnabru;2026-08-17;34.0;Mandag;16:00:00;16:00:00;0.0;09:31:00;09:30:00;0.9999999999999964;10:06:00;09:57:00;8.999999999999968;10:11:00;10:04:00;6.999999999999975;;;6.999999999999975;17-08-2026_41961
;C2/C5A;41951.0;Alnabru;2026-08-17;34.0;Mandag;16:00:00;16:00:00;0.0;20:15:00;20:22:00;-6.999999999999975;20:50:00;20:34:00;16.000000000000103;20:55:00;21:00:00;-4.999999999999982;T20 - Trafikkstyring (TXP/Togleder);;-4.999999999999982;17-08-2026_41951
;C45;5805.0;Alnabru;2026-08-17;34.0;Mandag;17:00:00;16:50:00;10.000000000000124;17:11:00;17:10:00;0.9999999999999964;17:46:00;17:20:00;26.000000000000068;17:51:00;17:34:00;17.0000000000001;;;17.0000000000001;17-08-2026_5805
PRI-TOG;C23;81910.0;Alnabru;2026-08-17;34.0;Mandag;10:45:00;10:45:00;0.0;10:50:00;10:50:00;0.0;11:25:00;11:24:00;1.0000000000000764;11:30:00;11:31:00;-0.9999999999999964;;;-0.9999999999999964;17-08-2026_81910
;C32;5511.0;Alnabru;2026-08-17;34.0;Mandag;18:40:00;18:40:00;0.0;18:59:00;18:59:00;0.0;19:34:00;19:12:00;21.999999999999922;19:39:00;19:30:00;8.999999999999968;;;8.999999999999968;17-08-2026_5511
;C42;5733.0;Alnabru;2026-08-17;34.0;Mandag;19:20:00;;0.0;19:30:00;;0.0;20:05:00;;0.0;20:10:00;;0.0;T17 - Innstilt tog;;0.0;17-08-2026_5733
PRI-TOG;C31;81900.0;Alnabru;2026-08-17;34.0;Mandag;16:45:00;16:40:00;4.999999999999982;16:50:00;16:50:00;0.0;17:25:00;17:14:00;10.999999999999961;17:30:00;17:25:00;4.999999999999982;;;4.999999999999982;17-08-2026_81900
;C45;5709.0;Alnabru;2026-08-17;34.0;Mandag;21:00:00;20:50:00;9.999999999999964;20:55:00;20:15:00;40.000000000000014;21:37:00;20:56:00;41.000000000000014;21:42:00;21:16:00;26.000000000000068;;;26.000000000000068;17-08-2026_5709
LANGTOG;C43;5811.0;Alnabru;2026-08-17;34.0;Mandag;20:30:00;20:28:00;1.999999999999993;20:51:00;20:31:00;20.00000000000009;21:26:00;20:58:00;28.00000000000006;21:31:00;21:09:00;22.00000000000008;;;22.00000000000008;17-08-2026_5811
LANGTOG;C32 ;5515.0;Alnabru;2026-08-17;34.0;Mandag;21:15:00;21:15:00;0.0;21:17:00;20:50:00;26.999999999999904;21:52:00;21:38:00;13.99999999999995;21:57:00;21:46:00;10.999999999999961;;;10.999999999999961;17-08-2026_5515
PRI-TOG;C23;5735.0;Alnabru;2026-08-17;34.0;Mandag;21:50:00;21:44:00;5.999999999999979;22:02:00;21:43:00;18.999999999999932;22:37:00;22:17:00;19.99999999999993;22:42:00;22:39:00;2.9999999999999893;;;2.9999999999999893;17-08-2026_5735
Lastefristkl. 19:30 dag før avgang.;C45;5301.0;Alnabru;2026-08-18;34.0;Tirsdag;19:30:00;19:30:00;0.0;08:11:00;08:11:00;0.0;08:46:00;08:40:00;6.000000000000059;08:51:00;08:54:00;-2.9999999999999893;T20 - Trafikkstyring (TXP/Togleder);Kø ut fra gruppa;-2.9999999999999893;18-08-2026_5301
;;4911.0;Alnabru;2026-08-18;34.0;Tirsdag;08:00:00;08:00:00;0.0;08:42:00;08:42:00;0.0;09:17:00;09:09:00;8.000000000000052;09:22:00;09:25:00;-2.9999999999999893;T20 - Trafikkstyring (TXP/Togleder);Kø ut fra gruppa;-2.9999999999999893;18-08-2026_4911
;C45;5801.0;Alnabru;2026-08-18;34.0;Tirsdag;08:50:00;08:50:00;0.0;08:51:00;08:50:00;0.9999999999999165;09:26:00;09:25:00;0.9999999999999964;09:31:00;09:26:00;4.999999999999982;;Avg tidspunk da toget rullet fra term ned på G-spor;4.999999999999982;18-08-2026_5801
PRI-TOG;C42;5731.0;Alnabru;2026-08-18;34.0;Tirsdag;08:50:00;08:50:00;0.0;09:02:00;09:00:00;1.999999999999993;09:37:00;09:20:00;17.00000000000002;09:42:00;09:43:00;-0.9999999999999964;;;-0.9999999999999964;18-08-2026_5731
;C32 ;5507.0;Alnabru;2026-08-18;34.0;Tirsdag;11:40:00;11:40:00;0.0;11:43:00;11:43:00;7.993605777301127e-14;12:18:00;12:13:00;5.000000000000142;12:23:00;12:23:00;0.0;;;0.0;18-08-2026_5507
;C42;45960.0;Alnabru;2026-08-18;34.0;Tirsdag;14:00:00;14:00:00;0.0;15:02:00;14:45:00;16.99999999999994;15:37:00;15:02:00;35.000000000000036;15:42:00;15:41:00;0.9999999999999964;;;0.9999999999999964;18-08-2026_45960
;C42;5707.0;Alnabru;2026-08-18;34.0;Tirsdag;16:20:00;16:20:00;0.0;16:32:00;16:03:00;29.000000000000057;17:07:00;16:33:00;34.00000000000004;17:12:00;16:55:00;16.99999999999994;;;16.99999999999994;18-08-2026_5707
;C32 ;5509.0;Alnabru;2026-08-18;34.0;Tirsdag;16:30:00;;0.0;16:44:00;;0.0;17:19:00;;0.0;17:24:00;;0.0;T17 - Innstilt tog;;0.0;18-08-2026_5509
;C44;41960.0;Alnabru;2026-08-18;34.0;Tirsdag;16:00:00;00:01:00;959.0;16:48:00;16:30:00;17.999999999999936;17:23:00;17:05:00;17.999999999999936;17:28:00;17:26:00;1.999999999999993;;;1.999999999999993;18-08-2026_41960
;C45;5805.0;Alnabru;2026-08-18;34.0;Tirsdag;17:00:00;16:54:00;5.999999999999979;17:11:00;17:01:00;9.999999999999964;17:46:00;17:20:00;26.000000000000068;17:51:00;17:22:00;29.000000000000057;;;29.000000000000057;18-08-2026_5805
PRI-TOG;C23;41910.0;Alnabru;2026-08-18;34.0;Tirsdag;17:35:00;17:50:00;-15.000000000000107;17:45:00;17:43:00;1.999999999999993;18:20:00;18:02:00;18.000000000000096;18:25:00;18:17:00;8.000000000000131;;;8.000000000000131;18-08-2026_41910
;C32 ;5511.0;Alnabru;2026-08-18;34.0;Tirsdag;18:40:00;18:40:00;0.0;18:59:00;18:59:00;0.0;19:34:00;19:14:00;19.99999999999993;19:39:00;19:38:00;0.9999999999999964;;;0.9999999999999964;18-08-2026_5511
;C42;5733.0;Alnabru;2026-08-18;34.0;Tirsdag;19:20:00;;0.0;19:35:00;;0.0;20:05:00;;0.0;20:10:00;;0.0;T17 - Innstilt tog;;0.0;18-08-2026_5733
PRI-TOG;C31;41900.0;Alnabru;2026-08-18;34.0;Tirsdag;19:40:00;19:40:00;0.0;19:46:00;19:21:00;24.99999999999991;20:21:00;19:50:00;31.00000000000005;20:26:00;20:19:00;6.999999999999975;;;6.999999999999975;18-08-2026_41900
;C2/C5A;41951.0;Alnabru;2026-08-18;34.0;Tirsdag;16:00:00;17:55:00;-115.00000000000007;20:15:00;19:55:00;19.99999999999993;20:50:00;20:00:00;49.999999999999986;20:55:00;20:14:00;41.000000000000014;;Rott på Boking;41.000000000000014;18-08-2026_41951
LANGTOG;C43;5811.0;Alnabru;2026-08-18;34.0;Tirsdag;20:30:00;20:30:00;0.0;20:51:00;20:32:00;19.000000000000092;21:26:00;21:00:00;26.000000000000068;21:31:00;21:14:00;17.0000000000001;;;17.0000000000001;18-08-2026_5811
;C45;5709.0;Alnabru;2026-08-18;34.0;Tirsdag;21:00:00;21:00:00;0.0;21:02:00;20:25:00;37.00000000000003;21:37:00;21:15:00;22.00000000000008;21:42:00;21:42:00;0.0;;;0.0;18-08-2026_5709
LANGTOG;C32 ;5515.0;Alnabru;2026-08-18;34.0;Tirsdag;21:15:00;21:15:00;0.0;21:17:00;21:22:00;-4.999999999999982;21:52:00;21:38:00;13.99999999999995;21:57:00;21:53:00;3.999999999999986;;;3.999999999999986;18-08-2026_5515
PRI-TOG;C23;5735.0;Alnabru;2026-08-18;34.0;Tirsdag;21:50:00;;0.0;22:02:00;21:42:00;19.99999999999993;22:37:00;22:05:00;32.00000000000004;22:42:00;22:18:00;23.999999999999915;;;23.999999999999915;18-08-2026_5735
;C32 Nord;5531.0;Alnabru;2026-08-19;34.0;Onsdag;07:50:00;07:50:00;0.0;07:43:00;07:43:00;-7.993605777301127e-14;08:18:00;08:00:00;18.000000000000014;08:23:00;08:24:00;-0.9999999999999964;;;-0.9999999999999964;19-08-2026_5531
Lastefristkl. 19:30 dag før avgang.;C45;5301.0;Alnabru;2026-08-19;34.0;Onsdag;19:30:00;19:30:00;0.0;08:11:00;08:00:00;11.00000000000004;08:46:00;09:30:00;-43.99999999999992;08:51:00;09:40:00;-48.999999999999986;T15 - Intern datafeil GTS;3 stk litra vogner i GTS som ekspedisjonen ikke får slettet + kø ut fra gruppa.;-48.999999999999986;19-08-2026_5301
;C45;5801.0;Alnabru;2026-08-19;34.0;Onsdag;08:50:00;08:50:00;0.0;08:51:00;08:50:00;0.9999999999999165;09:26:00;09:35:00;-9.000000000000048;09:31:00;09:36:00;-5.000000000000062;T12 - Mannskapsmangel;Kun 1 mann i ekspedisjonen. For mye å gjøre, sent R206;-5.000000000000062;19-08-2026_5801
PRI-TOG;C42;5731.0;Alnabru;2026-08-19;34.0;Onsdag;08:50:00;08:50:00;0.0;09:02:00;10:50:00;-108.00000000000001;09:37:00;09:33:00;4.000000000000066;09:42:00;10:58:00;-75.99999999999997;T19 - Feil på lok;;-75.99999999999997;19-08-2026_5731
;C32 ;5507.0;Alnabru;2026-08-19;34.0;Onsdag;11:40:00;11:40:00;0.0;11:43:00;11:30:00;13.000000000000034;12:18:00;12:11:00;7.000000000000135;12:23:00;12:28:00;-4.999999999999982;T20 - Trafikkstyring (TXP/Togleder);Kø ut fra term;-4.999999999999982;19-08-2026_5507
;C42;45960.0;Alnabru;2026-08-19;34.0;Onsdag;14:00:00;;0.0;15:02:00;;0.0;15:37:00;;0.0;15:42:00;;0.0;;;0.0;19-08-2026_45960
;C42;5707.0;Alnabru;2026-08-19;34.0;Onsdag;16:20:00;16:29:00;-8.999999999999968;16:32:00;15:15:00;77.00000000000004;17:07:00;16:41:00;26.000000000000068;17:12:00;16:54:00;17.999999999999936;;;17.999999999999936;19-08-2026_5707
;C32 ;5509.0;Alnabru;2026-08-19;34.0;Onsdag;16:30:00;;0.0;16:44:00;;0.0;17:19:00;;0.0;17:24:00;;0.0;T17 - Innstilt tog;;0.0;19-08-2026_5509
;C44;41960.0;Alnabru;2026-08-19;34.0;Onsdag;16:00:00;00:01:00;959.0;16:48:00;16:39:00;8.999999999999968;17:23:00;17:22:00;0.9999999999999964;17:28:00;17:28:00;0.0;;;0.0;19-08-2026_41960
;C2/C5A;41971.0;Alnabru;2026-08-19;34.0;Onsdag;16:00:00;16:00:00;0.0;17:04:00;16:36:00;28.00000000000006;17:39:00;16:44:00;55.00000000000013;17:44:00;17:22:00;22.00000000000008;;;22.00000000000008;19-08-2026_41971
;C45;5805.0;Alnabru;2026-08-19;34.0;Onsdag;17:00:00;17:09:00;-8.999999999999968;17:11:00;17:00:00;10.999999999999961;17:46:00;17:42:00;3.999999999999986;17:51:00;17:47:00;3.999999999999986;;;3.999999999999986;19-08-2026_5805
PRI-TOG;C23;41910.0;Alnabru;2026-08-19;34.0;Onsdag;17:35:00;17:35:00;0.0;17:45:00;17:35:00;10.000000000000124;18:20:00;17:56:00;24.000000000000075;18:25:00;18:08:00;17.0000000000001;;;17.0000000000001;19-08-2026_41910
;C32 ;5511.0;Alnabru;2026-08-19;34.0;Onsdag;18:40:00;18:40:00;0.0;18:59:00;18:37:00;21.999999999999922;19:34:00;19:08:00;25.999999999999908;19:39:00;19:22:00;16.99999999999994;;;16.99999999999994;19-08-2026_5511
;C42;5733.0;Alnabru;2026-08-19;34.0;Onsdag;19:20:00;;0.0;19:35:00;;0.0;20:05:00;;0.0;20:10:00;;0.0;T17 - Innstilt tog;;0.0;19-08-2026_5733
PRI-TOG;C31;41900.0;Alnabru;2026-08-19;34.0;Onsdag;19:40:00;19:40:00;0.0;19:46:00;19:38:00;7.999999999999972;20:21:00;19:42:00;39.00000000000002;20:26:00;20:08:00;17.999999999999936;;;17.999999999999936;19-08-2026_41900
;C45;5709.0;Alnabru;2026-08-19;34.0;Onsdag;21:00:00;20:48:00;11.999999999999957;21:02:00;20:20:00;42.000000000000014;21:37:00;21:11:00;26.000000000000068;21:42:00;21:35:00;6.999999999999975;;;6.999999999999975;19-08-2026_5709
LANGTOG;C43;5811.0;Alnabru;2026-08-19;34.0;Onsdag;20:30:00;20:30:00;0.0;20:51:00;19:54:00;56.99999999999996;21:26:00;20:44:00;42.000000000000014;21:31:00;21:04:00;27.000000000000064;;;27.000000000000064;19-08-2026_5811
LANGTOG;C32 ;5515.0;Alnabru;2026-08-19;34.0;Onsdag;21:15:00;21:15:00;0.0;21:17:00;21:13:00;3.999999999999986;21:52:00;21:31:00;20.999999999999925;21:57:00;21:57:00;0.0;;;0.0;19-08-2026_5515
PRI-TOG;C23;5735.0;Alnabru;2026-08-19;34.0;Onsdag;21:50:00;21:44:00;5.999999999999979;22:02:00;21:34:00;27.9999999999999;22:37:00;22:01:00;36.00000000000003;22:42:00;22:20:00;21.999999999999922;;;21.999999999999922;19-08-2026_5735
;C44;81960.0;Alnabru;2026-08-20;34.0;Torsdag;00:01:00;00:01:00;0.0;07:50:00;07:20:00;29.99999999999997;08:25:00;07:45:00;40.000000000000014;08:30:00;08:17:00;13.000000000000034;;;13.000000000000034;20-08-2026_81960
Lastefristkl. 19:30 dag før avgang.;C45;5301.0;Alnabru;2026-08-20;34.0;Torsdag;19:30:00;19:30:00;0.0;08:11:00;08:00:00;11.00000000000004;08:46:00;08:35:00;11.00000000000004;08:51:00;08:50:00;0.9999999999999964;;;0.9999999999999964;20-08-2026_5301
;C45;5801.0;Alnabru;2026-08-20;34.0;Torsdag;08:50:00;08:50:00;0.0;08:51:00;09:10:00;-19.000000000000014;09:26:00;09:15:00;10.999999999999961;09:31:00;10:00:00;-29.000000000000057;T14 - Ekstern datafeil TOS/GOS;Tok ekstra tid med opptak pga GC vogner ikke ville legges inn på vanlig måte. ;-29.000000000000057;20-08-2026_5801
PRI-TOG;C42;5731.0;Alnabru;2026-08-20;34.0;Torsdag;08:50:00;08:50:00;0.0;09:02:00;09:00:00;1.999999999999993;09:37:00;09:37:00;0.0;09:42:00;09:42:00;0.0;;;0.0;20-08-2026_5731
;C32 ;5507.0;Alnabru;2026-08-20;34.0;Torsdag;11:40:00;11:35:00;4.999999999999982;11:43:00;11:20:00;23.000000000000078;12:18:00;12:05:00;13.000000000000114;12:23:00;12:18:00;5.000000000000142;;;5.000000000000142;20-08-2026_5507
;C42;45960.0;Alnabru;2026-08-20;34.0;Torsdag;14:00:00;12:00:00;120.00000000000006;15:02:00;;0.0;15:37:00;14:00:00;96.99999999999997;15:42:00;;0.0;;;0.0;20-08-2026_45960
;C42;5707.0;Alnabru;2026-08-20;34.0;Torsdag;16:20:00;16:20:00;0.0;16:32:00;16:10:00;21.999999999999922;17:07:00;16:33:00;34.00000000000004;17:12:00;16:38:00;34.00000000000004;;;34.00000000000004;20-08-2026_5707
;C32 ;5509.0;Alnabru;2026-08-20;34.0;Torsdag;16:30:00;;0.0;16:44:00;;0.0;17:19:00;;0.0;17:24:00;;0.0;T17 - Innstilt tog;;0.0;20-08-2026_5509
;C2/C5A;41971.0;Alnabru;2026-08-20;34.0;Torsdag;16:00:00;16:00:00;0.0;17:04:00;16:50:00;14.00000000000011;17:39:00;17:01:00;38.00000000000003;17:44:00;17:08:00;36.00000000000003;;;36.00000000000003;20-08-2026_41971
;C45;5805.0;Alnabru;2026-08-20;34.0;Torsdag;17:00:00;17:00:00;0.0;17:11:00;17:00:00;10.999999999999961;17:46:00;17:39:00;6.999999999999975;17:51:00;17:41:00;9.999999999999964;;;9.999999999999964;20-08-2026_5805
PRI-TOG;C23;41910.0;Alnabru;2026-08-20;34.0;Torsdag;17:35:00;17:15:00;19.99999999999993;17:45:00;17:30:00;15.000000000000107;18:20:00;17:44:00;36.00000000000003;18:25:00;18:10:00;15.000000000000107;;;15.000000000000107;20-08-2026_41910
;C32 ;5511.0;Alnabru;2026-08-20;34.0;Torsdag;18:40:00;18:38:00;1.999999999999993;18:59:00;18:47:00;11.999999999999957;19:34:00;18:59:00;35.000000000000036;19:39:00;19:28:00;10.999999999999961;;;10.999999999999961;20-08-2026_5511
;C42;5733.0;Alnabru;2026-08-20;34.0;Torsdag;19:20:00;;0.0;19:35:00;;0.0;20:05:00;;0.0;20:10:00;;0.0;T17 - Innstilt tog;;0.0;20-08-2026_5733
PRI-TOG;C31;41900.0;Alnabru;2026-08-20;34.0;Torsdag;19:40:00;19:13:00;26.999999999999904;19:46:00;20:00:00;-14.00000000000011;20:21:00;20:06:00;14.999999999999947;20:26:00;20:20:00;5.999999999999979;T18 - Sent lok til stamme;;5.999999999999979;20-08-2026_41900
LANGTOG;C43;5811.0;Alnabru;2026-08-20;34.0;Torsdag;20:30:00;20:44:00;-14.00000000000011;20:51:00;20:24:00;27.000000000000064;21:26:00;20:55:00;31.00000000000005;21:31:00;21:24:00;6.999999999999975;;;6.999999999999975;20-08-2026_5811
;C45;5709.0;Alnabru;2026-08-20;34.0;Torsdag;21:00:00;21:16:00;-15.999999999999943;21:02:00;20:19:00;43.00000000000001;21:37:00;21:31:00;5.999999999999979;21:42:00;21:40:00;1.999999999999993;T27 - Kranstopp;;1.999999999999993;20-08-2026_5709
LANGTOG;C32 ;5515.0;Alnabru;2026-08-20;34.0;Torsdag;21:15:00;21:10:00;4.999999999999982;21:17:00;21:28:00;-11.00000000000012;21:52:00;21:33:00;18.999999999999932;21:57:00;21:40:00;16.99999999999994;T18 - Sent lok til stamme;;16.99999999999994;20-08-2026_5515
PRI-TOG;C23;5735.0;Alnabru;2026-08-20;34.0;Torsdag;21:50:00;20:55:00;54.999999999999964;22:02:00;21:58:00;3.999999999999986;22:37:00;22:24:00;12.999999999999954;22:42:00;22:36:00;5.999999999999979;;;5.999999999999979;20-08-2026_5735
;;4911.0;Alnabru;2026-08-20;34.0;Torsdag;;;0.0;08:42:00;08:10:00;31.999999999999964;09:17:00;09:43:00;-25.999999999999986;09:22:00;10:05:00;-43.00000000000001;T34 - Annen feil, forklaring i kommentarfelt;Måtte lastes og skiftes sammen i morgenrushet.;-43.00000000000001;20-08-2026_4911
Lastefristkl. 19:30 dag før avgang.;C45;5301.0;Alnabru;2026-08-21;34.0;Fredag;19:30:00;19:30:00;0.0;08:11:00;08:00:00;11.00000000000004;08:46:00;08:14:00;32.00000000000004;08:51:00;08:51:00;0.0;;;0.0;21-08-2026_5301
;C45;5801.0;Alnabru;2026-08-21;34.0;Fredag;08:50:00;09:15:00;-24.999999999999993;08:51:00;08:50:00;0.9999999999999165;09:26:00;09:26:00;0.0;09:31:00;09:38:00;-7.000000000000055;;;-7.000000000000055;21-08-2026_5801
PRI-TOG;C42;5731.0;Alnabru;2026-08-21;34.0;Fredag;08:50:00;08:50:00;0.0;09:02:00;09:00:00;1.999999999999993;09:37:00;09:30:00;7.000000000000055;09:42:00;09:46:00;-3.999999999999986;;;-3.999999999999986;21-08-2026_5731
;C32 ;5507.0;Alnabru;2026-08-21;34.0;Fredag;11:40:00;11:55:00;-15.000000000000027;11:43:00;11:30:00;13.000000000000034;12:18:00;12:18:00;1.5987211554602254e-13;12:23:00;12:43:00;-19.99999999999993;T19 - Feil på lok;Tok lang tid å fylle opp for gjennomslag.;-19.99999999999993;21-08-2026_5507
;C42;45964.0;Alnabru;2026-08-21;34.0;Fredag;14:00:00;;0.0;15:02:00;;0.0;15:37:00;;0.0;15:42:00;14:25:00;77.00000000000004;;;77.00000000000004;21-08-2026_45964
;C32 ;5509.0;Alnabru;2026-08-21;34.0;Fredag;16:30:00;;0.0;16:44:00;;0.0;17:19:00;;0.0;17:24:00;;0.0;T17 - Innstilt tog;;0.0;21-08-2026_5509
;C2/C5A;41971.0;Alnabru;2026-08-21;34.0;Fredag;16:00:00;;0.0;17:04:00;;0.0;17:39:00;;0.0;17:44:00;;0.0;T17 - Innstilt tog;;0.0;21-08-2026_41971
;C45;5805.0;Alnabru;2026-08-21;34.0;Fredag;17:00:00;17:08:00;-7.999999999999972;17:11:00;17:36:00;-24.99999999999991;17:46:00;18:04:00;-17.999999999999936;17:51:00;18:07:00;-15.999999999999943;T19 - Feil på lok;;-15.999999999999943;21-08-2026_5805
PRI-TOG;C23;41910.0;Alnabru;2026-08-21;34.0;Fredag;17:35:00;17:35:00;0.0;17:45:00;17:19:00;26.000000000000068;18:20:00;17:45:00;35.000000000000036;18:25:00;18:11:00;14.00000000000011;;;14.00000000000011;21-08-2026_41910
;C32 ;5511.0;Alnabru;2026-08-21;34.0;Fredag;18:40:00;18:53:00;-12.999999999999954;18:59:00;18:34:00;24.99999999999991;19:34:00;19:04:00;30.000000000000053;19:39:00;19:28:00;10.999999999999961;;;10.999999999999961;21-08-2026_5511
;C42;5733.0;Alnabru;2026-08-21;34.0;Fredag;19:20:00;;0.0;19:35:00;;0.0;20:05:00;;0.0;20:10:00;;0.0;T17 - Innstilt tog;;0.0;21-08-2026_5733
PRI-TOG;C31;41900.0;Alnabru;2026-08-21;34.0;Fredag;19:40:00;19:48:00;-7.999999999999972;19:46:00;19:44:00;1.999999999999993;20:21:00;20:09:00;11.999999999999957;20:26:00;20:28:00;-1.999999999999993;;;-1.999999999999993;21-08-2026_41900
;C45;5709.0;Alnabru;2026-08-21;34.0;Fredag;21:00:00;21:37:00;-37.00000000000003;21:02:00;20:00:00;61.99999999999994;21:37:00;21:45:00;-7.999999999999972;21:42:00;22:15:00;-33.00000000000004;;Bemaning i kran å sent opp;-33.00000000000004;21-08-2026_5709
LANGTOG;C43;5811.0;Alnabru;2026-08-21;34.0;Fredag;20:30:00;20:30:00;0.0;20:51:00;20:39:00;11.999999999999957;21:26:00;21:09:00;17.0000000000001;21:31:00;21:17:00;14.00000000000011;;;14.00000000000011;21-08-2026_5811
LANGTOG;C32 ;5515.0;Alnabru;2026-08-21;34.0;Fredag;21:15:00;21:15:00;0.0;21:17:00;21:18:00;-0.9999999999999964;21:52:00;21:42:00;9.999999999999964;21:57:00;21:53:00;3.999999999999986;;;3.999999999999986;21-08-2026_5515
PRI-TOG;C23;5735.0;Alnabru;2026-08-21;34.0;Fredag;21:50:00;22:05:00;-14.999999999999947;22:02:00;21:44:00;17.999999999999936;22:37:00;22:06:00;31.00000000000005;22:42:00;22:21:00;20.999999999999925;T24 - Optimalisering av togstamme;;20.999999999999925;21-08-2026_5735
FORHÅNDSLASTES C32 FREDAG;C32 ;5737.0;Alnabru;2026-08-22;34.0;Lørdag;11:00:00;11:00:00;0.0;11:02:00;10:50:00;11.999999999999957;11:37:00;11:10:00;26.999999999999986;11:42:00;11:30:00;11.999999999999957;;;11.999999999999957;22-08-2026_5737
;C44;41971.0;Alnabru;2026-08-22;34.0;Lørdag;13:30:00;12:00:00;90.0;17:04:00;17:00:00;3.999999999999986;17:39:00;17:05:00;34.00000000000004;17:44:00;17:31:00;13.000000000000114;;;13.000000000000114;22-08-2026_41971
PRI-TOG;C23;41910.0;Alnabru;2026-08-22;34.0;Lørdag;12:00:00;13:00:00;-59.99999999999994;17:45:00;17:22:00;23.000000000000078;18:20:00;17:30:00;50.00000000000014;18:25:00;17:51:00;34.00000000000004;;;34.00000000000004;22-08-2026_41910
LASTEFRIST KL. 15:00 LØRDAG;C23;5711.0;Alnabru;2026-08-23;34.0;Søndag;14:30:00;14:30:00;0.0;08:00:00;08:00:00;0.0;08:35:00;08:15:00;20.000000000000007;08:40:00;08:20:00;20.000000000000007;;;20.000000000000007;23-08-2026_5711
Lastefrist 13:30 Søndag;C44;41960.0;Alnabru;2026-08-23;34.0;Søndag;13:30:00;13:30:00;0.0;16:21:00;15:30:00;50.99999999999998;16:56:00;16:00:00;56.00000000000012;17:01:00;17:00:00;0.9999999999999964;;;0.9999999999999964;23-08-2026_41960
;C44;81971.0;Alnabru;2026-08-23;34.0;Søndag;13:30:00;13:30:00;0.0;15:15:00;15:00:00;14.999999999999947;15:50:00;15:30:00;19.99999999999993;15:55:00;15:46:00;8.999999999999968;;;8.999999999999968;23-08-2026_81971
LANGTOG;C32;5523.0;Alnabru;2026-08-23;34.0;Søndag;16:00:00;16:00:00;0.0;18:36:00;18:20:00;16.000000000000103;19:11:00;18:30:00;41.000000000000014;19:16:00;19:08:00;7.999999999999972;;;7.999999999999972;23-08-2026_5523
;C23;5717.0;Alnabru;2026-08-23;34.0;Søndag;16:00:00;15:45:00;14.999999999999947;16:32:00;16:12:00;19.99999999999993;17:07:00;16:00:00;67.00000000000009;17:12:00;17:52:00;-40.000000000000014;T9 - Feil på vogn;Bufferhøydeforskjell. Måtte bytte ut en vogn etter ankomst lok.;-40.000000000000014;23-08-2026_5717
LANGTOG;C43;5811.0;Alnabru;2026-08-23;34.0;Søndag;13:30:00;13:30:00;0.0;20:51:00;20:50:00;0.9999999999999964;21:26:00;21:05:00;21.000000000000085;21:31:00;21:10:00;21.000000000000085;;;21.000000000000085;23-08-2026_5811
C32 Nord;;5531.0;Alnabru;2026-08-24;35.0;Mandag;07:50:00;07:50:00;0.0;07:43:00;08:03:00;-20.000000000000007;08:18:00;08:13:00;4.999999999999982;08:23:00;08:19:00;3.999999999999986;T20 - Trafikkstyring (TXP/Togleder);;3.999999999999986;24-08-2026_5531
Lastefristkl. 19:30 dag før avgang.;C45;5301.0;Alnabru;2026-08-24;35.0;Mandag;19:30:00;19:30:00;0.0;08:11:00;08:06:00;4.999999999999982;08:46:00;08:33:00;13.000000000000034;08:51:00;08:51:00;0.0;;;0.0;24-08-2026_5301
;C45;5801.0;Alnabru;2026-08-24;35.0;Mandag;08:50:00;08:42:00;8.000000000000052;08:51:00;08:45:00;5.999999999999979;09:26:00;09:10:00;16.00000000000002;09:31:00;09:23:00;7.999999999999972;;;7.999999999999972;24-08-2026_5801
PRI-TOG;C42;5731.0;Alnabru;2026-08-24;35.0;Mandag;08:50:00;08:50:00;0.0;09:02:00;08:43:00;19.000000000000014;09:37:00;09:06:00;31.00000000000005;09:42:00;09:31:00;11.00000000000004;;;11.00000000000004;24-08-2026_5731
;C32 ;5507.0;Alnabru;2026-08-24;35.0;Mandag;11:40:00;11:38:00;1.999999999999993;11:43:00;11:28:00;15.000000000000027;12:18:00;12:06:00;12.000000000000117;12:23:00;12:21:00;2.0000000000001528;;;2.0000000000001528;24-08-2026_5507
;C2/C5A;91971.0;Alnabru;2026-08-24;35.0;Mandag;12:30:00;12:48:00;-17.999999999999936;12:56:00;13:09:00;-13.000000000000114;13:31:00;13:20:00;10.999999999999961;13:36:00;13:39:00;-2.9999999999999893;T4 - Forsinket ankommet tog. (kort snutid);;-2.9999999999999893;24-08-2026_91971
;C42;45960.0;Alnabru;2026-08-24;35.0;Mandag;14:00:00;13:00:00;60.00000000000011;15:02:00;14:30:00;32.00000000000004;15:37:00;15:00:00;37.00000000000003;15:42:00;15:18:00;24.000000000000075;;;24.000000000000075;24-08-2026_45960
;C42;5707.0;Alnabru;2026-08-24;35.0;Mandag;16:20:00;16:20:00;0.0;16:32:00;16:25:00;6.999999999999975;17:07:00;16:30:00;37.00000000000003;17:12:00;17:00:00;11.999999999999957;;;11.999999999999957;24-08-2026_5707
;C32 ;5509.0;Alnabru;2026-08-24;35.0;Mandag;16:30:00;16:00:00;30.000000000000053;16:44:00;16:30:00;13.99999999999995;17:19:00;16:25:00;53.99999999999997;17:24:00;17:24:00;0.0;;;0.0;24-08-2026_5509
;C44;41960.0;Alnabru;2026-08-24;35.0;Mandag;16:00:00;16:00:00;0.0;16:48:00;16:21:00;26.999999999999904;17:23:00;17:05:00;17.999999999999936;17:28:00;17:28:00;0.0;;;0.0;24-08-2026_41960
;C45;5805.0;Alnabru;2026-08-24;35.0;Mandag;17:00:00;17:00:00;0.0;17:11:00;17:05:00;5.999999999999979;17:46:00;17:30:00;16.000000000000103;17:51:00;17:51:00;0.0;;;0.0;24-08-2026_5805
PRI-TOG;C23;41910.0;Alnabru;2026-08-24;35.0;Mandag;17:35:00;17:50:00;-15.000000000000107;17:45:00;17:45:00;0.0;18:20:00;18:15:00;5.000000000000142;18:25:00;18:20:00;5.000000000000142;;;5.000000000000142;24-08-2026_41910
;C32;5511.0;Alnabru;2026-08-24;35.0;Mandag;18:40:00;19:00:00;-19.99999999999993;18:59:00;18:30:00;28.999999999999897;19:34:00;19:20:00;13.99999999999995;19:39:00;19:34:00;4.999999999999982;;;4.999999999999982;24-08-2026_5511
;C42;5733.0;Alnabru;2026-08-24;35.0;Mandag;19:20:00;19:30:00;-9.999999999999964;19:30:00;19:30:00;0.0;20:05:00;19:45:00;20.00000000000009;20:10:00;20:07:00;2.9999999999999893;;;2.9999999999999893;24-08-2026_5733
PRI-TOG;C31;41900.0;Alnabru;2026-08-24;35.0;Mandag;19:40:00;19:40:00;0.0;19:54:00;19:54:00;-1.5987211554602254e-13;20:29:00;20:15:00;13.99999999999995;20:34:00;20:28:00;5.999999999999979;;;5.999999999999979;24-08-2026_41900
LANGTOG;C43;5811.0;Alnabru;2026-08-24;35.0;Mandag;20:30:00;20:30:00;0.0;20:51:00;20:00:00;50.99999999999998;21:26:00;21:30:00;-3.999999999999986;21:31:00;21:36:00;-4.999999999999982;T9 - Feil på vogn;Utenpåliggende kloss. Måtte skifte ut vognen med lok.;-4.999999999999982;24-08-2026_5811
;C45;5709.0;Alnabru;2026-08-24;35.0;Mandag;21:00:00;21:00:00;0.0;21:02:00;21:00:00;1.999999999999993;21:37:00;21:25:00;11.999999999999957;21:42:00;21:47:00;-4.999999999999982;T21 - R206 ikke klar i tide;2x semier som ikke var med på innlesing. Tok lang tid før booking fikk fjernet trallene så vi fikk laget opptak.;-4.999999999999982;24-08-2026_5709
LANGTOG;C32 ;5515.0;Alnabru;2026-08-24;35.0;Mandag;21:15:00;21:15:00;0.0;21:17:00;21:15:00;1.999999999999993;21:52:00;21:00:00;51.99999999999997;21:57:00;21:59:00;-1.999999999999993;;;-1.999999999999993;24-08-2026_5515
PRI-TOG;C23;5735.0;Alnabru;2026-08-24;35.0;Mandag;21:50:00;22:30:00;-40.000000000000014;22:02:00;22:00:00;1.999999999999993;22:37:00;23:00:00;-23.000000000000078;22:42:00;23:05:00;-23.000000000000078;T34 - Annen feil, forklaring i kommentarfelt;Revisjonsvogn som ikke var skiftet ut. Måtte skifte ut ved vaktskifte kveld/natt.;-23.000000000000078;24-08-2026_5735
Lastefristkl. 19:30 dag før avgang.;C45;5301.0;Alnabru;2026-08-25;35.0;Tirsdag;19:30:00;19:30:00;0.0;08:11:00;08:05:00;5.999999999999979;08:46:00;08:25:00;21.000000000000085;08:51:00;08:50:00;0.9999999999999964;;;0.9999999999999964;25-08-2026_5301
;C45;5801.0;Alnabru;2026-08-25;35.0;Tirsdag;08:50:00;08:50:00;0.0;08:51:00;08:34:00;16.99999999999994;09:26:00;09:19:00;6.999999999999975;09:31:00;09:28:00;2.9999999999999893;;;2.9999999999999893;25-08-2026_5801
PRI-TOG;C42;5731.0;Alnabru;2026-08-25;35.0;Tirsdag;08:50:00;08:50:00;0.0;09:02:00;08:12:00;49.999999999999986;09:37:00;09:24:00;13.000000000000034;09:42:00;09:41:00;0.9999999999999964;;;0.9999999999999964;25-08-2026_5731
;C32 ;5507.0;Alnabru;2026-08-25;35.0;Tirsdag;11:40:00;11:39:00;0.9999999999999964;11:43:00;11:41:00;2.000000000000073;12:18:00;12:08:00;10.000000000000124;12:23:00;12:18:00;5.000000000000142;;;5.000000000000142;25-08-2026_5507
;C42;45960.0;Alnabru;2026-08-25;35.0;Tirsdag;14:00:00;12:00:00;120.00000000000006;15:02:00;14:30:00;32.00000000000004;15:37:00;15:00:00;37.00000000000003;15:42:00;15:05:00;37.00000000000003;;;37.00000000000003;25-08-2026_45960
;C42;5707.0;Alnabru;2026-08-25;35.0;Tirsdag;16:20:00;16:20:00;0.0;16:32:00;16:15:00;16.99999999999994;17:07:00;16:30:00;37.00000000000003;17:12:00;17:08:00;3.999999999999986;;;3.999999999999986;25-08-2026_5707
;C32 ;5509.0;Alnabru;2026-08-25;35.0;Tirsdag;16:30:00;16:30:00;0.0;16:44:00;16:44:00;0.0;17:19:00;17:05:00;13.99999999999995;17:24:00;17:20:00;3.999999999999986;;;3.999999999999986;25-08-2026_5509
;C44;41960.0;Alnabru;2026-08-25;35.0;Tirsdag;16:00:00;15:30:00;29.999999999999893;16:48:00;16:30:00;17.999999999999936;17:23:00;17:20:00;2.9999999999999893;17:28:00;17:26:00;1.999999999999993;;;1.999999999999993;25-08-2026_41960
;C2/C5A;81971.0;Alnabru;2026-08-25;35.0;Tirsdag;12:00:00;16:20:00;-260.00000000000006;12:25:00;12:00:00;24.99999999999991;13:00:00;16:50:00;-229.99999999999997;13:05:00;16:59:00;-234.0000000000001;T4 - Forsinket ankommet tog. (kort snutid);;-234.0000000000001;25-08-2026_81971
;C45;5805.0;Alnabru;2026-08-25;35.0;Tirsdag;17:00:00;17:00:00;0.0;17:11:00;17:05:00;5.999999999999979;17:46:00;17:20:00;26.000000000000068;17:51:00;17:35:00;16.000000000000103;;;16.000000000000103;25-08-2026_5805
PRI-TOG;C23;41910.0;Alnabru;2026-08-25;35.0;Tirsdag;17:35:00;17:50:00;-15.000000000000107;17:45:00;17:30:00;15.000000000000107;18:20:00;18:05:00;15.000000000000107;18:25:00;19:06:00;-40.99999999999986;T18 - Sent lok til stamme;Forsinket lok fra lodalen;-40.99999999999986;25-08-2026_41910
;C32 ;5511.0;Alnabru;2026-08-25;35.0;Tirsdag;18:40:00;19:00:00;-19.99999999999993;18:59:00;18:45:00;13.99999999999995;19:34:00;19:20:00;13.99999999999995;19:39:00;19:38:00;0.9999999999999964;;;0.9999999999999964;25-08-2026_5511
;C42;5733.0;Alnabru;2026-08-25;35.0;Tirsdag;19:20:00;19:25:00;-4.999999999999982;19:35:00;18:30:00;64.99999999999993;20:05:00;19:45:00;20.00000000000009;20:10:00;20:00:00;9.999999999999964;T16 - Kø skifting;;9.999999999999964;25-08-2026_5733
PRI-TOG;C31;41900.0;Alnabru;2026-08-25;35.0;Tirsdag;19:40:00;19:40:00;0.0;19:46:00;19:46:00;0.0;20:21:00;20:00:00;20.999999999999925;20:26:00;20:29:00;-2.9999999999999893;;;-2.9999999999999893;25-08-2026_41900
;C45;5709.0;Alnabru;2026-08-25;35.0;Tirsdag;21:00:00;20:50:00;9.999999999999964;21:02:00;20:40:00;21.999999999999922;21:37:00;21:15:00;22.00000000000008;21:42:00;21:36:00;5.999999999999979;;;5.999999999999979;25-08-2026_5709
LANGTOG;C43;5811.0;Alnabru;2026-08-25;35.0;Tirsdag;20:30:00;20:15:00;14.999999999999947;20:51:00;20:50:00;0.9999999999999964;21:26:00;21:05:00;21.000000000000085;21:31:00;21:24:00;6.999999999999975;;;6.999999999999975;25-08-2026_5811
LANGTOG;C32 ;5515.0;Alnabru;2026-08-25;35.0;Tirsdag;21:15:00;21:15:00;0.0;21:17:00;21:00:00;16.99999999999994;21:52:00;21:40:00;11.999999999999957;21:57:00;21:52:00;4.999999999999982;;;4.999999999999982;25-08-2026_5515
PRI-TOG;C23;5735.0;Alnabru;2026-08-25;35.0;Tirsdag;21:50:00;21:55:00;-4.999999999999982;22:02:00;21:30:00;31.999999999999886;22:37:00;22:20:00;16.99999999999994;22:42:00;22:24:00;17.999999999999936;;;17.999999999999936;25-08-2026_5735
;;4911.0;Alnabru;2026-08-25;35.0;Tirsdag;08:00:00;08:00:00;0.0;08:42:00;08:30:00;11.999999999999957;09:17:00;08:50:00;26.999999999999986;09:22:00;09:02:00;20.000000000000007;;;20.000000000000007;25-08-2026_4911
;C32 Nord;5531.0;Alnabru;2026-08-26;35.0;Onsdag;07:50:00;07:50:00;0.0;07:43:00;07:43:00;-7.993605777301127e-14;08:18:00;08:10:00;7.999999999999972;08:23:00;08:21:00;1.999999999999993;;;1.999999999999993;26-08-2026_5531
Lastefristkl. 19:30 dag før avgang.;C45;5301.0;Alnabru;2026-08-26;35.0;Onsdag;19:30:00;19:30:00;0.0;08:11:00;08:01:00;10.000000000000044;08:46:00;08:42:00;4.000000000000066;08:51:00;08:51:00;0.0;;;0.0;26-08-2026_5301
;C45;5801.0;Alnabru;2026-08-26;35.0;Onsdag;08:50:00;08:50:00;0.0;08:51:00;08:40:00;10.999999999999961;09:26:00;09:12:00;13.99999999999995;09:31:00;09:25:00;5.999999999999979;;;5.999999999999979;26-08-2026_5801
PRI-TOG;C42;5731.0;Alnabru;2026-08-26;35.0;Onsdag;08:50:00;08:50:00;0.0;09:02:00;08:54:00;7.999999999999972;09:37:00;09:15:00;22.0;09:42:00;09:37:00;4.999999999999982;;;4.999999999999982;26-08-2026_5731
;C32 ;5507.0;Alnabru;2026-08-26;35.0;Onsdag;11:40:00;11:40:00;0.0;11:43:00;11:43:00;7.993605777301127e-14;12:18:00;11:57:00;21.000000000000085;12:23:00;12:23:00;0.0;;;0.0;26-08-2026_5507
;C42;45960.0;Alnabru;2026-08-26;35.0;Onsdag;14:00:00;12:00:00;120.00000000000006;15:02:00;15:00:00;1.999999999999993;15:37:00;15:10:00;27.000000000000064;15:42:00;15:25:00;16.99999999999994;;;16.99999999999994;26-08-2026_45960
;C42;5707.0;Alnabru;2026-08-26;35.0;Onsdag;16:20:00;16:20:00;0.0;16:32:00;16:05:00;27.000000000000064;17:07:00;16:30:00;37.00000000000003;17:12:00;16:45:00;27.000000000000064;;;27.000000000000064;26-08-2026_5707
;C32 ;5509.0;Alnabru;2026-08-26;35.0;Onsdag;16:30:00;16:00:00;30.000000000000053;16:44:00;16:40:00;3.999999999999986;17:19:00;16:30:00;48.999999999999986;17:24:00;17:05:00;18.999999999999932;;;18.999999999999932;26-08-2026_5509
;C44;41960.0;Alnabru;2026-08-26;35.0;Onsdag;16:00:00;16:00:00;0.0;16:48:00;16:40:00;7.999999999999972;17:23:00;17:23:00;0.0;17:28:00;17:28:00;0.0;;;0.0;26-08-2026_41960
;C2/C5A;41971.0;Alnabru;2026-08-26;35.0;Onsdag;16:00:00;;0.0;17:04:00;;0.0;17:39:00;;0.0;17:44:00;;0.0;T17 - Innstilt tog;;0.0;26-08-2026_41971
;C45;5805.0;Alnabru;2026-08-26;35.0;Onsdag;17:00:00;16:52:00;8.000000000000131;17:11:00;16:50:00;21.000000000000085;17:46:00;17:20:00;26.000000000000068;17:51:00;17:40:00;10.999999999999961;;;10.999999999999961;26-08-2026_5805
PRI-TOG;C23;41910.0;Alnabru;2026-08-26;35.0;Onsdag;17:35:00;17:24:00;10.999999999999961;17:45:00;17:45:00;0.0;18:20:00;18:00:00;20.00000000000009;18:25:00;18:17:00;8.000000000000131;;;8.000000000000131;26-08-2026_41910
;C32 ;5511.0;Alnabru;2026-08-26;35.0;Onsdag;18:40:00;18:40:00;0.0;18:59:00;18:55:00;3.999999999999986;19:34:00;19:05:00;29.000000000000057;19:39:00;19:33:00;5.999999999999979;;;5.999999999999979;26-08-2026_5511
;C42;5733.0;Alnabru;2026-08-26;35.0;Onsdag;19:20:00;19:00:00;20.00000000000009;19:35:00;19:35:00;0.0;20:05:00;19:50:00;15.000000000000107;20:10:00;20:15:00;-4.999999999999982;T34 - Annen feil, forklaring i kommentarfelt;Klar i god tid. Uviss årsak.;-4.999999999999982;26-08-2026_5733
PRI-TOG;C31;41900.0;Alnabru;2026-08-26;35.0;Onsdag;19:40:00;19:40:00;0.0;19:46:00;19:30:00;15.999999999999943;20:21:00;20:03:00;17.999999999999936;20:26:00;20:25:00;0.9999999999999964;;;0.9999999999999964;26-08-2026_41900
;C45;5709.0;Alnabru;2026-08-26;35.0;Onsdag;21:00:00;20:35:00;25.00000000000007;21:02:00;20:00:00;61.99999999999994;21:37:00;21:10:00;27.000000000000064;21:42:00;21:25:00;16.99999999999994;;;16.99999999999994;26-08-2026_5709
LANGTOG;C43;5811.0;Alnabru;2026-08-26;35.0;Onsdag;20:30:00;20:30:00;0.0;20:51:00;20:45:00;5.999999999999979;21:26:00;21:15:00;11.00000000000012;21:31:00;23:59:00;-147.99999999999994;T34 - Annen feil, forklaring i kommentarfelt;Venter på lok fra forsinket ARE. Går i natt en gang. Toget gikk 00:30;-147.99999999999994;26-08-2026_5811
LANGTOG;C32 ;5515.0;Alnabru;2026-08-26;35.0;Onsdag;21:15:00;21:10:00;4.999999999999982;21:17:00;21:12:00;4.999999999999982;21:52:00;21:30:00;21.999999999999922;21:57:00;21:33:00;23.999999999999915;;;23.999999999999915;26-08-2026_5515
PRI-TOG;C23;5735.0;Alnabru;2026-08-26;35.0;Onsdag;21:50:00;21:50:00;0.0;22:02:00;21:50:00;11.999999999999957;22:37:00;22:20:00;16.99999999999994;22:42:00;22:34:00;7.999999999999972;;;7.999999999999972;26-08-2026_5735
;C42;81971.0;Alnabru;2026-08-26;35.0;Onsdag;12:00:00;13:15:00;-75.00000000000006;12:25:00;12:25:00;-1.5987211554602254e-13;13:00:00;13:38:00;-38.00000000000003;13:05:00;13:55:00;-50.00000000000014;T34 - Annen feil, forklaring i kommentarfelt;kort tid til å losse og laste. kran nord ute av drift og verkstedvogn i toget;-50.00000000000014;26-08-2026_81971
Lastefristkl. 19:30 dag før avgang.;C45;5301.0;Alnabru;2026-08-27;35.0;Torsdag;19:30:00;19:30:00;0.0;08:11:00;08:11:00;0.0;08:46:00;08:50:00;-3.999999999999986;08:51:00;09:05:00;-13.99999999999995;;;-13.99999999999995;27-08-2026_5301
;C45;5801.0;Alnabru;2026-08-27;35.0;Torsdag;08:50:00;08:59:00;-8.999999999999968;08:51:00;08:45:00;5.999999999999979;09:26:00;09:18:00;7.999999999999972;09:31:00;09:22:00;8.999999999999968;;;8.999999999999968;27-08-2026_5801
PRI-TOG;C42;5731.0;Alnabru;2026-08-27;35.0;Torsdag;08:50:00;08:44:00;6.000000000000059;09:02:00;08:52:00;9.999999999999964;09:37:00;09:22:00;15.000000000000027;09:42:00;09:42:00;0.0;;;0.0;27-08-2026_5731
;C32 ;5507.0;Alnabru;2026-08-27;35.0;Torsdag;11:40:00;11:35:00;4.999999999999982;11:43:00;11:56:00;-12.999999999999954;12:18:00;12:00:00;18.000000000000096;12:23:00;12:19:00;4.000000000000146;;;4.000000000000146;27-08-2026_5507
;C42;45960.0;Alnabru;2026-08-27;35.0;Torsdag;14:00:00;12:26:00;93.99999999999999;15:02:00;14:30:00;32.00000000000004;15:37:00;13:07:00;150.0000000000001;15:42:00;15:08:00;34.00000000000004;;;34.00000000000004;27-08-2026_45960
;C42;5707.0;Alnabru;2026-08-27;35.0;Torsdag;16:20:00;16:20:00;0.0;16:32:00;16:32:00;0.0;17:07:00;17:00:00;6.999999999999975;17:12:00;16:55:00;16.99999999999994;;;16.99999999999994;27-08-2026_5707
;C32 ;5509.0;Alnabru;2026-08-27;35.0;Torsdag;16:30:00;16:15:00;14.999999999999947;16:44:00;16:55:00;-11.00000000000012;17:19:00;17:19:00;0.0;17:24:00;17:29:00;-4.999999999999982;T9 - Feil på vogn;Oppgadet feil på bremsekloss under bremseprøve.;-4.999999999999982;27-08-2026_5509
;C44;41960.0;Alnabru;2026-08-27;35.0;Torsdag;16:00:00;15:40:00;19.99999999999993;16:48:00;16:20:00;27.9999999999999;17:23:00;17:19:00;3.999999999999986;17:28:00;17:28:00;0.0;;;0.0;27-08-2026_41960
;C2/C5A;41971.0;Alnabru;2026-08-27;35.0;Torsdag;16:00:00;16:00:00;0.0;17:04:00;17:00:00;3.999999999999986;17:39:00;17:18:00;21.000000000000085;17:44:00;17:40:00;3.999999999999986;;;3.999999999999986;27-08-2026_41971
;C45;5805.0;Alnabru;2026-08-27;35.0;Torsdag;17:00:00;17:00:00;0.0;17:11:00;17:05:00;5.999999999999979;17:46:00;17:30:00;16.000000000000103;17:51:00;17:51:00;0.0;;;0.0;27-08-2026_5805
PRI-TOG;C23;41910.0;Alnabru;2026-08-27;35.0;Torsdag;17:35:00;17:00:00;34.99999999999987;17:45:00;17:40:00;4.999999999999982;18:20:00;17:48:00;32.00000000000004;18:25:00;18:30:00;-4.999999999999982;;;-4.999999999999982;27-08-2026_41910
;C32 ;5511.0;Alnabru;2026-08-27;35.0;Torsdag;18:40:00;18:30:00;9.999999999999964;18:59:00;18:30:00;28.999999999999897;19:34:00;19:10:00;23.999999999999915;19:39:00;19:30:00;8.999999999999968;;;8.999999999999968;27-08-2026_5511
;C42;5733.0;Alnabru;2026-08-27;35.0;Torsdag;19:20:00;19:20:00;0.0;19:35:00;19:46:00;-10.999999999999961;20:05:00;19:46:00;19.000000000000092;20:10:00;20:20:00;-9.999999999999964;;Klar i god tid. Uviss årsak.;-9.999999999999964;27-08-2026_5733
PRI-TOG;C31;41900.0;Alnabru;2026-08-27;35.0;Torsdag;19:40:00;19:30:00;9.999999999999964;19:46:00;19:40:00;5.999999999999979;20:21:00;19:46:00;35.000000000000036;20:26:00;20:28:00;-1.999999999999993;;;-1.999999999999993;27-08-2026_41900
;C45;5709.0;Alnabru;2026-08-27;35.0;Torsdag;21:00:00;20:45:00;14.999999999999947;21:02:00;21:00:00;1.999999999999993;21:37:00;21:30:00;6.999999999999975;21:42:00;21:25:00;16.99999999999994;;;16.99999999999994;27-08-2026_5709
LANGTOG;C43;5811.0;Alnabru;2026-08-27;35.0;Torsdag;20:30:00;20:15:00;14.999999999999947;20:51:00;21:05:00;-13.99999999999995;21:26:00;21:30:00;-3.999999999999986;21:31:00;21:32:00;-0.9999999999999964;T18 - Sent lok til stamme;;-0.9999999999999964;27-08-2026_5811
LANGTOG;C32 ;5515.0;Alnabru;2026-08-27;35.0;Torsdag;21:15:00;21:10:00;4.999999999999982;21:17:00;21:05:00;11.999999999999957;21:52:00;21:30:00;21.999999999999922;21:57:00;21:35:00;21.999999999999922;;;21.999999999999922;27-08-2026_5515
PRI-TOG;C23;5735.0;Alnabru;2026-08-27;35.0;Torsdag;21:50:00;21:30:00;19.99999999999993;22:02:00;21:29:00;32.999999999999886;22:37:00;22:17:00;19.99999999999993;22:42:00;22:25:00;16.99999999999994;;;16.99999999999994;27-08-2026_5735
Lastefristkl. 19:30 dag før avgang.;C45;5301.0;Alnabru;2026-08-28;35.0;Fredag;19:30:00;19:30:00;0.0;08:11:00;08:10:00;0.9999999999999964;08:46:00;08:31:00;15.000000000000027;08:51:00;09:01:00;-9.999999999999964;;;-9.999999999999964;28-08-2026_5301
;C45;5801.0;Alnabru;2026-08-28;35.0;Fredag;08:50:00;08:50:00;0.0;08:51:00;08:49:00;1.999999999999913;09:26:00;09:11:00;15.000000000000027;09:31:00;09:29:00;1.999999999999993;;;1.999999999999993;28-08-2026_5801
PRI-TOG;C42;5731.0;Alnabru;2026-08-28;35.0;Fredag;08:50:00;08:30:00;20.000000000000007;09:02:00;09:00:00;1.999999999999993;09:37:00;09:10:00;27.000000000000064;09:42:00;10:27:00;-45.0;T14 - Ekstern datafeil TOS/GOS;Feil i booking som tok tid å rette opp;-45.0;28-08-2026_5731
;C32 ;5507.0;Alnabru;2026-08-28;35.0;Fredag;11:40:00;11:40:00;0.0;11:43:00;11:42:00;1.0000000000000764;12:18:00;12:05:00;13.000000000000114;12:23:00;12:11:00;12.000000000000117;;;12.000000000000117;28-08-2026_5507
;C42;45960.0;Alnabru;2026-08-28;35.0;Fredag;14:00:00;12:00:00;120.00000000000006;15:02:00;15:00:00;1.999999999999993;15:37:00;13:40:00;117.00000000000006;15:42:00;15:41:00;0.9999999999999964;;;0.9999999999999964;28-08-2026_45960
;C32 ;5509.0;Alnabru;2026-08-28;35.0;Fredag;16:30:00;16:00:00;30.000000000000053;16:44:00;16:55:00;-11.00000000000012;17:19:00;16:40:00;39.00000000000002;17:24:00;17:16:00;7.999999999999972;;;7.999999999999972;28-08-2026_5509
;C2/C5A;41971.0;Alnabru;2026-08-28;35.0;Fredag;16:00:00;;0.0;17:04:00;;0.0;17:39:00;;0.0;17:44:00;;0.0;T17 - Innstilt tog;;0.0;28-08-2026_41971
;C45;5805.0;Alnabru;2026-08-28;35.0;Fredag;17:00:00;16:30:00;30.000000000000053;17:11:00;17:00:00;10.999999999999961;17:46:00;17:00:00;46.0;17:51:00;17:51:00;0.0;;;0.0;28-08-2026_5805
PRI-TOG;C23;41910.0;Alnabru;2026-08-28;35.0;Fredag;17:35:00;17:00:00;34.99999999999987;17:45:00;17:45:00;0.0;18:20:00;17:15:00;65.00000000000009;18:25:00;17:50:00;35.000000000000036;;;35.000000000000036;28-08-2026_41910
;C32 ;5511.0;Alnabru;2026-08-28;35.0;Fredag;18:40:00;18:00:00;40.000000000000014;18:59:00;18:30:00;28.999999999999897;19:34:00;19:00:00;34.00000000000004;19:39:00;19:24:00;14.999999999999947;;;14.999999999999947;28-08-2026_5511
;C42;5733.0;Alnabru;2026-08-28;35.0;Fredag;19:20:00;19:00:00;20.00000000000009;19:35:00;19:55:00;-20.00000000000009;20:05:00;19:15:00;49.999999999999986;20:10:00;20:07:00;2.9999999999999893;;;2.9999999999999893;28-08-2026_5733
PRI-TOG;C31;41900.0;Alnabru;2026-08-28;35.0;Fredag;19:40:00;19:10:00;29.999999999999893;19:46:00;19:40:00;5.999999999999979;20:21:00;19:35:00;46.0;20:26:00;20:28:00;-1.999999999999993;;;-1.999999999999993;28-08-2026_41900
LANGTOG;C43;5811.0;Alnabru;2026-08-28;35.0;Fredag;20:30:00;20:15:00;14.999999999999947;20:51:00;21:20:00;-28.999999999999897;21:26:00;20:40:00;46.0;21:31:00;21:39:00;-7.999999999999972;T18 - Sent lok til stamme;;-7.999999999999972;28-08-2026_5811
;C45;5709.0;Alnabru;2026-08-28;35.0;Fredag;21:00:00;21:00:00;0.0;21:02:00;20:30:00;32.00000000000004;21:37:00;21:30:00;6.999999999999975;21:42:00;21:40:00;1.999999999999993;;;1.999999999999993;28-08-2026_5709
LANGTOG;C32 ;5515.0;Alnabru;2026-08-28;35.0;Fredag;21:15:00;21:15:00;0.0;21:17:00;21:10:00;6.999999999999975;21:52:00;21:40:00;11.999999999999957;21:57:00;21:57:00;0.0;;;0.0;28-08-2026_5515
PRI-TOG;C23;5735.0;Alnabru;2026-08-28;35.0;Fredag;21:50:00;22:00:00;-9.999999999999964;22:02:00;21:30:00;31.999999999999886;22:37:00;22:32:00;4.999999999999982;22:42:00;22:40:00;1.999999999999993;;;1.999999999999993;28-08-2026_5735
FORHÅNDSLASTES C32 FREDAG;C32 ;5737.0;Alnabru;2026-08-29;35.0;Lørdag;11:00:00;10:40:00;20.000000000000007;11:02:00;11:05:00;-3.0000000000000693;11:37:00;11:08:00;28.99999999999998;11:42:00;11:21:00;21.000000000000007;;;21.000000000000007;29-08-2026_5737
;C44;41971.0;Alnabru;2026-08-29;35.0;Lørdag;13:30:00;;0.0;17:04:00;;0.0;17:39:00;;0.0;17:44:00;;0.0;T17 - Innstilt tog;;0.0;29-08-2026_41971
PRI-TOG;C23;41910.0;Alnabru;2026-08-29;35.0;Lørdag;12:00:00;;0.0;17:45:00;;0.0;18:20:00;;0.0;18:25:00;;0.0;T17 - Innstilt tog;;0.0;29-08-2026_41910
;C31;8171.0;Alnabru;2026-08-29;35.0;Lørdag;12:00:00;12:45:00;-45.0;12:30:00;12:30:00;0.0;13:05:00;13:01:00;4.000000000000146;13:10:00;13:10:00;0.0;;;0.0;29-08-2026_8171
;C42;41708.0;Alnabru;2026-08-29;35.0;Lørdag;12:00:00;13:30:00;-90.0;14:28:00;13:45:00;43.00000000000001;15:03:00;14:30:00;33.00000000000004;15:08:00;15:00:00;7.999999999999972;;;7.999999999999972;29-08-2026_41708
LASTEFRIST KL. 15:00 LØRDAG;C23;5711.0;Alnabru;2026-08-30;35.0;Søndag;14:30:00;14:30:00;0.0;07:27:00;07:27:00;0.0;08:02:00;07:45:00;17.00000000000002;08:07:00;07:59:00;8.000000000000052;;;8.000000000000052;30-08-2026_5711
Lastefrist 13:30 Søndag;C44;41960.0;Alnabru;2026-08-30;35.0;Søndag;13:30:00;13:30:00;0.0;16:48:00;15:30:00;77.99999999999989;17:23:00;15:55:00;88.0;17:28:00;16:07:00;81.00000000000003;;;81.00000000000003;30-08-2026_41960
;C44;44896.0;Alnabru;2026-08-30;35.0;Søndag;13:30:00;13:30:00;0.0;15:04:00;14:40:00;23.999999999999915;15:39:00;15:00:00;39.00000000000002;15:44:00;15:06:00;38.00000000000003;;;38.00000000000003;30-08-2026_44896
LANGTOG;C32;85523.0;Alnabru;2026-08-30;35.0;Søndag;16:00:00;16:00:00;0.0;17:50:00;17:32:00;18.000000000000096;18:25:00;17:40:00;45.0;18:30:00;17:59:00;31.00000000000005;;;31.00000000000005;30-08-2026_85523
;C23;5717.0;Alnabru;2026-08-30;35.0;Søndag;16:00:00;15:00:00;59.99999999999994;16:32:00;15:45:00;46.99999999999999;17:07:00;15:59:00;68.00000000000009;17:12:00;16:09:00;62.999999999999936;;;62.999999999999936;30-08-2026_5717
LANGTOG;C43;5811.0;Alnabru;2026-08-30;35.0;Søndag;13:30:00;13:30:00;0.0;20:51:00;20:01:00;49.999999999999986;21:26:00;20:30:00;56.00000000000012;21:31:00;21:06:00;25.00000000000007;;;25.00000000000007;30-08-2026_5811
;C32 Nord;5531.0;Alnabru;2026-08-31;36.0;Mandag;07:50:00;07:50:00;0.0;07:10:00;07:05:00;4.999999999999982;07:45:00;07:19:00;25.999999999999986;07:50:00;07:31:00;19.000000000000014;;;19.000000000000014;31-08-2026_5531
Lastefristkl. 19:30 dag før avgang.;C45;5301.0;Alnabru;2026-08-31;36.0;Mandag;19:30:00;19:30:00;0.0;08:11:00;08:31:00;-20.000000000000007;08:46:00;08:47:00;-0.9999999999999165;08:51:00;08:55:00;-3.999999999999986;T18 - Sent lok til stamme;;-3.999999999999986;31-08-2026_5301
;C45;5801.0;Alnabru;2026-08-31;36.0;Mandag;08:50:00;08:50:00;0.0;08:51:00;08:50:00;0.9999999999999165;09:26:00;09:15:00;10.999999999999961;09:31:00;09:25:00;5.999999999999979;;;5.999999999999979;31-08-2026_5801
PRI-TOG;C42;5731.0;Alnabru;2026-08-31;36.0;Mandag;08:50:00;08:50:00;0.0;09:02:00;09:00:00;1.999999999999993;09:37:00;09:18:00;19.000000000000014;09:42:00;09:38:00;3.999999999999986;;;3.999999999999986;31-08-2026_5731
;C32 ;5507.0;Alnabru;2026-08-31;36.0;Mandag;10:45:00;10:50:00;-4.999999999999982;10:51:00;10:30:00;21.000000000000007;11:26:00;11:15:00;11.00000000000004;11:31:00;11:20:00;11.00000000000004;;;11.00000000000004;31-08-2026_5507
;C32 ;5509.0;Alnabru;2026-08-31;36.0;Mandag;14:45:00;14:45:00;0.0;14:51:00;14:46:00;4.999999999999982;15:26:00;15:04:00;22.00000000000008;15:31:00;15:12:00;19.000000000000092;;;19.000000000000092;31-08-2026_5509
;C42;45960.0;Alnabru;2026-08-31;36.0;Mandag;14:00:00;10:00:00;240.00000000000003;15:02:00;13:55:00;66.99999999999991;15:37:00;13:20:00;137.0;15:42:00;14:31:00;71.00000000000007;;;71.00000000000007;31-08-2026_45960
;C2/C5A;41971.0;Alnabru;2026-08-31;36.0;Mandag;15:30:00;15:30:00;0.0;16:00:00;16:23:00;-23.000000000000078;16:35:00;16:33:00;1.999999999999993;16:40:00;16:42:00;-1.999999999999993;T18 - Sent lok til stamme;;-1.999999999999993;31-08-2026_41971
;C42;5707.0;Alnabru;2026-08-31;36.0;Mandag;16:20:00;16:30:00;-9.999999999999964;16:32:00;16:21:00;10.999999999999961;17:07:00;16:43:00;24.000000000000075;17:12:00;16:55:00;16.99999999999994;;;16.99999999999994;31-08-2026_5707
;C32;5511.0;Alnabru;2026-08-31;36.0;Mandag;16:45:00;16:45:00;0.0;16:51:00;16:30:00;20.999999999999925;17:26:00;17:02:00;23.999999999999915;17:31:00;17:14:00;16.99999999999994;;;16.99999999999994;31-08-2026_5511
;C45;5805.0;Alnabru;2026-08-31;36.0;Mandag;17:00:00;17:00:00;0.0;17:11:00;17:06:00;4.999999999999982;17:46:00;17:39:00;6.999999999999975;17:51:00;17:43:00;7.999999999999972;;;7.999999999999972;31-08-2026_5805
PRI-TOG;C23;41910.0;Alnabru;2026-08-31;36.0;Mandag;17:35:00;17:30:00;4.999999999999982;17:45:00;17:41:00;3.999999999999986;18:20:00;17:55:00;25.00000000000007;18:25:00;18:18:00;7.000000000000135;;;7.000000000000135;31-08-2026_41910
;C44;41960.0;Alnabru;2026-08-31;36.0;Mandag;16:00:00;16:00:00;0.0;18:15:00;17:48:00;26.999999999999904;18:50:00;18:21:00;29.000000000000057;18:55:00;18:39:00;15.999999999999943;;;15.999999999999943;31-08-2026_41960
;C42;5733.0;Alnabru;2026-08-31;36.0;Mandag;19:20:00;19:20:00;0.0;19:30:00;19:52:00;-21.999999999999922;20:05:00;20:00:00;4.999999999999982;20:10:00;20:13:00;-2.9999999999999893;T18 - Sent lok til stamme;;-2.9999999999999893;31-08-2026_5733
PRI-TOG;C31;41900.0;Alnabru;2026-08-31;36.0;Mandag;19:40:00;19:40:00;0.0;19:46:00;19:31:00;14.999999999999947;20:21:00;19:49:00;32.00000000000004;20:26:00;20:21:00;4.999999999999982;;;4.999999999999982;31-08-2026_41900
LANGTOG;C32 ;5515.0;Alnabru;2026-08-31;36.0;Mandag;20:00:00;20:00:00;0.0;20:11:00;20:06:00;4.999999999999982;20:46:00;20:17:00;29.000000000000057;20:51:00;20:47:00;3.999999999999986;;;3.999999999999986;31-08-2026_5515
LANGTOG;C43;5811.0;Alnabru;2026-08-31;36.0;Mandag;20:30:00;20:39:00;-9.000000000000128;20:51:00;20:41:00;9.999999999999964;21:26:00;20:54:00;32.00000000000004;21:31:00;21:01:00;30.000000000000053;;;30.000000000000053;31-08-2026_5811
;C45;5709.0;Alnabru;2026-08-31;36.0;Mandag;21:00:00;20:54:00;5.999999999999979;21:02:00;20:13:00;48.999999999999986;21:37:00;21:06:00;31.00000000000005;21:42:00;21:23:00;18.999999999999932;;;18.999999999999932;31-08-2026_5709
PRI-TOG;C23;5735.0;Alnabru;2026-08-31;36.0;Mandag;21:50:00;21:43:00;6.999999999999975;22:02:00;21:51:00;10.999999999999961;22:37:00;22:01:00;36.00000000000003;22:42:00;22:05:00;37.00000000000003;;;37.00000000000003;31-08-2026_5735
Lastefristkl. 19:30 dag før avgang.;C45;5301.0;Alnabru;2026-09-01;36.0;Tirsdag;19:30:00;19:30:00;0.0;08:11:00;08:10:00;0.9999999999999964;08:46:00;08:20:00;26.000000000000068;08:51:00;08:51:00;0.0;;;0.0;01-09-2026_5301
;C45;5801.0;Alnabru;2026-09-01;36.0;Tirsdag;08:50:00;08:50:00;0.0;08:51:00;08:50:00;0.9999999999999165;09:26:00;09:12:00;13.99999999999995;09:31:00;09:31:00;0.0;;;0.0;01-09-2026_5801
PRI-TOG;C42;5731.0;Alnabru;2026-09-01;36.0;Tirsdag;08:50:00;08:45:00;5.000000000000062;09:02:00;08:45:00;17.00000000000002;09:37:00;09:22:00;15.000000000000027;09:42:00;09:36:00;5.999999999999979;;;5.999999999999979;01-09-2026_5731
;C32 ;5507.0;Alnabru;2026-09-01;36.0;Tirsdag;10:45:00;10:55:00;-9.999999999999964;10:51:00;10:30:00;21.000000000000007;11:26:00;11:13:00;13.000000000000034;11:31:00;11:22:00;9.000000000000048;;;9.000000000000048;01-09-2026_5507
;C42;45960.0;Alnabru;2026-09-01;36.0;Tirsdag;14:00:00;11:40:00;140.00000000000006;15:02:00;;0.0;15:37:00;;0.0;15:42:00;14:54:00;47.999999999999986;;;47.999999999999986;01-09-2026_45960
;C42;5707.0;Alnabru;2026-09-01;36.0;Tirsdag;16:20:00;16:20:00;0.0;16:32:00;16:04:00;28.00000000000006;17:07:00;16:48:00;19.000000000000092;17:12:00;17:01:00;10.999999999999961;;;10.999999999999961;01-09-2026_5707
;C32 ;5509.0;Alnabru;2026-09-01;36.0;Tirsdag;14:45:00;14:44:00;0.9999999999999964;14:51:00;14:48:00;2.9999999999999893;15:26:00;15:04:00;22.00000000000008;15:31:00;15:28:00;2.9999999999999893;;;2.9999999999999893;01-09-2026_5509
;C44;41960.0;Alnabru;2026-09-01;36.0;Tirsdag;16:00:00;16:00:00;0.0;16:48:00;15:29:00;78.99999999999989;17:23:00;16:28:00;54.999999999999964;17:28:00;16:53:00;34.99999999999987;;;34.99999999999987;01-09-2026_41960
;C2/C5A;41971.0;Alnabru;2026-09-01;36.0;Tirsdag;16:00:00;16:00:00;0.0;17:04:00;16:31:00;33.00000000000004;17:39:00;16:47:00;52.000000000000135;17:44:00;17:16:00;28.00000000000006;;;28.00000000000006;01-09-2026_41971
;C45;5805.0;Alnabru;2026-09-01;36.0;Tirsdag;17:00:00;17:00:00;0.0;17:11:00;17:06:00;4.999999999999982;17:46:00;17:22:00;24.000000000000075;17:51:00;17:45:00;5.999999999999979;;;5.999999999999979;01-09-2026_5805
PRI-TOG;C23;41910.0;Alnabru;2026-09-01;36.0;Tirsdag;17:35:00;17:35:00;0.0;17:45:00;17:27:00;18.000000000000096;18:20:00;18:03:00;17.0000000000001;18:25:00;18:17:00;8.000000000000131;;;8.000000000000131;01-09-2026_41910
;C32 ;5511.0;Alnabru;2026-09-01;36.0;Tirsdag;16:45:00;16:45:00;0.0;16:51:00;16:48:00;2.9999999999999893;17:26:00;17:21:00;4.999999999999982;17:31:00;17:33:00;-1.999999999999993;T20 - Trafikkstyring (TXP/Togleder);;-1.999999999999993;01-09-2026_5511
;C42;5733.0;Alnabru;2026-09-01;36.0;Tirsdag;19:20:00;;0.0;19:35:00;;0.0;20:05:00;;0.0;20:10:00;;0.0;T17 - Innstilt tog;;0.0;01-09-2026_5733
PRI-TOG;C31;41900.0;Alnabru;2026-09-01;36.0;Tirsdag;19:40:00;19:33:00;6.999999999999975;19:46:00;19:38:00;7.999999999999972;20:21:00;19:45:00;36.00000000000003;20:26:00;20:17:00;8.999999999999968;;;8.999999999999968;01-09-2026_41900
;C45;5709.0;Alnabru;2026-09-01;36.0;Tirsdag;21:00:00;20:49:00;10.999999999999961;21:02:00;20:35:00;27.000000000000064;21:37:00;21:14:00;23.000000000000078;21:42:00;21:32:00;9.999999999999964;;;9.999999999999964;01-09-2026_5709
LANGTOG;C43;5811.0;Alnabru;2026-09-01;36.0;Tirsdag;20:30:00;20:25:00;4.999999999999982;20:51:00;20:33:00;18.000000000000096;21:26:00;21:03:00;23.000000000000078;21:31:00;21:12:00;19.000000000000092;;;19.000000000000092;01-09-2026_5811
LANGTOG;C32 ;5515.0;Alnabru;2026-09-01;36.0;Tirsdag;20:00:00;20:00:00;0.0;20:11:00;19:55:00;15.999999999999943;20:46:00;20:31:00;15.000000000000107;20:51:00;20:42:00;8.999999999999968;;;8.999999999999968;01-09-2026_5515
PRI-TOG;C23;5735.0;Alnabru;2026-09-01;36.0;Tirsdag;21:50:00;21:40:00;9.999999999999964;22:02:00;21:44:00;17.999999999999936;22:37:00;22:15:00;21.999999999999922;22:42:00;20:19:00;142.99999999999997;;;142.99999999999997;01-09-2026_5735
;;4911.0;Alnabru;2026-09-01;36.0;Tirsdag;;;0.0;08:42:00;;0.0;09:17:00;09:10:00;7.000000000000055;09:22:00;09:27:00;-4.999999999999982;;Klar fra oss i god tid.;-4.999999999999982;01-09-2026_4911
;C32 Nord;5531.0;Alnabru;2026-09-02;36.0;Onsdag;07:50:00;07:49:00;0.9999999999999964;07:11:00;07:11:00;0.0;07:46:00;07:40:00;6.000000000000059;07:51:00;07:58:00;-6.999999999999975;;Klar fra oss i tide.;-6.999999999999975;02-09-2026_5531
Lastefristkl. 19:30 dag før avgang.;C45;5301.0;Alnabru;2026-09-02;36.0;Onsdag;19:30:00;19:30:00;0.0;08:11:00;08:00:00;11.00000000000004;08:46:00;08:34:00;12.000000000000037;08:51:00;08:39:00;12.000000000000037;;;12.000000000000037;02-09-2026_5301
;C45;5801.0;Alnabru;2026-09-02;36.0;Onsdag;08:50:00;08:50:00;0.0;08:51:00;08:45:00;5.999999999999979;09:26:00;09:15:00;10.999999999999961;09:31:00;09:29:00;1.999999999999993;;;1.999999999999993;02-09-2026_5801
PRI-TOG;C42;5731.0;Alnabru;2026-09-02;36.0;Onsdag;08:50:00;09:22:00;-31.999999999999964;09:02:00;09:00:00;1.999999999999993;09:37:00;09:35:00;1.999999999999993;09:42:00;09:55:00;-12.999999999999954;;Klar fra terminal i tide.;-12.999999999999954;02-09-2026_5731
;C32 ;5507.0;Alnabru;2026-09-02;36.0;Onsdag;10:45:00;10:55:00;-9.999999999999964;10:51:00;10:40:00;11.00000000000004;11:26:00;11:21:00;5.000000000000062;11:31:00;11:35:00;-3.999999999999986;;Klar fra terminal i god tid.;-3.999999999999986;02-09-2026_5507
;C42;45960.0;Alnabru;2026-09-02;36.0;Onsdag;14:00:00;11:30:00;150.00000000000003;15:02:00;;0.0;15:37:00;13:30:00;127.00000000000003;15:42:00;14:15:00;87.00000000000001;;;87.00000000000001;02-09-2026_45960
;C42;5707.0;Alnabru;2026-09-02;36.0;Onsdag;16:20:00;16:16:00;3.999999999999986;16:32:00;15:53:00;39.00000000000002;17:07:00;16:34:00;33.00000000000004;17:12:00;16:44:00;28.00000000000006;;;28.00000000000006;02-09-2026_5707
;C32 ;5509.0;Alnabru;2026-09-02;36.0;Onsdag;14:45:00;14:39:00;5.999999999999979;14:51:00;14:26:00;25.00000000000007;15:26:00;14:54:00;32.00000000000004;15:31:00;15:07:00;24.000000000000075;;;24.000000000000075;02-09-2026_5509
;C44;41960.0;Alnabru;2026-09-02;36.0;Onsdag;16:00:00;16:00:00;0.0;16:48:00;16:24:00;23.999999999999915;17:23:00;16:53:00;29.999999999999893;17:28:00;17:09:00;18.999999999999932;;;18.999999999999932;02-09-2026_41960
;C2/C5A;41971.0;Alnabru;2026-09-02;36.0;Onsdag;16:00:00;;0.0;17:04:00;;0.0;17:39:00;;0.0;17:44:00;;0.0;T17 - Innstilt tog;;0.0;02-09-2026_41971
;C45;5805.0;Alnabru;2026-09-02;36.0;Onsdag;17:00:00;17:00:00;0.0;17:11:00;17:11:00;0.0;17:46:00;17:18:00;28.00000000000006;17:51:00;17:26:00;25.00000000000007;;;25.00000000000007;02-09-2026_5805
PRI-TOG;C23;41910.0;Alnabru;2026-09-02;36.0;Onsdag;17:35:00;17:10:00;24.99999999999991;17:45:00;17:34:00;11.00000000000012;18:20:00;17:48:00;32.00000000000004;18:25:00;17:59:00;26.000000000000068;;;26.000000000000068;02-09-2026_41910
;C32 ;5511.0;Alnabru;2026-09-02;36.0;Onsdag;16:45:00;16:45:00;0.0;16:51:00;17:00:00;-9.000000000000128;17:26:00;17:14:00;11.999999999999957;17:31:00;17:17:00;13.99999999999995;T18 - Sent lok til stamme;;13.99999999999995;02-09-2026_5511
;C42;5733.0;Alnabru;2026-09-02;36.0;Onsdag;19:20:00;19:20:00;0.0;19:35:00;19:33:00;1.999999999999993;20:05:00;19:51:00;14.00000000000011;20:10:00;20:04:00;5.999999999999979;;;5.999999999999979;02-09-2026_5733
PRI-TOG;C31;41900.0;Alnabru;2026-09-02;36.0;Onsdag;19:40:00;;0.0;19:46:00;;0.0;20:21:00;;0.0;20:26:00;;0.0;T17 - Innstilt tog;;0.0;02-09-2026_41900
;C45;5709.0;Alnabru;2026-09-02;36.0;Onsdag;21:00:00;20:46:00;13.99999999999995;21:02:00;20:41:00;20.999999999999925;21:37:00;21:00:00;37.00000000000003;21:42:00;21:16:00;26.000000000000068;;;26.000000000000068;02-09-2026_5709
LANGTOG;C43;5811.0;Alnabru;2026-09-02;36.0;Onsdag;20:30:00;20:22:00;7.999999999999972;20:51:00;20:58:00;-6.999999999999975;21:26:00;21:10:00;16.000000000000103;21:31:00;21:29:00;1.999999999999993;T20 - Trafikkstyring (TXP/Togleder);;1.999999999999993;02-09-2026_5811
LANGTOG;C32 ;5515.0;Alnabru;2026-09-02;36.0;Onsdag;20:00:00;20:00:00;0.0;20:11:00;20:18:00;-6.999999999999975;20:46:00;20:28:00;18.000000000000096;20:51:00;20:47:00;3.999999999999986;T18 - Sent lok til stamme;;3.999999999999986;02-09-2026_5515
PRI-TOG;C23;5735.0;Alnabru;2026-09-02;36.0;Onsdag;21:50:00;21:43:00;6.999999999999975;22:02:00;21:41:00;20.999999999999925;22:37:00;22:05:00;32.00000000000004;22:42:00;22:16:00;25.999999999999908;;;25.999999999999908;02-09-2026_5735
Lastefristkl. 19:30 dag før avgang.;C45;5301.0;Alnabru;2026-09-03;36.0;Torsdag;19:30:00;19:30:00;0.0;08:11:00;08:15:00;-3.999999999999986;08:46:00;08:24:00;22.00000000000008;08:51:00;08:57:00;-5.999999999999979;T20 - Trafikkstyring (TXP/Togleder);Kø ut fra gruppa;-5.999999999999979;03-09-2026_5301
;;4911.0;Alnabru;2026-09-03;36.0;Torsdag;08:00:00;08:00:00;0.0;08:42:00;08:45:00;-2.9999999999999893;09:17:00;08:55:00;22.0;09:22:00;09:05:00;17.00000000000002;;;17.00000000000002;03-09-2026_4911
;C45;5801.0;Alnabru;2026-09-03;36.0;Torsdag;08:50:00;08:50:00;0.0;08:51:00;08:50:00;0.9999999999999165;09:26:00;09:00:00;25.999999999999986;09:31:00;09:15:00;15.999999999999943;;;15.999999999999943;03-09-2026_5801
PRI-TOG;C42;5731.0;Alnabru;2026-09-03;36.0;Torsdag;08:50:00;08:50:00;0.0;09:02:00;08:57:00;4.999999999999982;09:37:00;09:18:00;19.000000000000014;09:42:00;09:30:00;12.000000000000037;;;12.000000000000037;03-09-2026_5731
;C32 ;85507.0;Alnabru;2026-09-03;36.0;Torsdag;10:45:00;10:45:00;0.0;10:51:00;10:20:00;30.99999999999997;11:26:00;10:50:00;36.00000000000003;11:31:00;10:57:00;34.00000000000004;;;34.00000000000004;03-09-2026_85507
;C32 ;85509.0;Alnabru;2026-09-03;36.0;Torsdag;14:45:00;14:45:00;0.0;14:51:00;14:42:00;8.999999999999968;15:26:00;15:01:00;25.00000000000007;15:31:00;15:09:00;22.00000000000008;;;22.00000000000008;03-09-2026_85509
;C42;45960.0;Alnabru;2026-09-03;36.0;Torsdag;14:00:00;;0.0;15:02:00;;0.0;15:37:00;;0.0;15:42:00;15:13:00;29.000000000000057;;;29.000000000000057;03-09-2026_45960
;C42;5707.0;Alnabru;2026-09-03;36.0;Torsdag;16:20:00;16:00:00;20.00000000000009;16:32:00;16:00:00;32.00000000000004;17:07:00;16:09:00;57.99999999999996;17:12:00;16:21:00;50.99999999999998;;;50.99999999999998;03-09-2026_5707
;C44;41960.0;Alnabru;2026-09-03;36.0;Torsdag;16:00:00;01:34:00;866.0;16:48:00;00:10:00;998.0;17:23:00;01:51:00;931.9999999999999;17:28:00;02:07:00;920.9999999999999;T4 - Forsinket ankommet tog. (kort snutid);;920.9999999999999;03-09-2026_41960
;C32 ;85511.0;Alnabru;2026-09-03;36.0;Torsdag;16:45:00;16:52:00;-6.999999999999975;16:51:00;16:31:00;19.99999999999993;17:26:00;17:02:00;23.999999999999915;17:31:00;17:13:00;17.999999999999936;T24 - Optimalisering av togstamme;;17.999999999999936;03-09-2026_85511
;C2/C5A;41971.0;Alnabru;2026-09-03;36.0;Torsdag;16:00:00;16:00:00;0.0;17:04:00;17:59:00;-54.999999999999964;17:39:00;18:07:00;-27.9999999999999;17:44:00;18:20:00;-35.99999999999987;T18 - Sent lok til stamme;;-35.99999999999987;03-09-2026_41971
;C45;5805.0;Alnabru;2026-09-03;36.0;Torsdag;17:00:00;16:55:00;4.999999999999982;17:11:00;17:02:00;8.999999999999968;17:46:00;17:06:00;40.000000000000014;17:51:00;17:38:00;12.999999999999954;;;12.999999999999954;03-09-2026_5805
PRI-TOG;C23;41910.0;Alnabru;2026-09-03;36.0;Torsdag;17:35:00;17:24:00;10.999999999999961;17:45:00;17:27:00;18.000000000000096;18:20:00;17:38:00;42.000000000000014;18:25:00;18:19:00;6.0000000000001386;;;6.0000000000001386;03-09-2026_41910
;C42;5733.0;Alnabru;2026-09-03;36.0;Torsdag;19:20:00;19:20:00;0.0;19:35:00;19:48:00;-12.999999999999954;20:05:00;19:58:00;6.999999999999975;20:10:00;20:06:00;3.999999999999986;T18 - Sent lok til stamme;;3.999999999999986;03-09-2026_5733
PRI-TOG;C31;41900.0;Alnabru;2026-09-03;36.0;Torsdag;19:40:00;19:30:00;9.999999999999964;19:46:00;19:22:00;23.999999999999915;20:21:00;19:40:00;41.000000000000014;20:26:00;19:55:00;30.99999999999989;;;30.99999999999989;03-09-2026_41900
LANGTOG;C32 ;85515.0;Alnabru;2026-09-03;36.0;Torsdag;20:00:00;20:00:00;0.0;20:11:00;20:01:00;9.999999999999964;20:46:00;20:25:00;21.000000000000085;20:51:00;20:38:00;12.999999999999954;;;12.999999999999954;03-09-2026_85515
LANGTOG;C43;5811.0;Alnabru;2026-09-03;36.0;Torsdag;20:30:00;20:28:00;1.999999999999993;20:51:00;20:48:00;2.9999999999999893;21:26:00;21:15:00;11.00000000000012;21:31:00;21:19:00;12.000000000000117;;;12.000000000000117;03-09-2026_5811
;C45;5709.0;Alnabru;2026-09-03;36.0;Torsdag;21:00:00;21:00:00;0.0;21:02:00;19:44:00;78.00000000000004;21:37:00;21:08:00;29.000000000000057;21:42:00;21:16:00;26.000000000000068;;;26.000000000000068;03-09-2026_5709
PRI-TOG;C23;5735.0;Alnabru;2026-09-03;36.0;Torsdag;21:50:00;21:38:00;11.999999999999957;22:02:00;22:11:00;-9.000000000000128;22:37:00;22:22:00;14.999999999999947;22:42:00;22:40:00;1.999999999999993;T18 - Sent lok til stamme;;1.999999999999993;03-09-2026_5735
Lastefristkl. 19:30 dag før avgang.;C45;5301.0;Alnabru;2026-09-04;36.0;Fredag;19:30:00;19:30:00;0.0;08:11:00;07:58:00;13.000000000000034;08:46:00;08:32:00;14.00000000000003;08:51:00;08:50:00;0.9999999999999964;;;0.9999999999999964;04-09-2026_5301
;C45;5801.0;Alnabru;2026-09-04;36.0;Fredag;08:50:00;08:43:00;7.000000000000055;08:51:00;08:32:00;18.999999999999932;09:26:00;08:54:00;31.999999999999964;09:31:00;09:36:00;-5.000000000000062;T20 - Trafikkstyring (TXP/Togleder);;-5.000000000000062;04-09-2026_5801
PRI-TOG;C42;5731.0;Alnabru;2026-09-04;36.0;Fredag;08:50:00;09:08:00;-17.999999999999936;09:02:00;08:54:00;7.999999999999972;09:37:00;09:29:00;8.000000000000052;09:42:00;09:44:00;-1.999999999999993;T20 - Trafikkstyring (TXP/Togleder);;-1.999999999999993;04-09-2026_5731
;C32 ;5507.0;Alnabru;2026-09-04;36.0;Fredag;10:45:00;10:44:00;0.9999999999999964;10:51:00;10:34:00;17.00000000000002;11:26:00;11:04:00;22.0;11:31:00;11:31:00;0.0;;;0.0;04-09-2026_5507
;C32 ;5509.0;Alnabru;2026-09-04;36.0;Fredag;14:45:00;14:45:00;0.0;14:51:00;14:45:00;5.999999999999979;15:26:00;15:11:00;15.000000000000107;15:31:00;15:23:00;7.999999999999972;;;7.999999999999972;04-09-2026_5509
;C42;45960.0;Alnabru;2026-09-04;36.0;Fredag;14:00:00;14:00:00;0.0;15:02:00;15:00:00;1.999999999999993;15:37:00;15:30:00;6.999999999999975;15:42:00;15:57:00;-14.999999999999947;T34 - Annen feil, forklaring i kommentarfelt;Usikker på årsak. Klar fra oss i tide.;-14.999999999999947;04-09-2026_45960
;C32 ;5511.0;Alnabru;2026-09-04;36.0;Fredag;16:45:00;17:24:00;-39.00000000000002;16:51:00;16:51:00;0.0;17:26:00;17:34:00;-7.999999999999972;17:31:00;17:45:00;-14.00000000000011;T16 - Kø skifting;Onrail brukte evigheter. Stammen kom opp veldig sent til lasting.;-14.00000000000011;04-09-2026_5511
;C2/C5A;41971.0;Alnabru;2026-09-04;36.0;Fredag;16:00:00;;0.0;17:04:00;;0.0;17:39:00;;0.0;17:44:00;;0.0;T17 - Innstilt tog;;0.0;04-09-2026_41971
;C45;5805.0;Alnabru;2026-09-04;36.0;Fredag;17:00:00;17:00:00;0.0;17:11:00;18:30:00;-79.00000000000004;17:46:00;17:30:00;16.000000000000103;17:51:00;18:38:00;-46.99999999999999;T18 - Sent lok til stamme;;-46.99999999999999;04-09-2026_5805
PRI-TOG;C23;41910.0;Alnabru;2026-09-04;36.0;Fredag;17:35:00;17:35:00;0.0;17:45:00;17:35:00;10.000000000000124;18:20:00;17:56:00;24.000000000000075;18:25:00;18:15:00;10.000000000000124;;;10.000000000000124;04-09-2026_41910
;C42;5733.0;Alnabru;2026-09-04;36.0;Fredag;19:20:00;19:20:00;0.0;19:35:00;19:35:00;0.0;20:05:00;19:50:00;15.000000000000107;20:10:00;20:04:00;5.999999999999979;;;5.999999999999979;04-09-2026_5733
PRI-TOG;C31;41900.0;Alnabru;2026-09-04;36.0;Fredag;19:40:00;19:40:00;0.0;19:46:00;19:40:00;5.999999999999979;20:21:00;20:15:00;5.999999999999979;20:26:00;20:26:00;0.0;;;0.0;04-09-2026_41900
LANGTOG;C32 ;5515.0;Alnabru;2026-09-04;36.0;Fredag;20:00:00;20:00:00;0.0;20:11:00;20:11:00;0.0;20:46:00;20:40:00;5.999999999999979;20:51:00;20:50:00;0.9999999999999964;;;0.9999999999999964;04-09-2026_5515
LANGTOG;C43;5811.0;Alnabru;2026-09-04;36.0;Fredag;20:30:00;20:30:00;0.0;20:51:00;20:50:00;0.9999999999999964;21:26:00;21:20:00;6.0000000000001386;21:31:00;21:29:00;1.999999999999993;;;1.999999999999993;04-09-2026_5811
;C45;5709.0;Alnabru;2026-09-04;36.0;Fredag;21:00:00;21:00:00;0.0;21:11:00;20:30:00;41.000000000000014;21:46:00;21:40:00;5.999999999999979;21:51:00;21:48:00;2.9999999999999893;;;2.9999999999999893;04-09-2026_5709
PRI-TOG;C23;5735.0;Alnabru;2026-09-04;36.0;Fredag;21:50:00;22:30:00;-40.000000000000014;22:02:00;22:10:00;-8.000000000000131;22:37:00;22:45:00;-7.999999999999972;22:42:00;22:49:00;-6.999999999999975;T12 - Mannskapsmangel;Kun 1 mann etter kl 21:00;-6.999999999999975;04-09-2026_5735
FORHÅNDSLASTES C32 FREDAG;C32 ;5737.0;Alnabru;2026-09-05;36.0;Lørdag;11:00:00;11:00:00;0.0;11:02:00;10:30:00;31.999999999999964;11:37:00;10:56:00;41.000000000000014;11:42:00;11:31:00;10.999999999999961;;;10.999999999999961;05-09-2026_5737
;C44;41971.0;Alnabru;2026-09-05;36.0;Lørdag;13:30:00;13:30:00;0.0;17:02:00;;0.0;17:37:00;16:50:00;47.000000000000156;17:42:00;17:35:00;7.000000000000135;;;7.000000000000135;05-09-2026_41971
PRI-TOG;C23;41910.0;Alnabru;2026-09-05;36.0;Lørdag;12:00:00;12:00:00;0.0;14:10:00;14:45:00;-35.000000000000036;15:02:00;14:51:00;10.999999999999961;15:07:00;15:06:00;0.9999999999999964;;;0.9999999999999964;05-09-2026_41910
LASTEFRIST KL. 15:00 LØRDAG;C23;5711.0;Alnabru;2026-09-06;36.0;Søndag;14:30:00;14:30:00;0.0;07:27:00;07:00:00;26.999999999999986;08:02:00;07:15:00;47.00000000000007;08:07:00;07:22:00;45.0;;;45.0;06-09-2026_5711
Lastefrist 13:30 Søndag;C44;41960.0;Alnabru;2026-09-06;36.0;Søndag;13:30:00;13:30:00;0.0;16:20:00;15:30:00;49.999999999999986;16:55:00;16:00:00;55.00000000000013;17:00:00;16:38:00;22.00000000000008;;;22.00000000000008;06-09-2026_41960
;C23;5717.0;Alnabru;2026-09-06;36.0;Søndag;16:00:00;16:00:00;0.0;16:32:00;16:00:00;32.00000000000004;17:07:00;16:16:00;50.99999999999998;17:12:00;16:25:00;46.99999999999999;;;46.99999999999999;06-09-2026_5717
;C44;41971.0;Alnabru;2026-09-06;36.0;Søndag;13:30:00;13:30:00;0.0;17:00:00;16:58:00;1.999999999999993;17:35:00;17:00:00;35.000000000000036;17:40:00;17:17:00;23.000000000000078;;;23.000000000000078;06-09-2026_41971
LANGTOG;C32;5523.0;Alnabru;2026-09-06;36.0;Søndag;16:00:00;16:00:00;0.0;17:51:00;17:45:00;5.999999999999979;18:26:00;18:00:00;26.000000000000068;18:31:00;18:12:00;19.000000000000092;;;19.000000000000092;06-09-2026_5523
LANGTOG;C43;5811.0;Alnabru;2026-09-06;36.0;Søndag;13:30:00;13:30:00;0.0;20:51:00;20:25:00;26.000000000000068;21:26:00;20:30:00;56.00000000000012;21:31:00;20:44:00;46.99999999999999;;;46.99999999999999;06-09-2026_5811
;C32 Nord;5531.0;Alnabru;2026-09-07;37.0;Mandag;07:50:00;07:50:00;0.0;07:11:00;06:35:00;35.99999999999995;07:46:00;07:20:00;25.999999999999986;07:51:00;07:49:00;1.999999999999993;;;1.999999999999993;07-09-2026_5531
Lastefristkl. 19:30 dag før avgang.;C45;5301.0;Alnabru;2026-09-07;37.0;Mandag;19:30:00;19:30:00;0.0;08:11:00;08:00:00;11.00000000000004;08:46:00;08:30:00;16.00000000000002;08:51:00;08:51:00;0.0;;;0.0;07-09-2026_5301
;C45;5801.0;Alnabru;2026-09-07;37.0;Mandag;08:50:00;09:10:00;-19.99999999999993;08:51:00;08:51:00;-7.993605777301127e-14;09:26:00;09:33:00;-6.999999999999975;09:31:00;09:36:00;-5.000000000000062;T25 - Transittgods;Enhet som ikke var lagt tollklar i systemet, som var klar siden lørdag, Dette forsinket bremseprøve.;-5.000000000000062;07-09-2026_5801
PRI-TOG;C42;5731.0;Alnabru;2026-09-07;37.0;Mandag;08:50:00;08:50:00;0.0;09:02:00;09:00:00;1.999999999999993;09:37:00;09:28:00;9.000000000000048;09:42:00;09:38:00;3.999999999999986;;;3.999999999999986;07-09-2026_5731
;C32 ;85507.0;Alnabru;2026-09-07;37.0;Mandag;10:45:00;10:50:00;-4.999999999999982;10:51:00;10:45:00;5.999999999999979;11:26:00;11:11:00;15.000000000000027;11:31:00;11:35:00;-3.999999999999986;T9 - Feil på vogn;Feil på vogn under bremseprøve;-3.999999999999986;07-09-2026_85507
;C42;45960.0;Alnabru;2026-09-07;37.0;Mandag;14:00:00;;0.0;15:02:00;;0.0;15:37:00;;0.0;15:42:00;;0.0;T17 - Innstilt tog;;0.0;07-09-2026_45960
;C42;5707.0;Alnabru;2026-09-07;37.0;Mandag;16:20:00;16:20:00;0.0;16:32:00;16:32:00;0.0;17:07:00;16:43:00;24.000000000000075;17:12:00;17:08:00;3.999999999999986;;;3.999999999999986;07-09-2026_5707
;C32 ;85509.0;Alnabru;2026-09-07;37.0;Mandag;14:45:00;15:00:00;-14.999999999999947;14:51:00;14:50:00;0.9999999999999964;15:26:00;15:18:00;8.000000000000131;15:31:00;15:25:00;5.999999999999979;;;5.999999999999979;07-09-2026_85509
;C44;41960.0;Alnabru;2026-09-07;37.0;Mandag;15:30:00;16:00:00;-29.999999999999893;16:48:00;16:45:00;2.9999999999999893;17:23:00;17:09:00;13.99999999999995;17:28:00;17:23:00;4.999999999999982;;;4.999999999999982;07-09-2026_41960
;C2/C5A;41971.0;Alnabru;2026-09-07;37.0;Mandag;15:30:00;15:30:00;0.0;17:04:00;17:04:00;0.0;17:39:00;17:20:00;19.000000000000092;17:44:00;17:38:00;5.999999999999979;;;5.999999999999979;07-09-2026_41971
;C45;5805.0;Alnabru;2026-09-07;37.0;Mandag;17:00:00;17:00:00;0.0;17:11:00;17:45:00;-34.00000000000004;17:46:00;17:15:00;31.00000000000005;17:51:00;17:54:00;-2.9999999999999893;T18 - Sent lok til stamme;;-2.9999999999999893;07-09-2026_5805
PRI-TOG;C23;41910.0;Alnabru;2026-09-07;37.0;Mandag;17:35:00;17:35:00;0.0;17:45:00;17:48:00;-2.9999999999999893;18:20:00;17:57:00;23.000000000000078;18:25:00;18:03:00;22.00000000000008;;;22.00000000000008;07-09-2026_41910
;C32;85511.0;Alnabru;2026-09-07;37.0;Mandag;16:45:00;16:45:00;0.0;16:51:00;16:50:00;0.9999999999999964;17:26:00;17:00:00;25.999999999999908;17:31:00;17:35:00;-3.999999999999986;;;-3.999999999999986;07-09-2026_85511
;C42;5733.0;Alnabru;2026-09-07;37.0;Mandag;19:20:00;19:20:00;0.0;19:30:00;19:30:00;0.0;20:05:00;19:42:00;23.000000000000078;20:10:00;20:03:00;6.999999999999975;;;6.999999999999975;07-09-2026_5733
PRI-TOG;C31;41900.0;Alnabru;2026-09-07;37.0;Mandag;19:40:00;19:40:00;0.0;19:46:00;19:42:00;3.999999999999986;20:21:00;20:10:00;10.999999999999961;20:26:00;20:21:00;4.999999999999982;;;4.999999999999982;07-09-2026_41900
;C45;5709.0;Alnabru;2026-09-07;37.0;Mandag;21:00:00;21:00:00;0.0;21:02:00;20:30:00;32.00000000000004;21:37:00;21:05:00;32.00000000000004;21:42:00;21:21:00;21.000000000000085;;;21.000000000000085;07-09-2026_5709
LANGTOG;C43;5811.0;Alnabru;2026-09-07;37.0;Mandag;20:30:00;20:30:00;0.0;20:51:00;21:00:00;-8.999999999999968;21:26:00;21:26:00;0.0;21:31:00;21:38:00;-6.999999999999975;T19 - Feil på lok;;-6.999999999999975;07-09-2026_5811
LANGTOG;C32 ;85515.0;Alnabru;2026-09-07;37.0;Mandag;20:00:00;20:00:00;0.0;20:11:00;20:11:00;0.0;20:46:00;20:20:00;26.000000000000068;20:51:00;20:51:00;0.0;;;0.0;07-09-2026_85515
PRI-TOG;C23;5735.0;Alnabru;2026-09-07;37.0;Mandag;21:50:00;22:55:00;-65.00000000000009;22:02:00;22:00:00;1.999999999999993;22:37:00;;0.0;22:42:00;23:16:00;-34.00000000000004;;Feil på Rekkefølge, ferdig fikset og belagt kl 21:55;-34.00000000000004;07-09-2026_5735
Lastefristkl. 19:30 dag før avgang.;R13;5301.0;Alnabru;2026-09-08;37.0;Tirsdag;19:30:00;19:30:00;0.0;08:11:00;08:00:00;11.00000000000004;08:46:00;08:30:00;16.00000000000002;08:51:00;08:53:00;-1.999999999999993;T11 - Endring av togstamme;satt inn flere vogner, tog ble da 4 meter for langt, måtte be om meter.;-1.999999999999993;08-09-2026_5301
;R12;4911.0;Alnabru;2026-09-08;37.0;Tirsdag;08:00:00;08:00:00;0.0;08:42:00;09:00:00;-18.000000000000014;09:17:00;09:27:00;-9.999999999999964;09:22:00;09:27:00;-4.999999999999982;T3 - Lokfører;forsinkelse grunnet sykdom;-4.999999999999982;08-09-2026_4911
;C45;5801.0;Alnabru;2026-09-08;37.0;Tirsdag;08:50:00;09:10:00;-19.99999999999993;08:51:00;08:50:00;0.9999999999999165;09:26:00;09:20:00;5.999999999999979;09:31:00;09:28:00;2.9999999999999893;;;2.9999999999999893;08-09-2026_5801
PRI-TOG;C42;5731.0;Alnabru;2026-09-08;37.0;Tirsdag;08:50:00;08:50:00;0.0;09:02:00;08:55:00;6.999999999999975;09:37:00;09:15:00;22.0;09:42:00;09:42:00;0.0;;;0.0;08-09-2026_5731
;C32 ;85507.0;Alnabru;2026-09-08;37.0;Tirsdag;10:45:00;10:45:00;0.0;10:51:00;10:35:00;16.00000000000002;11:26:00;11:10:00;16.00000000000002;11:31:00;11:20:00;11.00000000000004;;;11.00000000000004;08-09-2026_85507
;C32 ;85509.0;Alnabru;2026-09-08;37.0;Tirsdag;14:45:00;14:45:00;0.0;14:51:00;14:50:00;0.9999999999999964;15:26:00;15:12:00;14.00000000000011;15:31:00;15:36:00;-4.999999999999982;;;-4.999999999999982;08-09-2026_85509
;C42;45960.0;Alnabru;2026-09-08;37.0;Tirsdag;14:00:00;;0.0;15:02:00;;0.0;15:37:00;15:00:00;37.00000000000003;15:42:00;15:41:00;0.9999999999999964;;;0.9999999999999964;08-09-2026_45960
;C42;5707.0;Alnabru;2026-09-08;37.0;Tirsdag;16:20:00;16:20:00;0.0;16:32:00;16:32:00;0.0;17:07:00;16:50:00;17.0000000000001;17:12:00;17:06:00;5.999999999999979;;;5.999999999999979;08-09-2026_5707
;C44;41960.0;Alnabru;2026-09-08;37.0;Tirsdag;16:00:00;16:00:00;0.0;16:48:00;17:50:00;-62.0000000000001;17:23:00;18:04:00;-41.000000000000014;17:28:00;18:10:00;-42.000000000000014;T18 - Sent lok til stamme;;-42.000000000000014;08-09-2026_41960
;C32 ;85511.0;Alnabru;2026-09-08;37.0;Tirsdag;16:45:00;16:45:00;0.0;16:51:00;16:51:00;0.0;17:26:00;17:20:00;5.999999999999979;17:31:00;17:21:00;9.999999999999964;;;9.999999999999964;08-09-2026_85511
;C2/C5A;41971.0;Alnabru;2026-09-08;37.0;Tirsdag;16:00:00;16:00:00;0.0;17:04:00;17:04:00;0.0;17:39:00;16:43:00;56.00000000000012;17:44:00;17:49:00;-4.999999999999982;T20 - Trafikkstyring (TXP/Togleder);;-4.999999999999982;08-09-2026_41971
;C45;5805.0;Alnabru;2026-09-08;37.0;Tirsdag;17:00:00;17:00:00;0.0;17:11:00;17:11:00;0.0;17:46:00;17:29:00;17.0000000000001;17:51:00;17:54:00;-2.9999999999999893;T20 - Trafikkstyring (TXP/Togleder);;-2.9999999999999893;08-09-2026_5805
PRI-TOG;C23;41910.0;Alnabru;2026-09-08;37.0;Tirsdag;17:35:00;17:35:00;0.0;17:45:00;17:40:00;4.999999999999982;18:20:00;17:51:00;29.000000000000057;18:25:00;18:23:00;1.999999999999993;;;1.999999999999993;08-09-2026_41910
;C42;5733.0;Alnabru;2026-09-08;37.0;Tirsdag;19:20:00;19:20:00;0.0;19:35:00;19:40:00;-4.999999999999982;20:05:00;19:53:00;11.999999999999957;20:10:00;19:58:00;11.999999999999957;;;11.999999999999957;08-09-2026_5733
PRI-TOG;C31;41900.0;Alnabru;2026-09-08;37.0;Tirsdag;19:40:00;19:40:00;0.0;19:46:00;19:45:00;0.9999999999999964;20:21:00;20:00:00;20.999999999999925;20:26:00;20:25:00;0.9999999999999964;;;0.9999999999999964;08-09-2026_41900
LANGTOG;C32 ;85515.0;Alnabru;2026-09-08;37.0;Tirsdag;20:00:00;20:30:00;-29.999999999999893;20:11:00;20:11:00;0.0;20:46:00;20:46:00;0.0;20:51:00;20:54:00;-2.9999999999999893;T3 - Lokfører;Klagde på bufferhøyde mellom lok og vogn. Måtte flytte enheter og ta gjennomslag.;-2.9999999999999893;08-09-2026_85515
LANGTOG;C43;5811.0;Alnabru;2026-09-08;37.0;Tirsdag;20:30:00;20:30:00;0.0;20:51:00;21:25:00;-34.00000000000004;21:26:00;20:35:00;51.00000000000014;21:31:00;21:36:00;-4.999999999999982;T18 - Sent lok til stamme;;-4.999999999999982;08-09-2026_5811
;C45;5709.0;Alnabru;2026-09-08;37.0;Tirsdag;21:00:00;21:00:00;0.0;21:02:00;20:30:00;32.00000000000004;21:37:00;20:45:00;51.99999999999997;21:42:00;21:04:00;38.00000000000003;;;38.00000000000003;08-09-2026_5709
PRI-TOG;C23;5735.0;Alnabru;2026-09-08;37.0;Tirsdag;21:50:00;21:50:00;0.0;22:02:00;21:30:00;31.999999999999886;22:37:00;22:05:00;32.00000000000004;22:42:00;22:29:00;12.999999999999954;;;12.999999999999954;08-09-2026_5735
;C32 Nord;85531.0;Alnabru;2026-09-09;37.0;Onsdag;07:50:00;07:50:00;0.0;07:11:00;07:11:00;0.0;07:46:00;07:30:00;16.00000000000002;07:51:00;08:13:00;-22.0;T21 - R206 ikke klar i tide;ekspedisjon glemte å publisere da det var litt pågang i tidsperiode;-22.0;09-09-2026_85531
Lastefristkl. 19:30 dag før avgang.;C45;5301.0;Alnabru;2026-09-09;37.0;Onsdag;19:30:00;19:30:00;0.0;08:11:00;08:11:00;0.0;08:46:00;08:35:00;11.00000000000004;08:51:00;08:55:00;-3.999999999999986;T20 - Trafikkstyring (TXP/Togleder);klar i tide fra terminal;-3.999999999999986;09-09-2026_5301
;C45;5801.0;Alnabru;2026-09-09;37.0;Onsdag;08:50:00;08:50:00;0.0;08:51:00;09:21:00;-30.000000000000053;09:26:00;09:30:00;-3.999999999999986;09:31:00;09:35:00;-4.000000000000066;T18 - Sent lok til stamme;brukte lok fra 5730, Forsinket avgang 5801;-4.000000000000066;09-09-2026_5801
PRI-TOG;C42;5731.0;Alnabru;2026-09-09;37.0;Onsdag;08:50:00;09:00:00;-9.999999999999964;09:02:00;08:45:00;17.00000000000002;09:37:00;09:18:00;19.000000000000014;09:42:00;09:42:00;0.0;;;0.0;09-09-2026_5731
;C32 ;85507.0;Alnabru;2026-09-09;37.0;Onsdag;10:45:00;10:50:00;-4.999999999999982;10:51:00;10:51:00;0.0;11:26:00;11:18:00;8.000000000000052;11:31:00;11:26:00;5.000000000000062;;;5.000000000000062;09-09-2026_85507
;C32 ;85509.0;Alnabru;2026-09-09;37.0;Onsdag;14:45:00;14:45:00;0.0;14:51:00;14:45:00;5.999999999999979;15:26:00;15:10:00;16.000000000000103;15:31:00;15:36:00;-4.999999999999982;;;-4.999999999999982;09-09-2026_85509
;C42;45960.0;Alnabru;2026-09-09;37.0;Onsdag;14:00:00;;0.0;15:02:00;;0.0;15:37:00;;0.0;15:42:00;;0.0;T17 - Innstilt tog;;0.0;09-09-2026_45960
;C42;5707.0;Alnabru;2026-09-09;37.0;Onsdag;16:20:00;16:20:00;0.0;16:32:00;16:32:00;0.0;17:07:00;16:00:00;67.00000000000009;17:12:00;17:01:00;10.999999999999961;;;10.999999999999961;09-09-2026_5707
;C44;41960.0;Alnabru;2026-09-09;37.0;Onsdag;16:00:00;16:00:00;0.0;16:48:00;16:45:00;2.9999999999999893;17:23:00;17:00:00;22.99999999999992;17:28:00;17:28:00;0.0;;;0.0;09-09-2026_41960
;C32 ;85511.0;Alnabru;2026-09-09;37.0;Onsdag;16:45:00;16:45:00;0.0;16:51:00;16:50:00;0.9999999999999964;17:26:00;17:04:00;21.999999999999922;17:31:00;17:36:00;-4.999999999999982;T34 - Annen feil, forklaring i kommentarfelt;Uvvist årsak;-4.999999999999982;09-09-2026_85511
;C2/C5A;41971.0;Alnabru;2026-09-09;37.0;Onsdag;16:00:00;17:15:00;-75.00000000000006;17:04:00;17:00:00;3.999999999999986;17:39:00;17:25:00;14.00000000000011;17:44:00;18:20:00;-35.99999999999987;T27 - Kranstopp;;-35.99999999999987;09-09-2026_41971
;C45;5805.0;Alnabru;2026-09-09;37.0;Onsdag;17:00:00;18:15:00;-74.99999999999989;17:11:00;17:11:00;0.0;17:46:00;18:25:00;-39.00000000000002;17:51:00;18:40:00;-48.999999999999986;T27 - Kranstopp;Kun 1 kran på kveldsturen. Olje lekkasje;-48.999999999999986;09-09-2026_5805
PRI-TOG;C23;41910.0;Alnabru;2026-09-09;37.0;Onsdag;17:35:00;19:15:00;-100.00000000000013;17:45:00;17:45:00;0.0;18:20:00;19:08:00;-47.999999999999986;18:25:00;19:25:00;-59.99999999999994;T4 - Forsinket ankommet tog. (kort snutid);;-59.99999999999994;09-09-2026_41910
;C42;5733.0;Alnabru;2026-09-09;37.0;Onsdag;19:20:00;19:20:00;0.0;19:35:00;19:35:00;0.0;20:05:00;20:48:00;-43.00000000000001;20:10:00;21:05:00;-54.999999999999964;T34 - Annen feil, forklaring i kommentarfelt;Følgeforsinkelse av tog som må snues;-54.999999999999964;09-09-2026_5733
PRI-TOG;C31;41900.0;Alnabru;2026-09-09;37.0;Onsdag;19:40:00;;0.0;19:46:00;;0.0;20:21:00;;0.0;20:26:00;;0.0;T17 - Innstilt tog;;0.0;09-09-2026_41900
LANGTOG;C32 ;85511.0;Alnabru;2026-09-09;37.0;Onsdag;20:00:00;;0.0;16:51:00;;0.0;17:26:00;17:10:00;15.999999999999943;17:31:00;17:20:00;10.999999999999961;;;10.999999999999961;09-09-2026_85511
LANGTOG;C43;5811.0;Alnabru;2026-09-09;37.0;Onsdag;20:30:00;20:30:00;0.0;20:51:00;20:50:00;0.9999999999999964;21:26:00;20:58:00;28.00000000000006;21:31:00;21:20:00;11.00000000000012;;;11.00000000000012;09-09-2026_5811
;C45;5709.0;Alnabru;2026-09-09;37.0;Onsdag;21:00:00;21:30:00;-30.000000000000053;21:02:00;21:00:00;1.999999999999993;21:37:00;22:00:00;-22.99999999999992;21:42:00;22:12:00;-30.000000000000053;T27 - Kranstopp;;-30.000000000000053;09-09-2026_5709
PRI-TOG;C23;5735.0;Alnabru;2026-09-09;37.0;Onsdag;21:50:00;21:50:00;0.0;22:02:00;22:15:00;-13.000000000000114;22:37:00;22:21:00;15.999999999999943;22:42:00;22:34:00;7.999999999999972;;;7.999999999999972;09-09-2026_5735
;;85515.0;Alnabru;2026-09-09;37.0;Onsdag;20:00:00;20:40:00;-40.000000000000014;20:10:00;20:10:00;0.0;20:45:00;20:50:00;-4.999999999999982;20:50:00;21:00:00;-9.999999999999964;T34 - Annen feil, forklaring i kommentarfelt;Følgeforsinkelse av sene tog som må snues ut;-9.999999999999964;09-09-2026_85515
Lastefristkl. 19:30 dag før avgang.;C45;5301.0;Alnabru;2026-09-10;37.0;Torsdag;19:30:00;19:30:00;0.0;08:11:00;08:00:00;11.00000000000004;08:46:00;09:38:00;-51.99999999999997;08:51:00;09:43:00;-51.99999999999997;T19 - Feil på lok;måtte bytte lok pga feil på motor.;-51.99999999999997;10-09-2026_5301
;C45;5801.0;Alnabru;2026-09-10;37.0;Torsdag;08:50:00;08:50:00;0.0;08:51:00;09:00:00;-9.000000000000048;09:26:00;09:58:00;-32.00000000000004;09:31:00;10:01:00;-30.000000000000053;T27 - Kranstopp;;-30.000000000000053;10-09-2026_5801
PRI-TOG;C42;5731.0;Alnabru;2026-09-10;37.0;Torsdag;08:50:00;08:28:00;22.0;09:02:00;09:01:00;0.9999999999999964;09:37:00;09:38:00;-0.9999999999999964;09:42:00;09:42:00;0.0;;;0.0;10-09-2026_5731
;C32 ;5507.0;Alnabru;2026-09-10;37.0;Torsdag;10:45:00;10:43:00;1.999999999999993;10:51:00;10:42:00;8.999999999999968;11:26:00;11:07:00;19.000000000000014;11:31:00;11:24:00;7.000000000000055;;;7.000000000000055;10-09-2026_5507
;C42;45960.0;Alnabru;2026-09-10;37.0;Torsdag;14:00:00;;0.0;15:02:00;14:30:00;32.00000000000004;15:37:00;14:45:00;51.99999999999997;15:42:00;16:40:00;-57.99999999999996;T34 - Annen feil, forklaring i kommentarfelt;Ingen anelse på hvorfor denne gikk sen;-57.99999999999996;10-09-2026_45960
;C42;5707.0;Alnabru;2026-09-10;37.0;Torsdag;16:20:00;16:50:00;-29.999999999999893;16:32:00;16:05:00;27.000000000000064;17:07:00;17:00:00;6.999999999999975;17:12:00;17:09:00;2.9999999999999893;T27 - Kranstopp;;2.9999999999999893;10-09-2026_5707
;C32 ;85509.0;Alnabru;2026-09-10;37.0;Torsdag;14:45:00;14:45:00;0.0;14:51:00;14:50:00;0.9999999999999964;15:26:00;15:00:00;26.000000000000068;15:31:00;15:34:00;-2.9999999999999893;;;-2.9999999999999893;10-09-2026_85509
;C44;41960.0;Alnabru;2026-09-10;37.0;Torsdag;16:00:00;16:00:00;0.0;16:48:00;16:50:00;-1.999999999999993;17:23:00;17:55:00;-32.00000000000004;17:28:00;17:57:00;-29.000000000000057;T34 - Annen feil, forklaring i kommentarfelt;Kø ut fra gamla. Tok lang tid før vi fikk satt sammen toget for å bremse det i A-spor;-29.000000000000057;10-09-2026_41960
;C2/C5A;41971.0;Alnabru;2026-09-10;37.0;Torsdag;16:00:00;17:30:00;-90.0;17:04:00;17:40:00;-36.00000000000003;17:39:00;18:11:00;-31.999999999999886;17:44:00;18:15:00;-30.99999999999989;T27 - Kranstopp;;-30.99999999999989;10-09-2026_41971
;C45;5805.0;Alnabru;2026-09-10;37.0;Torsdag;17:00:00;17:30:00;-29.999999999999893;17:11:00;17:11:00;0.0;17:46:00;17:49:00;-2.9999999999999893;17:51:00;17:54:00;-2.9999999999999893;T27 - Kranstopp;;-2.9999999999999893;10-09-2026_5805
PRI-TOG;C23;41910.0;Alnabru;2026-09-10;37.0;Torsdag;17:35:00;17:35:00;0.0;17:45:00;17:45:00;0.0;18:20:00;17:57:00;23.000000000000078;18:25:00;18:09:00;16.000000000000103;;;16.000000000000103;10-09-2026_41910
;C32 ;85511.0;Alnabru;2026-09-10;37.0;Torsdag;16:45:00;16:50:00;-4.999999999999982;16:51:00;16:50:00;0.9999999999999964;17:26:00;17:23:00;2.9999999999999893;17:31:00;17:35:00;-3.999999999999986;T20 - Trafikkstyring (TXP/Togleder);Kø ut fra term;-3.999999999999986;10-09-2026_85511
;C42;5733.0;Alnabru;2026-09-10;37.0;Torsdag;19:20:00;19:40:00;-19.99999999999993;19:35:00;19:35:00;0.0;20:05:00;20:01:00;3.999999999999986;20:10:00;20:11:00;-0.9999999999999964;T27 - Kranstopp;;-0.9999999999999964;10-09-2026_5733
PRI-TOG;C31;41900.0;Alnabru;2026-09-10;37.0;Torsdag;19:40:00;19:40:00;0.0;19:46:00;19:46:00;0.0;20:21:00;20:02:00;18.999999999999932;20:26:00;20:22:00;3.999999999999986;;;3.999999999999986;10-09-2026_41900
;C45;5709.0;Alnabru;2026-09-10;37.0;Torsdag;21:00:00;23:00:00;-120.00000000000006;21:02:00;21:00:00;1.999999999999993;21:37:00;23:12:00;-94.99999999999999;21:42:00;;0.0;;14.30 ;0.0;10-09-2026_5709
LANGTOG;C43;5811.0;Alnabru;2026-09-10;37.0;Torsdag;20:30:00;20:50:00;-20.00000000000009;20:51:00;21:00:00;-8.999999999999968;21:26:00;21:20:00;6.0000000000001386;21:31:00;21:30:00;0.9999999999999964;T27 - Kranstopp;;0.9999999999999964;10-09-2026_5811
LANGTOG;C32 ;85515.0;Alnabru;2026-09-10;37.0;Torsdag;20:00:00;20:00:00;0.0;20:11:00;20:11:00;0.0;20:46:00;20:38:00;7.999999999999972;20:51:00;20:49:00;1.999999999999993;;;1.999999999999993;10-09-2026_85515
PRI-TOG;C23;5735.0;Alnabru;2026-09-10;37.0;Torsdag;21:50:00;21:40:00;9.999999999999964;22:02:00;22:00:00;1.999999999999993;22:37:00;22:00:00;37.00000000000003;22:42:00;22:31:00;10.999999999999961;;;10.999999999999961;10-09-2026_5735
;;4911.0;Alnabru;2026-09-10;37.0;Torsdag;08:00:00;;0.0;08:42:00;;0.0;09:17:00;;0.0;09:22:00;09:14:00;7.999999999999972;;;7.999999999999972;10-09-2026_4911
Lastefristkl. 19:30 dag før avgang.;C45;5301.0;Alnabru;2026-09-11;37.0;Fredag;19:30:00;19:30:00;0.0;08:11:00;08:06:00;4.999999999999982;08:46:00;08:35:00;11.00000000000004;08:51:00;08:50:00;0.9999999999999964;;;0.9999999999999964;11-09-2026_5301
;C45;5801.0;Alnabru;2026-09-11;37.0;Fredag;08:50:00;09:15:00;-24.999999999999993;08:51:00;08:49:00;1.999999999999913;09:26:00;09:34:00;-8.000000000000052;09:31:00;09:50:00;-19.000000000000014;T27 - Kranstopp;;-19.000000000000014;11-09-2026_5801
PRI-TOG;C42;5731.0;Alnabru;2026-09-11;37.0;Fredag;08:50:00;09:00:00;-9.999999999999964;09:02:00;08:58:00;3.999999999999986;09:37:00;09:12:00;24.999999999999993;09:42:00;09:21:00;21.000000000000007;;;21.000000000000007;11-09-2026_5731
;C32 ;5507.0;Alnabru;2026-09-11;37.0;Fredag;10:45:00;10:50:00;-4.999999999999982;10:51:00;10:35:00;16.00000000000002;11:26:00;11:07:00;19.000000000000014;11:31:00;11:21:00;10.000000000000044;;;10.000000000000044;11-09-2026_5507
;C32 ;5509.0;Alnabru;2026-09-11;37.0;Fredag;14:45:00;;0.0;14:51:00;;0.0;15:26:00;;0.0;15:31:00;15:34:00;-2.9999999999999893;;;-2.9999999999999893;11-09-2026_5509
;C42;45960.0;Alnabru;2026-09-11;37.0;Fredag;14:00:00;14:00:00;0.0;15:02:00;14:00:00;61.99999999999994;15:37:00;14:00:00;96.99999999999997;15:42:00;14:44:00;57.99999999999996;;;57.99999999999996;11-09-2026_45960
;C32 ;5511.0;Alnabru;2026-09-11;37.0;Fredag;16:45:00;17:10:00;-25.00000000000007;16:51:00;16:50:00;0.9999999999999964;17:26:00;17:18:00;7.999999999999972;17:31:00;17:43:00;-12.000000000000117;T24 - Optimalisering av togstamme;Feil beregning av optimalisering. Denne går på OPL.;-12.000000000000117;11-09-2026_5511
;C2/C5A;41971.0;Alnabru;2026-09-11;37.0;Fredag;16:00:00;;0.0;17:04:00;;0.0;17:39:00;;0.0;17:44:00;;0.0;T17 - Innstilt tog;;0.0;11-09-2026_41971
;C45;5805.0;Alnabru;2026-09-11;37.0;Fredag;17:00:00;17:30:00;-29.999999999999893;17:11:00;17:00:00;10.999999999999961;17:46:00;17:45:00;0.9999999999999964;17:51:00;17:55:00;-3.999999999999986;T27 - Kranstopp;;-3.999999999999986;11-09-2026_5805
PRI-TOG;C23;41910.0;Alnabru;2026-09-11;37.0;Fredag;17:35:00;;0.0;17:45:00;;0.0;18:20:00;;0.0;18:25:00;;0.0;T17 - Innstilt tog;;0.0;11-09-2026_41910
;C42;5733.0;Alnabru;2026-09-11;37.0;Fredag;19:20:00;19:00:00;20.00000000000009;19:35:00;19:30:00;4.999999999999982;20:05:00;19:32:00;33.00000000000004;20:10:00;19:41:00;29.000000000000057;;;29.000000000000057;11-09-2026_5733
PRI-TOG;C31;41900.0;Alnabru;2026-09-11;37.0;Fredag;19:40:00;;0.0;19:46:00;;0.0;20:21:00;;0.0;20:26:00;;0.0;T17 - Innstilt tog;;0.0;11-09-2026_41900
LANGTOG;C32 ;5515.0;Alnabru;2026-09-11;37.0;Fredag;20:00:00;20:00:00;0.0;20:11:00;19:22:00;48.999999999999986;20:46:00;20:00:00;46.0;20:51:00;20:12:00;39.00000000000002;;;39.00000000000002;11-09-2026_5515
LANGTOG;C43;5811.0;Alnabru;2026-09-11;37.0;Fredag;20:30:00;20:30:00;0.0;20:51:00;20:30:00;21.000000000000085;21:26:00;20:34:00;52.000000000000135;21:31:00;21:18:00;13.000000000000114;;;13.000000000000114;11-09-2026_5811
;C45;5709.0;Alnabru;2026-09-11;37.0;Fredag;21:00:00;21:00:00;0.0;21:02:00;21:00:00;1.999999999999993;21:37:00;21:22:00;15.000000000000107;21:42:00;21:30:00;11.999999999999957;;;11.999999999999957;11-09-2026_5709
PRI-TOG;C23;5735.0;Alnabru;2026-09-11;37.0;Fredag;21:50:00;;0.0;22:02:00;;0.0;22:37:00;;0.0;22:42:00;;0.0;T17 - Innstilt tog;;0.0;11-09-2026_5735
FORHÅNDSLASTES C32 FREDAG;C32 ;5737.0;Alnabru;2026-09-12;37.0;Lørdag;11:00:00;;0.0;11:02:00;;0.0;11:37:00;;0.0;11:42:00;;0.0;T17 - Innstilt tog;;0.0;12-09-2026_5737
;C44;81971.0;Alnabru;2026-09-12;37.0;Lørdag;12:00:00;12:00:00;0.0;16:00:00;15:00:00;59.99999999999994;16:35:00;15:08:00;87.00000000000001;16:40:00;15:11:00;89.0;;;89.0;12-09-2026_81971
PRI-TOG;C23;41910.0;Alnabru;2026-09-12;37.0;Lørdag;12:00:00;;0.0;17:45:00;;0.0;18:20:00;;0.0;18:25:00;;0.0;T17 - Innstilt tog;;0.0;12-09-2026_41910
LASTEFRIST KL. 15:00 LØRDAG;C23;5711.0;Alnabru;2026-09-13;37.0;Søndag;14:30:00;14:30:00;0.0;07:27:00;07:00:00;26.999999999999986;08:02:00;07:12:00;50.000000000000064;08:07:00;07:26:00;41.000000000000014;;;41.000000000000014;13-09-2026_5711
Lastefrist 13:30 Søndag;C44;41960.0;Alnabru;2026-09-13;37.0;Søndag;13:30:00;13:30:00;0.0;16:21:00;16:04:00;17.0000000000001;16:56:00;16:49:00;7.000000000000135;17:01:00;16:52:00;9.000000000000128;;;9.000000000000128;13-09-2026_41960
;C44;41971.0;Alnabru;2026-09-13;37.0;Søndag;13:30:00;13:30:00;0.0;16:00:00;15:26:00;33.99999999999988;16:35:00;15:39:00;55.99999999999996;16:40:00;16:21:00;18.999999999999932;;;18.999999999999932;13-09-2026_41971
LANGTOG;C32;5523.0;Alnabru;2026-09-13;37.0;Søndag;16:00:00;16:00:00;0.0;18:36:00;18:21:00;15.000000000000107;19:11:00;18:30:00;41.000000000000014;19:16:00;18:12:00;64.00000000000009;;;64.00000000000009;13-09-2026_5523
;C23;5717.0;Alnabru;2026-09-13;37.0;Søndag;16:00:00;16:00:00;0.0;16:32:00;16:13:00;18.999999999999932;17:07:00;16:35:00;32.00000000000004;17:12:00;16:45:00;27.000000000000064;;;27.000000000000064;13-09-2026_5717
LANGTOG;C43;5811.0;Alnabru;2026-09-13;37.0;Søndag;13:30:00;13:30:00;0.0;20:51:00;20:04:00;46.99999999999999;21:26:00;20:15:00;71.00000000000007;21:31:00;21:20:00;11.00000000000012;;;11.00000000000012;13-09-2026_5811
;C32 Nord;5531.0;Alnabru;2026-09-14;38.0;Mandag;07:50:00;07:50:00;0.0;07:43:00;06:50:00;52.99999999999997;08:18:00;07:00:00;77.99999999999996;08:23:00;07:41:00;42.000000000000014;;;42.000000000000014;14-09-2026_5531
Lastefristkl. 19:30 dag før avgang.;C45;5301.0;Alnabru;2026-09-14;38.0;Mandag;19:30:00;19:30:00;0.0;08:11:00;08:00:00;11.00000000000004;08:46:00;09:05:00;-18.999999999999932;08:51:00;09:10:00;-18.999999999999932;T11 - Endring av togstamme;En vogn i stammen som måtte skiftes ut da booking ikke får lagt inn denne. Spurte om akkurat denne vognen i forige uke, men ingen ting skjer.;-18.999999999999932;14-09-2026_5301
;C45;5801.0;Alnabru;2026-09-14;38.0;Mandag;08:50:00;08:50:00;0.0;08:51:00;08:46:00;4.999999999999982;09:26:00;09:10:00;16.00000000000002;09:31:00;09:31:00;0.0;;;0.0;14-09-2026_5801
PRI-TOG;C42;5731.0;Alnabru;2026-09-14;38.0;Mandag;08:50:00;08:50:00;0.0;09:02:00;09:00:00;1.999999999999993;09:37:00;09:21:00;16.00000000000002;09:42:00;09:28:00;14.00000000000003;;;14.00000000000003;14-09-2026_5731
;C32 ;5507.0;Alnabru;2026-09-14;38.0;Mandag;11:40:00;;0.0;11:43:00;;0.0;12:18:00;;0.0;12:23:00;;0.0;;;0.0;14-09-2026_5507
;C42;45960.0;Alnabru;2026-09-14;38.0;Mandag;14:00:00;;0.0;15:02:00;;0.0;15:37:00;;0.0;15:42:00;;0.0;;;0.0;14-09-2026_45960
;C42;5707.0;Alnabru;2026-09-14;38.0;Mandag;16:20:00;;0.0;16:32:00;;0.0;17:07:00;;0.0;17:12:00;;0.0;;;0.0;14-09-2026_5707
;C32 ;5509.0;Alnabru;2026-09-14;38.0;Mandag;16:30:00;;0.0;16:44:00;;0.0;17:19:00;;0.0;17:24:00;;0.0;;;0.0;14-09-2026_5509
;C44;41960.0;Alnabru;2026-09-14;38.0;Mandag;16:00:00;;0.0;16:48:00;;0.0;17:23:00;;0.0;17:28:00;;0.0;;;0.0;14-09-2026_41960
;C2/C5A;41971.0;Alnabru;2026-09-14;38.0;Mandag;16:00:00;;0.0;17:04:00;;0.0;17:39:00;;0.0;17:44:00;;0.0;;;0.0;14-09-2026_41971
;C45;5805.0;Alnabru;2026-09-14;38.0;Mandag;17:00:00;;0.0;17:11:00;;0.0;17:46:00;;0.0;17:51:00;;0.0;;;0.0;14-09-2026_5805
PRI-TOG;C23;41910.0;Alnabru;2026-09-14;38.0;Mandag;17:35:00;;0.0;17:45:00;;0.0;18:20:00;;0.0;18:25:00;;0.0;;;0.0;14-09-2026_41910
;C32;5511.0;Alnabru;2026-09-14;38.0;Mandag;18:40:00;;0.0;18:59:00;;0.0;19:34:00;;0.0;19:39:00;;0.0;;;0.0;14-09-2026_5511
;C42;5733.0;Alnabru;2026-09-14;38.0;Mandag;19:20:00;;0.0;19:30:00;;0.0;20:05:00;;0.0;20:10:00;;0.0;;;0.0;14-09-2026_5733
PRI-TOG;C31;41900.0;Alnabru;2026-09-14;38.0;Mandag;19:40:00;;0.0;19:46:00;;0.0;20:21:00;;0.0;20:26:00;;0.0;;;0.0;14-09-2026_41900
;C45;5709.0;Alnabru;2026-09-14;38.0;Mandag;21:00:00;;0.0;21:02:00;;0.0;21:37:00;;0.0;21:42:00;;0.0;;;0.0;14-09-2026_5709
LANGTOG;C43;5811.0;Alnabru;2026-09-14;38.0;Mandag;20:30:00;;0.0;20:51:00;;0.0;21:26:00;;0.0;21:31:00;;0.0;;;0.0;14-09-2026_5811
LANGTOG;C32 ;5515.0;Alnabru;2026-09-14;38.0;Mandag;21:15:00;;0.0;21:17:00;;0.0;21:52:00;;0.0;21:57:00;;0.0;;;0.0;14-09-2026_5515
PRI-TOG;C23;5735.0;Alnabru;2026-09-14;38.0;Mandag;21:50:00;;0.0;22:02:00;;0.0;22:37:00;;0.0;22:42:00;;0.0;;;0.0;14-09-2026_5735
Lastefristkl. 19:30 dag før avgang.;C45;5301.0;Alnabru;2026-09-15;38.0;Tirsdag;19:30:00;;0.0;08:11:00;;0.0;08:46:00;;0.0;08:51:00;;0.0;;;0.0;15-09-2026_5301
;C45;5801.0;Alnabru;2026-09-15;38.0;Tirsdag;08:50:00;;0.0;08:51:00;;0.0;09:26:00;;0.0;09:31:00;;0.0;;;0.0;15-09-2026_5801
PRI-TOG;C42;5731.0;Alnabru;2026-09-15;38.0;Tirsdag;08:50:00;;0.0;09:02:00;;0.0;09:37:00;;0.0;09:42:00;;0.0;;;0.0;15-09-2026_5731
;C32 ;5507.0;Alnabru;2026-09-15;38.0;Tirsdag;11:40:00;;0.0;11:43:00;;0.0;12:18:00;;0.0;12:23:00;;0.0;;;0.0;15-09-2026_5507
;C42;45960.0;Alnabru;2026-09-15;38.0;Tirsdag;14:00:00;;0.0;15:02:00;;0.0;15:37:00;;0.0;15:42:00;;0.0;;;0.0;15-09-2026_45960
;C42;5707.0;Alnabru;2026-09-15;38.0;Tirsdag;16:20:00;;0.0;16:32:00;;0.0;17:07:00;;0.0;17:12:00;;0.0;;;0.0;15-09-2026_5707
;C32 ;5509.0;Alnabru;2026-09-15;38.0;Tirsdag;16:30:00;;0.0;16:44:00;;0.0;17:19:00;;0.0;17:24:00;;0.0;;;0.0;15-09-2026_5509
;C44;41960.0;Alnabru;2026-09-15;38.0;Tirsdag;16:00:00;;0.0;16:48:00;;0.0;17:23:00;;0.0;17:28:00;;0.0;;;0.0;15-09-2026_41960
;C2/C5A;41971.0;Alnabru;2026-09-15;38.0;Tirsdag;16:00:00;;0.0;17:04:00;;0.0;17:39:00;;0.0;17:44:00;;0.0;;;0.0;15-09-2026_41971
;C45;5805.0;Alnabru;2026-09-15;38.0;Tirsdag;17:00:00;;0.0;17:11:00;;0.0;17:46:00;;0.0;17:51:00;;0.0;;;0.0;15-09-2026_5805
PRI-TOG;C23;41910.0;Alnabru;2026-09-15;38.0;Tirsdag;17:35:00;;0.0;17:45:00;;0.0;18:20:00;;0.0;18:25:00;;0.0;;;0.0;15-09-2026_41910
;C32 ;5511.0;Alnabru;2026-09-15;38.0;Tirsdag;18:40:00;;0.0;18:59:00;;0.0;19:34:00;;0.0;19:39:00;;0.0;;;0.0;15-09-2026_5511
;C42;5733.0;Alnabru;2026-09-15;38.0;Tirsdag;19:20:00;;0.0;19:35:00;;0.0;20:05:00;;0.0;20:10:00;;0.0;;;0.0;15-09-2026_5733
PRI-TOG;C31;41900.0;Alnabru;2026-09-15;38.0;Tirsdag;19:40:00;;0.0;19:46:00;;0.0;20:21:00;;0.0;20:26:00;;0.0;;;0.0;15-09-2026_41900
;C45;5709.0;Alnabru;2026-09-15;38.0;Tirsdag;21:00:00;;0.0;21:02:00;;0.0;21:37:00;;0.0;21:42:00;;0.0;;;0.0;15-09-2026_5709
LANGTOG;C43;5811.0;Alnabru;2026-09-15;38.0;Tirsdag;20:30:00;;0.0;20:51:00;;0.0;21:26:00;;0.0;21:31:00;;0.0;;;0.0;15-09-2026_5811
LANGTOG;C32 ;5515.0;Alnabru;2026-09-15;38.0;Tirsdag;21:15:00;;0.0;21:17:00;;0.0;21:52:00;;0.0;21:57:00;;0.0;;;0.0;15-09-2026_5515
PRI-TOG;C23;5735.0;Alnabru;2026-09-15;38.0;Tirsdag;21:50:00;;0.0;22:02:00;;0.0;22:37:00;;0.0;22:42:00;;0.0;;;0.0;15-09-2026_5735
;C32 Nord;5531.0;Alnabru;2026-09-16;38.0;Onsdag;07:50:00;;0.0;07:43:00;;0.0;08:18:00;;0.0;08:23:00;;0.0;;;0.0;16-09-2026_5531
Lastefristkl. 19:30 dag før avgang.;C45;5301.0;Alnabru;2026-09-16;38.0;Onsdag;19:30:00;;0.0;08:11:00;;0.0;08:46:00;;0.0;08:51:00;;0.0;;;0.0;16-09-2026_5301
;C45;5801.0;Alnabru;2026-09-16;38.0;Onsdag;08:50:00;;0.0;08:51:00;;0.0;09:26:00;;0.0;09:31:00;;0.0;;;0.0;16-09-2026_5801
PRI-TOG;C42;5731.0;Alnabru;2026-09-16;38.0;Onsdag;08:50:00;;0.0;09:02:00;;0.0;09:37:00;;0.0;09:42:00;;0.0;;;0.0;16-09-2026_5731
;C32 ;5507.0;Alnabru;2026-09-16;38.0;Onsdag;11:40:00;;0.0;11:43:00;;0.0;12:18:00;;0.0;12:23:00;;0.0;;;0.0;16-09-2026_5507
;C42;45960.0;Alnabru;2026-09-16;38.0;Onsdag;14:00:00;;0.0;15:02:00;;0.0;15:37:00;;0.0;15:42:00;;0.0;;;0.0;16-09-2026_45960
;C42;5707.0;Alnabru;2026-09-16;38.0;Onsdag;16:20:00;;0.0;16:32:00;;0.0;17:07:00;;0.0;17:12:00;;0.0;;;0.0;16-09-2026_5707
;C32 ;5509.0;Alnabru;2026-09-16;38.0;Onsdag;16:30:00;;0.0;16:44:00;;0.0;17:19:00;;0.0;17:24:00;;0.0;;;0.0;16-09-2026_5509
;C44;41960.0;Alnabru;2026-09-16;38.0;Onsdag;16:00:00;;0.0;16:48:00;;0.0;17:23:00;;0.0;17:28:00;;0.0;;;0.0;16-09-2026_41960
;C2/C5A;41971.0;Alnabru;2026-09-16;38.0;Onsdag;16:00:00;;0.0;17:04:00;;0.0;17:39:00;;0.0;17:44:00;;0.0;;;0.0;16-09-2026_41971
;C45;5805.0;Alnabru;2026-09-16;38.0;Onsdag;17:00:00;;0.0;17:11:00;;0.0;17:46:00;;0.0;17:51:00;;0.0;;;0.0;16-09-2026_5805
PRI-TOG;C23;41910.0;Alnabru;2026-09-16;38.0;Onsdag;17:35:00;;0.0;17:45:00;;0.0;18:20:00;;0.0;18:25:00;;0.0;;;0.0;16-09-2026_41910
;C32 ;5511.0;Alnabru;2026-09-16;38.0;Onsdag;18:40:00;;0.0;18:59:00;;0.0;19:34:00;;0.0;19:39:00;;0.0;;;0.0;16-09-2026_5511
;C42;5733.0;Alnabru;2026-09-16;38.0;Onsdag;19:20:00;;0.0;19:35:00;;0.0;20:05:00;;0.0;20:10:00;;0.0;;;0.0;16-09-2026_5733
PRI-TOG;C31;41900.0;Alnabru;2026-09-16;38.0;Onsdag;19:40:00;;0.0;19:46:00;;0.0;20:21:00;;0.0;20:26:00;;0.0;;;0.0;16-09-2026_41900
;C45;5709.0;Alnabru;2026-09-16;38.0;Onsdag;21:00:00;;0.0;21:02:00;;0.0;21:37:00;;0.0;21:42:00;;0.0;;;0.0;16-09-2026_5709
LANGTOG;C43;5811.0;Alnabru;2026-09-16;38.0;Onsdag;20:30:00;;0.0;20:51:00;;0.0;21:26:00;;0.0;21:31:00;;0.0;;;0.0;16-09-2026_5811
LANGTOG;C32 ;5515.0;Alnabru;2026-09-16;38.0;Onsdag;21:15:00;;0.0;21:17:00;;0.0;21:52:00;;0.0;21:57:00;;0.0;;;0.0;16-09-2026_5515
PRI-TOG;C23;5735.0;Alnabru;2026-09-16;38.0;Onsdag;21:50:00;;0.0;22:02:00;;0.0;22:37:00;;0.0;22:42:00;;0.0;;;0.0;16-09-2026_5735
Lastefristkl. 19:30 dag før avgang.;C45;5301.0;Alnabru;2026-09-17;38.0;Torsdag;19:30:00;;0.0;08:11:00;;0.0;08:46:00;;0.0;08:51:00;;0.0;;;0.0;17-09-2026_5301
;C45;5801.0;Alnabru;2026-09-17;38.0;Torsdag;08:50:00;;0.0;08:51:00;;0.0;09:26:00;;0.0;09:31:00;;0.0;;;0.0;17-09-2026_5801
PRI-TOG;C42;5731.0;Alnabru;2026-09-17;38.0;Torsdag;08:50:00;;0.0;09:02:00;;0.0;09:37:00;;0.0;09:42:00;;0.0;;;0.0;17-09-2026_5731
;C32 ;5507.0;Alnabru;2026-09-17;38.0;Torsdag;11:40:00;;0.0;11:43:00;;0.0;12:18:00;;0.0;12:23:00;;0.0;;;0.0;17-09-2026_5507
;C42;45960.0;Alnabru;2026-09-17;38.0;Torsdag;14:00:00;;0.0;15:02:00;;0.0;15:37:00;;0.0;15:42:00;;0.0;;;0.0;17-09-2026_45960
;C42;5707.0;Alnabru;2026-09-17;38.0;Torsdag;16:20:00;;0.0;16:32:00;;0.0;17:07:00;;0.0;17:12:00;;0.0;;;0.0;17-09-2026_5707
;C32 ;5509.0;Alnabru;2026-09-17;38.0;Torsdag;16:30:00;;0.0;16:44:00;;0.0;17:19:00;;0.0;17:24:00;;0.0;;;0.0;17-09-2026_5509
;C44;41960.0;Alnabru;2026-09-17;38.0;Torsdag;16:00:00;;0.0;16:48:00;;0.0;17:23:00;;0.0;17:28:00;;0.0;;;0.0;17-09-2026_41960
;C2/C5A;41971.0;Alnabru;2026-09-17;38.0;Torsdag;16:00:00;;0.0;17:04:00;;0.0;17:39:00;;0.0;17:44:00;;0.0;;;0.0;17-09-2026_41971
;C45;5805.0;Alnabru;2026-09-17;38.0;Torsdag;17:00:00;;0.0;17:11:00;;0.0;17:46:00;;0.0;17:51:00;;0.0;;;0.0;17-09-2026_5805
PRI-TOG;C23;41910.0;Alnabru;2026-09-17;38.0;Torsdag;17:35:00;;0.0;17:45:00;;0.0;18:20:00;;0.0;18:25:00;;0.0;;;0.0;17-09-2026_41910
;C32 ;5511.0;Alnabru;2026-09-17;38.0;Torsdag;18:40:00;;0.0;18:59:00;;0.0;19:34:00;;0.0;19:39:00;;0.0;;;0.0;17-09-2026_5511
;C42;5733.0;Alnabru;2026-09-17;38.0;Torsdag;19:20:00;;0.0;19:35:00;;0.0;20:05:00;;0.0;20:10:00;;0.0;;;0.0;17-09-2026_5733
PRI-TOG;C31;41900.0;Alnabru;2026-09-17;38.0;Torsdag;19:40:00;;0.0;19:46:00;;0.0;20:21:00;;0.0;20:26:00;;0.0;;;0.0;17-09-2026_41900
;C45;5709.0;Alnabru;2026-09-17;38.0;Torsdag;21:00:00;;0.0;21:02:00;;0.0;21:37:00;;0.0;21:42:00;;0.0;;;0.0;17-09-2026_5709
LANGTOG;C43;5811.0;Alnabru;2026-09-17;38.0;Torsdag;20:30:00;;0.0;20:51:00;;0.0;21:26:00;;0.0;21:31:00;;0.0;;;0.0;17-09-2026_5811
LANGTOG;C32 ;5515.0;Alnabru;2026-09-17;38.0;Torsdag;21:15:00;;0.0;21:17:00;;0.0;21:52:00;;0.0;21:57:00;;0.0;;;0.0;17-09-2026_5515
PRI-TOG;C23;5735.0;Alnabru;2026-09-17;38.0;Torsdag;21:50:00;;0.0;22:02:00;;0.0;22:37:00;;0.0;22:42:00;;0.0;;;0.0;17-09-2026_5735
Lastefristkl. 19:30 dag før avgang.;C45;5301.0;Alnabru;2026-09-18;38.0;Fredag;19:30:00;;0.0;08:11:00;;0.0;08:46:00;;0.0;08:51:00;;0.0;;;0.0;18-09-2026_5301
;C45;5801.0;Alnabru;2026-09-18;38.0;Fredag;08:50:00;;0.0;08:51:00;;0.0;09:26:00;;0.0;09:31:00;;0.0;;;0.0;18-09-2026_5801
PRI-TOG;C42;5731.0;Alnabru;2026-09-18;38.0;Fredag;08:50:00;;0.0;09:02:00;;0.0;09:37:00;;0.0;09:42:00;;0.0;;;0.0;18-09-2026_5731
;C32 ;5507.0;Alnabru;2026-09-18;38.0;Fredag;11:40:00;;0.0;11:43:00;;0.0;12:18:00;;0.0;12:23:00;;0.0;;;0.0;18-09-2026_5507
;C42;45960.0;Alnabru;2026-09-18;38.0;Fredag;14:00:00;;0.0;15:02:00;;0.0;15:37:00;;0.0;15:42:00;;0.0;;;0.0;18-09-2026_45960
;C32 ;5509.0;Alnabru;2026-09-18;38.0;Fredag;16:30:00;;0.0;16:44:00;;0.0;17:19:00;;0.0;17:24:00;;0.0;;;0.0;18-09-2026_5509
;C2/C5A;41971.0;Alnabru;2026-09-18;38.0;Fredag;16:00:00;;0.0;17:04:00;;0.0;17:39:00;;0.0;17:44:00;;0.0;;;0.0;18-09-2026_41971
;C45;5805.0;Alnabru;2026-09-18;38.0;Fredag;17:00:00;;0.0;17:11:00;;0.0;17:46:00;;0.0;17:51:00;;0.0;;;0.0;18-09-2026_5805
PRI-TOG;C23;41910.0;Alnabru;2026-09-18;38.0;Fredag;17:35:00;;0.0;17:45:00;;0.0;18:20:00;;0.0;18:25:00;;0.0;;;0.0;18-09-2026_41910
;C32 ;5511.0;Alnabru;2026-09-18;38.0;Fredag;18:40:00;;0.0;18:59:00;;0.0;19:34:00;;0.0;19:39:00;;0.0;;;0.0;18-09-2026_5511
;C42;5733.0;Alnabru;2026-09-18;38.0;Fredag;19:20:00;;0.0;19:35:00;;0.0;20:05:00;;0.0;20:10:00;;0.0;;;0.0;18-09-2026_5733
PRI-TOG;C31;41900.0;Alnabru;2026-09-18;38.0;Fredag;19:40:00;;0.0;19:46:00;;0.0;20:21:00;;0.0;20:26:00;;0.0;;;0.0;18-09-2026_41900
;C45;5709.0;Alnabru;2026-09-18;38.0;Fredag;21:00:00;;0.0;21:02:00;;0.0;21:37:00;;0.0;21:42:00;;0.0;;;0.0;18-09-2026_5709
LANGTOG;C43;5811.0;Alnabru;2026-09-18;38.0;Fredag;20:30:00;;0.0;20:51:00;;0.0;21:26:00;;0.0;21:31:00;;0.0;;;0.0;18-09-2026_5811
LANGTOG;C32 ;5515.0;Alnabru;2026-09-18;38.0;Fredag;21:15:00;;0.0;21:17:00;;0.0;21:52:00;;0.0;21:57:00;;0.0;;;0.0;18-09-2026_5515
PRI-TOG;C23;5735.0;Alnabru;2026-09-18;38.0;Fredag;21:50:00;;0.0;22:02:00;;0.0;22:37:00;;0.0;22:42:00;;0.0;;;0.0;18-09-2026_5735
FORHÅNDSLASTES C32 FREDAG;C32 ;5737.0;Alnabru;2026-09-19;38.0;Lørdag;11:00:00;;0.0;11:02:00;;0.0;11:37:00;;0.0;11:42:00;;0.0;;;0.0;19-09-2026_5737
;C44;41971.0;Alnabru;2026-09-19;38.0;Lørdag;13:30:00;;0.0;17:04:00;;0.0;17:39:00;;0.0;17:44:00;;0.0;;;0.0;19-09-2026_41971
PRI-TOG;C23;41910.0;Alnabru;2026-09-19;38.0;Lørdag;12:00:00;;0.0;17:45:00;;0.0;18:20:00;;0.0;18:25:00;;0.0;;;0.0;19-09-2026_41910
LASTEFRIST KL. 15:00 LØRDAG;C23;5711.0;Alnabru;2026-09-20;38.0;Søndag;14:30:00;;0.0;07:27:00;;0.0;08:02:00;;0.0;08:07:00;;0.0;;;0.0;20-09-2026_5711
Lastefrist 13:30 Søndag;C44;41960.0;Alnabru;2026-09-20;38.0;Søndag;13:30:00;;0.0;16:48:00;;0.0;17:23:00;;0.0;17:28:00;;0.0;;;0.0;20-09-2026_41960
;C44;41971.0;Alnabru;2026-09-20;38.0;Søndag;13:30:00;;0.0;17:04:00;;0.0;17:39:00;;0.0;17:44:00;;0.0;;;0.0;20-09-2026_41971
LANGTOG;C32;5523.0;Alnabru;2026-09-20;38.0;Søndag;16:00:00;;0.0;18:31:00;;0.0;19:06:00;;0.0;19:11:00;;0.0;;;0.0;20-09-2026_5523
;C23;5717.0;Alnabru;2026-09-20;38.0;Søndag;16:00:00;;0.0;18:57:00;;0.0;19:32:00;;0.0;19:37:00;;0.0;;;0.0;20-09-2026_5717
LANGTOG;C43;5811.0;Alnabru;2026-09-20;38.0;Søndag;13:30:00;;0.0;20:51:00;;0.0;21:26:00;;0.0;21:31:00;;0.0;;;0.0;20-09-2026_5811
;C32 Nord;5531.0;Alnabru;2026-09-21;39.0;Mandag;07:50:00;;0.0;07:43:00;;0.0;08:18:00;;0.0;08:23:00;;0.0;;;0.0;21-09-2026_5531
Lastefristkl. 19:30 dag før avgang.;C45;5301.0;Alnabru;2026-09-21;39.0;Mandag;19:30:00;;0.0;08:11:00;;0.0;08:46:00;;0.0;08:51:00;;0.0;;;0.0;21-09-2026_5301
;C45;5801.0;Alnabru;2026-09-21;39.0;Mandag;08:50:00;;0.0;08:51:00;;0.0;09:26:00;;0.0;09:31:00;;0.0;;;0.0;21-09-2026_5801
PRI-TOG;C42;5731.0;Alnabru;2026-09-21;39.0;Mandag;08:50:00;;0.0;09:02:00;;0.0;09:37:00;;0.0;09:42:00;;0.0;;;0.0;21-09-2026_5731
;C32 ;5507.0;Alnabru;2026-09-21;39.0;Mandag;11:40:00;;0.0;11:43:00;;0.0;12:18:00;;0.0;12:23:00;;0.0;;;0.0;21-09-2026_5507
;C42;45960.0;Alnabru;2026-09-21;39.0;Mandag;14:00:00;;0.0;15:02:00;;0.0;15:37:00;;0.0;15:42:00;;0.0;;;0.0;21-09-2026_45960
;C42;5707.0;Alnabru;2026-09-21;39.0;Mandag;16:20:00;;0.0;16:32:00;;0.0;17:07:00;;0.0;17:12:00;;0.0;;;0.0;21-09-2026_5707
;C32 ;5509.0;Alnabru;2026-09-21;39.0;Mandag;16:30:00;;0.0;16:44:00;;0.0;17:19:00;;0.0;17:24:00;;0.0;;;0.0;21-09-2026_5509
;C44;41960.0;Alnabru;2026-09-21;39.0;Mandag;16:00:00;;0.0;16:48:00;;0.0;17:23:00;;0.0;17:28:00;;0.0;;;0.0;21-09-2026_41960
;C2/C5A;41971.0;Alnabru;2026-09-21;39.0;Mandag;16:00:00;;0.0;17:04:00;;0.0;17:39:00;;0.0;17:44:00;;0.0;;;0.0;21-09-2026_41971
;C45;5805.0;Alnabru;2026-09-21;39.0;Mandag;17:00:00;;0.0;17:11:00;;0.0;17:46:00;;0.0;17:51:00;;0.0;;;0.0;21-09-2026_5805
PRI-TOG;C23;41910.0;Alnabru;2026-09-21;39.0;Mandag;17:35:00;;0.0;17:45:00;;0.0;18:20:00;;0.0;18:25:00;;0.0;;;0.0;21-09-2026_41910
;C32;5511.0;Alnabru;2026-09-21;39.0;Mandag;18:40:00;;0.0;18:59:00;;0.0;19:34:00;;0.0;19:39:00;;0.0;;;0.0;21-09-2026_5511
;C42;5733.0;Alnabru;2026-09-21;39.0;Mandag;19:20:00;;0.0;19:30:00;;0.0;20:05:00;;0.0;20:10:00;;0.0;;;0.0;21-09-2026_5733
PRI-TOG;C31;41900.0;Alnabru;2026-09-21;39.0;Mandag;19:40:00;;0.0;19:46:00;;0.0;20:21:00;;0.0;20:26:00;;0.0;;;0.0;21-09-2026_41900
;C45;5709.0;Alnabru;2026-09-21;39.0;Mandag;21:00:00;;0.0;21:02:00;;0.0;21:37:00;;0.0;21:42:00;;0.0;;;0.0;21-09-2026_5709
LANGTOG;C43;5811.0;Alnabru;2026-09-21;39.0;Mandag;20:30:00;;0.0;20:51:00;;0.0;21:26:00;;0.0;21:31:00;;0.0;;;0.0;21-09-2026_5811
LANGTOG;C32 ;5515.0;Alnabru;2026-09-21;39.0;Mandag;21:15:00;;0.0;21:17:00;;0.0;21:52:00;;0.0;21:57:00;;0.0;;;0.0;21-09-2026_5515
PRI-TOG;C23;5735.0;Alnabru;2026-09-21;39.0;Mandag;21:50:00;;0.0;22:02:00;;0.0;22:37:00;;0.0;22:42:00;;0.0;;;0.0;21-09-2026_5735
Lastefristkl. 19:30 dag før avgang.;C45;5301.0;Alnabru;2026-09-22;39.0;Tirsdag;19:30:00;;0.0;08:11:00;;0.0;08:46:00;;0.0;08:51:00;;0.0;;;0.0;22-09-2026_5301
;C45;5801.0;Alnabru;2026-09-22;39.0;Tirsdag;08:50:00;;0.0;08:51:00;;0.0;09:26:00;;0.0;09:31:00;;0.0;;;0.0;22-09-2026_5801
PRI-TOG;C42;5731.0;Alnabru;2026-09-22;39.0;Tirsdag;08:50:00;;0.0;09:02:00;;0.0;09:37:00;;0.0;09:42:00;;0.0;;;0.0;22-09-2026_5731
;C32 ;5507.0;Alnabru;2026-09-22;39.0;Tirsdag;11:40:00;;0.0;11:43:00;;0.0;12:18:00;;0.0;12:23:00;;0.0;;;0.0;22-09-2026_5507
;C42;45960.0;Alnabru;2026-09-22;39.0;Tirsdag;14:00:00;;0.0;15:02:00;;0.0;15:37:00;;0.0;15:42:00;;0.0;;;0.0;22-09-2026_45960
;C42;5707.0;Alnabru;2026-09-22;39.0;Tirsdag;16:20:00;;0.0;16:32:00;;0.0;17:07:00;;0.0;17:12:00;;0.0;;;0.0;22-09-2026_5707
;C32 ;5509.0;Alnabru;2026-09-22;39.0;Tirsdag;16:30:00;;0.0;16:44:00;;0.0;17:19:00;;0.0;17:24:00;;0.0;;;0.0;22-09-2026_5509
;C44;41960.0;Alnabru;2026-09-22;39.0;Tirsdag;16:00:00;;0.0;16:48:00;;0.0;17:23:00;;0.0;17:28:00;;0.0;;;0.0;22-09-2026_41960
;C2/C5A;41971.0;Alnabru;2026-09-22;39.0;Tirsdag;16:00:00;;0.0;17:04:00;;0.0;17:39:00;;0.0;17:44:00;;0.0;;;0.0;22-09-2026_41971
;C45;5805.0;Alnabru;2026-09-22;39.0;Tirsdag;17:00:00;;0.0;17:11:00;;0.0;17:46:00;;0.0;17:51:00;;0.0;;;0.0;22-09-2026_5805
PRI-TOG;C23;41910.0;Alnabru;2026-09-22;39.0;Tirsdag;17:35:00;;0.0;17:45:00;;0.0;18:20:00;;0.0;18:25:00;;0.0;;;0.0;22-09-2026_41910
;C32 ;5511.0;Alnabru;2026-09-22;39.0;Tirsdag;18:40:00;;0.0;18:59:00;;0.0;19:34:00;;0.0;19:39:00;;0.0;;;0.0;22-09-2026_5511
;C42;5733.0;Alnabru;2026-09-22;39.0;Tirsdag;19:20:00;;0.0;19:35:00;;0.0;20:05:00;;0.0;20:10:00;;0.0;;;0.0;22-09-2026_5733
PRI-TOG;C31;41900.0;Alnabru;2026-09-22;39.0;Tirsdag;19:40:00;;0.0;19:46:00;;0.0;20:21:00;;0.0;20:26:00;;0.0;;;0.0;22-09-2026_41900
;C45;5709.0;Alnabru;2026-09-22;39.0;Tirsdag;21:00:00;;0.0;21:02:00;;0.0;21:37:00;;0.0;21:42:00;;0.0;;;0.0;22-09-2026_5709
LANGTOG;C43;5811.0;Alnabru;2026-09-22;39.0;Tirsdag;20:30:00;;0.0;20:51:00;;0.0;21:26:00;;0.0;21:31:00;;0.0;;;0.0;22-09-2026_5811
LANGTOG;C32 ;5515.0;Alnabru;2026-09-22;39.0;Tirsdag;21:15:00;;0.0;21:17:00;;0.0;21:52:00;;0.0;21:57:00;;0.0;;;0.0;22-09-2026_5515
PRI-TOG;C23;5735.0;Alnabru;2026-09-22;39.0;Tirsdag;21:50:00;;0.0;22:02:00;;0.0;22:37:00;;0.0;22:42:00;;0.0;;;0.0;22-09-2026_5735
;C32 Nord;5531.0;Alnabru;2026-09-23;39.0;Onsdag;07:50:00;;0.0;07:43:00;;0.0;08:18:00;;0.0;08:23:00;;0.0;;;0.0;23-09-2026_5531
Lastefristkl. 19:30 dag før avgang.;C45;5301.0;Alnabru;2026-09-23;39.0;Onsdag;19:30:00;;0.0;08:11:00;;0.0;08:46:00;;0.0;08:51:00;;0.0;;;0.0;23-09-2026_5301
;C45;5801.0;Alnabru;2026-09-23;39.0;Onsdag;08:50:00;;0.0;08:51:00;;0.0;09:26:00;;0.0;09:31:00;;0.0;;;0.0;23-09-2026_5801
PRI-TOG;C42;5731.0;Alnabru;2026-09-23;39.0;Onsdag;08:50:00;;0.0;09:02:00;;0.0;09:37:00;;0.0;09:42:00;;0.0;;;0.0;23-09-2026_5731
;C32 ;5507.0;Alnabru;2026-09-23;39.0;Onsdag;11:40:00;;0.0;11:43:00;;0.0;12:18:00;;0.0;12:23:00;;0.0;;;0.0;23-09-2026_5507
;C42;45960.0;Alnabru;2026-09-23;39.0;Onsdag;14:00:00;;0.0;15:02:00;;0.0;15:37:00;;0.0;15:42:00;;0.0;;;0.0;23-09-2026_45960
;C42;5707.0;Alnabru;2026-09-23;39.0;Onsdag;16:20:00;;0.0;16:32:00;;0.0;17:07:00;;0.0;17:12:00;;0.0;;;0.0;23-09-2026_5707
;C32 ;5509.0;Alnabru;2026-09-23;39.0;Onsdag;16:30:00;;0.0;16:44:00;;0.0;17:19:00;;0.0;17:24:00;;0.0;;;0.0;23-09-2026_5509
;C44;41960.0;Alnabru;2026-09-23;39.0;Onsdag;16:00:00;;0.0;16:48:00;;0.0;17:23:00;;0.0;17:28:00;;0.0;;;0.0;23-09-2026_41960
;C2/C5A;41971.0;Alnabru;2026-09-23;39.0;Onsdag;16:00:00;;0.0;17:04:00;;0.0;17:39:00;;0.0;17:44:00;;0.0;;;0.0;23-09-2026_41971
;C45;5805.0;Alnabru;2026-09-23;39.0;Onsdag;17:00:00;;0.0;17:11:00;;0.0;17:46:00;;0.0;17:51:00;;0.0;;;0.0;23-09-2026_5805
PRI-TOG;C23;41910.0;Alnabru;2026-09-23;39.0;Onsdag;17:35:00;;0.0;17:45:00;;0.0;18:20:00;;0.0;18:25:00;;0.0;;;0.0;23-09-2026_41910
;C32 ;5511.0;Alnabru;2026-09-23;39.0;Onsdag;18:40:00;;0.0;18:59:00;;0.0;19:34:00;;0.0;19:39:00;;0.0;;;0.0;23-09-2026_5511
;C42;5733.0;Alnabru;2026-09-23;39.0;Onsdag;19:20:00;;0.0;19:35:00;;0.0;20:05:00;;0.0;20:10:00;;0.0;;;0.0;23-09-2026_5733
PRI-TOG;C31;41900.0;Alnabru;2026-09-23;39.0;Onsdag;19:40:00;;0.0;19:46:00;;0.0;20:21:00;;0.0;20:26:00;;0.0;;;0.0;23-09-2026_41900
;C45;5709.0;Alnabru;2026-09-23;39.0;Onsdag;21:00:00;;0.0;21:02:00;;0.0;21:37:00;;0.0;21:42:00;;0.0;;;0.0;23-09-2026_5709
LANGTOG;C43;5811.0;Alnabru;2026-09-23;39.0;Onsdag;20:30:00;;0.0;20:51:00;;0.0;21:26:00;;0.0;21:31:00;;0.0;;;0.0;23-09-2026_5811
LANGTOG;C32 ;5515.0;Alnabru;2026-09-23;39.0;Onsdag;21:15:00;;0.0;21:17:00;;0.0;21:52:00;;0.0;21:57:00;;0.0;;;0.0;23-09-2026_5515
PRI-TOG;C23;5735.0;Alnabru;2026-09-23;39.0;Onsdag;21:50:00;;0.0;22:02:00;;0.0;22:37:00;;0.0;22:42:00;;0.0;;;0.0;23-09-2026_5735
Lastefristkl. 19:30 dag før avgang.;C45;5301.0;Alnabru;2026-09-24;39.0;Torsdag;19:30:00;;0.0;08:11:00;;0.0;08:46:00;;0.0;08:51:00;;0.0;;;0.0;24-09-2026_5301
;C45;5801.0;Alnabru;2026-09-24;39.0;Torsdag;08:50:00;;0.0;08:51:00;;0.0;09:26:00;;0.0;09:31:00;;0.0;;;0.0;24-09-2026_5801
PRI-TOG;C42;5731.0;Alnabru;2026-09-24;39.0;Torsdag;08:50:00;;0.0;09:02:00;;0.0;09:37:00;;0.0;09:42:00;;0.0;;;0.0;24-09-2026_5731
;C32 ;5507.0;Alnabru;2026-09-24;39.0;Torsdag;11:40:00;;0.0;11:43:00;;0.0;12:18:00;;0.0;12:23:00;;0.0;;;0.0;24-09-2026_5507
;C42;45960.0;Alnabru;2026-09-24;39.0;Torsdag;14:00:00;;0.0;15:02:00;;0.0;15:37:00;;0.0;15:42:00;;0.0;;;0.0;24-09-2026_45960
;C42;5707.0;Alnabru;2026-09-24;39.0;Torsdag;16:20:00;;0.0;16:32:00;;0.0;17:07:00;;0.0;17:12:00;;0.0;;;0.0;24-09-2026_5707
;C32 ;5509.0;Alnabru;2026-09-24;39.0;Torsdag;16:30:00;;0.0;16:44:00;;0.0;17:19:00;;0.0;17:24:00;;0.0;;;0.0;24-09-2026_5509
;C44;41960.0;Alnabru;2026-09-24;39.0;Torsdag;16:00:00;;0.0;16:48:00;;0.0;17:23:00;;0.0;17:28:00;;0.0;;;0.0;24-09-2026_41960
;C2/C5A;41971.0;Alnabru;2026-09-24;39.0;Torsdag;16:00:00;;0.0;17:04:00;;0.0;17:39:00;;0.0;17:44:00;;0.0;;;0.0;24-09-2026_41971
;C45;5805.0;Alnabru;2026-09-24;39.0;Torsdag;17:00:00;;0.0;17:11:00;;0.0;17:46:00;;0.0;17:51:00;;0.0;;;0.0;24-09-2026_5805
PRI-TOG;C23;41910.0;Alnabru;2026-09-24;39.0;Torsdag;17:35:00;;0.0;17:45:00;;0.0;18:20:00;;0.0;18:25:00;;0.0;;;0.0;24-09-2026_41910
;C32 ;5511.0;Alnabru;2026-09-24;39.0;Torsdag;18:40:00;;0.0;18:59:00;;0.0;19:34:00;;0.0;19:39:00;;0.0;;;0.0;24-09-2026_5511
;C42;5733.0;Alnabru;2026-09-24;39.0;Torsdag;19:20:00;;0.0;19:35:00;;0.0;20:05:00;;0.0;20:10:00;;0.0;;;0.0;24-09-2026_5733
PRI-TOG;C31;41900.0;Alnabru;2026-09-24;39.0;Torsdag;19:40:00;;0.0;19:46:00;;0.0;20:21:00;;0.0;20:26:00;;0.0;;;0.0;24-09-2026_41900
;C45;5709.0;Alnabru;2026-09-24;39.0;Torsdag;21:00:00;;0.0;21:02:00;;0.0;21:37:00;;0.0;21:42:00;;0.0;;;0.0;24-09-2026_5709
LANGTOG;C43;5811.0;Alnabru;2026-09-24;39.0;Torsdag;20:30:00;;0.0;20:51:00;;0.0;21:26:00;;0.0;21:31:00;;0.0;;;0.0;24-09-2026_5811
LANGTOG;C32 ;5515.0;Alnabru;2026-09-24;39.0;Torsdag;21:15:00;;0.0;21:17:00;;0.0;21:52:00;;0.0;21:57:00;;0.0;;;0.0;24-09-2026_5515
PRI-TOG;C23;5735.0;Alnabru;2026-09-24;39.0;Torsdag;21:50:00;;0.0;22:02:00;;0.0;22:37:00;;0.0;22:42:00;;0.0;;;0.0;24-09-2026_5735
Lastefristkl. 19:30 dag før avgang.;C45;5301.0;Alnabru;2026-09-25;39.0;Fredag;19:30:00;;0.0;08:11:00;;0.0;08:46:00;;0.0;08:51:00;;0.0;;;0.0;25-09-2026_5301
;C45;5801.0;Alnabru;2026-09-25;39.0;Fredag;08:50:00;;0.0;08:51:00;;0.0;09:26:00;;0.0;09:31:00;;0.0;;;0.0;25-09-2026_5801
PRI-TOG;C42;5731.0;Alnabru;2026-09-25;39.0;Fredag;08:50:00;;0.0;09:02:00;;0.0;09:37:00;;0.0;09:42:00;;0.0;;;0.0;25-09-2026_5731
;C32 ;5507.0;Alnabru;2026-09-25;39.0;Fredag;11:40:00;;0.0;11:43:00;;0.0;12:18:00;;0.0;12:23:00;;0.0;;;0.0;25-09-2026_5507
;C42;45960.0;Alnabru;2026-09-25;39.0;Fredag;14:00:00;;0.0;15:02:00;;0.0;15:37:00;;0.0;15:42:00;;0.0;;;0.0;25-09-2026_45960
;C32 ;5509.0;Alnabru;2026-09-25;39.0;Fredag;16:30:00;;0.0;16:44:00;;0.0;17:19:00;;0.0;17:24:00;;0.0;;;0.0;25-09-2026_5509
;C2/C5A;41971.0;Alnabru;2026-09-25;39.0;Fredag;16:00:00;;0.0;17:04:00;;0.0;17:39:00;;0.0;17:44:00;;0.0;;;0.0;25-09-2026_41971
;C45;5805.0;Alnabru;2026-09-25;39.0;Fredag;17:00:00;;0.0;17:11:00;;0.0;17:46:00;;0.0;17:51:00;;0.0;;;0.0;25-09-2026_5805
PRI-TOG;C23;41910.0;Alnabru;2026-09-25;39.0;Fredag;17:35:00;;0.0;17:45:00;;0.0;18:20:00;;0.0;18:25:00;;0.0;;;0.0;25-09-2026_41910
;C32 ;5511.0;Alnabru;2026-09-25;39.0;Fredag;18:40:00;;0.0;18:59:00;;0.0;19:34:00;;0.0;19:39:00;;0.0;;;0.0;25-09-2026_5511
;C42;5733.0;Alnabru;2026-09-25;39.0;Fredag;19:20:00;;0.0;19:35:00;;0.0;20:05:00;;0.0;20:10:00;;0.0;;;0.0;25-09-2026_5733
PRI-TOG;C31;41900.0;Alnabru;2026-09-25;39.0;Fredag;19:40:00;;0.0;19:46:00;;0.0;20:21:00;;0.0;20:26:00;;0.0;;;0.0;25-09-2026_41900
;C45;5709.0;Alnabru;2026-09-25;39.0;Fredag;21:00:00;;0.0;21:02:00;;0.0;21:37:00;;0.0;21:42:00;;0.0;;;0.0;25-09-2026_5709
LANGTOG;C43;5811.0;Alnabru;2026-09-25;39.0;Fredag;20:30:00;;0.0;20:51:00;;0.0;21:26:00;;0.0;21:31:00;;0.0;;;0.0;25-09-2026_5811
LANGTOG;C32 ;5515.0;Alnabru;2026-09-25;39.0;Fredag;21:15:00;;0.0;21:17:00;;0.0;21:52:00;;0.0;21:57:00;;0.0;;;0.0;25-09-2026_5515
PRI-TOG;C23;5735.0;Alnabru;2026-09-25;39.0;Fredag;21:50:00;;0.0;22:02:00;;0.0;22:37:00;;0.0;22:42:00;;0.0;;;0.0;25-09-2026_5735
FORHÅNDSLASTES C32 FREDAG;C32 ;5737.0;Alnabru;2026-09-26;39.0;Lørdag;11:00:00;;0.0;11:02:00;;0.0;11:37:00;;0.0;11:42:00;;0.0;;;0.0;26-09-2026_5737
;C44;41971.0;Alnabru;2026-09-26;39.0;Lørdag;13:30:00;;0.0;17:04:00;;0.0;17:39:00;;0.0;17:44:00;;0.0;;;0.0;26-09-2026_41971
PRI-TOG;C23;41910.0;Alnabru;2026-09-26;39.0;Lørdag;12:00:00;;0.0;17:45:00;;0.0;18:20:00;;0.0;18:25:00;;0.0;;;0.0;26-09-2026_41910
LASTEFRIST KL. 15:00 LØRDAG;C23;5711.0;Alnabru;2026-09-27;39.0;Søndag;14:30:00;;0.0;07:27:00;;0.0;08:02:00;;0.0;08:07:00;;0.0;;;0.0;27-09-2026_5711
Lastefrist 13:30 Søndag;C44;41960.0;Alnabru;2026-09-27;39.0;Søndag;13:30:00;;0.0;16:48:00;;0.0;17:23:00;;0.0;17:28:00;;0.0;;;0.0;27-09-2026_41960
;C44;41971.0;Alnabru;2026-09-27;39.0;Søndag;13:30:00;;0.0;17:04:00;;0.0;17:39:00;;0.0;17:44:00;;0.0;;;0.0;27-09-2026_41971
LANGTOG;C32;5523.0;Alnabru;2026-09-27;39.0;Søndag;16:00:00;;0.0;18:31:00;;0.0;19:06:00;;0.0;19:11:00;;0.0;;;0.0;27-09-2026_5523
;C23;5717.0;Alnabru;2026-09-27;39.0;Søndag;16:00:00;;0.0;18:57:00;;0.0;19:32:00;;0.0;19:37:00;;0.0;;;0.0;27-09-2026_5717
LANGTOG;C43;5811.0;Alnabru;2026-09-27;39.0;Søndag;13:30:00;;0.0;20:51:00;;0.0;21:26:00;;0.0;21:31:00;;0.0;;;0.0;27-09-2026_5811
;C32 Nord;5531.0;Alnabru;2026-09-28;40.0;Mandag;07:50:00;;0.0;07:43:00;;0.0;08:18:00;;0.0;08:23:00;;0.0;;;0.0;28-09-2026_5531
Lastefristkl. 19:30 dag før avgang.;C45;5301.0;Alnabru;2026-09-28;40.0;Mandag;19:30:00;;0.0;08:11:00;;0.0;08:46:00;;0.0;08:51:00;;0.0;;;0.0;28-09-2026_5301
;C45;5801.0;Alnabru;2026-09-28;40.0;Mandag;08:50:00;;0.0;08:51:00;;0.0;09:26:00;;0.0;09:31:00;;0.0;;;0.0;28-09-2026_5801
PRI-TOG;C42;5731.0;Alnabru;2026-09-28;40.0;Mandag;08:50:00;;0.0;09:02:00;;0.0;09:37:00;;0.0;09:42:00;;0.0;;;0.0;28-09-2026_5731
;C32 ;5507.0;Alnabru;2026-09-28;40.0;Mandag;11:40:00;;0.0;11:43:00;;0.0;12:18:00;;0.0;12:23:00;;0.0;;;0.0;28-09-2026_5507
;C42;45960.0;Alnabru;2026-09-28;40.0;Mandag;14:00:00;;0.0;15:02:00;;0.0;15:37:00;;0.0;15:42:00;;0.0;;;0.0;28-09-2026_45960
;C42;5707.0;Alnabru;2026-09-28;40.0;Mandag;16:20:00;;0.0;16:32:00;;0.0;17:07:00;;0.0;17:12:00;;0.0;;;0.0;28-09-2026_5707
;C32 ;5509.0;Alnabru;2026-09-28;40.0;Mandag;16:30:00;;0.0;16:44:00;;0.0;17:19:00;;0.0;17:24:00;;0.0;;;0.0;28-09-2026_5509
;C44;41960.0;Alnabru;2026-09-28;40.0;Mandag;16:00:00;;0.0;16:48:00;;0.0;17:23:00;;0.0;17:28:00;;0.0;;;0.0;28-09-2026_41960
;C2/C5A;41971.0;Alnabru;2026-09-28;40.0;Mandag;16:00:00;;0.0;17:04:00;;0.0;17:39:00;;0.0;17:44:00;;0.0;;;0.0;28-09-2026_41971
;C45;5805.0;Alnabru;2026-09-28;40.0;Mandag;17:00:00;;0.0;17:11:00;;0.0;17:46:00;;0.0;17:51:00;;0.0;;;0.0;28-09-2026_5805
PRI-TOG;C23;41910.0;Alnabru;2026-09-28;40.0;Mandag;17:35:00;;0.0;17:45:00;;0.0;18:20:00;;0.0;18:25:00;;0.0;;;0.0;28-09-2026_41910
;C32;5511.0;Alnabru;2026-09-28;40.0;Mandag;18:40:00;;0.0;18:59:00;;0.0;19:34:00;;0.0;19:39:00;;0.0;;;0.0;28-09-2026_5511
;C42;5733.0;Alnabru;2026-09-28;40.0;Mandag;19:20:00;;0.0;19:30:00;;0.0;20:05:00;;0.0;20:10:00;;0.0;;;0.0;28-09-2026_5733
PRI-TOG;C31;41900.0;Alnabru;2026-09-28;40.0;Mandag;19:40:00;;0.0;19:46:00;;0.0;20:21:00;;0.0;20:26:00;;0.0;;;0.0;28-09-2026_41900
;C45;5709.0;Alnabru;2026-09-28;40.0;Mandag;21:00:00;;0.0;21:02:00;;0.0;21:37:00;;0.0;21:42:00;;0.0;;;0.0;28-09-2026_5709
LANGTOG;C43;5811.0;Alnabru;2026-09-28;40.0;Mandag;20:30:00;;0.0;20:51:00;;0.0;21:26:00;;0.0;21:31:00;;0.0;;;0.0;28-09-2026_5811
LANGTOG;C32 ;5515.0;Alnabru;2026-09-28;40.0;Mandag;21:15:00;;0.0;21:17:00;;0.0;21:52:00;;0.0;21:57:00;;0.0;;;0.0;28-09-2026_5515
PRI-TOG;C23;5735.0;Alnabru;2026-09-28;40.0;Mandag;21:50:00;;0.0;22:02:00;;0.0;22:37:00;;0.0;22:42:00;;0.0;;;0.0;28-09-2026_5735
Lastefristkl. 19:30 dag før avgang.;C45;5301.0;Alnabru;2026-09-29;40.0;Tirsdag;19:30:00;;0.0;08:11:00;;0.0;08:46:00;;0.0;08:51:00;;0.0;;;0.0;29-09-2026_5301
;C45;5801.0;Alnabru;2026-09-29;40.0;Tirsdag;08:50:00;;0.0;08:51:00;;0.0;09:26:00;;0.0;09:31:00;;0.0;;;0.0;29-09-2026_5801
PRI-TOG;C42;5731.0;Alnabru;2026-09-29;40.0;Tirsdag;08:50:00;;0.0;09:02:00;;0.0;09:37:00;;0.0;09:42:00;;0.0;;;0.0;29-09-2026_5731
;C32 ;5507.0;Alnabru;2026-09-29;40.0;Tirsdag;11:40:00;;0.0;11:43:00;;0.0;12:18:00;;0.0;12:23:00;;0.0;;;0.0;29-09-2026_5507
;C42;45960.0;Alnabru;2026-09-29;40.0;Tirsdag;14:00:00;;0.0;15:02:00;;0.0;15:37:00;;0.0;15:42:00;;0.0;;;0.0;29-09-2026_45960
;C42;5707.0;Alnabru;2026-09-29;40.0;Tirsdag;16:20:00;;0.0;16:32:00;;0.0;17:07:00;;0.0;17:12:00;;0.0;;;0.0;29-09-2026_5707
;C32 ;5509.0;Alnabru;2026-09-29;40.0;Tirsdag;16:30:00;;0.0;16:44:00;;0.0;17:19:00;;0.0;17:24:00;;0.0;;;0.0;29-09-2026_5509
;C44;41960.0;Alnabru;2026-09-29;40.0;Tirsdag;16:00:00;;0.0;16:48:00;;0.0;17:23:00;;0.0;17:28:00;;0.0;;;0.0;29-09-2026_41960
;C2/C5A;41971.0;Alnabru;2026-09-29;40.0;Tirsdag;16:00:00;;0.0;17:04:00;;0.0;17:39:00;;0.0;17:44:00;;0.0;;;0.0;29-09-2026_41971
;C45;5805.0;Alnabru;2026-09-29;40.0;Tirsdag;17:00:00;;0.0;17:11:00;;0.0;17:46:00;;0.0;17:51:00;;0.0;;;0.0;29-09-2026_5805
PRI-TOG;C23;41910.0;Alnabru;2026-09-29;40.0;Tirsdag;17:35:00;;0.0;17:45:00;;0.0;18:20:00;;0.0;18:25:00;;0.0;;;0.0;29-09-2026_41910
;C32 ;5511.0;Alnabru;2026-09-29;40.0;Tirsdag;18:40:00;;0.0;18:59:00;;0.0;19:34:00;;0.0;19:39:00;;0.0;;;0.0;29-09-2026_5511
;C42;5733.0;Alnabru;2026-09-29;40.0;Tirsdag;19:20:00;;0.0;19:35:00;;0.0;20:05:00;;0.0;20:10:00;;0.0;;;0.0;29-09-2026_5733
PRI-TOG;C31;41900.0;Alnabru;2026-09-29;40.0;Tirsdag;19:40:00;;0.0;19:46:00;;0.0;20:21:00;;0.0;20:26:00;;0.0;;;0.0;29-09-2026_41900
;C45;5709.0;Alnabru;2026-09-29;40.0;Tirsdag;21:00:00;;0.0;21:02:00;;0.0;21:37:00;;0.0;21:42:00;;0.0;;;0.0;29-09-2026_5709
LANGTOG;C43;5811.0;Alnabru;2026-09-29;40.0;Tirsdag;20:30:00;;0.0;20:51:00;;0.0;21:26:00;;0.0;21:31:00;;0.0;;;0.0;29-09-2026_5811
LANGTOG;C32 ;5515.0;Alnabru;2026-09-29;40.0;Tirsdag;21:15:00;;0.0;21:17:00;;0.0;21:52:00;;0.0;21:57:00;;0.0;;;0.0;29-09-2026_5515
PRI-TOG;C23;5735.0;Alnabru;2026-09-29;40.0;Tirsdag;21:50:00;;0.0;22:02:00;;0.0;22:37:00;;0.0;22:42:00;;0.0;;;0.0;29-09-2026_5735
;C32 Nord;5531.0;Alnabru;2026-09-30;40.0;Onsdag;07:50:00;;0.0;07:43:00;;0.0;08:18:00;;0.0;08:23:00;;0.0;;;0.0;30-09-2026_5531
Lastefristkl. 19:30 dag før avgang.;C45;5301.0;Alnabru;2026-09-30;40.0;Onsdag;19:30:00;;0.0;08:11:00;;0.0;08:46:00;;0.0;08:51:00;;0.0;;;0.0;30-09-2026_5301
;C45;5801.0;Alnabru;2026-09-30;40.0;Onsdag;08:50:00;;0.0;08:51:00;;0.0;09:26:00;;0.0;09:31:00;;0.0;;;0.0;30-09-2026_5801
PRI-TOG;C42;5731.0;Alnabru;2026-09-30;40.0;Onsdag;08:50:00;;0.0;09:02:00;;0.0;09:37:00;;0.0;09:42:00;;0.0;;;0.0;30-09-2026_5731
;C32 ;5507.0;Alnabru;2026-09-30;40.0;Onsdag;11:40:00;;0.0;11:43:00;;0.0;12:18:00;;0.0;12:23:00;;0.0;;;0.0;30-09-2026_5507
;C42;45960.0;Alnabru;2026-09-30;40.0;Onsdag;14:00:00;;0.0;15:02:00;;0.0;15:37:00;;0.0;15:42:00;;0.0;;;0.0;30-09-2026_45960
;C42;5707.0;Alnabru;2026-09-30;40.0;Onsdag;16:20:00;;0.0;16:32:00;;0.0;17:07:00;;0.0;17:12:00;;0.0;;;0.0;30-09-2026_5707
;C32 ;5509.0;Alnabru;2026-09-30;40.0;Onsdag;16:30:00;;0.0;16:44:00;;0.0;17:19:00;;0.0;17:24:00;;0.0;;;0.0;30-09-2026_5509
;C44;41960.0;Alnabru;2026-09-30;40.0;Onsdag;16:00:00;;0.0;16:48:00;;0.0;17:23:00;;0.0;17:28:00;;0.0;;;0.0;30-09-2026_41960
;C2/C5A;41971.0;Alnabru;2026-09-30;40.0;Onsdag;16:00:00;;0.0;17:04:00;;0.0;17:39:00;;0.0;17:44:00;;0.0;;;0.0;30-09-2026_41971
;C45;5805.0;Alnabru;2026-09-30;40.0;Onsdag;17:00:00;;0.0;17:11:00;;0.0;17:46:00;;0.0;17:51:00;;0.0;;;0.0;30-09-2026_5805
PRI-TOG;C23;41910.0;Alnabru;2026-09-30;40.0;Onsdag;17:35:00;;0.0;17:45:00;;0.0;18:20:00;;0.0;18:25:00;;0.0;;;0.0;30-09-2026_41910
;C32 ;5511.0;Alnabru;2026-09-30;40.0;Onsdag;18:40:00;;0.0;18:59:00;;0.0;19:34:00;;0.0;19:39:00;;0.0;;;0.0;30-09-2026_5511
;C42;5733.0;Alnabru;2026-09-30;40.0;Onsdag;19:20:00;;0.0;19:35:00;;0.0;20:05:00;;0.0;20:10:00;;0.0;;;0.0;30-09-2026_5733
PRI-TOG;C31;41900.0;Alnabru;2026-09-30;40.0;Onsdag;19:40:00;;0.0;19:46:00;;0.0;20:21:00;;0.0;20:26:00;;0.0;;;0.0;30-09-2026_41900
;C45;5709.0;Alnabru;2026-09-30;40.0;Onsdag;21:00:00;;0.0;21:02:00;;0.0;21:37:00;;0.0;21:42:00;;0.0;;;0.0;30-09-2026_5709
LANGTOG;C43;5811.0;Alnabru;2026-09-30;40.0;Onsdag;20:30:00;;0.0;20:51:00;;0.0;21:26:00;;0.0;21:31:00;;0.0;;;0.0;30-09-2026_5811
LANGTOG;C32 ;5515.0;Alnabru;2026-09-30;40.0;Onsdag;21:15:00;;0.0;21:17:00;;0.0;21:52:00;;0.0;21:57:00;;0.0;;;0.0;30-09-2026_5515
PRI-TOG;C23;5735.0;Alnabru;2026-09-30;40.0;Onsdag;21:50:00;;0.0;22:02:00;;0.0;22:37:00;;0.0;22:42:00;;0.0;;;0.0;30-09-2026_5735
Lastefristkl. 19:30 dag før avgang.;C45;5301.0;Alnabru;2026-10-01;40.0;Torsdag;19:30:00;;0.0;08:11:00;;0.0;08:46:00;;0.0;08:51:00;;0.0;;;0.0;01-10-2026_5301
;C45;5801.0;Alnabru;2026-10-01;40.0;Torsdag;08:50:00;;0.0;08:51:00;;0.0;09:26:00;;0.0;09:31:00;;0.0;;;0.0;01-10-2026_5801
PRI-TOG;C42;5731.0;Alnabru;2026-10-01;40.0;Torsdag;08:50:00;;0.0;09:02:00;;0.0;09:37:00;;0.0;09:42:00;;0.0;;;0.0;01-10-2026_5731
;C32 ;5507.0;Alnabru;2026-10-01;40.0;Torsdag;11:40:00;;0.0;11:43:00;;0.0;12:18:00;;0.0;12:23:00;;0.0;;;0.0;01-10-2026_5507
;C42;45960.0;Alnabru;2026-10-01;40.0;Torsdag;14:00:00;;0.0;15:02:00;;0.0;15:37:00;;0.0;15:42:00;;0.0;;;0.0;01-10-2026_45960
;C42;5707.0;Alnabru;2026-10-01;40.0;Torsdag;16:20:00;;0.0;16:32:00;;0.0;17:07:00;;0.0;17:12:00;;0.0;;;0.0;01-10-2026_5707
;C32 ;5509.0;Alnabru;2026-10-01;40.0;Torsdag;16:30:00;;0.0;16:44:00;;0.0;17:19:00;;0.0;17:24:00;;0.0;;;0.0;01-10-2026_5509
;C44;41960.0;Alnabru;2026-10-01;40.0;Torsdag;16:00:00;;0.0;16:48:00;;0.0;17:23:00;;0.0;17:28:00;;0.0;;;0.0;01-10-2026_41960
;C2/C5A;41971.0;Alnabru;2026-10-01;40.0;Torsdag;16:00:00;;0.0;17:04:00;;0.0;17:39:00;;0.0;17:44:00;;0.0;;;0.0;01-10-2026_41971
;C45;5805.0;Alnabru;2026-10-01;40.0;Torsdag;17:00:00;;0.0;17:11:00;;0.0;17:46:00;;0.0;17:51:00;;0.0;;;0.0;01-10-2026_5805
PRI-TOG;C23;41910.0;Alnabru;2026-10-01;40.0;Torsdag;17:35:00;;0.0;17:45:00;;0.0;18:20:00;;0.0;18:25:00;;0.0;;;0.0;01-10-2026_41910
;C32 ;5511.0;Alnabru;2026-10-01;40.0;Torsdag;18:40:00;;0.0;18:59:00;;0.0;19:34:00;;0.0;19:39:00;;0.0;;;0.0;01-10-2026_5511
;C42;5733.0;Alnabru;2026-10-01;40.0;Torsdag;19:20:00;;0.0;19:35:00;;0.0;20:05:00;;0.0;20:10:00;;0.0;;;0.0;01-10-2026_5733
PRI-TOG;C31;41900.0;Alnabru;2026-10-01;40.0;Torsdag;19:40:00;;0.0;19:46:00;;0.0;20:21:00;;0.0;20:26:00;;0.0;;;0.0;01-10-2026_41900
;C45;5709.0;Alnabru;2026-10-01;40.0;Torsdag;21:00:00;;0.0;21:02:00;;0.0;21:37:00;;0.0;21:42:00;;0.0;;;0.0;01-10-2026_5709
LANGTOG;C43;5811.0;Alnabru;2026-10-01;40.0;Torsdag;20:30:00;;0.0;20:51:00;;0.0;21:26:00;;0.0;21:31:00;;0.0;;;0.0;01-10-2026_5811
LANGTOG;C32 ;5515.0;Alnabru;2026-10-01;40.0;Torsdag;21:15:00;;0.0;21:17:00;;0.0;21:52:00;;0.0;21:57:00;;0.0;;;0.0;01-10-2026_5515
PRI-TOG;C23;5735.0;Alnabru;2026-10-01;40.0;Torsdag;21:50:00;;0.0;22:02:00;;0.0;22:37:00;;0.0;22:42:00;;0.0;;;0.0;01-10-2026_5735
Lastefristkl. 19:30 dag før avgang.;C45;5301.0;Alnabru;2026-10-02;40.0;Fredag;19:30:00;;0.0;08:11:00;;0.0;08:46:00;;0.0;08:51:00;;0.0;;;0.0;02-10-2026_5301
;C45;5801.0;Alnabru;2026-10-02;40.0;Fredag;08:50:00;;0.0;08:51:00;;0.0;09:26:00;;0.0;09:31:00;;0.0;;;0.0;02-10-2026_5801
PRI-TOG;C42;5731.0;Alnabru;2026-10-02;40.0;Fredag;08:50:00;;0.0;09:02:00;;0.0;09:37:00;;0.0;09:42:00;;0.0;;;0.0;02-10-2026_5731
;C32 ;5507.0;Alnabru;2026-10-02;40.0;Fredag;11:40:00;;0.0;11:43:00;;0.0;12:18:00;;0.0;12:23:00;;0.0;;;0.0;02-10-2026_5507
;C42;45960.0;Alnabru;2026-10-02;40.0;Fredag;14:00:00;;0.0;15:02:00;;0.0;15:37:00;;0.0;15:42:00;;0.0;;;0.0;02-10-2026_45960
;C32 ;5509.0;Alnabru;2026-10-02;40.0;Fredag;16:30:00;;0.0;16:44:00;;0.0;17:19:00;;0.0;17:24:00;;0.0;;;0.0;02-10-2026_5509
;C2/C5A;41971.0;Alnabru;2026-10-02;40.0;Fredag;16:00:00;;0.0;17:04:00;;0.0;17:39:00;;0.0;17:44:00;;0.0;;;0.0;02-10-2026_41971
;C45;5805.0;Alnabru;2026-10-02;40.0;Fredag;17:00:00;;0.0;17:11:00;;0.0;17:46:00;;0.0;17:51:00;;0.0;;;0.0;02-10-2026_5805
PRI-TOG;C23;41910.0;Alnabru;2026-10-02;40.0;Fredag;17:35:00;;0.0;17:45:00;;0.0;18:20:00;;0.0;18:25:00;;0.0;;;0.0;02-10-2026_41910
;C32 ;5511.0;Alnabru;2026-10-02;40.0;Fredag;18:40:00;;0.0;18:59:00;;0.0;19:34:00;;0.0;19:39:00;;0.0;;;0.0;02-10-2026_5511
;C42;5733.0;Alnabru;2026-10-02;40.0;Fredag;19:20:00;;0.0;19:35:00;;0.0;20:05:00;;0.0;20:10:00;;0.0;;;0.0;02-10-2026_5733
PRI-TOG;C31;41900.0;Alnabru;2026-10-02;40.0;Fredag;19:40:00;;0.0;19:46:00;;0.0;20:21:00;;0.0;20:26:00;;0.0;;;0.0;02-10-2026_41900
;C45;5709.0;Alnabru;2026-10-02;40.0;Fredag;21:00:00;;0.0;21:02:00;;0.0;21:37:00;;0.0;21:42:00;;0.0;;;0.0;02-10-2026_5709
LANGTOG;C43;5811.0;Alnabru;2026-10-02;40.0;Fredag;20:30:00;;0.0;20:51:00;;0.0;21:26:00;;0.0;21:31:00;;0.0;;;0.0;02-10-2026_5811
LANGTOG;C32 ;5515.0;Alnabru;2026-10-02;40.0;Fredag;21:15:00;;0.0;21:17:00;;0.0;21:52:00;;0.0;21:57:00;;0.0;;;0.0;02-10-2026_5515
PRI-TOG;C23;5735.0;Alnabru;2026-10-02;40.0;Fredag;21:50:00;;0.0;22:02:00;;0.0;22:37:00;;0.0;22:42:00;;0.0;;;0.0;02-10-2026_5735
FORHÅNDSLASTES C32 FREDAG;C32 ;5737.0;Alnabru;2026-10-03;40.0;Lørdag;11:00:00;;0.0;11:02:00;;0.0;11:37:00;;0.0;11:42:00;;0.0;;;0.0;03-10-2026_5737
;C44;41971.0;Alnabru;2026-10-03;40.0;Lørdag;13:30:00;;0.0;17:04:00;;0.0;17:39:00;;0.0;17:44:00;;0.0;;;0.0;03-10-2026_41971
PRI-TOG;C23;41910.0;Alnabru;2026-10-03;40.0;Lørdag;12:00:00;;0.0;17:45:00;;0.0;18:20:00;;0.0;18:25:00;;0.0;;;0.0;03-10-2026_41910
LASTEFRIST KL. 15:00 LØRDAG;C23;5711.0;Alnabru;2026-10-04;40.0;Søndag;14:30:00;;0.0;07:27:00;;0.0;08:02:00;;0.0;08:07:00;;0.0;;;0.0;04-10-2026_5711
Lastefrist 13:30 Søndag;C44;41960.0;Alnabru;2026-10-04;40.0;Søndag;13:30:00;;0.0;16:48:00;;0.0;17:23:00;;0.0;17:28:00;;0.0;;;0.0;04-10-2026_41960
;C44;41971.0;Alnabru;2026-10-04;40.0;Søndag;13:30:00;;0.0;17:04:00;;0.0;17:39:00;;0.0;17:44:00;;0.0;;;0.0;04-10-2026_41971
LANGTOG;C32;5523.0;Alnabru;2026-10-04;40.0;Søndag;16:00:00;;0.0;18:31:00;;0.0;19:06:00;;0.0;19:11:00;;0.0;;;0.0;04-10-2026_5523
;C23;5717.0;Alnabru;2026-10-04;40.0;Søndag;16:00:00;;0.0;18:57:00;;0.0;19:32:00;;0.0;19:37:00;;0.0;;;0.0;04-10-2026_5717
LANGTOG;C43;5811.0;Alnabru;2026-10-04;40.0;Søndag;13:30:00;;0.0;20:51:00;;0.0;21:26:00;;0.0;21:31:00;;0.0;;;0.0;04-10-2026_5811
;C32 Nord;5531.0;Alnabru;2026-10-05;41.0;Mandag;07:50:00;;0.0;07:43:00;;0.0;08:18:00;;0.0;08:23:00;;0.0;;;0.0;05-10-2026_5531
Lastefristkl. 19:30 dag før avgang.;C45;5301.0;Alnabru;2026-10-05;41.0;Mandag;19:30:00;;0.0;08:11:00;;0.0;08:46:00;;0.0;08:51:00;;0.0;;;0.0;05-10-2026_5301
;C45;5801.0;Alnabru;2026-10-05;41.0;Mandag;08:50:00;;0.0;08:51:00;;0.0;09:26:00;;0.0;09:31:00;;0.0;;;0.0;05-10-2026_5801
PRI-TOG;C42;5731.0;Alnabru;2026-10-05;41.0;Mandag;08:50:00;;0.0;09:02:00;;0.0;09:37:00;;0.0;09:42:00;;0.0;;;0.0;05-10-2026_5731
;C32 ;5507.0;Alnabru;2026-10-05;41.0;Mandag;11:40:00;;0.0;11:43:00;;0.0;12:18:00;;0.0;12:23:00;;0.0;;;0.0;05-10-2026_5507
;C42;45960.0;Alnabru;2026-10-05;41.0;Mandag;14:00:00;;0.0;15:02:00;;0.0;15:37:00;;0.0;15:42:00;;0.0;;;0.0;05-10-2026_45960
;C42;5707.0;Alnabru;2026-10-05;41.0;Mandag;16:20:00;;0.0;16:32:00;;0.0;17:07:00;;0.0;17:12:00;;0.0;;;0.0;05-10-2026_5707
;C32 ;5509.0;Alnabru;2026-10-05;41.0;Mandag;16:30:00;;0.0;16:44:00;;0.0;17:19:00;;0.0;17:24:00;;0.0;;;0.0;05-10-2026_5509
;C44;41960.0;Alnabru;2026-10-05;41.0;Mandag;16:00:00;;0.0;16:48:00;;0.0;17:23:00;;0.0;17:28:00;;0.0;;;0.0;05-10-2026_41960
;C2/C5A;41971.0;Alnabru;2026-10-05;41.0;Mandag;16:00:00;;0.0;17:04:00;;0.0;17:39:00;;0.0;17:44:00;;0.0;;;0.0;05-10-2026_41971
;C45;5805.0;Alnabru;2026-10-05;41.0;Mandag;17:00:00;;0.0;17:11:00;;0.0;17:46:00;;0.0;17:51:00;;0.0;;;0.0;05-10-2026_5805
PRI-TOG;C23;41910.0;Alnabru;2026-10-05;41.0;Mandag;17:35:00;;0.0;17:45:00;;0.0;18:20:00;;0.0;18:25:00;;0.0;;;0.0;05-10-2026_41910
;C32;5511.0;Alnabru;2026-10-05;41.0;Mandag;18:40:00;;0.0;18:59:00;;0.0;19:34:00;;0.0;19:39:00;;0.0;;;0.0;05-10-2026_5511
;C42;5733.0;Alnabru;2026-10-05;41.0;Mandag;19:20:00;;0.0;19:30:00;;0.0;20:05:00;;0.0;20:10:00;;0.0;;;0.0;05-10-2026_5733
PRI-TOG;C31;41900.0;Alnabru;2026-10-05;41.0;Mandag;19:40:00;;0.0;19:46:00;;0.0;20:21:00;;0.0;20:26:00;;0.0;;;0.0;05-10-2026_41900
;C45;5709.0;Alnabru;2026-10-05;41.0;Mandag;21:00:00;;0.0;21:02:00;;0.0;21:37:00;;0.0;21:42:00;;0.0;;;0.0;05-10-2026_5709
LANGTOG;C43;5811.0;Alnabru;2026-10-05;41.0;Mandag;20:30:00;;0.0;20:51:00;;0.0;21:26:00;;0.0;21:31:00;;0.0;;;0.0;05-10-2026_5811
LANGTOG;C32 ;5515.0;Alnabru;2026-10-05;41.0;Mandag;21:15:00;;0.0;21:17:00;;0.0;21:52:00;;0.0;21:57:00;;0.0;;;0.0;05-10-2026_5515
PRI-TOG;C23;5735.0;Alnabru;2026-10-05;41.0;Mandag;21:50:00;;0.0;22:02:00;;0.0;22:37:00;;0.0;22:42:00;;0.0;;;0.0;05-10-2026_5735
Lastefristkl. 19:30 dag før avgang.;C45;5301.0;Alnabru;2026-10-06;41.0;Tirsdag;19:30:00;;0.0;08:11:00;;0.0;08:46:00;;0.0;08:51:00;;0.0;;;0.0;06-10-2026_5301
;C45;5801.0;Alnabru;2026-10-06;41.0;Tirsdag;08:50:00;;0.0;08:51:00;;0.0;09:26:00;;0.0;09:31:00;;0.0;;;0.0;06-10-2026_5801
PRI-TOG;C42;5731.0;Alnabru;2026-10-06;41.0;Tirsdag;08:50:00;;0.0;09:02:00;;0.0;09:37:00;;0.0;09:42:00;;0.0;;;0.0;06-10-2026_5731
;C32 ;5507.0;Alnabru;2026-10-06;41.0;Tirsdag;11:40:00;;0.0;11:43:00;;0.0;12:18:00;;0.0;12:23:00;;0.0;;;0.0;06-10-2026_5507
;C42;45960.0;Alnabru;2026-10-06;41.0;Tirsdag;14:00:00;;0.0;15:02:00;;0.0;15:37:00;;0.0;15:42:00;;0.0;;;0.0;06-10-2026_45960
;C42;5707.0;Alnabru;2026-10-06;41.0;Tirsdag;16:20:00;;0.0;16:32:00;;0.0;17:07:00;;0.0;17:12:00;;0.0;;;0.0;06-10-2026_5707
;C32 ;5509.0;Alnabru;2026-10-06;41.0;Tirsdag;16:30:00;;0.0;16:44:00;;0.0;17:19:00;;0.0;17:24:00;;0.0;;;0.0;06-10-2026_5509
;C44;41960.0;Alnabru;2026-10-06;41.0;Tirsdag;16:00:00;;0.0;16:48:00;;0.0;17:23:00;;0.0;17:28:00;;0.0;;;0.0;06-10-2026_41960
;C2/C5A;41971.0;Alnabru;2026-10-06;41.0;Tirsdag;16:00:00;;0.0;17:04:00;;0.0;17:39:00;;0.0;17:44:00;;0.0;;;0.0;06-10-2026_41971
;C45;5805.0;Alnabru;2026-10-06;41.0;Tirsdag;17:00:00;;0.0;17:11:00;;0.0;17:46:00;;0.0;17:51:00;;0.0;;;0.0;06-10-2026_5805
PRI-TOG;C23;41910.0;Alnabru;2026-10-06;41.0;Tirsdag;17:35:00;;0.0;17:45:00;;0.0;18:20:00;;0.0;18:25:00;;0.0;;;0.0;06-10-2026_41910
;C32 ;5511.0;Alnabru;2026-10-06;41.0;Tirsdag;18:40:00;;0.0;18:59:00;;0.0;19:34:00;;0.0;19:39:00;;0.0;;;0.0;06-10-2026_5511
;C42;5733.0;Alnabru;2026-10-06;41.0;Tirsdag;19:20:00;;0.0;19:35:00;;0.0;20:05:00;;0.0;20:10:00;;0.0;;;0.0;06-10-2026_5733
PRI-TOG;C31;41900.0;Alnabru;2026-10-06;41.0;Tirsdag;19:40:00;;0.0;19:46:00;;0.0;20:21:00;;0.0;20:26:00;;0.0;;;0.0;06-10-2026_41900
;C45;5709.0;Alnabru;2026-10-06;41.0;Tirsdag;21:00:00;;0.0;21:02:00;;0.0;21:37:00;;0.0;21:42:00;;0.0;;;0.0;06-10-2026_5709
LANGTOG;C43;5811.0;Alnabru;2026-10-06;41.0;Tirsdag;20:30:00;;0.0;20:51:00;;0.0;21:26:00;;0.0;21:31:00;;0.0;;;0.0;06-10-2026_5811
LANGTOG;C32 ;5515.0;Alnabru;2026-10-06;41.0;Tirsdag;21:15:00;;0.0;21:17:00;;0.0;21:52:00;;0.0;21:57:00;;0.0;;;0.0;06-10-2026_5515
PRI-TOG;C23;5735.0;Alnabru;2026-10-06;41.0;Tirsdag;21:50:00;;0.0;22:02:00;;0.0;22:37:00;;0.0;22:42:00;;0.0;;;0.0;06-10-2026_5735
;C32 Nord;5531.0;Alnabru;2026-10-07;41.0;Onsdag;07:50:00;;0.0;07:43:00;;0.0;08:18:00;;0.0;08:23:00;;0.0;;;0.0;07-10-2026_5531
Lastefristkl. 19:30 dag før avgang.;C45;5301.0;Alnabru;2026-10-07;41.0;Onsdag;19:30:00;;0.0;08:11:00;;0.0;08:46:00;;0.0;08:51:00;;0.0;;;0.0;07-10-2026_5301
;C45;5801.0;Alnabru;2026-10-07;41.0;Onsdag;08:50:00;;0.0;08:51:00;;0.0;09:26:00;;0.0;09:31:00;;0.0;;;0.0;07-10-2026_5801
PRI-TOG;C42;5731.0;Alnabru;2026-10-07;41.0;Onsdag;08:50:00;;0.0;09:02:00;;0.0;09:37:00;;0.0;09:42:00;;0.0;;;0.0;07-10-2026_5731
;C32 ;5507.0;Alnabru;2026-10-07;41.0;Onsdag;11:40:00;;0.0;11:43:00;;0.0;12:18:00;;0.0;12:23:00;;0.0;;;0.0;07-10-2026_5507
;C42;45960.0;Alnabru;2026-10-07;41.0;Onsdag;14:00:00;;0.0;15:02:00;;0.0;15:37:00;;0.0;15:42:00;;0.0;;;0.0;07-10-2026_45960
;C42;5707.0;Alnabru;2026-10-07;41.0;Onsdag;16:20:00;;0.0;16:32:00;;0.0;17:07:00;;0.0;17:12:00;;0.0;;;0.0;07-10-2026_5707
;C32 ;5509.0;Alnabru;2026-10-07;41.0;Onsdag;16:30:00;;0.0;16:44:00;;0.0;17:19:00;;0.0;17:24:00;;0.0;;;0.0;07-10-2026_5509
;C44;41960.0;Alnabru;2026-10-07;41.0;Onsdag;16:00:00;;0.0;16:48:00;;0.0;17:23:00;;0.0;17:28:00;;0.0;;;0.0;07-10-2026_41960
;C2/C5A;41971.0;Alnabru;2026-10-07;41.0;Onsdag;16:00:00;;0.0;17:04:00;;0.0;17:39:00;;0.0;17:44:00;;0.0;;;0.0;07-10-2026_41971
;C45;5805.0;Alnabru;2026-10-07;41.0;Onsdag;17:00:00;;0.0;17:11:00;;0.0;17:46:00;;0.0;17:51:00;;0.0;;;0.0;07-10-2026_5805
PRI-TOG;C23;41910.0;Alnabru;2026-10-07;41.0;Onsdag;17:35:00;;0.0;17:45:00;;0.0;18:20:00;;0.0;18:25:00;;0.0;;;0.0;07-10-2026_41910
;C32 ;5511.0;Alnabru;2026-10-07;41.0;Onsdag;18:40:00;;0.0;18:59:00;;0.0;19:34:00;;0.0;19:39:00;;0.0;;;0.0;07-10-2026_5511
;C42;5733.0;Alnabru;2026-10-07;41.0;Onsdag;19:20:00;;0.0;19:35:00;;0.0;20:05:00;;0.0;20:10:00;;0.0;;;0.0;07-10-2026_5733
PRI-TOG;C31;41900.0;Alnabru;2026-10-07;41.0;Onsdag;19:40:00;;0.0;19:46:00;;0.0;20:21:00;;0.0;20:26:00;;0.0;;;0.0;07-10-2026_41900
;C45;5709.0;Alnabru;2026-10-07;41.0;Onsdag;21:00:00;;0.0;21:02:00;;0.0;21:37:00;;0.0;21:42:00;;0.0;;;0.0;07-10-2026_5709
LANGTOG;C43;5811.0;Alnabru;2026-10-07;41.0;Onsdag;20:30:00;;0.0;20:51:00;;0.0;21:26:00;;0.0;21:31:00;;0.0;;;0.0;07-10-2026_5811
LANGTOG;C32 ;5515.0;Alnabru;2026-10-07;41.0;Onsdag;21:15:00;;0.0;21:17:00;;0.0;21:52:00;;0.0;21:57:00;;0.0;;;0.0;07-10-2026_5515
PRI-TOG;C23;5735.0;Alnabru;2026-10-07;41.0;Onsdag;21:50:00;;0.0;22:02:00;;0.0;22:37:00;;0.0;22:42:00;;0.0;;;0.0;07-10-2026_5735
Lastefristkl. 19:30 dag før avgang.;C45;5301.0;Alnabru;2026-10-08;41.0;Torsdag;19:30:00;;0.0;08:11:00;;0.0;08:46:00;;0.0;08:51:00;;0.0;;;0.0;08-10-2026_5301
;C45;5801.0;Alnabru;2026-10-08;41.0;Torsdag;08:50:00;;0.0;08:51:00;;0.0;09:26:00;;0.0;09:31:00;;0.0;;;0.0;08-10-2026_5801
PRI-TOG;C42;5731.0;Alnabru;2026-10-08;41.0;Torsdag;08:50:00;;0.0;09:02:00;;0.0;09:37:00;;0.0;09:42:00;;0.0;;;0.0;08-10-2026_5731
;C32 ;5507.0;Alnabru;2026-10-08;41.0;Torsdag;11:40:00;;0.0;11:43:00;;0.0;12:18:00;;0.0;12:23:00;;0.0;;;0.0;08-10-2026_5507
;C42;45960.0;Alnabru;2026-10-08;41.0;Torsdag;14:00:00;;0.0;15:02:00;;0.0;15:37:00;;0.0;15:42:00;;0.0;;;0.0;08-10-2026_45960
;C42;5707.0;Alnabru;2026-10-08;41.0;Torsdag;16:20:00;;0.0;16:32:00;;0.0;17:07:00;;0.0;17:12:00;;0.0;;;0.0;08-10-2026_5707
;C32 ;5509.0;Alnabru;2026-10-08;41.0;Torsdag;16:30:00;;0.0;16:44:00;;0.0;17:19:00;;0.0;17:24:00;;0.0;;;0.0;08-10-2026_5509
;C44;41960.0;Alnabru;2026-10-08;41.0;Torsdag;16:00:00;;0.0;16:48:00;;0.0;17:23:00;;0.0;17:28:00;;0.0;;;0.0;08-10-2026_41960
;C2/C5A;41971.0;Alnabru;2026-10-08;41.0;Torsdag;16:00:00;;0.0;17:04:00;;0.0;17:39:00;;0.0;17:44:00;;0.0;;;0.0;08-10-2026_41971
;C45;5805.0;Alnabru;2026-10-08;41.0;Torsdag;17:00:00;;0.0;17:11:00;;0.0;17:46:00;;0.0;17:51:00;;0.0;;;0.0;08-10-2026_5805
PRI-TOG;C23;41910.0;Alnabru;2026-10-08;41.0;Torsdag;17:35:00;;0.0;17:45:00;;0.0;18:20:00;;0.0;18:25:00;;0.0;;;0.0;08-10-2026_41910
;C32 ;5511.0;Alnabru;2026-10-08;41.0;Torsdag;18:40:00;;0.0;18:59:00;;0.0;19:34:00;;0.0;19:39:00;;0.0;;;0.0;08-10-2026_5511
;C42;5733.0;Alnabru;2026-10-08;41.0;Torsdag;19:20:00;;0.0;19:35:00;;0.0;20:05:00;;0.0;20:10:00;;0.0;;;0.0;08-10-2026_5733
PRI-TOG;C31;41900.0;Alnabru;2026-10-08;41.0;Torsdag;19:40:00;;0.0;19:46:00;;0.0;20:21:00;;0.0;20:26:00;;0.0;;;0.0;08-10-2026_41900
;C45;5709.0;Alnabru;2026-10-08;41.0;Torsdag;21:00:00;;0.0;21:02:00;;0.0;21:37:00;;0.0;21:42:00;;0.0;;;0.0;08-10-2026_5709
LANGTOG;C43;5811.0;Alnabru;2026-10-08;41.0;Torsdag;20:30:00;;0.0;20:51:00;;0.0;21:26:00;;0.0;21:31:00;;0.0;;;0.0;08-10-2026_5811
LANGTOG;C32 ;5515.0;Alnabru;2026-10-08;41.0;Torsdag;21:15:00;;0.0;21:17:00;;0.0;21:52:00;;0.0;21:57:00;;0.0;;;0.0;08-10-2026_5515
PRI-TOG;C23;5735.0;Alnabru;2026-10-08;41.0;Torsdag;21:50:00;;0.0;22:02:00;;0.0;22:37:00;;0.0;22:42:00;;0.0;;;0.0;08-10-2026_5735
Lastefristkl. 19:30 dag før avgang.;C45;5301.0;Alnabru;2026-10-09;41.0;Fredag;19:30:00;;0.0;08:11:00;;0.0;08:46:00;;0.0;08:51:00;;0.0;;;0.0;09-10-2026_5301
;C45;5801.0;Alnabru;2026-10-09;41.0;Fredag;08:50:00;;0.0;08:51:00;;0.0;09:26:00;;0.0;09:31:00;;0.0;;;0.0;09-10-2026_5801
PRI-TOG;C42;5731.0;Alnabru;2026-10-09;41.0;Fredag;08:50:00;;0.0;09:02:00;;0.0;09:37:00;;0.0;09:42:00;;0.0;;;0.0;09-10-2026_5731
;C32 ;5507.0;Alnabru;2026-10-09;41.0;Fredag;11:40:00;;0.0;11:43:00;;0.0;12:18:00;;0.0;12:23:00;;0.0;;;0.0;09-10-2026_5507
;C42;45960.0;Alnabru;2026-10-09;41.0;Fredag;14:00:00;;0.0;15:02:00;;0.0;15:37:00;;0.0;15:42:00;;0.0;;;0.0;09-10-2026_45960
;C32 ;5509.0;Alnabru;2026-10-09;41.0;Fredag;16:30:00;;0.0;16:44:00;;0.0;17:19:00;;0.0;17:24:00;;0.0;;;0.0;09-10-2026_5509
;C2/C5A;41971.0;Alnabru;2026-10-09;41.0;Fredag;16:00:00;;0.0;17:04:00;;0.0;17:39:00;;0.0;17:44:00;;0.0;;;0.0;09-10-2026_41971
;C45;5805.0;Alnabru;2026-10-09;41.0;Fredag;17:00:00;;0.0;17:11:00;;0.0;17:46:00;;0.0;17:51:00;;0.0;;;0.0;09-10-2026_5805
PRI-TOG;C23;41910.0;Alnabru;2026-10-09;41.0;Fredag;17:35:00;;0.0;17:45:00;;0.0;18:20:00;;0.0;18:25:00;;0.0;;;0.0;09-10-2026_41910
;C32 ;5511.0;Alnabru;2026-10-09;41.0;Fredag;18:40:00;;0.0;18:59:00;;0.0;19:34:00;;0.0;19:39:00;;0.0;;;0.0;09-10-2026_5511
;C42;5733.0;Alnabru;2026-10-09;41.0;Fredag;19:20:00;;0.0;19:35:00;;0.0;20:05:00;;0.0;20:10:00;;0.0;;;0.0;09-10-2026_5733
PRI-TOG;C31;41900.0;Alnabru;2026-10-09;41.0;Fredag;19:40:00;;0.0;19:46:00;;0.0;20:21:00;;0.0;20:26:00;;0.0;;;0.0;09-10-2026_41900
;C45;5709.0;Alnabru;2026-10-09;41.0;Fredag;21:00:00;;0.0;21:02:00;;0.0;21:37:00;;0.0;21:42:00;;0.0;;;0.0;09-10-2026_5709
LANGTOG;C43;5811.0;Alnabru;2026-10-09;41.0;Fredag;20:30:00;;0.0;20:51:00;;0.0;21:26:00;;0.0;21:31:00;;0.0;;;0.0;09-10-2026_5811
LANGTOG;C32 ;5515.0;Alnabru;2026-10-09;41.0;Fredag;21:15:00;;0.0;21:17:00;;0.0;21:52:00;;0.0;21:57:00;;0.0;;;0.0;09-10-2026_5515
PRI-TOG;C23;5735.0;Alnabru;2026-10-09;41.0;Fredag;21:50:00;;0.0;22:02:00;;0.0;22:37:00;;0.0;22:42:00;;0.0;;;0.0;09-10-2026_5735
FORHÅNDSLASTES C32 FREDAG;C32 ;5737.0;Alnabru;2026-10-10;41.0;Lørdag;11:00:00;;0.0;11:02:00;;0.0;11:37:00;;0.0;11:42:00;;0.0;;;0.0;10-10-2026_5737
;C44;41971.0;Alnabru;2026-10-10;41.0;Lørdag;13:30:00;;0.0;17:04:00;;0.0;17:39:00;;0.0;17:44:00;;0.0;;;0.0;10-10-2026_41971
PRI-TOG;C23;41910.0;Alnabru;2026-10-10;41.0;Lørdag;12:00:00;;0.0;17:45:00;;0.0;18:20:00;;0.0;18:25:00;;0.0;;;0.0;10-10-2026_41910
LASTEFRIST KL. 15:00 LØRDAG;C23;5711.0;Alnabru;2026-10-11;41.0;Søndag;14:30:00;;0.0;07:27:00;;0.0;08:02:00;;0.0;08:07:00;;0.0;;;0.0;11-10-2026_5711
Lastefrist 13:30 Søndag;C44;41960.0;Alnabru;2026-10-11;41.0;Søndag;13:30:00;;0.0;16:48:00;;0.0;17:23:00;;0.0;17:28:00;;0.0;;;0.0;11-10-2026_41960
;C44;41971.0;Alnabru;2026-10-11;41.0;Søndag;13:30:00;;0.0;17:04:00;;0.0;17:39:00;;0.0;17:44:00;;0.0;;;0.0;11-10-2026_41971
LANGTOG;C32;5523.0;Alnabru;2026-10-11;41.0;Søndag;16:00:00;;0.0;18:31:00;;0.0;19:06:00;;0.0;19:11:00;;0.0;;;0.0;11-10-2026_5523
;C23;5717.0;Alnabru;2026-10-11;41.0;Søndag;16:00:00;;0.0;18:57:00;;0.0;19:32:00;;0.0;19:37:00;;0.0;;;0.0;11-10-2026_5717
LANGTOG;C43;5811.0;Alnabru;2026-10-11;41.0;Søndag;13:30:00;;0.0;20:51:00;;0.0;21:26:00;;0.0;21:31:00;;0.0;;;0.0;11-10-2026_5811
;C32 Nord;5531.0;Alnabru;2026-10-12;42.0;Mandag;07:50:00;;0.0;07:43:00;;0.0;08:18:00;;0.0;08:23:00;;0.0;;;0.0;12-10-2026_5531
Lastefristkl. 19:30 dag før avgang.;C45;5301.0;Alnabru;2026-10-12;42.0;Mandag;19:30:00;;0.0;08:11:00;;0.0;08:46:00;;0.0;08:51:00;;0.0;;;0.0;12-10-2026_5301
;C45;5801.0;Alnabru;2026-10-12;42.0;Mandag;08:50:00;;0.0;08:51:00;;0.0;09:26:00;;0.0;09:31:00;;0.0;;;0.0;12-10-2026_5801
PRI-TOG;C42;5731.0;Alnabru;2026-10-12;42.0;Mandag;08:50:00;;0.0;09:02:00;;0.0;09:37:00;;0.0;09:42:00;;0.0;;;0.0;12-10-2026_5731
;C32 ;5507.0;Alnabru;2026-10-12;42.0;Mandag;11:40:00;;0.0;11:43:00;;0.0;12:18:00;;0.0;12:23:00;;0.0;;;0.0;12-10-2026_5507
;C42;45960.0;Alnabru;2026-10-12;42.0;Mandag;14:00:00;;0.0;15:02:00;;0.0;15:37:00;;0.0;15:42:00;;0.0;;;0.0;12-10-2026_45960
;C42;5707.0;Alnabru;2026-10-12;42.0;Mandag;16:20:00;;0.0;16:32:00;;0.0;17:07:00;;0.0;17:12:00;;0.0;;;0.0;12-10-2026_5707
;C32 ;5509.0;Alnabru;2026-10-12;42.0;Mandag;16:30:00;;0.0;16:44:00;;0.0;17:19:00;;0.0;17:24:00;;0.0;;;0.0;12-10-2026_5509
;C44;41960.0;Alnabru;2026-10-12;42.0;Mandag;16:00:00;;0.0;16:48:00;;0.0;17:23:00;;0.0;17:28:00;;0.0;;;0.0;12-10-2026_41960
;C2/C5A;41971.0;Alnabru;2026-10-12;42.0;Mandag;16:00:00;;0.0;17:04:00;;0.0;17:39:00;;0.0;17:44:00;;0.0;;;0.0;12-10-2026_41971
;C45;5805.0;Alnabru;2026-10-12;42.0;Mandag;17:00:00;;0.0;17:11:00;;0.0;17:46:00;;0.0;17:51:00;;0.0;;;0.0;12-10-2026_5805
PRI-TOG;C23;41910.0;Alnabru;2026-10-12;42.0;Mandag;17:35:00;;0.0;17:45:00;;0.0;18:20:00;;0.0;18:25:00;;0.0;;;0.0;12-10-2026_41910
;C32;5511.0;Alnabru;2026-10-12;42.0;Mandag;18:40:00;;0.0;18:59:00;;0.0;19:34:00;;0.0;19:39:00;;0.0;;;0.0;12-10-2026_5511
;C42;5733.0;Alnabru;2026-10-12;42.0;Mandag;19:20:00;;0.0;19:30:00;;0.0;20:05:00;;0.0;20:10:00;;0.0;;;0.0;12-10-2026_5733
PRI-TOG;C31;41900.0;Alnabru;2026-10-12;42.0;Mandag;19:40:00;;0.0;19:46:00;;0.0;20:21:00;;0.0;20:26:00;;0.0;;;0.0;12-10-2026_41900
;C45;5709.0;Alnabru;2026-10-12;42.0;Mandag;21:00:00;;0.0;21:02:00;;0.0;21:37:00;;0.0;21:42:00;;0.0;;;0.0;12-10-2026_5709
LANGTOG;C43;5811.0;Alnabru;2026-10-12;42.0;Mandag;20:30:00;;0.0;20:51:00;;0.0;21:26:00;;0.0;21:31:00;;0.0;;;0.0;12-10-2026_5811
LANGTOG;C32 ;5515.0;Alnabru;2026-10-12;42.0;Mandag;21:15:00;;0.0;21:17:00;;0.0;21:52:00;;0.0;21:57:00;;0.0;;;0.0;12-10-2026_5515
PRI-TOG;C23;5735.0;Alnabru;2026-10-12;42.0;Mandag;21:50:00;;0.0;22:02:00;;0.0;22:37:00;;0.0;22:42:00;;0.0;;;0.0;12-10-2026_5735
Lastefristkl. 19:30 dag før avgang.;C45;5301.0;Alnabru;2026-10-13;42.0;Tirsdag;19:30:00;;0.0;08:11:00;;0.0;08:46:00;;0.0;08:51:00;;0.0;;;0.0;13-10-2026_5301
;C45;5801.0;Alnabru;2026-10-13;42.0;Tirsdag;08:50:00;;0.0;08:51:00;;0.0;09:26:00;;0.0;09:31:00;;0.0;;;0.0;13-10-2026_5801
PRI-TOG;C42;5731.0;Alnabru;2026-10-13;42.0;Tirsdag;08:50:00;;0.0;09:02:00;;0.0;09:37:00;;0.0;09:42:00;;0.0;;;0.0;13-10-2026_5731
;C32 ;5507.0;Alnabru;2026-10-13;42.0;Tirsdag;11:40:00;;0.0;11:43:00;;0.0;12:18:00;;0.0;12:23:00;;0.0;;;0.0;13-10-2026_5507
;C42;45960.0;Alnabru;2026-10-13;42.0;Tirsdag;14:00:00;;0.0;15:02:00;;0.0;15:37:00;;0.0;15:42:00;;0.0;;;0.0;13-10-2026_45960
;C42;5707.0;Alnabru;2026-10-13;42.0;Tirsdag;16:20:00;;0.0;16:32:00;;0.0;17:07:00;;0.0;17:12:00;;0.0;;;0.0;13-10-2026_5707
;C32 ;5509.0;Alnabru;2026-10-13;42.0;Tirsdag;16:30:00;;0.0;16:44:00;;0.0;17:19:00;;0.0;17:24:00;;0.0;;;0.0;13-10-2026_5509
;C44;41960.0;Alnabru;2026-10-13;42.0;Tirsdag;16:00:00;;0.0;16:48:00;;0.0;17:23:00;;0.0;17:28:00;;0.0;;;0.0;13-10-2026_41960
;C2/C5A;41971.0;Alnabru;2026-10-13;42.0;Tirsdag;16:00:00;;0.0;17:04:00;;0.0;17:39:00;;0.0;17:44:00;;0.0;;;0.0;13-10-2026_41971
;C45;5805.0;Alnabru;2026-10-13;42.0;Tirsdag;17:00:00;;0.0;17:11:00;;0.0;17:46:00;;0.0;17:51:00;;0.0;;;0.0;13-10-2026_5805
PRI-TOG;C23;41910.0;Alnabru;2026-10-13;42.0;Tirsdag;17:35:00;;0.0;17:45:00;;0.0;18:20:00;;0.0;18:25:00;;0.0;;;0.0;13-10-2026_41910
;C32 ;5511.0;Alnabru;2026-10-13;42.0;Tirsdag;18:40:00;;0.0;18:59:00;;0.0;19:34:00;;0.0;19:39:00;;0.0;;;0.0;13-10-2026_5511
;C42;5733.0;Alnabru;2026-10-13;42.0;Tirsdag;19:20:00;;0.0;19:35:00;;0.0;20:05:00;;0.0;20:10:00;;0.0;;;0.0;13-10-2026_5733
PRI-TOG;C31;41900.0;Alnabru;2026-10-13;42.0;Tirsdag;19:40:00;;0.0;19:46:00;;0.0;20:21:00;;0.0;20:26:00;;0.0;;;0.0;13-10-2026_41900
;C45;5709.0;Alnabru;2026-10-13;42.0;Tirsdag;21:00:00;;0.0;21:02:00;;0.0;21:37:00;;0.0;21:42:00;;0.0;;;0.0;13-10-2026_5709
LANGTOG;C43;5811.0;Alnabru;2026-10-13;42.0;Tirsdag;20:30:00;;0.0;20:51:00;;0.0;21:26:00;;0.0;21:31:00;;0.0;;;0.0;13-10-2026_5811
LANGTOG;C32 ;5515.0;Alnabru;2026-10-13;42.0;Tirsdag;21:15:00;;0.0;21:17:00;;0.0;21:52:00;;0.0;21:57:00;;0.0;;;0.0;13-10-2026_5515
PRI-TOG;C23;5735.0;Alnabru;2026-10-13;42.0;Tirsdag;21:50:00;;0.0;22:02:00;;0.0;22:37:00;;0.0;22:42:00;;0.0;;;0.0;13-10-2026_5735
;C32 Nord;5531.0;Alnabru;2026-10-14;42.0;Onsdag;07:50:00;;0.0;07:43:00;;0.0;08:18:00;;0.0;08:23:00;;0.0;;;0.0;14-10-2026_5531
Lastefristkl. 19:30 dag før avgang.;C45;5301.0;Alnabru;2026-10-14;42.0;Onsdag;19:30:00;;0.0;08:11:00;;0.0;08:46:00;;0.0;08:51:00;;0.0;;;0.0;14-10-2026_5301
;C45;5801.0;Alnabru;2026-10-14;42.0;Onsdag;08:50:00;;0.0;08:51:00;;0.0;09:26:00;;0.0;09:31:00;;0.0;;;0.0;14-10-2026_5801
PRI-TOG;C42;5731.0;Alnabru;2026-10-14;42.0;Onsdag;08:50:00;;0.0;09:02:00;;0.0;09:37:00;;0.0;09:42:00;;0.0;;;0.0;14-10-2026_5731
;C32 ;5507.0;Alnabru;2026-10-14;42.0;Onsdag;11:40:00;;0.0;11:43:00;;0.0;12:18:00;;0.0;12:23:00;;0.0;;;0.0;14-10-2026_5507
;C42;45960.0;Alnabru;2026-10-14;42.0;Onsdag;14:00:00;;0.0;15:02:00;;0.0;15:37:00;;0.0;15:42:00;;0.0;;;0.0;14-10-2026_45960
;C42;5707.0;Alnabru;2026-10-14;42.0;Onsdag;16:20:00;;0.0;16:32:00;;0.0;17:07:00;;0.0;17:12:00;;0.0;;;0.0;14-10-2026_5707
;C32 ;5509.0;Alnabru;2026-10-14;42.0;Onsdag;16:30:00;;0.0;16:44:00;;0.0;17:19:00;;0.0;17:24:00;;0.0;;;0.0;14-10-2026_5509
;C44;41960.0;Alnabru;2026-10-14;42.0;Onsdag;16:00:00;;0.0;16:48:00;;0.0;17:23:00;;0.0;17:28:00;;0.0;;;0.0;14-10-2026_41960
;C2/C5A;41971.0;Alnabru;2026-10-14;42.0;Onsdag;16:00:00;;0.0;17:04:00;;0.0;17:39:00;;0.0;17:44:00;;0.0;;;0.0;14-10-2026_41971
;C45;5805.0;Alnabru;2026-10-14;42.0;Onsdag;17:00:00;;0.0;17:11:00;;0.0;17:46:00;;0.0;17:51:00;;0.0;;;0.0;14-10-2026_5805
PRI-TOG;C23;41910.0;Alnabru;2026-10-14;42.0;Onsdag;17:35:00;;0.0;17:45:00;;0.0;18:20:00;;0.0;18:25:00;;0.0;;;0.0;14-10-2026_41910
;C32 ;5511.0;Alnabru;2026-10-14;42.0;Onsdag;18:40:00;;0.0;18:59:00;;0.0;19:34:00;;0.0;19:39:00;;0.0;;;0.0;14-10-2026_5511
;C42;5733.0;Alnabru;2026-10-14;42.0;Onsdag;19:20:00;;0.0;19:35:00;;0.0;20:05:00;;0.0;20:10:00;;0.0;;;0.0;14-10-2026_5733
PRI-TOG;C31;41900.0;Alnabru;2026-10-14;42.0;Onsdag;19:40:00;;0.0;19:46:00;;0.0;20:21:00;;0.0;20:26:00;;0.0;;;0.0;14-10-2026_41900
;C45;5709.0;Alnabru;2026-10-14;42.0;Onsdag;21:00:00;;0.0;21:02:00;;0.0;21:37:00;;0.0;21:42:00;;0.0;;;0.0;14-10-2026_5709
LANGTOG;C43;5811.0;Alnabru;2026-10-14;42.0;Onsdag;20:30:00;;0.0;20:51:00;;0.0;21:26:00;;0.0;21:31:00;;0.0;;;0.0;14-10-2026_5811
LANGTOG;C32 ;5515.0;Alnabru;2026-10-14;42.0;Onsdag;21:15:00;;0.0;21:17:00;;0.0;21:52:00;;0.0;21:57:00;;0.0;;;0.0;14-10-2026_5515
PRI-TOG;C23;5735.0;Alnabru;2026-10-14;42.0;Onsdag;21:50:00;;0.0;22:02:00;;0.0;22:37:00;;0.0;22:42:00;;0.0;;;0.0;14-10-2026_5735
Lastefristkl. 19:30 dag før avgang.;C45;5301.0;Alnabru;2026-10-15;42.0;Torsdag;19:30:00;;0.0;08:11:00;;0.0;08:46:00;;0.0;08:51:00;;0.0;;;0.0;15-10-2026_5301
;C45;5801.0;Alnabru;2026-10-15;42.0;Torsdag;08:50:00;;0.0;08:51:00;;0.0;09:26:00;;0.0;09:31:00;;0.0;;;0.0;15-10-2026_5801
PRI-TOG;C42;5731.0;Alnabru;2026-10-15;42.0;Torsdag;08:50:00;;0.0;09:02:00;;0.0;09:37:00;;0.0;09:42:00;;0.0;;;0.0;15-10-2026_5731
;C32 ;5507.0;Alnabru;2026-10-15;42.0;Torsdag;11:40:00;;0.0;11:43:00;;0.0;12:18:00;;0.0;12:23:00;;0.0;;;0.0;15-10-2026_5507
;C42;45960.0;Alnabru;2026-10-15;42.0;Torsdag;14:00:00;;0.0;15:02:00;;0.0;15:37:00;;0.0;15:42:00;;0.0;;;0.0;15-10-2026_45960
;C42;5707.0;Alnabru;2026-10-15;42.0;Torsdag;16:20:00;;0.0;16:32:00;;0.0;17:07:00;;0.0;17:12:00;;0.0;;;0.0;15-10-2026_5707
;C32 ;5509.0;Alnabru;2026-10-15;42.0;Torsdag;16:30:00;;0.0;16:44:00;;0.0;17:19:00;;0.0;17:24:00;;0.0;;;0.0;15-10-2026_5509
;C44;41960.0;Alnabru;2026-10-15;42.0;Torsdag;16:00:00;;0.0;16:48:00;;0.0;17:23:00;;0.0;17:28:00;;0.0;;;0.0;15-10-2026_41960
;C2/C5A;41971.0;Alnabru;2026-10-15;42.0;Torsdag;16:00:00;;0.0;17:04:00;;0.0;17:39:00;;0.0;17:44:00;;0.0;;;0.0;15-10-2026_41971
;C45;5805.0;Alnabru;2026-10-15;42.0;Torsdag;17:00:00;;0.0;17:11:00;;0.0;17:46:00;;0.0;17:51:00;;0.0;;;0.0;15-10-2026_5805
PRI-TOG;C23;41910.0;Alnabru;2026-10-15;42.0;Torsdag;17:35:00;;0.0;17:45:00;;0.0;18:20:00;;0.0;18:25:00;;0.0;;;0.0;15-10-2026_41910
;C32 ;5511.0;Alnabru;2026-10-15;42.0;Torsdag;18:40:00;;0.0;18:59:00;;0.0;19:34:00;;0.0;19:39:00;;0.0;;;0.0;15-10-2026_5511
;C42;5733.0;Alnabru;2026-10-15;42.0;Torsdag;19:20:00;;0.0;19:35:00;;0.0;20:05:00;;0.0;20:10:00;;0.0;;;0.0;15-10-2026_5733
PRI-TOG;C31;41900.0;Alnabru;2026-10-15;42.0;Torsdag;19:40:00;;0.0;19:46:00;;0.0;20:21:00;;0.0;20:26:00;;0.0;;;0.0;15-10-2026_41900
;C45;5709.0;Alnabru;2026-10-15;42.0;Torsdag;21:00:00;;0.0;21:02:00;;0.0;21:37:00;;0.0;21:42:00;;0.0;;;0.0;15-10-2026_5709
LANGTOG;C43;5811.0;Alnabru;2026-10-15;42.0;Torsdag;20:30:00;;0.0;20:51:00;;0.0;21:26:00;;0.0;21:31:00;;0.0;;;0.0;15-10-2026_5811
LANGTOG;C32 ;5515.0;Alnabru;2026-10-15;42.0;Torsdag;21:15:00;;0.0;21:17:00;;0.0;21:52:00;;0.0;21:57:00;;0.0;;;0.0;15-10-2026_5515
PRI-TOG;C23;5735.0;Alnabru;2026-10-15;42.0;Torsdag;21:50:00;;0.0;22:02:00;;0.0;22:37:00;;0.0;22:42:00;;0.0;;;0.0;15-10-2026_5735
Lastefristkl. 19:30 dag før avgang.;C45;5301.0;Alnabru;2026-10-16;42.0;Fredag;19:30:00;;0.0;08:11:00;;0.0;08:46:00;;0.0;08:51:00;;0.0;;;0.0;16-10-2026_5301
;C45;5801.0;Alnabru;2026-10-16;42.0;Fredag;08:50:00;;0.0;08:51:00;;0.0;09:26:00;;0.0;09:31:00;;0.0;;;0.0;16-10-2026_5801
PRI-TOG;C42;5731.0;Alnabru;2026-10-16;42.0;Fredag;08:50:00;;0.0;09:02:00;;0.0;09:37:00;;0.0;09:42:00;;0.0;;;0.0;16-10-2026_5731
;C32 ;5507.0;Alnabru;2026-10-16;42.0;Fredag;11:40:00;;0.0;11:43:00;;0.0;12:18:00;;0.0;12:23:00;;0.0;;;0.0;16-10-2026_5507
;C42;45960.0;Alnabru;2026-10-16;42.0;Fredag;14:00:00;;0.0;15:02:00;;0.0;15:37:00;;0.0;15:42:00;;0.0;;;0.0;16-10-2026_45960
;C32 ;5509.0;Alnabru;2026-10-16;42.0;Fredag;16:30:00;;0.0;16:44:00;;0.0;17:19:00;;0.0;17:24:00;;0.0;;;0.0;16-10-2026_5509
;C2/C5A;41971.0;Alnabru;2026-10-16;42.0;Fredag;16:00:00;;0.0;17:04:00;;0.0;17:39:00;;0.0;17:44:00;;0.0;;;0.0;16-10-2026_41971
;C45;5805.0;Alnabru;2026-10-16;42.0;Fredag;17:00:00;;0.0;17:11:00;;0.0;17:46:00;;0.0;17:51:00;;0.0;;;0.0;16-10-2026_5805
PRI-TOG;C23;41910.0;Alnabru;2026-10-16;42.0;Fredag;17:35:00;;0.0;17:45:00;;0.0;18:20:00;;0.0;18:25:00;;0.0;;;0.0;16-10-2026_41910
;C32 ;5511.0;Alnabru;2026-10-16;42.0;Fredag;18:40:00;;0.0;18:59:00;;0.0;19:34:00;;0.0;19:39:00;;0.0;;;0.0;16-10-2026_5511
;C42;5733.0;Alnabru;2026-10-16;42.0;Fredag;19:20:00;;0.0;19:35:00;;0.0;20:05:00;;0.0;20:10:00;;0.0;;;0.0;16-10-2026_5733
PRI-TOG;C31;41900.0;Alnabru;2026-10-16;42.0;Fredag;19:40:00;;0.0;19:46:00;;0.0;20:21:00;;0.0;20:26:00;;0.0;;;0.0;16-10-2026_41900
;C45;5709.0;Alnabru;2026-10-16;42.0;Fredag;21:00:00;;0.0;21:02:00;;0.0;21:37:00;;0.0;21:42:00;;0.0;;;0.0;16-10-2026_5709
LANGTOG;C43;5811.0;Alnabru;2026-10-16;42.0;Fredag;20:30:00;;0.0;20:51:00;;0.0;21:26:00;;0.0;21:31:00;;0.0;;;0.0;16-10-2026_5811
LANGTOG;C32 ;5515.0;Alnabru;2026-10-16;42.0;Fredag;21:15:00;;0.0;21:17:00;;0.0;21:52:00;;0.0;21:57:00;;0.0;;;0.0;16-10-2026_5515
PRI-TOG;C23;5735.0;Alnabru;2026-10-16;42.0;Fredag;21:50:00;;0.0;22:02:00;;0.0;22:37:00;;0.0;22:42:00;;0.0;;;0.0;16-10-2026_5735
FORHÅNDSLASTES C32 FREDAG;C32 ;5737.0;Alnabru;2026-10-17;42.0;Lørdag;11:00:00;;0.0;11:02:00;;0.0;11:37:00;;0.0;11:42:00;;0.0;;;0.0;17-10-2026_5737
;C44;41971.0;Alnabru;2026-10-17;42.0;Lørdag;13:30:00;;0.0;17:04:00;;0.0;17:39:00;;0.0;17:44:00;;0.0;;;0.0;17-10-2026_41971
PRI-TOG;C23;41910.0;Alnabru;2026-10-17;42.0;Lørdag;12:00:00;;0.0;17:45:00;;0.0;18:20:00;;0.0;18:25:00;;0.0;;;0.0;17-10-2026_41910
LASTEFRIST KL. 15:00 LØRDAG;C23;5711.0;Alnabru;2026-10-18;42.0;Søndag;14:30:00;;0.0;07:27:00;;0.0;08:02:00;;0.0;08:07:00;;0.0;;;0.0;18-10-2026_5711
Lastefrist 13:30 Søndag;C44;41960.0;Alnabru;2026-10-18;42.0;Søndag;13:30:00;;0.0;16:48:00;;0.0;17:23:00;;0.0;17:28:00;;0.0;;;0.0;18-10-2026_41960
;C44;41971.0;Alnabru;2026-10-18;42.0;Søndag;13:30:00;;0.0;17:04:00;;0.0;17:39:00;;0.0;17:44:00;;0.0;;;0.0;18-10-2026_41971
LANGTOG;C32;5523.0;Alnabru;2026-10-18;42.0;Søndag;16:00:00;;0.0;18:31:00;;0.0;19:06:00;;0.0;19:11:00;;0.0;;;0.0;18-10-2026_5523
;C23;5717.0;Alnabru;2026-10-18;42.0;Søndag;16:00:00;;0.0;18:57:00;;0.0;19:32:00;;0.0;19:37:00;;0.0;;;0.0;18-10-2026_5717
LANGTOG;C43;5811.0;Alnabru;2026-10-18;42.0;Søndag;13:30:00;;0.0;20:51:00;;0.0;21:26:00;;0.0;21:31:00;;0.0;;;0.0;18-10-2026_5811
;C32 Nord;5531.0;Alnabru;2026-10-19;43.0;Mandag;07:50:00;;0.0;07:43:00;;0.0;08:18:00;;0.0;08:23:00;;0.0;;;0.0;19-10-2026_5531
Lastefristkl. 19:30 dag før avgang.;C45;5301.0;Alnabru;2026-10-19;43.0;Mandag;19:30:00;;0.0;08:11:00;;0.0;08:46:00;;0.0;08:51:00;;0.0;;;0.0;19-10-2026_5301
;C45;5801.0;Alnabru;2026-10-19;43.0;Mandag;08:50:00;;0.0;08:51:00;;0.0;09:26:00;;0.0;09:31:00;;0.0;;;0.0;19-10-2026_5801
PRI-TOG;C42;5731.0;Alnabru;2026-10-19;43.0;Mandag;08:50:00;;0.0;09:02:00;;0.0;09:37:00;;0.0;09:42:00;;0.0;;;0.0;19-10-2026_5731
;C32 ;5507.0;Alnabru;2026-10-19;43.0;Mandag;11:40:00;;0.0;11:43:00;;0.0;12:18:00;;0.0;12:23:00;;0.0;;;0.0;19-10-2026_5507
;C42;45960.0;Alnabru;2026-10-19;43.0;Mandag;14:00:00;;0.0;15:02:00;;0.0;15:37:00;;0.0;15:42:00;;0.0;;;0.0;19-10-2026_45960
;C42;5707.0;Alnabru;2026-10-19;43.0;Mandag;16:20:00;;0.0;16:32:00;;0.0;17:07:00;;0.0;17:12:00;;0.0;;;0.0;19-10-2026_5707
;C32 ;5509.0;Alnabru;2026-10-19;43.0;Mandag;16:30:00;;0.0;16:44:00;;0.0;17:19:00;;0.0;17:24:00;;0.0;;;0.0;19-10-2026_5509
;C44;41960.0;Alnabru;2026-10-19;43.0;Mandag;16:00:00;;0.0;16:48:00;;0.0;17:23:00;;0.0;17:28:00;;0.0;;;0.0;19-10-2026_41960
;C2/C5A;41971.0;Alnabru;2026-10-19;43.0;Mandag;16:00:00;;0.0;17:04:00;;0.0;17:39:00;;0.0;17:44:00;;0.0;;;0.0;19-10-2026_41971
;C45;5805.0;Alnabru;2026-10-19;43.0;Mandag;17:00:00;;0.0;17:11:00;;0.0;17:46:00;;0.0;17:51:00;;0.0;;;0.0;19-10-2026_5805
PRI-TOG;C23;41910.0;Alnabru;2026-10-19;43.0;Mandag;17:35:00;;0.0;17:45:00;;0.0;18:20:00;;0.0;18:25:00;;0.0;;;0.0;19-10-2026_41910
;C32;5511.0;Alnabru;2026-10-19;43.0;Mandag;18:40:00;;0.0;18:59:00;;0.0;19:34:00;;0.0;19:39:00;;0.0;;;0.0;19-10-2026_5511
;C42;5733.0;Alnabru;2026-10-19;43.0;Mandag;19:20:00;;0.0;19:30:00;;0.0;20:05:00;;0.0;20:10:00;;0.0;;;0.0;19-10-2026_5733
PRI-TOG;C31;41900.0;Alnabru;2026-10-19;43.0;Mandag;19:40:00;;0.0;19:46:00;;0.0;20:21:00;;0.0;20:26:00;;0.0;;;0.0;19-10-2026_41900
;C45;5709.0;Alnabru;2026-10-19;43.0;Mandag;21:00:00;;0.0;21:02:00;;0.0;21:37:00;;0.0;21:42:00;;0.0;;;0.0;19-10-2026_5709
LANGTOG;C43;5811.0;Alnabru;2026-10-19;43.0;Mandag;20:30:00;;0.0;20:51:00;;0.0;21:26:00;;0.0;21:31:00;;0.0;;;0.0;19-10-2026_5811
LANGTOG;C32 ;5515.0;Alnabru;2026-10-19;43.0;Mandag;21:15:00;;0.0;21:17:00;;0.0;21:52:00;;0.0;21:57:00;;0.0;;;0.0;19-10-2026_5515
PRI-TOG;C23;5735.0;Alnabru;2026-10-19;43.0;Mandag;21:50:00;;0.0;22:02:00;;0.0;22:37:00;;0.0;22:42:00;;0.0;;;0.0;19-10-2026_5735
Lastefristkl. 19:30 dag før avgang.;C45;5301.0;Alnabru;2026-10-20;43.0;Tirsdag;19:30:00;;0.0;08:11:00;;0.0;08:46:00;;0.0;08:51:00;;0.0;;;0.0;20-10-2026_5301
;C45;5801.0;Alnabru;2026-10-20;43.0;Tirsdag;08:50:00;;0.0;08:51:00;;0.0;09:26:00;;0.0;09:31:00;;0.0;;;0.0;20-10-2026_5801
PRI-TOG;C42;5731.0;Alnabru;2026-10-20;43.0;Tirsdag;08:50:00;;0.0;09:02:00;;0.0;09:37:00;;0.0;09:42:00;;0.0;;;0.0;20-10-2026_5731
;C32 ;5507.0;Alnabru;2026-10-20;43.0;Tirsdag;11:40:00;;0.0;11:43:00;;0.0;12:18:00;;0.0;12:23:00;;0.0;;;0.0;20-10-2026_5507
;C42;45960.0;Alnabru;2026-10-20;43.0;Tirsdag;14:00:00;;0.0;15:02:00;;0.0;15:37:00;;0.0;15:42:00;;0.0;;;0.0;20-10-2026_45960
;C42;5707.0;Alnabru;2026-10-20;43.0;Tirsdag;16:20:00;;0.0;16:32:00;;0.0;17:07:00;;0.0;17:12:00;;0.0;;;0.0;20-10-2026_5707
;C32 ;5509.0;Alnabru;2026-10-20;43.0;Tirsdag;16:30:00;;0.0;16:44:00;;0.0;17:19:00;;0.0;17:24:00;;0.0;;;0.0;20-10-2026_5509
;C44;41960.0;Alnabru;2026-10-20;43.0;Tirsdag;16:00:00;;0.0;16:48:00;;0.0;17:23:00;;0.0;17:28:00;;0.0;;;0.0;20-10-2026_41960
;C2/C5A;41971.0;Alnabru;2026-10-20;43.0;Tirsdag;16:00:00;;0.0;17:04:00;;0.0;17:39:00;;0.0;17:44:00;;0.0;;;0.0;20-10-2026_41971
;C45;5805.0;Alnabru;2026-10-20;43.0;Tirsdag;17:00:00;;0.0;17:11:00;;0.0;17:46:00;;0.0;17:51:00;;0.0;;;0.0;20-10-2026_5805
PRI-TOG;C23;41910.0;Alnabru;2026-10-20;43.0;Tirsdag;17:35:00;;0.0;17:45:00;;0.0;18:20:00;;0.0;18:25:00;;0.0;;;0.0;20-10-2026_41910
;C32 ;5511.0;Alnabru;2026-10-20;43.0;Tirsdag;18:40:00;;0.0;18:59:00;;0.0;19:34:00;;0.0;19:39:00;;0.0;;;0.0;20-10-2026_5511
;C42;5733.0;Alnabru;2026-10-20;43.0;Tirsdag;19:20:00;;0.0;19:35:00;;0.0;20:05:00;;0.0;20:10:00;;0.0;;;0.0;20-10-2026_5733
PRI-TOG;C31;41900.0;Alnabru;2026-10-20;43.0;Tirsdag;19:40:00;;0.0;19:46:00;;0.0;20:21:00;;0.0;20:26:00;;0.0;;;0.0;20-10-2026_41900
;C45;5709.0;Alnabru;2026-10-20;43.0;Tirsdag;21:00:00;;0.0;21:02:00;;0.0;21:37:00;;0.0;21:42:00;;0.0;;;0.0;20-10-2026_5709
LANGTOG;C43;5811.0;Alnabru;2026-10-20;43.0;Tirsdag;20:30:00;;0.0;20:51:00;;0.0;21:26:00;;0.0;21:31:00;;0.0;;;0.0;20-10-2026_5811
LANGTOG;C32 ;5515.0;Alnabru;2026-10-20;43.0;Tirsdag;21:15:00;;0.0;21:17:00;;0.0;21:52:00;;0.0;21:57:00;;0.0;;;0.0;20-10-2026_5515
PRI-TOG;C23;5735.0;Alnabru;2026-10-20;43.0;Tirsdag;21:50:00;;0.0;22:02:00;;0.0;22:37:00;;0.0;22:42:00;;0.0;;;0.0;20-10-2026_5735
;C32 Nord;5531.0;Alnabru;2026-10-21;43.0;Onsdag;07:50:00;;0.0;07:43:00;;0.0;08:18:00;;0.0;08:23:00;;0.0;;;0.0;21-10-2026_5531
Lastefristkl. 19:30 dag før avgang.;C45;5301.0;Alnabru;2026-10-21;43.0;Onsdag;19:30:00;;0.0;08:11:00;;0.0;08:46:00;;0.0;08:51:00;;0.0;;;0.0;21-10-2026_5301
;C45;5801.0;Alnabru;2026-10-21;43.0;Onsdag;08:50:00;;0.0;08:51:00;;0.0;09:26:00;;0.0;09:31:00;;0.0;;;0.0;21-10-2026_5801
PRI-TOG;C42;5731.0;Alnabru;2026-10-21;43.0;Onsdag;08:50:00;;0.0;09:02:00;;0.0;09:37:00;;0.0;09:42:00;;0.0;;;0.0;21-10-2026_5731
;C32 ;5507.0;Alnabru;2026-10-21;43.0;Onsdag;11:40:00;;0.0;11:43:00;;0.0;12:18:00;;0.0;12:23:00;;0.0;;;0.0;21-10-2026_5507
;C42;45960.0;Alnabru;2026-10-21;43.0;Onsdag;14:00:00;;0.0;15:02:00;;0.0;15:37:00;;0.0;15:42:00;;0.0;;;0.0;21-10-2026_45960
;C42;5707.0;Alnabru;2026-10-21;43.0;Onsdag;16:20:00;;0.0;16:32:00;;0.0;17:07:00;;0.0;17:12:00;;0.0;;;0.0;21-10-2026_5707
;C32 ;5509.0;Alnabru;2026-10-21;43.0;Onsdag;16:30:00;;0.0;16:44:00;;0.0;17:19:00;;0.0;17:24:00;;0.0;;;0.0;21-10-2026_5509
;C44;41960.0;Alnabru;2026-10-21;43.0;Onsdag;16:00:00;;0.0;16:48:00;;0.0;17:23:00;;0.0;17:28:00;;0.0;;;0.0;21-10-2026_41960
;C2/C5A;41971.0;Alnabru;2026-10-21;43.0;Onsdag;16:00:00;;0.0;17:04:00;;0.0;17:39:00;;0.0;17:44:00;;0.0;;;0.0;21-10-2026_41971
;C45;5805.0;Alnabru;2026-10-21;43.0;Onsdag;17:00:00;;0.0;17:11:00;;0.0;17:46:00;;0.0;17:51:00;;0.0;;;0.0;21-10-2026_5805
PRI-TOG;C23;41910.0;Alnabru;2026-10-21;43.0;Onsdag;17:35:00;;0.0;17:45:00;;0.0;18:20:00;;0.0;18:25:00;;0.0;;;0.0;21-10-2026_41910
;C32 ;5511.0;Alnabru;2026-10-21;43.0;Onsdag;18:40:00;;0.0;18:59:00;;0.0;19:34:00;;0.0;19:39:00;;0.0;;;0.0;21-10-2026_5511
;C42;5733.0;Alnabru;2026-10-21;43.0;Onsdag;19:20:00;;0.0;19:35:00;;0.0;20:05:00;;0.0;20:10:00;;0.0;;;0.0;21-10-2026_5733
PRI-TOG;C31;41900.0;Alnabru;2026-10-21;43.0;Onsdag;19:40:00;;0.0;19:46:00;;0.0;20:21:00;;0.0;20:26:00;;0.0;;;0.0;21-10-2026_41900
;C45;5709.0;Alnabru;2026-10-21;43.0;Onsdag;21:00:00;;0.0;21:02:00;;0.0;21:37:00;;0.0;21:42:00;;0.0;;;0.0;21-10-2026_5709
LANGTOG;C43;5811.0;Alnabru;2026-10-21;43.0;Onsdag;20:30:00;;0.0;20:51:00;;0.0;21:26:00;;0.0;21:31:00;;0.0;;;0.0;21-10-2026_5811
LANGTOG;C32 ;5515.0;Alnabru;2026-10-21;43.0;Onsdag;21:15:00;;0.0;21:17:00;;0.0;21:52:00;;0.0;21:57:00;;0.0;;;0.0;21-10-2026_5515
PRI-TOG;C23;5735.0;Alnabru;2026-10-21;43.0;Onsdag;21:50:00;;0.0;22:02:00;;0.0;22:37:00;;0.0;22:42:00;;0.0;;;0.0;21-10-2026_5735
Lastefristkl. 19:30 dag før avgang.;C45;5301.0;Alnabru;2026-10-22;43.0;Torsdag;19:30:00;;0.0;08:11:00;;0.0;08:46:00;;0.0;08:51:00;;0.0;;;0.0;22-10-2026_5301
;C45;5801.0;Alnabru;2026-10-22;43.0;Torsdag;08:50:00;;0.0;08:51:00;;0.0;09:26:00;;0.0;09:31:00;;0.0;;;0.0;22-10-2026_5801
PRI-TOG;C42;5731.0;Alnabru;2026-10-22;43.0;Torsdag;08:50:00;;0.0;09:02:00;;0.0;09:37:00;;0.0;09:42:00;;0.0;;;0.0;22-10-2026_5731
;C32 ;5507.0;Alnabru;2026-10-22;43.0;Torsdag;11:40:00;;0.0;11:43:00;;0.0;12:18:00;;0.0;12:23:00;;0.0;;;0.0;22-10-2026_5507
;C42;45960.0;Alnabru;2026-10-22;43.0;Torsdag;14:00:00;;0.0;15:02:00;;0.0;15:37:00;;0.0;15:42:00;;0.0;;;0.0;22-10-2026_45960
;C42;5707.0;Alnabru;2026-10-22;43.0;Torsdag;16:20:00;;0.0;16:32:00;;0.0;17:07:00;;0.0;17:12:00;;0.0;;;0.0;22-10-2026_5707
;C32 ;5509.0;Alnabru;2026-10-22;43.0;Torsdag;16:30:00;;0.0;16:44:00;;0.0;17:19:00;;0.0;17:24:00;;0.0;;;0.0;22-10-2026_5509
;C44;41960.0;Alnabru;2026-10-22;43.0;Torsdag;16:00:00;;0.0;16:48:00;;0.0;17:23:00;;0.0;17:28:00;;0.0;;;0.0;22-10-2026_41960
;C2/C5A;41971.0;Alnabru;2026-10-22;43.0;Torsdag;16:00:00;;0.0;17:04:00;;0.0;17:39:00;;0.0;17:44:00;;0.0;;;0.0;22-10-2026_41971
;C45;5805.0;Alnabru;2026-10-22;43.0;Torsdag;17:00:00;;0.0;17:11:00;;0.0;17:46:00;;0.0;17:51:00;;0.0;;;0.0;22-10-2026_5805
PRI-TOG;C23;41910.0;Alnabru;2026-10-22;43.0;Torsdag;17:35:00;;0.0;17:45:00;;0.0;18:20:00;;0.0;18:25:00;;0.0;;;0.0;22-10-2026_41910
;C32 ;5511.0;Alnabru;2026-10-22;43.0;Torsdag;18:40:00;;0.0;18:59:00;;0.0;19:34:00;;0.0;19:39:00;;0.0;;;0.0;22-10-2026_5511
;C42;5733.0;Alnabru;2026-10-22;43.0;Torsdag;19:20:00;;0.0;19:35:00;;0.0;20:05:00;;0.0;20:10:00;;0.0;;;0.0;22-10-2026_5733
PRI-TOG;C31;41900.0;Alnabru;2026-10-22;43.0;Torsdag;19:40:00;;0.0;19:46:00;;0.0;20:21:00;;0.0;20:26:00;;0.0;;;0.0;22-10-2026_41900
;C45;5709.0;Alnabru;2026-10-22;43.0;Torsdag;21:00:00;;0.0;21:02:00;;0.0;21:37:00;;0.0;21:42:00;;0.0;;;0.0;22-10-2026_5709
LANGTOG;C43;5811.0;Alnabru;2026-10-22;43.0;Torsdag;20:30:00;;0.0;20:51:00;;0.0;21:26:00;;0.0;21:31:00;;0.0;;;0.0;22-10-2026_5811
LANGTOG;C32 ;5515.0;Alnabru;2026-10-22;43.0;Torsdag;21:15:00;;0.0;21:17:00;;0.0;21:52:00;;0.0;21:57:00;;0.0;;;0.0;22-10-2026_5515
PRI-TOG;C23;5735.0;Alnabru;2026-10-22;43.0;Torsdag;21:50:00;;0.0;22:02:00;;0.0;22:37:00;;0.0;22:42:00;;0.0;;;0.0;22-10-2026_5735
Lastefristkl. 19:30 dag før avgang.;C45;5301.0;Alnabru;2026-10-23;43.0;Fredag;19:30:00;;0.0;08:11:00;;0.0;08:46:00;;0.0;08:51:00;;0.0;;;0.0;23-10-2026_5301
;C45;5801.0;Alnabru;2026-10-23;43.0;Fredag;08:50:00;;0.0;08:51:00;;0.0;09:26:00;;0.0;09:31:00;;0.0;;;0.0;23-10-2026_5801
PRI-TOG;C42;5731.0;Alnabru;2026-10-23;43.0;Fredag;08:50:00;;0.0;09:02:00;;0.0;09:37:00;;0.0;09:42:00;;0.0;;;0.0;23-10-2026_5731
;C32 ;5507.0;Alnabru;2026-10-23;43.0;Fredag;11:40:00;;0.0;11:43:00;;0.0;12:18:00;;0.0;12:23:00;;0.0;;;0.0;23-10-2026_5507
;C42;45960.0;Alnabru;2026-10-23;43.0;Fredag;14:00:00;;0.0;15:02:00;;0.0;15:37:00;;0.0;15:42:00;;0.0;;;0.0;23-10-2026_45960
;C32 ;5509.0;Alnabru;2026-10-23;43.0;Fredag;16:30:00;;0.0;16:44:00;;0.0;17:19:00;;0.0;17:24:00;;0.0;;;0.0;23-10-2026_5509
;C2/C5A;41971.0;Alnabru;2026-10-23;43.0;Fredag;16:00:00;;0.0;17:04:00;;0.0;17:39:00;;0.0;17:44:00;;0.0;;;0.0;23-10-2026_41971
;C45;5805.0;Alnabru;2026-10-23;43.0;Fredag;17:00:00;;0.0;17:11:00;;0.0;17:46:00;;0.0;17:51:00;;0.0;;;0.0;23-10-2026_5805
PRI-TOG;C23;41910.0;Alnabru;2026-10-23;43.0;Fredag;17:35:00;;0.0;17:45:00;;0.0;18:20:00;;0.0;18:25:00;;0.0;;;0.0;23-10-2026_41910
;C32 ;5511.0;Alnabru;2026-10-23;43.0;Fredag;18:40:00;;0.0;18:59:00;;0.0;19:34:00;;0.0;19:39:00;;0.0;;;0.0;23-10-2026_5511
;C42;5733.0;Alnabru;2026-10-23;43.0;Fredag;19:20:00;;0.0;19:35:00;;0.0;20:05:00;;0.0;20:10:00;;0.0;;;0.0;23-10-2026_5733
PRI-TOG;C31;41900.0;Alnabru;2026-10-23;43.0;Fredag;19:40:00;;0.0;19:46:00;;0.0;20:21:00;;0.0;20:26:00;;0.0;;;0.0;23-10-2026_41900
;C45;5709.0;Alnabru;2026-10-23;43.0;Fredag;21:00:00;;0.0;21:02:00;;0.0;21:37:00;;0.0;21:42:00;;0.0;;;0.0;23-10-2026_5709
LANGTOG;C43;5811.0;Alnabru;2026-10-23;43.0;Fredag;20:30:00;;0.0;20:51:00;;0.0;21:26:00;;0.0;21:31:00;;0.0;;;0.0;23-10-2026_5811
LANGTOG;C32 ;5515.0;Alnabru;2026-10-23;43.0;Fredag;21:15:00;;0.0;21:17:00;;0.0;21:52:00;;0.0;21:57:00;;0.0;;;0.0;23-10-2026_5515
PRI-TOG;C23;5735.0;Alnabru;2026-10-23;43.0;Fredag;21:50:00;;0.0;22:02:00;;0.0;22:37:00;;0.0;22:42:00;;0.0;;;0.0;23-10-2026_5735
FORHÅNDSLASTES C32 FREDAG;C32 ;5737.0;Alnabru;2026-10-24;43.0;Lørdag;11:00:00;;0.0;11:02:00;;0.0;11:37:00;;0.0;11:42:00;;0.0;;;0.0;24-10-2026_5737
;C44;41971.0;Alnabru;2026-10-24;43.0;Lørdag;13:30:00;;0.0;17:04:00;;0.0;17:39:00;;0.0;17:44:00;;0.0;;;0.0;24-10-2026_41971
PRI-TOG;C23;41910.0;Alnabru;2026-10-24;43.0;Lørdag;12:00:00;;0.0;17:45:00;;0.0;18:20:00;;0.0;18:25:00;;0.0;;;0.0;24-10-2026_41910
LASTEFRIST KL. 15:00 LØRDAG;C23;5711.0;Alnabru;2026-10-25;43.0;Søndag;14:30:00;;0.0;07:27:00;;0.0;08:02:00;;0.0;08:07:00;;0.0;;;0.0;25-10-2026_5711
Lastefrist 13:30 Søndag;C44;41960.0;Alnabru;2026-10-25;43.0;Søndag;13:30:00;;0.0;16:48:00;;0.0;17:23:00;;0.0;17:28:00;;0.0;;;0.0;25-10-2026_41960
;C44;41971.0;Alnabru;2026-10-25;43.0;Søndag;13:30:00;;0.0;17:04:00;;0.0;17:39:00;;0.0;17:44:00;;0.0;;;0.0;25-10-2026_41971
LANGTOG;C32;5523.0;Alnabru;2026-10-25;43.0;Søndag;16:00:00;;0.0;18:31:00;;0.0;19:06:00;;0.0;19:11:00;;0.0;;;0.0;25-10-2026_5523
;C23;5717.0;Alnabru;2026-10-25;43.0;Søndag;16:00:00;;0.0;18:57:00;;0.0;19:32:00;;0.0;19:37:00;;0.0;;;0.0;25-10-2026_5717
LANGTOG;C43;5811.0;Alnabru;2026-10-25;43.0;Søndag;13:30:00;;0.0;20:51:00;;0.0;21:26:00;;0.0;21:31:00;;0.0;;;0.0;25-10-2026_5811
;C32 Nord;5531.0;Alnabru;2026-10-26;44.0;Mandag;07:50:00;;0.0;07:43:00;;0.0;08:18:00;;0.0;08:23:00;;0.0;;;0.0;26-10-2026_5531
Lastefristkl. 19:30 dag før avgang.;C45;5301.0;Alnabru;2026-10-26;44.0;Mandag;19:30:00;;0.0;08:11:00;;0.0;08:46:00;;0.0;08:51:00;;0.0;;;0.0;26-10-2026_5301
;C45;5801.0;Alnabru;2026-10-26;44.0;Mandag;08:50:00;;0.0;08:51:00;;0.0;09:26:00;;0.0;09:31:00;;0.0;;;0.0;26-10-2026_5801
PRI-TOG;C42;5731.0;Alnabru;2026-10-26;44.0;Mandag;08:50:00;;0.0;09:02:00;;0.0;09:37:00;;0.0;09:42:00;;0.0;;;0.0;26-10-2026_5731
;C32 ;5507.0;Alnabru;2026-10-26;44.0;Mandag;11:40:00;;0.0;11:43:00;;0.0;12:18:00;;0.0;12:23:00;;0.0;;;0.0;26-10-2026_5507
;C42;45960.0;Alnabru;2026-10-26;44.0;Mandag;14:00:00;;0.0;15:02:00;;0.0;15:37:00;;0.0;15:42:00;;0.0;;;0.0;26-10-2026_45960
;C42;5707.0;Alnabru;2026-10-26;44.0;Mandag;16:20:00;;0.0;16:32:00;;0.0;17:07:00;;0.0;17:12:00;;0.0;;;0.0;26-10-2026_5707
;C32 ;5509.0;Alnabru;2026-10-26;44.0;Mandag;16:30:00;;0.0;16:44:00;;0.0;17:19:00;;0.0;17:24:00;;0.0;;;0.0;26-10-2026_5509
;C44;41960.0;Alnabru;2026-10-26;44.0;Mandag;16:00:00;;0.0;16:48:00;;0.0;17:23:00;;0.0;17:28:00;;0.0;;;0.0;26-10-2026_41960
;C2/C5A;41971.0;Alnabru;2026-10-26;44.0;Mandag;16:00:00;;0.0;17:04:00;;0.0;17:39:00;;0.0;17:44:00;;0.0;;;0.0;26-10-2026_41971
;C45;5805.0;Alnabru;2026-10-26;44.0;Mandag;17:00:00;;0.0;17:11:00;;0.0;17:46:00;;0.0;17:51:00;;0.0;;;0.0;26-10-2026_5805
PRI-TOG;C23;41910.0;Alnabru;2026-10-26;44.0;Mandag;17:35:00;;0.0;17:45:00;;0.0;18:20:00;;0.0;18:25:00;;0.0;;;0.0;26-10-2026_41910
;C32;5511.0;Alnabru;2026-10-26;44.0;Mandag;18:40:00;;0.0;18:59:00;;0.0;19:34:00;;0.0;19:39:00;;0.0;;;0.0;26-10-2026_5511
;C42;5733.0;Alnabru;2026-10-26;44.0;Mandag;19:20:00;;0.0;19:30:00;;0.0;20:05:00;;0.0;20:10:00;;0.0;;;0.0;26-10-2026_5733
PRI-TOG;C31;41900.0;Alnabru;2026-10-26;44.0;Mandag;19:40:00;;0.0;19:46:00;;0.0;20:21:00;;0.0;20:26:00;;0.0;;;0.0;26-10-2026_41900
;C45;5709.0;Alnabru;2026-10-26;44.0;Mandag;21:00:00;;0.0;21:02:00;;0.0;21:37:00;;0.0;21:42:00;;0.0;;;0.0;26-10-2026_5709
LANGTOG;C43;5811.0;Alnabru;2026-10-26;44.0;Mandag;20:30:00;;0.0;20:51:00;;0.0;21:26:00;;0.0;21:31:00;;0.0;;;0.0;26-10-2026_5811
LANGTOG;C32 ;5515.0;Alnabru;2026-10-26;44.0;Mandag;21:15:00;;0.0;21:17:00;;0.0;21:52:00;;0.0;21:57:00;;0.0;;;0.0;26-10-2026_5515
PRI-TOG;C23;5735.0;Alnabru;2026-10-26;44.0;Mandag;21:50:00;;0.0;22:02:00;;0.0;22:37:00;;0.0;22:42:00;;0.0;;;0.0;26-10-2026_5735
Lastefristkl. 19:30 dag før avgang.;C45;5301.0;Alnabru;2026-10-27;44.0;Tirsdag;19:30:00;;0.0;08:11:00;;0.0;08:46:00;;0.0;08:51:00;;0.0;;;0.0;27-10-2026_5301
;C45;5801.0;Alnabru;2026-10-27;44.0;Tirsdag;08:50:00;;0.0;08:51:00;;0.0;09:26:00;;0.0;09:31:00;;0.0;;;0.0;27-10-2026_5801
PRI-TOG;C42;5731.0;Alnabru;2026-10-27;44.0;Tirsdag;08:50:00;;0.0;09:02:00;;0.0;09:37:00;;0.0;09:42:00;;0.0;;;0.0;27-10-2026_5731
;C32 ;5507.0;Alnabru;2026-10-27;44.0;Tirsdag;11:40:00;;0.0;11:43:00;;0.0;12:18:00;;0.0;12:23:00;;0.0;;;0.0;27-10-2026_5507
;C42;45960.0;Alnabru;2026-10-27;44.0;Tirsdag;14:00:00;;0.0;15:02:00;;0.0;15:37:00;;0.0;15:42:00;;0.0;;;0.0;27-10-2026_45960
;C42;5707.0;Alnabru;2026-10-27;44.0;Tirsdag;16:20:00;;0.0;16:32:00;;0.0;17:07:00;;0.0;17:12:00;;0.0;;;0.0;27-10-2026_5707
;C32 ;5509.0;Alnabru;2026-10-27;44.0;Tirsdag;16:30:00;;0.0;16:44:00;;0.0;17:19:00;;0.0;17:24:00;;0.0;;;0.0;27-10-2026_5509
;C44;41960.0;Alnabru;2026-10-27;44.0;Tirsdag;16:00:00;;0.0;16:48:00;;0.0;17:23:00;;0.0;17:28:00;;0.0;;;0.0;27-10-2026_41960
;C2/C5A;41971.0;Alnabru;2026-10-27;44.0;Tirsdag;16:00:00;;0.0;17:04:00;;0.0;17:39:00;;0.0;17:44:00;;0.0;;;0.0;27-10-2026_41971
;C45;5805.0;Alnabru;2026-10-27;44.0;Tirsdag;17:00:00;;0.0;17:11:00;;0.0;17:46:00;;0.0;17:51:00;;0.0;;;0.0;27-10-2026_5805
PRI-TOG;C23;41910.0;Alnabru;2026-10-27;44.0;Tirsdag;17:35:00;;0.0;17:45:00;;0.0;18:20:00;;0.0;18:25:00;;0.0;;;0.0;27-10-2026_41910
;C32 ;5511.0;Alnabru;2026-10-27;44.0;Tirsdag;18:40:00;;0.0;18:59:00;;0.0;19:34:00;;0.0;19:39:00;;0.0;;;0.0;27-10-2026_5511
;C42;5733.0;Alnabru;2026-10-27;44.0;Tirsdag;19:20:00;;0.0;19:35:00;;0.0;20:05:00;;0.0;20:10:00;;0.0;;;0.0;27-10-2026_5733
PRI-TOG;C31;41900.0;Alnabru;2026-10-27;44.0;Tirsdag;19:40:00;;0.0;19:46:00;;0.0;20:21:00;;0.0;20:26:00;;0.0;;;0.0;27-10-2026_41900
;C45;5709.0;Alnabru;2026-10-27;44.0;Tirsdag;21:00:00;;0.0;21:02:00;;0.0;21:37:00;;0.0;21:42:00;;0.0;;;0.0;27-10-2026_5709
LANGTOG;C43;5811.0;Alnabru;2026-10-27;44.0;Tirsdag;20:30:00;;0.0;20:51:00;;0.0;21:26:00;;0.0;21:31:00;;0.0;;;0.0;27-10-2026_5811
LANGTOG;C32 ;5515.0;Alnabru;2026-10-27;44.0;Tirsdag;21:15:00;;0.0;21:17:00;;0.0;21:52:00;;0.0;21:57:00;;0.0;;;0.0;27-10-2026_5515
PRI-TOG;C23;5735.0;Alnabru;2026-10-27;44.0;Tirsdag;21:50:00;;0.0;22:02:00;;0.0;22:37:00;;0.0;22:42:00;;0.0;;;0.0;27-10-2026_5735
;C32 Nord;5531.0;Alnabru;2026-10-28;44.0;Onsdag;07:50:00;;0.0;07:43:00;;0.0;08:18:00;;0.0;08:23:00;;0.0;;;0.0;28-10-2026_5531
Lastefristkl. 19:30 dag før avgang.;C45;5301.0;Alnabru;2026-10-28;44.0;Onsdag;19:30:00;;0.0;08:11:00;;0.0;08:46:00;;0.0;08:51:00;;0.0;;;0.0;28-10-2026_5301
;C45;5801.0;Alnabru;2026-10-28;44.0;Onsdag;08:50:00;;0.0;08:51:00;;0.0;09:26:00;;0.0;09:31:00;;0.0;;;0.0;28-10-2026_5801
PRI-TOG;C42;5731.0;Alnabru;2026-10-28;44.0;Onsdag;08:50:00;;0.0;09:02:00;;0.0;09:37:00;;0.0;09:42:00;;0.0;;;0.0;28-10-2026_5731
;C32 ;5507.0;Alnabru;2026-10-28;44.0;Onsdag;11:40:00;;0.0;11:43:00;;0.0;12:18:00;;0.0;12:23:00;;0.0;;;0.0;28-10-2026_5507
;C42;45960.0;Alnabru;2026-10-28;44.0;Onsdag;14:00:00;;0.0;15:02:00;;0.0;15:37:00;;0.0;15:42:00;;0.0;;;0.0;28-10-2026_45960
;C42;5707.0;Alnabru;2026-10-28;44.0;Onsdag;16:20:00;;0.0;16:32:00;;0.0;17:07:00;;0.0;17:12:00;;0.0;;;0.0;28-10-2026_5707
;C32 ;5509.0;Alnabru;2026-10-28;44.0;Onsdag;16:30:00;;0.0;16:44:00;;0.0;17:19:00;;0.0;17:24:00;;0.0;;;0.0;28-10-2026_5509
;C44;41960.0;Alnabru;2026-10-28;44.0;Onsdag;16:00:00;;0.0;16:48:00;;0.0;17:23:00;;0.0;17:28:00;;0.0;;;0.0;28-10-2026_41960
;C2/C5A;41971.0;Alnabru;2026-10-28;44.0;Onsdag;16:00:00;;0.0;17:04:00;;0.0;17:39:00;;0.0;17:44:00;;0.0;;;0.0;28-10-2026_41971
;C45;5805.0;Alnabru;2026-10-28;44.0;Onsdag;17:00:00;;0.0;17:11:00;;0.0;17:46:00;;0.0;17:51:00;;0.0;;;0.0;28-10-2026_5805
PRI-TOG;C23;41910.0;Alnabru;2026-10-28;44.0;Onsdag;17:35:00;;0.0;17:45:00;;0.0;18:20:00;;0.0;18:25:00;;0.0;;;0.0;28-10-2026_41910
;C32 ;5511.0;Alnabru;2026-10-28;44.0;Onsdag;18:40:00;;0.0;18:59:00;;0.0;19:34:00;;0.0;19:39:00;;0.0;;;0.0;28-10-2026_5511
;C42;5733.0;Alnabru;2026-10-28;44.0;Onsdag;19:20:00;;0.0;19:35:00;;0.0;20:05:00;;0.0;20:10:00;;0.0;;;0.0;28-10-2026_5733
PRI-TOG;C31;41900.0;Alnabru;2026-10-28;44.0;Onsdag;19:40:00;;0.0;19:46:00;;0.0;20:21:00;;0.0;20:26:00;;0.0;;;0.0;28-10-2026_41900
;C45;5709.0;Alnabru;2026-10-28;44.0;Onsdag;21:00:00;;0.0;21:02:00;;0.0;21:37:00;;0.0;21:42:00;;0.0;;;0.0;28-10-2026_5709
LANGTOG;C43;5811.0;Alnabru;2026-10-28;44.0;Onsdag;20:30:00;;0.0;20:51:00;;0.0;21:26:00;;0.0;21:31:00;;0.0;;;0.0;28-10-2026_5811
LANGTOG;C32 ;5515.0;Alnabru;2026-10-28;44.0;Onsdag;21:15:00;;0.0;21:17:00;;0.0;21:52:00;;0.0;21:57:00;;0.0;;;0.0;28-10-2026_5515
PRI-TOG;C23;5735.0;Alnabru;2026-10-28;44.0;Onsdag;21:50:00;;0.0;22:02:00;;0.0;22:37:00;;0.0;22:42:00;;0.0;;;0.0;28-10-2026_5735
Lastefristkl. 19:30 dag før avgang.;C45;5301.0;Alnabru;2026-10-29;44.0;Torsdag;19:30:00;;0.0;08:11:00;;0.0;08:46:00;;0.0;08:51:00;;0.0;;;0.0;29-10-2026_5301
;C45;5801.0;Alnabru;2026-10-29;44.0;Torsdag;08:50:00;;0.0;08:51:00;;0.0;09:26:00;;0.0;09:31:00;;0.0;;;0.0;29-10-2026_5801
PRI-TOG;C42;5731.0;Alnabru;2026-10-29;44.0;Torsdag;08:50:00;;0.0;09:02:00;;0.0;09:37:00;;0.0;09:42:00;;0.0;;;0.0;29-10-2026_5731
;C32 ;5507.0;Alnabru;2026-10-29;44.0;Torsdag;11:40:00;;0.0;11:43:00;;0.0;12:18:00;;0.0;12:23:00;;0.0;;;0.0;29-10-2026_5507
;C42;45960.0;Alnabru;2026-10-29;44.0;Torsdag;14:00:00;;0.0;15:02:00;;0.0;15:37:00;;0.0;15:42:00;;0.0;;;0.0;29-10-2026_45960
;C42;5707.0;Alnabru;2026-10-29;44.0;Torsdag;16:20:00;;0.0;16:32:00;;0.0;17:07:00;;0.0;17:12:00;;0.0;;;0.0;29-10-2026_5707
;C32 ;5509.0;Alnabru;2026-10-29;44.0;Torsdag;16:30:00;;0.0;16:44:00;;0.0;17:19:00;;0.0;17:24:00;;0.0;;;0.0;29-10-2026_5509
;C44;41960.0;Alnabru;2026-10-29;44.0;Torsdag;16:00:00;;0.0;16:48:00;;0.0;17:23:00;;0.0;17:28:00;;0.0;;;0.0;29-10-2026_41960
;C2/C5A;41971.0;Alnabru;2026-10-29;44.0;Torsdag;16:00:00;;0.0;17:04:00;;0.0;17:39:00;;0.0;17:44:00;;0.0;;;0.0;29-10-2026_41971
;C45;5805.0;Alnabru;2026-10-29;44.0;Torsdag;17:00:00;;0.0;17:11:00;;0.0;17:46:00;;0.0;17:51:00;;0.0;;;0.0;29-10-2026_5805
PRI-TOG;C23;41910.0;Alnabru;2026-10-29;44.0;Torsdag;17:35:00;;0.0;17:45:00;;0.0;18:20:00;;0.0;18:25:00;;0.0;;;0.0;29-10-2026_41910
;C32 ;5511.0;Alnabru;2026-10-29;44.0;Torsdag;18:40:00;;0.0;18:59:00;;0.0;19:34:00;;0.0;19:39:00;;0.0;;;0.0;29-10-2026_5511
;C42;5733.0;Alnabru;2026-10-29;44.0;Torsdag;19:20:00;;0.0;19:35:00;;0.0;20:05:00;;0.0;20:10:00;;0.0;;;0.0;29-10-2026_5733
PRI-TOG;C31;41900.0;Alnabru;2026-10-29;44.0;Torsdag;19:40:00;;0.0;19:46:00;;0.0;20:21:00;;0.0;20:26:00;;0.0;;;0.0;29-10-2026_41900
;C45;5709.0;Alnabru;2026-10-29;44.0;Torsdag;21:00:00;;0.0;21:02:00;;0.0;21:37:00;;0.0;21:42:00;;0.0;;;0.0;29-10-2026_5709
LANGTOG;C43;5811.0;Alnabru;2026-10-29;44.0;Torsdag;20:30:00;;0.0;20:51:00;;0.0;21:26:00;;0.0;21:31:00;;0.0;;;0.0;29-10-2026_5811
LANGTOG;C32 ;5515.0;Alnabru;2026-10-29;44.0;Torsdag;21:15:00;;0.0;21:17:00;;0.0;21:52:00;;0.0;21:57:00;;0.0;;;0.0;29-10-2026_5515
PRI-TOG;C23;5735.0;Alnabru;2026-10-29;44.0;Torsdag;21:50:00;;0.0;22:02:00;;0.0;22:37:00;;0.0;22:42:00;;0.0;;;0.0;29-10-2026_5735
Lastefristkl. 19:30 dag før avgang.;C45;5301.0;Alnabru;2026-10-30;44.0;Fredag;19:30:00;;0.0;08:11:00;;0.0;08:46:00;;0.0;08:51:00;;0.0;;;0.0;30-10-2026_5301
;C45;5801.0;Alnabru;2026-10-30;44.0;Fredag;08:50:00;;0.0;08:51:00;;0.0;09:26:00;;0.0;09:31:00;;0.0;;;0.0;30-10-2026_5801
PRI-TOG;C42;5731.0;Alnabru;2026-10-30;44.0;Fredag;08:50:00;;0.0;09:02:00;;0.0;09:37:00;;0.0;09:42:00;;0.0;;;0.0;30-10-2026_5731
;C32 ;5507.0;Alnabru;2026-10-30;44.0;Fredag;11:40:00;;0.0;11:43:00;;0.0;12:18:00;;0.0;12:23:00;;0.0;;;0.0;30-10-2026_5507
;C42;45960.0;Alnabru;2026-10-30;44.0;Fredag;14:00:00;;0.0;15:02:00;;0.0;15:37:00;;0.0;15:42:00;;0.0;;;0.0;30-10-2026_45960
;C32 ;5509.0;Alnabru;2026-10-30;44.0;Fredag;16:30:00;;0.0;16:44:00;;0.0;17:19:00;;0.0;17:24:00;;0.0;;;0.0;30-10-2026_5509
;C2/C5A;41971.0;Alnabru;2026-10-30;44.0;Fredag;16:00:00;;0.0;17:04:00;;0.0;17:39:00;;0.0;17:44:00;;0.0;;;0.0;30-10-2026_41971
;C45;5805.0;Alnabru;2026-10-30;44.0;Fredag;17:00:00;;0.0;17:11:00;;0.0;17:46:00;;0.0;17:51:00;;0.0;;;0.0;30-10-2026_5805
PRI-TOG;C23;41910.0;Alnabru;2026-10-30;44.0;Fredag;17:35:00;;0.0;17:45:00;;0.0;18:20:00;;0.0;18:25:00;;0.0;;;0.0;30-10-2026_41910
;C32 ;5511.0;Alnabru;2026-10-30;44.0;Fredag;18:40:00;;0.0;18:59:00;;0.0;19:34:00;;0.0;19:39:00;;0.0;;;0.0;30-10-2026_5511
;C42;5733.0;Alnabru;2026-10-30;44.0;Fredag;19:20:00;;0.0;19:35:00;;0.0;20:05:00;;0.0;20:10:00;;0.0;;;0.0;30-10-2026_5733
PRI-TOG;C31;41900.0;Alnabru;2026-10-30;44.0;Fredag;19:40:00;;0.0;19:46:00;;0.0;20:21:00;;0.0;20:26:00;;0.0;;;0.0;30-10-2026_41900
;C45;5709.0;Alnabru;2026-10-30;44.0;Fredag;21:00:00;;0.0;21:02:00;;0.0;21:37:00;;0.0;21:42:00;;0.0;;;0.0;30-10-2026_5709
LANGTOG;C43;5811.0;Alnabru;2026-10-30;44.0;Fredag;20:30:00;;0.0;20:51:00;;0.0;21:26:00;;0.0;21:31:00;;0.0;;;0.0;30-10-2026_5811
LANGTOG;C32 ;5515.0;Alnabru;2026-10-30;44.0;Fredag;21:15:00;;0.0;21:17:00;;0.0;21:52:00;;0.0;21:57:00;;0.0;;;0.0;30-10-2026_5515
PRI-TOG;C23;5735.0;Alnabru;2026-10-30;44.0;Fredag;21:50:00;;0.0;22:02:00;;0.0;22:37:00;;0.0;22:42:00;;0.0;;;0.0;30-10-2026_5735
FORHÅNDSLASTES C32 FREDAG;C32 ;5737.0;Alnabru;2026-10-31;44.0;Lørdag;11:00:00;;0.0;11:02:00;;0.0;11:37:00;;0.0;11:42:00;;0.0;;;0.0;31-10-2026_5737
;C44;41971.0;Alnabru;2026-10-31;44.0;Lørdag;13:30:00;;0.0;17:04:00;;0.0;17:39:00;;0.0;17:44:00;;0.0;;;0.0;31-10-2026_41971
PRI-TOG;C23;41910.0;Alnabru;2026-10-31;44.0;Lørdag;12:00:00;;0.0;17:45:00;;0.0;18:20:00;;0.0;18:25:00;;0.0;;;0.0;31-10-2026_41910
LASTEFRIST KL. 15:00 LØRDAG;C23;5711.0;Alnabru;2026-11-01;44.0;Søndag;14:30:00;;0.0;07:27:00;;0.0;08:02:00;;0.0;08:07:00;;0.0;;;0.0;01-11-2026_5711
Lastefrist 13:30 Søndag;C44;41960.0;Alnabru;2026-11-01;44.0;Søndag;13:30:00;;0.0;16:48:00;;0.0;17:23:00;;0.0;17:28:00;;0.0;;;0.0;01-11-2026_41960
;C44;41971.0;Alnabru;2026-11-01;44.0;Søndag;13:30:00;;0.0;17:04:00;;0.0;17:39:00;;0.0;17:44:00;;0.0;;;0.0;01-11-2026_41971
LANGTOG;C32;5523.0;Alnabru;2026-11-01;44.0;Søndag;16:00:00;;0.0;18:31:00;;0.0;19:06:00;;0.0;19:11:00;;0.0;;;0.0;01-11-2026_5523
;C23;5717.0;Alnabru;2026-11-01;44.0;Søndag;16:00:00;;0.0;18:57:00;;0.0;19:32:00;;0.0;19:37:00;;0.0;;;0.0;01-11-2026_5717
LANGTOG;C43;5811.0;Alnabru;2026-11-01;44.0;Søndag;13:30:00;;0.0;20:51:00;;0.0;21:26:00;;0.0;21:31:00;;0.0;;;0.0;01-11-2026_5811
;C32 Nord;5531.0;Alnabru;2026-11-02;45.0;Mandag;07:50:00;;0.0;07:43:00;;0.0;08:18:00;;0.0;08:23:00;;0.0;;;0.0;02-11-2026_5531
Lastefristkl. 19:30 dag før avgang.;C45;5301.0;Alnabru;2026-11-02;45.0;Mandag;19:30:00;;0.0;08:11:00;;0.0;08:46:00;;0.0;08:51:00;;0.0;;;0.0;02-11-2026_5301
;C45;5801.0;Alnabru;2026-11-02;45.0;Mandag;08:50:00;;0.0;08:51:00;;0.0;09:26:00;;0.0;09:31:00;;0.0;;;0.0;02-11-2026_5801
PRI-TOG;C42;5731.0;Alnabru;2026-11-02;45.0;Mandag;08:50:00;;0.0;09:02:00;;0.0;09:37:00;;0.0;09:42:00;;0.0;;;0.0;02-11-2026_5731
;C32 ;5507.0;Alnabru;2026-11-02;45.0;Mandag;11:40:00;;0.0;11:43:00;;0.0;12:18:00;;0.0;12:23:00;;0.0;;;0.0;02-11-2026_5507
;C42;45960.0;Alnabru;2026-11-02;45.0;Mandag;14:00:00;;0.0;15:02:00;;0.0;15:37:00;;0.0;15:42:00;;0.0;;;0.0;02-11-2026_45960
;C42;5707.0;Alnabru;2026-11-02;45.0;Mandag;16:20:00;;0.0;16:32:00;;0.0;17:07:00;;0.0;17:12:00;;0.0;;;0.0;02-11-2026_5707
;C32 ;5509.0;Alnabru;2026-11-02;45.0;Mandag;16:30:00;;0.0;16:44:00;;0.0;17:19:00;;0.0;17:24:00;;0.0;;;0.0;02-11-2026_5509
;C44;41960.0;Alnabru;2026-11-02;45.0;Mandag;16:00:00;;0.0;16:48:00;;0.0;17:23:00;;0.0;17:28:00;;0.0;;;0.0;02-11-2026_41960
;C2/C5A;41971.0;Alnabru;2026-11-02;45.0;Mandag;16:00:00;;0.0;17:04:00;;0.0;17:39:00;;0.0;17:44:00;;0.0;;;0.0;02-11-2026_41971
;C45;5805.0;Alnabru;2026-11-02;45.0;Mandag;17:00:00;;0.0;17:11:00;;0.0;17:46:00;;0.0;17:51:00;;0.0;;;0.0;02-11-2026_5805
PRI-TOG;C23;41910.0;Alnabru;2026-11-02;45.0;Mandag;17:35:00;;0.0;17:45:00;;0.0;18:20:00;;0.0;18:25:00;;0.0;;;0.0;02-11-2026_41910
;C32;5511.0;Alnabru;2026-11-02;45.0;Mandag;18:40:00;;0.0;18:59:00;;0.0;19:34:00;;0.0;19:39:00;;0.0;;;0.0;02-11-2026_5511
;C42;5733.0;Alnabru;2026-11-02;45.0;Mandag;19:20:00;;0.0;19:30:00;;0.0;20:05:00;;0.0;20:10:00;;0.0;;;0.0;02-11-2026_5733
PRI-TOG;C31;41900.0;Alnabru;2026-11-02;45.0;Mandag;19:40:00;;0.0;19:46:00;;0.0;20:21:00;;0.0;20:26:00;;0.0;;;0.0;02-11-2026_41900
;C45;5709.0;Alnabru;2026-11-02;45.0;Mandag;21:00:00;;0.0;21:02:00;;0.0;21:37:00;;0.0;21:42:00;;0.0;;;0.0;02-11-2026_5709
LANGTOG;C43;5811.0;Alnabru;2026-11-02;45.0;Mandag;20:30:00;;0.0;20:51:00;;0.0;21:26:00;;0.0;21:31:00;;0.0;;;0.0;02-11-2026_5811
LANGTOG;C32 ;5515.0;Alnabru;2026-11-02;45.0;Mandag;21:15:00;;0.0;21:17:00;;0.0;21:52:00;;0.0;21:57:00;;0.0;;;0.0;02-11-2026_5515
PRI-TOG;C23;5735.0;Alnabru;2026-11-02;45.0;Mandag;21:50:00;;0.0;22:02:00;;0.0;22:37:00;;0.0;22:42:00;;0.0;;;0.0;02-11-2026_5735
Lastefristkl. 19:30 dag før avgang.;C45;5301.0;Alnabru;2026-11-03;45.0;Tirsdag;19:30:00;;0.0;08:11:00;;0.0;08:46:00;;0.0;08:51:00;;0.0;;;0.0;03-11-2026_5301
;C45;5801.0;Alnabru;2026-11-03;45.0;Tirsdag;08:50:00;;0.0;08:51:00;;0.0;09:26:00;;0.0;09:31:00;;0.0;;;0.0;03-11-2026_5801
PRI-TOG;C42;5731.0;Alnabru;2026-11-03;45.0;Tirsdag;08:50:00;;0.0;09:02:00;;0.0;09:37:00;;0.0;09:42:00;;0.0;;;0.0;03-11-2026_5731
;C32 ;5507.0;Alnabru;2026-11-03;45.0;Tirsdag;11:40:00;;0.0;11:43:00;;0.0;12:18:00;;0.0;12:23:00;;0.0;;;0.0;03-11-2026_5507
;C42;45960.0;Alnabru;2026-11-03;45.0;Tirsdag;14:00:00;;0.0;15:02:00;;0.0;15:37:00;;0.0;15:42:00;;0.0;;;0.0;03-11-2026_45960
;C42;5707.0;Alnabru;2026-11-03;45.0;Tirsdag;16:20:00;;0.0;16:32:00;;0.0;17:07:00;;0.0;17:12:00;;0.0;;;0.0;03-11-2026_5707
;C32 ;5509.0;Alnabru;2026-11-03;45.0;Tirsdag;16:30:00;;0.0;16:44:00;;0.0;17:19:00;;0.0;17:24:00;;0.0;;;0.0;03-11-2026_5509
;C44;41960.0;Alnabru;2026-11-03;45.0;Tirsdag;16:00:00;;0.0;16:48:00;;0.0;17:23:00;;0.0;17:28:00;;0.0;;;0.0;03-11-2026_41960
;C2/C5A;41971.0;Alnabru;2026-11-03;45.0;Tirsdag;16:00:00;;0.0;17:04:00;;0.0;17:39:00;;0.0;17:44:00;;0.0;;;0.0;03-11-2026_41971
;C45;5805.0;Alnabru;2026-11-03;45.0;Tirsdag;17:00:00;;0.0;17:11:00;;0.0;17:46:00;;0.0;17:51:00;;0.0;;;0.0;03-11-2026_5805
PRI-TOG;C23;41910.0;Alnabru;2026-11-03;45.0;Tirsdag;17:35:00;;0.0;17:45:00;;0.0;18:20:00;;0.0;18:25:00;;0.0;;;0.0;03-11-2026_41910
;C32 ;5511.0;Alnabru;2026-11-03;45.0;Tirsdag;18:40:00;;0.0;18:59:00;;0.0;19:34:00;;0.0;19:39:00;;0.0;;;0.0;03-11-2026_5511
;C42;5733.0;Alnabru;2026-11-03;45.0;Tirsdag;19:20:00;;0.0;19:35:00;;0.0;20:05:00;;0.0;20:10:00;;0.0;;;0.0;03-11-2026_5733
PRI-TOG;C31;41900.0;Alnabru;2026-11-03;45.0;Tirsdag;19:40:00;;0.0;19:46:00;;0.0;20:21:00;;0.0;20:26:00;;0.0;;;0.0;03-11-2026_41900
;C45;5709.0;Alnabru;2026-11-03;45.0;Tirsdag;21:00:00;;0.0;21:02:00;;0.0;21:37:00;;0.0;21:42:00;;0.0;;;0.0;03-11-2026_5709
LANGTOG;C43;5811.0;Alnabru;2026-11-03;45.0;Tirsdag;20:30:00;;0.0;20:51:00;;0.0;21:26:00;;0.0;21:31:00;;0.0;;;0.0;03-11-2026_5811
LANGTOG;C32 ;5515.0;Alnabru;2026-11-03;45.0;Tirsdag;21:15:00;;0.0;21:17:00;;0.0;21:52:00;;0.0;21:57:00;;0.0;;;0.0;03-11-2026_5515
PRI-TOG;C23;5735.0;Alnabru;2026-11-03;45.0;Tirsdag;21:50:00;;0.0;22:02:00;;0.0;22:37:00;;0.0;22:42:00;;0.0;;;0.0;03-11-2026_5735
;C32 Nord;5531.0;Alnabru;2026-11-04;45.0;Onsdag;07:50:00;;0.0;07:43:00;;0.0;08:18:00;;0.0;08:23:00;;0.0;;;0.0;04-11-2026_5531
Lastefristkl. 19:30 dag før avgang.;C45;5301.0;Alnabru;2026-11-04;45.0;Onsdag;19:30:00;;0.0;08:11:00;;0.0;08:46:00;;0.0;08:51:00;;0.0;;;0.0;04-11-2026_5301
;C45;5801.0;Alnabru;2026-11-04;45.0;Onsdag;08:50:00;;0.0;08:51:00;;0.0;09:26:00;;0.0;09:31:00;;0.0;;;0.0;04-11-2026_5801
PRI-TOG;C42;5731.0;Alnabru;2026-11-04;45.0;Onsdag;08:50:00;;0.0;09:02:00;;0.0;09:37:00;;0.0;09:42:00;;0.0;;;0.0;04-11-2026_5731
;C32 ;5507.0;Alnabru;2026-11-04;45.0;Onsdag;11:40:00;;0.0;11:43:00;;0.0;12:18:00;;0.0;12:23:00;;0.0;;;0.0;04-11-2026_5507
;C42;45960.0;Alnabru;2026-11-04;45.0;Onsdag;14:00:00;;0.0;15:02:00;;0.0;15:37:00;;0.0;15:42:00;;0.0;;;0.0;04-11-2026_45960
;C42;5707.0;Alnabru;2026-11-04;45.0;Onsdag;16:20:00;;0.0;16:32:00;;0.0;17:07:00;;0.0;17:12:00;;0.0;;;0.0;04-11-2026_5707
;C32 ;5509.0;Alnabru;2026-11-04;45.0;Onsdag;16:30:00;;0.0;16:44:00;;0.0;17:19:00;;0.0;17:24:00;;0.0;;;0.0;04-11-2026_5509
;C44;41960.0;Alnabru;2026-11-04;45.0;Onsdag;16:00:00;;0.0;16:48:00;;0.0;17:23:00;;0.0;17:28:00;;0.0;;;0.0;04-11-2026_41960
;C2/C5A;41971.0;Alnabru;2026-11-04;45.0;Onsdag;16:00:00;;0.0;17:04:00;;0.0;17:39:00;;0.0;17:44:00;;0.0;;;0.0;04-11-2026_41971
;C45;5805.0;Alnabru;2026-11-04;45.0;Onsdag;17:00:00;;0.0;17:11:00;;0.0;17:46:00;;0.0;17:51:00;;0.0;;;0.0;04-11-2026_5805
PRI-TOG;C23;41910.0;Alnabru;2026-11-04;45.0;Onsdag;17:35:00;;0.0;17:45:00;;0.0;18:20:00;;0.0;18:25:00;;0.0;;;0.0;04-11-2026_41910
;C32 ;5511.0;Alnabru;2026-11-04;45.0;Onsdag;18:40:00;;0.0;18:59:00;;0.0;19:34:00;;0.0;19:39:00;;0.0;;;0.0;04-11-2026_5511
;C42;5733.0;Alnabru;2026-11-04;45.0;Onsdag;19:20:00;;0.0;19:35:00;;0.0;20:05:00;;0.0;20:10:00;;0.0;;;0.0;04-11-2026_5733
PRI-TOG;C31;41900.0;Alnabru;2026-11-04;45.0;Onsdag;19:40:00;;0.0;19:46:00;;0.0;20:21:00;;0.0;20:26:00;;0.0;;;0.0;04-11-2026_41900
;C45;5709.0;Alnabru;2026-11-04;45.0;Onsdag;21:00:00;;0.0;21:02:00;;0.0;21:37:00;;0.0;21:42:00;;0.0;;;0.0;04-11-2026_5709
LANGTOG;C43;5811.0;Alnabru;2026-11-04;45.0;Onsdag;20:30:00;;0.0;20:51:00;;0.0;21:26:00;;0.0;21:31:00;;0.0;;;0.0;04-11-2026_5811
LANGTOG;C32 ;5515.0;Alnabru;2026-11-04;45.0;Onsdag;21:15:00;;0.0;21:17:00;;0.0;21:52:00;;0.0;21:57:00;;0.0;;;0.0;04-11-2026_5515
PRI-TOG;C23;5735.0;Alnabru;2026-11-04;45.0;Onsdag;21:50:00;;0.0;22:02:00;;0.0;22:37:00;;0.0;22:42:00;;0.0;;;0.0;04-11-2026_5735
Lastefristkl. 19:30 dag før avgang.;C45;5301.0;Alnabru;2026-11-05;45.0;Torsdag;19:30:00;;0.0;08:11:00;;0.0;08:46:00;;0.0;08:51:00;;0.0;;;0.0;05-11-2026_5301
;C45;5801.0;Alnabru;2026-11-05;45.0;Torsdag;08:50:00;;0.0;08:51:00;;0.0;09:26:00;;0.0;09:31:00;;0.0;;;0.0;05-11-2026_5801
PRI-TOG;C42;5731.0;Alnabru;2026-11-05;45.0;Torsdag;08:50:00;;0.0;09:02:00;;0.0;09:37:00;;0.0;09:42:00;;0.0;;;0.0;05-11-2026_5731
;C32 ;5507.0;Alnabru;2026-11-05;45.0;Torsdag;11:40:00;;0.0;11:43:00;;0.0;12:18:00;;0.0;12:23:00;;0.0;;;0.0;05-11-2026_5507
;C42;45960.0;Alnabru;2026-11-05;45.0;Torsdag;14:00:00;;0.0;15:02:00;;0.0;15:37:00;;0.0;15:42:00;;0.0;;;0.0;05-11-2026_45960
;C42;5707.0;Alnabru;2026-11-05;45.0;Torsdag;16:20:00;;0.0;16:32:00;;0.0;17:07:00;;0.0;17:12:00;;0.0;;;0.0;05-11-2026_5707
;C32 ;5509.0;Alnabru;2026-11-05;45.0;Torsdag;16:30:00;;0.0;16:44:00;;0.0;17:19:00;;0.0;17:24:00;;0.0;;;0.0;05-11-2026_5509
;C44;41960.0;Alnabru;2026-11-05;45.0;Torsdag;16:00:00;;0.0;16:48:00;;0.0;17:23:00;;0.0;17:28:00;;0.0;;;0.0;05-11-2026_41960
;C2/C5A;41971.0;Alnabru;2026-11-05;45.0;Torsdag;16:00:00;;0.0;17:04:00;;0.0;17:39:00;;0.0;17:44:00;;0.0;;;0.0;05-11-2026_41971
;C45;5805.0;Alnabru;2026-11-05;45.0;Torsdag;17:00:00;;0.0;17:11:00;;0.0;17:46:00;;0.0;17:51:00;;0.0;;;0.0;05-11-2026_5805
PRI-TOG;C23;41910.0;Alnabru;2026-11-05;45.0;Torsdag;17:35:00;;0.0;17:45:00;;0.0;18:20:00;;0.0;18:25:00;;0.0;;;0.0;05-11-2026_41910
;C32 ;5511.0;Alnabru;2026-11-05;45.0;Torsdag;18:40:00;;0.0;18:59:00;;0.0;19:34:00;;0.0;19:39:00;;0.0;;;0.0;05-11-2026_5511
;C42;5733.0;Alnabru;2026-11-05;45.0;Torsdag;19:20:00;;0.0;19:35:00;;0.0;20:05:00;;0.0;20:10:00;;0.0;;;0.0;05-11-2026_5733
PRI-TOG;C31;41900.0;Alnabru;2026-11-05;45.0;Torsdag;19:40:00;;0.0;19:46:00;;0.0;20:21:00;;0.0;20:26:00;;0.0;;;0.0;05-11-2026_41900
;C45;5709.0;Alnabru;2026-11-05;45.0;Torsdag;21:00:00;;0.0;21:02:00;;0.0;21:37:00;;0.0;21:42:00;;0.0;;;0.0;05-11-2026_5709
LANGTOG;C43;5811.0;Alnabru;2026-11-05;45.0;Torsdag;20:30:00;;0.0;20:51:00;;0.0;21:26:00;;0.0;21:31:00;;0.0;;;0.0;05-11-2026_5811
LANGTOG;C32 ;5515.0;Alnabru;2026-11-05;45.0;Torsdag;21:15:00;;0.0;21:17:00;;0.0;21:52:00;;0.0;21:57:00;;0.0;;;0.0;05-11-2026_5515
PRI-TOG;C23;5735.0;Alnabru;2026-11-05;45.0;Torsdag;21:50:00;;0.0;22:02:00;;0.0;22:37:00;;0.0;22:42:00;;0.0;;;0.0;05-11-2026_5735
Lastefristkl. 19:30 dag før avgang.;C45;5301.0;Alnabru;2026-11-06;45.0;Fredag;19:30:00;;0.0;08:11:00;;0.0;08:46:00;;0.0;08:51:00;;0.0;;;0.0;06-11-2026_5301
;C45;5801.0;Alnabru;2026-11-06;45.0;Fredag;08:50:00;;0.0;08:51:00;;0.0;09:26:00;;0.0;09:31:00;;0.0;;;0.0;06-11-2026_5801
PRI-TOG;C42;5731.0;Alnabru;2026-11-06;45.0;Fredag;08:50:00;;0.0;09:02:00;;0.0;09:37:00;;0.0;09:42:00;;0.0;;;0.0;06-11-2026_5731
;C32 ;5507.0;Alnabru;2026-11-06;45.0;Fredag;11:40:00;;0.0;11:43:00;;0.0;12:18:00;;0.0;12:23:00;;0.0;;;0.0;06-11-2026_5507
;C42;45960.0;Alnabru;2026-11-06;45.0;Fredag;14:00:00;;0.0;15:02:00;;0.0;15:37:00;;0.0;15:42:00;;0.0;;;0.0;06-11-2026_45960
;C32 ;5509.0;Alnabru;2026-11-06;45.0;Fredag;16:30:00;;0.0;16:44:00;;0.0;17:19:00;;0.0;17:24:00;;0.0;;;0.0;06-11-2026_5509
;C2/C5A;41971.0;Alnabru;2026-11-06;45.0;Fredag;16:00:00;;0.0;17:04:00;;0.0;17:39:00;;0.0;17:44:00;;0.0;;;0.0;06-11-2026_41971
;C45;5805.0;Alnabru;2026-11-06;45.0;Fredag;17:00:00;;0.0;17:11:00;;0.0;17:46:00;;0.0;17:51:00;;0.0;;;0.0;06-11-2026_5805
PRI-TOG;C23;41910.0;Alnabru;2026-11-06;45.0;Fredag;17:35:00;;0.0;17:45:00;;0.0;18:20:00;;0.0;18:25:00;;0.0;;;0.0;06-11-2026_41910
;C32 ;5511.0;Alnabru;2026-11-06;45.0;Fredag;18:40:00;;0.0;18:59:00;;0.0;19:34:00;;0.0;19:39:00;;0.0;;;0.0;06-11-2026_5511
;C42;5733.0;Alnabru;2026-11-06;45.0;Fredag;19:20:00;;0.0;19:35:00;;0.0;20:05:00;;0.0;20:10:00;;0.0;;;0.0;06-11-2026_5733
PRI-TOG;C31;41900.0;Alnabru;2026-11-06;45.0;Fredag;19:40:00;;0.0;19:46:00;;0.0;20:21:00;;0.0;20:26:00;;0.0;;;0.0;06-11-2026_41900
;C45;5709.0;Alnabru;2026-11-06;45.0;Fredag;21:00:00;;0.0;21:02:00;;0.0;21:37:00;;0.0;21:42:00;;0.0;;;0.0;06-11-2026_5709
LANGTOG;C43;5811.0;Alnabru;2026-11-06;45.0;Fredag;20:30:00;;0.0;20:51:00;;0.0;21:26:00;;0.0;21:31:00;;0.0;;;0.0;06-11-2026_5811
LANGTOG;C32 ;5515.0;Alnabru;2026-11-06;45.0;Fredag;21:15:00;;0.0;21:17:00;;0.0;21:52:00;;0.0;21:57:00;;0.0;;;0.0;06-11-2026_5515
PRI-TOG;C23;5735.0;Alnabru;2026-11-06;45.0;Fredag;21:50:00;;0.0;22:02:00;;0.0;22:37:00;;0.0;22:42:00;;0.0;;;0.0;06-11-2026_5735
FORHÅNDSLASTES C32 FREDAG;C32 ;5737.0;Alnabru;2026-11-07;45.0;Lørdag;11:00:00;;0.0;11:02:00;;0.0;11:37:00;;0.0;11:42:00;;0.0;;;0.0;07-11-2026_5737
;C44;41971.0;Alnabru;2026-11-07;45.0;Lørdag;13:30:00;;0.0;17:04:00;;0.0;17:39:00;;0.0;17:44:00;;0.0;;;0.0;07-11-2026_41971
PRI-TOG;C23;41910.0;Alnabru;2026-11-07;45.0;Lørdag;12:00:00;;0.0;17:45:00;;0.0;18:20:00;;0.0;18:25:00;;0.0;;;0.0;07-11-2026_41910
LASTEFRIST KL. 15:00 LØRDAG;C23;5711.0;Alnabru;2026-11-08;45.0;Søndag;14:30:00;;0.0;07:27:00;;0.0;08:02:00;;0.0;08:07:00;;0.0;;;0.0;08-11-2026_5711
Lastefrist 13:30 Søndag;C44;41960.0;Alnabru;2026-11-08;45.0;Søndag;13:30:00;;0.0;16:48:00;;0.0;17:23:00;;0.0;17:28:00;;0.0;;;0.0;08-11-2026_41960
;C44;41971.0;Alnabru;2026-11-08;45.0;Søndag;13:30:00;;0.0;17:04:00;;0.0;17:39:00;;0.0;17:44:00;;0.0;;;0.0;08-11-2026_41971
LANGTOG;C32;5523.0;Alnabru;2026-11-08;45.0;Søndag;16:00:00;;0.0;18:31:00;;0.0;19:06:00;;0.0;19:11:00;;0.0;;;0.0;08-11-2026_5523
;C23;5717.0;Alnabru;2026-11-08;45.0;Søndag;16:00:00;;0.0;18:57:00;;0.0;19:32:00;;0.0;19:37:00;;0.0;;;0.0;08-11-2026_5717
LANGTOG;C43;5811.0;Alnabru;2026-11-08;45.0;Søndag;13:30:00;;0.0;20:51:00;;0.0;21:26:00;;0.0;21:31:00;;0.0;;;0.0;08-11-2026_5811
;C32 Nord;5531.0;Alnabru;2026-11-09;46.0;Mandag;07:50:00;;0.0;07:43:00;;0.0;08:18:00;;0.0;08:23:00;;0.0;;;0.0;09-11-2026_5531
Lastefristkl. 19:30 dag før avgang.;C45;5301.0;Alnabru;2026-11-09;46.0;Mandag;19:30:00;;0.0;08:11:00;;0.0;08:46:00;;0.0;08:51:00;;0.0;;;0.0;09-11-2026_5301
;C45;5801.0;Alnabru;2026-11-09;46.0;Mandag;08:50:00;;0.0;08:51:00;;0.0;09:26:00;;0.0;09:31:00;;0.0;;;0.0;09-11-2026_5801
PRI-TOG;C42;5731.0;Alnabru;2026-11-09;46.0;Mandag;08:50:00;;0.0;09:02:00;;0.0;09:37:00;;0.0;09:42:00;;0.0;;;0.0;09-11-2026_5731
;C32 ;5507.0;Alnabru;2026-11-09;46.0;Mandag;11:40:00;;0.0;11:43:00;;0.0;12:18:00;;0.0;12:23:00;;0.0;;;0.0;09-11-2026_5507
;C42;45960.0;Alnabru;2026-11-09;46.0;Mandag;14:00:00;;0.0;15:02:00;;0.0;15:37:00;;0.0;15:42:00;;0.0;;;0.0;09-11-2026_45960
;C42;5707.0;Alnabru;2026-11-09;46.0;Mandag;16:20:00;;0.0;16:32:00;;0.0;17:07:00;;0.0;17:12:00;;0.0;;;0.0;09-11-2026_5707
;C32 ;5509.0;Alnabru;2026-11-09;46.0;Mandag;16:30:00;;0.0;16:44:00;;0.0;17:19:00;;0.0;17:24:00;;0.0;;;0.0;09-11-2026_5509
;C44;41960.0;Alnabru;2026-11-09;46.0;Mandag;16:00:00;;0.0;16:48:00;;0.0;17:23:00;;0.0;17:28:00;;0.0;;;0.0;09-11-2026_41960
;C2/C5A;41971.0;Alnabru;2026-11-09;46.0;Mandag;16:00:00;;0.0;17:04:00;;0.0;17:39:00;;0.0;17:44:00;;0.0;;;0.0;09-11-2026_41971
;C45;5805.0;Alnabru;2026-11-09;46.0;Mandag;17:00:00;;0.0;17:11:00;;0.0;17:46:00;;0.0;17:51:00;;0.0;;;0.0;09-11-2026_5805
PRI-TOG;C23;41910.0;Alnabru;2026-11-09;46.0;Mandag;17:35:00;;0.0;17:45:00;;0.0;18:20:00;;0.0;18:25:00;;0.0;;;0.0;09-11-2026_41910
;C32;5511.0;Alnabru;2026-11-09;46.0;Mandag;18:40:00;;0.0;18:59:00;;0.0;19:34:00;;0.0;19:39:00;;0.0;;;0.0;09-11-2026_5511
;C42;5733.0;Alnabru;2026-11-09;46.0;Mandag;19:20:00;;0.0;19:30:00;;0.0;20:05:00;;0.0;20:10:00;;0.0;;;0.0;09-11-2026_5733
PRI-TOG;C31;41900.0;Alnabru;2026-11-09;46.0;Mandag;19:40:00;;0.0;19:46:00;;0.0;20:21:00;;0.0;20:26:00;;0.0;;;0.0;09-11-2026_41900
;C45;5709.0;Alnabru;2026-11-09;46.0;Mandag;21:00:00;;0.0;21:02:00;;0.0;21:37:00;;0.0;21:42:00;;0.0;;;0.0;09-11-2026_5709
LANGTOG;C43;5811.0;Alnabru;2026-11-09;46.0;Mandag;20:30:00;;0.0;20:51:00;;0.0;21:26:00;;0.0;21:31:00;;0.0;;;0.0;09-11-2026_5811
LANGTOG;C32 ;5515.0;Alnabru;2026-11-09;46.0;Mandag;21:15:00;;0.0;21:17:00;;0.0;21:52:00;;0.0;21:57:00;;0.0;;;0.0;09-11-2026_5515
PRI-TOG;C23;5735.0;Alnabru;2026-11-09;46.0;Mandag;21:50:00;;0.0;22:02:00;;0.0;22:37:00;;0.0;22:42:00;;0.0;;;0.0;09-11-2026_5735
Lastefristkl. 19:30 dag før avgang.;C45;5301.0;Alnabru;2026-11-10;46.0;Tirsdag;19:30:00;;0.0;08:11:00;;0.0;08:46:00;;0.0;08:51:00;;0.0;;;0.0;10-11-2026_5301
;C45;5801.0;Alnabru;2026-11-10;46.0;Tirsdag;08:50:00;;0.0;08:51:00;;0.0;09:26:00;;0.0;09:31:00;;0.0;;;0.0;10-11-2026_5801
PRI-TOG;C42;5731.0;Alnabru;2026-11-10;46.0;Tirsdag;08:50:00;;0.0;09:02:00;;0.0;09:37:00;;0.0;09:42:00;;0.0;;;0.0;10-11-2026_5731
;C32 ;5507.0;Alnabru;2026-11-10;46.0;Tirsdag;11:40:00;;0.0;11:43:00;;0.0;12:18:00;;0.0;12:23:00;;0.0;;;0.0;10-11-2026_5507
;C42;45960.0;Alnabru;2026-11-10;46.0;Tirsdag;14:00:00;;0.0;15:02:00;;0.0;15:37:00;;0.0;15:42:00;;0.0;;;0.0;10-11-2026_45960
;C42;5707.0;Alnabru;2026-11-10;46.0;Tirsdag;16:20:00;;0.0;16:32:00;;0.0;17:07:00;;0.0;17:12:00;;0.0;;;0.0;10-11-2026_5707
;C32 ;5509.0;Alnabru;2026-11-10;46.0;Tirsdag;16:30:00;;0.0;16:44:00;;0.0;17:19:00;;0.0;17:24:00;;0.0;;;0.0;10-11-2026_5509
;C44;41960.0;Alnabru;2026-11-10;46.0;Tirsdag;16:00:00;;0.0;16:48:00;;0.0;17:23:00;;0.0;17:28:00;;0.0;;;0.0;10-11-2026_41960
;C2/C5A;41971.0;Alnabru;2026-11-10;46.0;Tirsdag;16:00:00;;0.0;17:04:00;;0.0;17:39:00;;0.0;17:44:00;;0.0;;;0.0;10-11-2026_41971
;C45;5805.0;Alnabru;2026-11-10;46.0;Tirsdag;17:00:00;;0.0;17:11:00;;0.0;17:46:00;;0.0;17:51:00;;0.0;;;0.0;10-11-2026_5805
PRI-TOG;C23;41910.0;Alnabru;2026-11-10;46.0;Tirsdag;17:35:00;;0.0;17:45:00;;0.0;18:20:00;;0.0;18:25:00;;0.0;;;0.0;10-11-2026_41910
;C32 ;5511.0;Alnabru;2026-11-10;46.0;Tirsdag;18:40:00;;0.0;18:59:00;;0.0;19:34:00;;0.0;19:39:00;;0.0;;;0.0;10-11-2026_5511
;C42;5733.0;Alnabru;2026-11-10;46.0;Tirsdag;19:20:00;;0.0;19:35:00;;0.0;20:05:00;;0.0;20:10:00;;0.0;;;0.0;10-11-2026_5733
PRI-TOG;C31;41900.0;Alnabru;2026-11-10;46.0;Tirsdag;19:40:00;;0.0;19:46:00;;0.0;20:21:00;;0.0;20:26:00;;0.0;;;0.0;10-11-2026_41900
;C45;5709.0;Alnabru;2026-11-10;46.0;Tirsdag;21:00:00;;0.0;21:02:00;;0.0;21:37:00;;0.0;21:42:00;;0.0;;;0.0;10-11-2026_5709
LANGTOG;C43;5811.0;Alnabru;2026-11-10;46.0;Tirsdag;20:30:00;;0.0;20:51:00;;0.0;21:26:00;;0.0;21:31:00;;0.0;;;0.0;10-11-2026_5811
LANGTOG;C32 ;5515.0;Alnabru;2026-11-10;46.0;Tirsdag;21:15:00;;0.0;21:17:00;;0.0;21:52:00;;0.0;21:57:00;;0.0;;;0.0;10-11-2026_5515
PRI-TOG;C23;5735.0;Alnabru;2026-11-10;46.0;Tirsdag;21:50:00;;0.0;22:02:00;;0.0;22:37:00;;0.0;22:42:00;;0.0;;;0.0;10-11-2026_5735
;C32 Nord;5531.0;Alnabru;2026-11-11;46.0;Onsdag;07:50:00;;0.0;07:43:00;;0.0;08:18:00;;0.0;08:23:00;;0.0;;;0.0;11-11-2026_5531
Lastefristkl. 19:30 dag før avgang.;C45;5301.0;Alnabru;2026-11-11;46.0;Onsdag;19:30:00;;0.0;08:11:00;;0.0;08:46:00;;0.0;08:51:00;;0.0;;;0.0;11-11-2026_5301
;C45;5801.0;Alnabru;2026-11-11;46.0;Onsdag;08:50:00;;0.0;08:51:00;;0.0;09:26:00;;0.0;09:31:00;;0.0;;;0.0;11-11-2026_5801
PRI-TOG;C42;5731.0;Alnabru;2026-11-11;46.0;Onsdag;08:50:00;;0.0;09:02:00;;0.0;09:37:00;;0.0;09:42:00;;0.0;;;0.0;11-11-2026_5731
;C32 ;5507.0;Alnabru;2026-11-11;46.0;Onsdag;11:40:00;;0.0;11:43:00;;0.0;12:18:00;;0.0;12:23:00;;0.0;;;0.0;11-11-2026_5507
;C42;45960.0;Alnabru;2026-11-11;46.0;Onsdag;14:00:00;;0.0;15:02:00;;0.0;15:37:00;;0.0;15:42:00;;0.0;;;0.0;11-11-2026_45960
;C42;5707.0;Alnabru;2026-11-11;46.0;Onsdag;16:20:00;;0.0;16:32:00;;0.0;17:07:00;;0.0;17:12:00;;0.0;;;0.0;11-11-2026_5707
;C32 ;5509.0;Alnabru;2026-11-11;46.0;Onsdag;16:30:00;;0.0;16:44:00;;0.0;17:19:00;;0.0;17:24:00;;0.0;;;0.0;11-11-2026_5509
;C44;41960.0;Alnabru;2026-11-11;46.0;Onsdag;16:00:00;;0.0;16:48:00;;0.0;17:23:00;;0.0;17:28:00;;0.0;;;0.0;11-11-2026_41960
;C2/C5A;41971.0;Alnabru;2026-11-11;46.0;Onsdag;16:00:00;;0.0;17:04:00;;0.0;17:39:00;;0.0;17:44:00;;0.0;;;0.0;11-11-2026_41971
;C45;5805.0;Alnabru;2026-11-11;46.0;Onsdag;17:00:00;;0.0;17:11:00;;0.0;17:46:00;;0.0;17:51:00;;0.0;;;0.0;11-11-2026_5805
PRI-TOG;C23;41910.0;Alnabru;2026-11-11;46.0;Onsdag;17:35:00;;0.0;17:45:00;;0.0;18:20:00;;0.0;18:25:00;;0.0;;;0.0;11-11-2026_41910
;C32 ;5511.0;Alnabru;2026-11-11;46.0;Onsdag;18:40:00;;0.0;18:59:00;;0.0;19:34:00;;0.0;19:39:00;;0.0;;;0.0;11-11-2026_5511
;C42;5733.0;Alnabru;2026-11-11;46.0;Onsdag;19:20:00;;0.0;19:35:00;;0.0;20:05:00;;0.0;20:10:00;;0.0;;;0.0;11-11-2026_5733
PRI-TOG;C31;41900.0;Alnabru;2026-11-11;46.0;Onsdag;19:40:00;;0.0;19:46:00;;0.0;20:21:00;;0.0;20:26:00;;0.0;;;0.0;11-11-2026_41900
;C45;5709.0;Alnabru;2026-11-11;46.0;Onsdag;21:00:00;;0.0;21:02:00;;0.0;21:37:00;;0.0;21:42:00;;0.0;;;0.0;11-11-2026_5709
LANGTOG;C43;5811.0;Alnabru;2026-11-11;46.0;Onsdag;20:30:00;;0.0;20:51:00;;0.0;21:26:00;;0.0;21:31:00;;0.0;;;0.0;11-11-2026_5811
LANGTOG;C32 ;5515.0;Alnabru;2026-11-11;46.0;Onsdag;21:15:00;;0.0;21:17:00;;0.0;21:52:00;;0.0;21:57:00;;0.0;;;0.0;11-11-2026_5515
PRI-TOG;C23;5735.0;Alnabru;2026-11-11;46.0;Onsdag;21:50:00;;0.0;22:02:00;;0.0;22:37:00;;0.0;22:42:00;;0.0;;;0.0;11-11-2026_5735
Lastefristkl. 19:30 dag før avgang.;C45;5301.0;Alnabru;2026-11-12;46.0;Torsdag;19:30:00;;0.0;08:11:00;;0.0;08:46:00;;0.0;08:51:00;;0.0;;;0.0;12-11-2026_5301
;C45;5801.0;Alnabru;2026-11-12;46.0;Torsdag;08:50:00;;0.0;08:51:00;;0.0;09:26:00;;0.0;09:31:00;;0.0;;;0.0;12-11-2026_5801
PRI-TOG;C42;5731.0;Alnabru;2026-11-12;46.0;Torsdag;08:50:00;;0.0;09:02:00;;0.0;09:37:00;;0.0;09:42:00;;0.0;;;0.0;12-11-2026_5731
;C32 ;5507.0;Alnabru;2026-11-12;46.0;Torsdag;11:40:00;;0.0;11:43:00;;0.0;12:18:00;;0.0;12:23:00;;0.0;;;0.0;12-11-2026_5507
;C42;45960.0;Alnabru;2026-11-12;46.0;Torsdag;14:00:00;;0.0;15:02:00;;0.0;15:37:00;;0.0;15:42:00;;0.0;;;0.0;12-11-2026_45960
;C42;5707.0;Alnabru;2026-11-12;46.0;Torsdag;16:20:00;;0.0;16:32:00;;0.0;17:07:00;;0.0;17:12:00;;0.0;;;0.0;12-11-2026_5707
;C32 ;5509.0;Alnabru;2026-11-12;46.0;Torsdag;16:30:00;;0.0;16:44:00;;0.0;17:19:00;;0.0;17:24:00;;0.0;;;0.0;12-11-2026_5509
;C44;41960.0;Alnabru;2026-11-12;46.0;Torsdag;16:00:00;;0.0;16:48:00;;0.0;17:23:00;;0.0;17:28:00;;0.0;;;0.0;12-11-2026_41960
;C2/C5A;41971.0;Alnabru;2026-11-12;46.0;Torsdag;16:00:00;;0.0;17:04:00;;0.0;17:39:00;;0.0;17:44:00;;0.0;;;0.0;12-11-2026_41971
;C45;5805.0;Alnabru;2026-11-12;46.0;Torsdag;17:00:00;;0.0;17:11:00;;0.0;17:46:00;;0.0;17:51:00;;0.0;;;0.0;12-11-2026_5805
PRI-TOG;C23;41910.0;Alnabru;2026-11-12;46.0;Torsdag;17:35:00;;0.0;17:45:00;;0.0;18:20:00;;0.0;18:25:00;;0.0;;;0.0;12-11-2026_41910
;C32 ;5511.0;Alnabru;2026-11-12;46.0;Torsdag;18:40:00;;0.0;18:59:00;;0.0;19:34:00;;0.0;19:39:00;;0.0;;;0.0;12-11-2026_5511
;C42;5733.0;Alnabru;2026-11-12;46.0;Torsdag;19:20:00;;0.0;19:35:00;;0.0;20:05:00;;0.0;20:10:00;;0.0;;;0.0;12-11-2026_5733
PRI-TOG;C31;41900.0;Alnabru;2026-11-12;46.0;Torsdag;19:40:00;;0.0;19:46:00;;0.0;20:21:00;;0.0;20:26:00;;0.0;;;0.0;12-11-2026_41900
;C45;5709.0;Alnabru;2026-11-12;46.0;Torsdag;21:00:00;;0.0;21:02:00;;0.0;21:37:00;;0.0;21:42:00;;0.0;;;0.0;12-11-2026_5709
LANGTOG;C43;5811.0;Alnabru;2026-11-12;46.0;Torsdag;20:30:00;;0.0;20:51:00;;0.0;21:26:00;;0.0;21:31:00;;0.0;;;0.0;12-11-2026_5811
LANGTOG;C32 ;5515.0;Alnabru;2026-11-12;46.0;Torsdag;21:15:00;;0.0;21:17:00;;0.0;21:52:00;;0.0;21:57:00;;0.0;;;0.0;12-11-2026_5515
PRI-TOG;C23;5735.0;Alnabru;2026-11-12;46.0;Torsdag;21:50:00;;0.0;22:02:00;;0.0;22:37:00;;0.0;22:42:00;;0.0;;;0.0;12-11-2026_5735
Lastefristkl. 19:30 dag før avgang.;C45;5301.0;Alnabru;2026-11-13;46.0;Fredag;19:30:00;;0.0;08:11:00;;0.0;08:46:00;;0.0;08:51:00;;0.0;;;0.0;13-11-2026_5301
;C45;5801.0;Alnabru;2026-11-13;46.0;Fredag;08:50:00;;0.0;08:51:00;;0.0;09:26:00;;0.0;09:31:00;;0.0;;;0.0;13-11-2026_5801
PRI-TOG;C42;5731.0;Alnabru;2026-11-13;46.0;Fredag;08:50:00;;0.0;09:02:00;;0.0;09:37:00;;0.0;09:42:00;;0.0;;;0.0;13-11-2026_5731
;C32 ;5507.0;Alnabru;2026-11-13;46.0;Fredag;11:40:00;;0.0;11:43:00;;0.0;12:18:00;;0.0;12:23:00;;0.0;;;0.0;13-11-2026_5507
;C42;45960.0;Alnabru;2026-11-13;46.0;Fredag;14:00:00;;0.0;15:02:00;;0.0;15:37:00;;0.0;15:42:00;;0.0;;;0.0;13-11-2026_45960
;C32 ;5509.0;Alnabru;2026-11-13;46.0;Fredag;16:30:00;;0.0;16:44:00;;0.0;17:19:00;;0.0;17:24:00;;0.0;;;0.0;13-11-2026_5509
;C2/C5A;41971.0;Alnabru;2026-11-13;46.0;Fredag;16:00:00;;0.0;17:04:00;;0.0;17:39:00;;0.0;17:44:00;;0.0;;;0.0;13-11-2026_41971
;C45;5805.0;Alnabru;2026-11-13;46.0;Fredag;17:00:00;;0.0;17:11:00;;0.0;17:46:00;;0.0;17:51:00;;0.0;;;0.0;13-11-2026_5805
PRI-TOG;C23;41910.0;Alnabru;2026-11-13;46.0;Fredag;17:35:00;;0.0;17:45:00;;0.0;18:20:00;;0.0;18:25:00;;0.0;;;0.0;13-11-2026_41910
;C32 ;5511.0;Alnabru;2026-11-13;46.0;Fredag;18:40:00;;0.0;18:59:00;;0.0;19:34:00;;0.0;19:39:00;;0.0;;;0.0;13-11-2026_5511
;C42;5733.0;Alnabru;2026-11-13;46.0;Fredag;19:20:00;;0.0;19:35:00;;0.0;20:05:00;;0.0;20:10:00;;0.0;;;0.0;13-11-2026_5733
PRI-TOG;C31;41900.0;Alnabru;2026-11-13;46.0;Fredag;19:40:00;;0.0;19:46:00;;0.0;20:21:00;;0.0;20:26:00;;0.0;;;0.0;13-11-2026_41900
;C45;5709.0;Alnabru;2026-11-13;46.0;Fredag;21:00:00;;0.0;21:02:00;;0.0;21:37:00;;0.0;21:42:00;;0.0;;;0.0;13-11-2026_5709
LANGTOG;C43;5811.0;Alnabru;2026-11-13;46.0;Fredag;20:30:00;;0.0;20:51:00;;0.0;21:26:00;;0.0;21:31:00;;0.0;;;0.0;13-11-2026_5811
LANGTOG;C32 ;5515.0;Alnabru;2026-11-13;46.0;Fredag;21:15:00;;0.0;21:17:00;;0.0;21:52:00;;0.0;21:57:00;;0.0;;;0.0;13-11-2026_5515
PRI-TOG;C23;5735.0;Alnabru;2026-11-13;46.0;Fredag;21:50:00;;0.0;22:02:00;;0.0;22:37:00;;0.0;22:42:00;;0.0;;;0.0;13-11-2026_5735
FORHÅNDSLASTES C32 FREDAG;C32 ;5737.0;Alnabru;2026-11-14;46.0;Lørdag;11:00:00;;0.0;11:02:00;;0.0;11:37:00;;0.0;11:42:00;;0.0;;;0.0;14-11-2026_5737
;C44;41971.0;Alnabru;2026-11-14;46.0;Lørdag;13:30:00;;0.0;17:04:00;;0.0;17:39:00;;0.0;17:44:00;;0.0;;;0.0;14-11-2026_41971
PRI-TOG;C23;41910.0;Alnabru;2026-11-14;46.0;Lørdag;12:00:00;;0.0;17:45:00;;0.0;18:20:00;;0.0;18:25:00;;0.0;;;0.0;14-11-2026_41910
LASTEFRIST KL. 15:00 LØRDAG;C23;5711.0;Alnabru;2026-11-15;46.0;Søndag;14:30:00;;0.0;07:27:00;;0.0;08:02:00;;0.0;08:07:00;;0.0;;;0.0;15-11-2026_5711
Lastefrist 13:30 Søndag;C44;41960.0;Alnabru;2026-11-15;46.0;Søndag;13:30:00;;0.0;16:48:00;;0.0;17:23:00;;0.0;17:28:00;;0.0;;;0.0;15-11-2026_41960
;C44;41971.0;Alnabru;2026-11-15;46.0;Søndag;13:30:00;;0.0;17:04:00;;0.0;17:39:00;;0.0;17:44:00;;0.0;;;0.0;15-11-2026_41971
LANGTOG;C32;5523.0;Alnabru;2026-11-15;46.0;Søndag;16:00:00;;0.0;18:31:00;;0.0;19:06:00;;0.0;19:11:00;;0.0;;;0.0;15-11-2026_5523
;C23;5717.0;Alnabru;2026-11-15;46.0;Søndag;16:00:00;;0.0;18:57:00;;0.0;19:32:00;;0.0;19:37:00;;0.0;;;0.0;15-11-2026_5717
LANGTOG;C43;5811.0;Alnabru;2026-11-15;46.0;Søndag;13:30:00;;0.0;20:51:00;;0.0;21:26:00;;0.0;21:31:00;;0.0;;;0.0;15-11-2026_5811
;C32 Nord;5531.0;Alnabru;2026-11-16;47.0;Mandag;07:50:00;;0.0;07:43:00;;0.0;08:18:00;;0.0;08:23:00;;0.0;;;0.0;16-11-2026_5531
Lastefristkl. 19:30 dag før avgang.;C45;5301.0;Alnabru;2026-11-16;47.0;Mandag;19:30:00;;0.0;08:11:00;;0.0;08:46:00;;0.0;08:51:00;;0.0;;;0.0;16-11-2026_5301
;C45;5801.0;Alnabru;2026-11-16;47.0;Mandag;08:50:00;;0.0;08:51:00;;0.0;09:26:00;;0.0;09:31:00;;0.0;;;0.0;16-11-2026_5801
PRI-TOG;C42;5731.0;Alnabru;2026-11-16;47.0;Mandag;08:50:00;;0.0;09:02:00;;0.0;09:37:00;;0.0;09:42:00;;0.0;;;0.0;16-11-2026_5731
;C32 ;5507.0;Alnabru;2026-11-16;47.0;Mandag;11:40:00;;0.0;11:43:00;;0.0;12:18:00;;0.0;12:23:00;;0.0;;;0.0;16-11-2026_5507
;C42;45960.0;Alnabru;2026-11-16;47.0;Mandag;14:00:00;;0.0;15:02:00;;0.0;15:37:00;;0.0;15:42:00;;0.0;;;0.0;16-11-2026_45960
;C42;5707.0;Alnabru;2026-11-16;47.0;Mandag;16:20:00;;0.0;16:32:00;;0.0;17:07:00;;0.0;17:12:00;;0.0;;;0.0;16-11-2026_5707
;C32 ;5509.0;Alnabru;2026-11-16;47.0;Mandag;16:30:00;;0.0;16:44:00;;0.0;17:19:00;;0.0;17:24:00;;0.0;;;0.0;16-11-2026_5509
;C44;41960.0;Alnabru;2026-11-16;47.0;Mandag;16:00:00;;0.0;16:48:00;;0.0;17:23:00;;0.0;17:28:00;;0.0;;;0.0;16-11-2026_41960
;C2/C5A;41971.0;Alnabru;2026-11-16;47.0;Mandag;16:00:00;;0.0;17:04:00;;0.0;17:39:00;;0.0;17:44:00;;0.0;;;0.0;16-11-2026_41971
;C45;5805.0;Alnabru;2026-11-16;47.0;Mandag;17:00:00;;0.0;17:11:00;;0.0;17:46:00;;0.0;17:51:00;;0.0;;;0.0;16-11-2026_5805
PRI-TOG;C23;41910.0;Alnabru;2026-11-16;47.0;Mandag;17:35:00;;0.0;17:45:00;;0.0;18:20:00;;0.0;18:25:00;;0.0;;;0.0;16-11-2026_41910
;C32;5511.0;Alnabru;2026-11-16;47.0;Mandag;18:40:00;;0.0;18:59:00;;0.0;19:34:00;;0.0;19:39:00;;0.0;;;0.0;16-11-2026_5511
;C42;5733.0;Alnabru;2026-11-16;47.0;Mandag;19:20:00;;0.0;19:30:00;;0.0;20:05:00;;0.0;20:10:00;;0.0;;;0.0;16-11-2026_5733
PRI-TOG;C31;41900.0;Alnabru;2026-11-16;47.0;Mandag;19:40:00;;0.0;19:46:00;;0.0;20:21:00;;0.0;20:26:00;;0.0;;;0.0;16-11-2026_41900
;C45;5709.0;Alnabru;2026-11-16;47.0;Mandag;21:00:00;;0.0;21:02:00;;0.0;21:37:00;;0.0;21:42:00;;0.0;;;0.0;16-11-2026_5709
LANGTOG;C43;5811.0;Alnabru;2026-11-16;47.0;Mandag;20:30:00;;0.0;20:51:00;;0.0;21:26:00;;0.0;21:31:00;;0.0;;;0.0;16-11-2026_5811
LANGTOG;C32 ;5515.0;Alnabru;2026-11-16;47.0;Mandag;21:15:00;;0.0;21:17:00;;0.0;21:52:00;;0.0;21:57:00;;0.0;;;0.0;16-11-2026_5515
PRI-TOG;C23;5735.0;Alnabru;2026-11-16;47.0;Mandag;21:50:00;;0.0;22:02:00;;0.0;22:37:00;;0.0;22:42:00;;0.0;;;0.0;16-11-2026_5735
Lastefristkl. 19:30 dag før avgang.;C45;5301.0;Alnabru;2026-11-17;47.0;Tirsdag;19:30:00;;0.0;08:11:00;;0.0;08:46:00;;0.0;08:51:00;;0.0;;;0.0;17-11-2026_5301
;C45;5801.0;Alnabru;2026-11-17;47.0;Tirsdag;08:50:00;;0.0;08:51:00;;0.0;09:26:00;;0.0;09:31:00;;0.0;;;0.0;17-11-2026_5801
PRI-TOG;C42;5731.0;Alnabru;2026-11-17;47.0;Tirsdag;08:50:00;;0.0;09:02:00;;0.0;09:37:00;;0.0;09:42:00;;0.0;;;0.0;17-11-2026_5731
;C32 ;5507.0;Alnabru;2026-11-17;47.0;Tirsdag;11:40:00;;0.0;11:43:00;;0.0;12:18:00;;0.0;12:23:00;;0.0;;;0.0;17-11-2026_5507
;C42;45960.0;Alnabru;2026-11-17;47.0;Tirsdag;14:00:00;;0.0;15:02:00;;0.0;15:37:00;;0.0;15:42:00;;0.0;;;0.0;17-11-2026_45960
;C42;5707.0;Alnabru;2026-11-17;47.0;Tirsdag;16:20:00;;0.0;16:32:00;;0.0;17:07:00;;0.0;17:12:00;;0.0;;;0.0;17-11-2026_5707
;C32 ;5509.0;Alnabru;2026-11-17;47.0;Tirsdag;16:30:00;;0.0;16:44:00;;0.0;17:19:00;;0.0;17:24:00;;0.0;;;0.0;17-11-2026_5509
;C44;41960.0;Alnabru;2026-11-17;47.0;Tirsdag;16:00:00;;0.0;16:48:00;;0.0;17:23:00;;0.0;17:28:00;;0.0;;;0.0;17-11-2026_41960
;C2/C5A;41971.0;Alnabru;2026-11-17;47.0;Tirsdag;16:00:00;;0.0;17:04:00;;0.0;17:39:00;;0.0;17:44:00;;0.0;;;0.0;17-11-2026_41971
;C45;5805.0;Alnabru;2026-11-17;47.0;Tirsdag;17:00:00;;0.0;17:11:00;;0.0;17:46:00;;0.0;17:51:00;;0.0;;;0.0;17-11-2026_5805
PRI-TOG;C23;41910.0;Alnabru;2026-11-17;47.0;Tirsdag;17:35:00;;0.0;17:45:00;;0.0;18:20:00;;0.0;18:25:00;;0.0;;;0.0;17-11-2026_41910
;C32 ;5511.0;Alnabru;2026-11-17;47.0;Tirsdag;18:40:00;;0.0;18:59:00;;0.0;19:34:00;;0.0;19:39:00;;0.0;;;0.0;17-11-2026_5511
;C42;5733.0;Alnabru;2026-11-17;47.0;Tirsdag;19:20:00;;0.0;19:35:00;;0.0;20:05:00;;0.0;20:10:00;;0.0;;;0.0;17-11-2026_5733
PRI-TOG;C31;41900.0;Alnabru;2026-11-17;47.0;Tirsdag;19:40:00;;0.0;19:46:00;;0.0;20:21:00;;0.0;20:26:00;;0.0;;;0.0;17-11-2026_41900
;C45;5709.0;Alnabru;2026-11-17;47.0;Tirsdag;21:00:00;;0.0;21:02:00;;0.0;21:37:00;;0.0;21:42:00;;0.0;;;0.0;17-11-2026_5709
LANGTOG;C43;5811.0;Alnabru;2026-11-17;47.0;Tirsdag;20:30:00;;0.0;20:51:00;;0.0;21:26:00;;0.0;21:31:00;;0.0;;;0.0;17-11-2026_5811
LANGTOG;C32 ;5515.0;Alnabru;2026-11-17;47.0;Tirsdag;21:15:00;;0.0;21:17:00;;0.0;21:52:00;;0.0;21:57:00;;0.0;;;0.0;17-11-2026_5515
PRI-TOG;C23;5735.0;Alnabru;2026-11-17;47.0;Tirsdag;21:50:00;;0.0;22:02:00;;0.0;22:37:00;;0.0;22:42:00;;0.0;;;0.0;17-11-2026_5735
;C32 Nord;5531.0;Alnabru;2026-11-18;47.0;Onsdag;07:50:00;;0.0;07:43:00;;0.0;08:18:00;;0.0;08:23:00;;0.0;;;0.0;18-11-2026_5531
Lastefristkl. 19:30 dag før avgang.;C45;5301.0;Alnabru;2026-11-18;47.0;Onsdag;19:30:00;;0.0;08:11:00;;0.0;08:46:00;;0.0;08:51:00;;0.0;;;0.0;18-11-2026_5301
;C45;5801.0;Alnabru;2026-11-18;47.0;Onsdag;08:50:00;;0.0;08:51:00;;0.0;09:26:00;;0.0;09:31:00;;0.0;;;0.0;18-11-2026_5801
PRI-TOG;C42;5731.0;Alnabru;2026-11-18;47.0;Onsdag;08:50:00;;0.0;09:02:00;;0.0;09:37:00;;0.0;09:42:00;;0.0;;;0.0;18-11-2026_5731
;C32 ;5507.0;Alnabru;2026-11-18;47.0;Onsdag;11:40:00;;0.0;11:43:00;;0.0;12:18:00;;0.0;12:23:00;;0.0;;;0.0;18-11-2026_5507
;C42;45960.0;Alnabru;2026-11-18;47.0;Onsdag;14:00:00;;0.0;15:02:00;;0.0;15:37:00;;0.0;15:42:00;;0.0;;;0.0;18-11-2026_45960
;C42;5707.0;Alnabru;2026-11-18;47.0;Onsdag;16:20:00;;0.0;16:32:00;;0.0;17:07:00;;0.0;17:12:00;;0.0;;;0.0;18-11-2026_5707
;C32 ;5509.0;Alnabru;2026-11-18;47.0;Onsdag;16:30:00;;0.0;16:44:00;;0.0;17:19:00;;0.0;17:24:00;;0.0;;;0.0;18-11-2026_5509
;C44;41960.0;Alnabru;2026-11-18;47.0;Onsdag;16:00:00;;0.0;16:48:00;;0.0;17:23:00;;0.0;17:28:00;;0.0;;;0.0;18-11-2026_41960
;C2/C5A;41971.0;Alnabru;2026-11-18;47.0;Onsdag;16:00:00;;0.0;17:04:00;;0.0;17:39:00;;0.0;17:44:00;;0.0;;;0.0;18-11-2026_41971
;C45;5805.0;Alnabru;2026-11-18;47.0;Onsdag;17:00:00;;0.0;17:11:00;;0.0;17:46:00;;0.0;17:51:00;;0.0;;;0.0;18-11-2026_5805
PRI-TOG;C23;41910.0;Alnabru;2026-11-18;47.0;Onsdag;17:35:00;;0.0;17:45:00;;0.0;18:20:00;;0.0;18:25:00;;0.0;;;0.0;18-11-2026_41910
;C32 ;5511.0;Alnabru;2026-11-18;47.0;Onsdag;18:40:00;;0.0;18:59:00;;0.0;19:34:00;;0.0;19:39:00;;0.0;;;0.0;18-11-2026_5511
;C42;5733.0;Alnabru;2026-11-18;47.0;Onsdag;19:20:00;;0.0;19:35:00;;0.0;20:05:00;;0.0;20:10:00;;0.0;;;0.0;18-11-2026_5733
PRI-TOG;C31;41900.0;Alnabru;2026-11-18;47.0;Onsdag;19:40:00;;0.0;19:46:00;;0.0;20:21:00;;0.0;20:26:00;;0.0;;;0.0;18-11-2026_41900
;C45;5709.0;Alnabru;2026-11-18;47.0;Onsdag;21:00:00;;0.0;21:02:00;;0.0;21:37:00;;0.0;21:42:00;;0.0;;;0.0;18-11-2026_5709
LANGTOG;C43;5811.0;Alnabru;2026-11-18;47.0;Onsdag;20:30:00;;0.0;20:51:00;;0.0;21:26:00;;0.0;21:31:00;;0.0;;;0.0;18-11-2026_5811
LANGTOG;C32 ;5515.0;Alnabru;2026-11-18;47.0;Onsdag;21:15:00;;0.0;21:17:00;;0.0;21:52:00;;0.0;21:57:00;;0.0;;;0.0;18-11-2026_5515
PRI-TOG;C23;5735.0;Alnabru;2026-11-18;47.0;Onsdag;21:50:00;;0.0;22:02:00;;0.0;22:37:00;;0.0;22:42:00;;0.0;;;0.0;18-11-2026_5735
Lastefristkl. 19:30 dag før avgang.;C45;5301.0;Alnabru;2026-11-19;47.0;Torsdag;19:30:00;;0.0;08:11:00;;0.0;08:46:00;;0.0;08:51:00;;0.0;;;0.0;19-11-2026_5301
;C45;5801.0;Alnabru;2026-11-19;47.0;Torsdag;08:50:00;;0.0;08:51:00;;0.0;09:26:00;;0.0;09:31:00;;0.0;;;0.0;19-11-2026_5801
PRI-TOG;C42;5731.0;Alnabru;2026-11-19;47.0;Torsdag;08:50:00;;0.0;09:02:00;;0.0;09:37:00;;0.0;09:42:00;;0.0;;;0.0;19-11-2026_5731
;C32 ;5507.0;Alnabru;2026-11-19;47.0;Torsdag;11:40:00;;0.0;11:43:00;;0.0;12:18:00;;0.0;12:23:00;;0.0;;;0.0;19-11-2026_5507
;C42;45960.0;Alnabru;2026-11-19;47.0;Torsdag;14:00:00;;0.0;15:02:00;;0.0;15:37:00;;0.0;15:42:00;;0.0;;;0.0;19-11-2026_45960
;C42;5707.0;Alnabru;2026-11-19;47.0;Torsdag;16:20:00;;0.0;16:32:00;;0.0;17:07:00;;0.0;17:12:00;;0.0;;;0.0;19-11-2026_5707
;C32 ;5509.0;Alnabru;2026-11-19;47.0;Torsdag;16:30:00;;0.0;16:44:00;;0.0;17:19:00;;0.0;17:24:00;;0.0;;;0.0;19-11-2026_5509
;C44;41960.0;Alnabru;2026-11-19;47.0;Torsdag;16:00:00;;0.0;16:48:00;;0.0;17:23:00;;0.0;17:28:00;;0.0;;;0.0;19-11-2026_41960
;C2/C5A;41971.0;Alnabru;2026-11-19;47.0;Torsdag;16:00:00;;0.0;17:04:00;;0.0;17:39:00;;0.0;17:44:00;;0.0;;;0.0;19-11-2026_41971
;C45;5805.0;Alnabru;2026-11-19;47.0;Torsdag;17:00:00;;0.0;17:11:00;;0.0;17:46:00;;0.0;17:51:00;;0.0;;;0.0;19-11-2026_5805
PRI-TOG;C23;41910.0;Alnabru;2026-11-19;47.0;Torsdag;17:35:00;;0.0;17:45:00;;0.0;18:20:00;;0.0;18:25:00;;0.0;;;0.0;19-11-2026_41910
;C32 ;5511.0;Alnabru;2026-11-19;47.0;Torsdag;18:40:00;;0.0;18:59:00;;0.0;19:34:00;;0.0;19:39:00;;0.0;;;0.0;19-11-2026_5511
;C42;5733.0;Alnabru;2026-11-19;47.0;Torsdag;19:20:00;;0.0;19:35:00;;0.0;20:05:00;;0.0;20:10:00;;0.0;;;0.0;19-11-2026_5733
PRI-TOG;C31;41900.0;Alnabru;2026-11-19;47.0;Torsdag;19:40:00;;0.0;19:46:00;;0.0;20:21:00;;0.0;20:26:00;;0.0;;;0.0;19-11-2026_41900
;C45;5709.0;Alnabru;2026-11-19;47.0;Torsdag;21:00:00;;0.0;21:02:00;;0.0;21:37:00;;0.0;21:42:00;;0.0;;;0.0;19-11-2026_5709
LANGTOG;C43;5811.0;Alnabru;2026-11-19;47.0;Torsdag;20:30:00;;0.0;20:51:00;;0.0;21:26:00;;0.0;21:31:00;;0.0;;;0.0;19-11-2026_5811
LANGTOG;C32 ;5515.0;Alnabru;2026-11-19;47.0;Torsdag;21:15:00;;0.0;21:17:00;;0.0;21:52:00;;0.0;21:57:00;;0.0;;;0.0;19-11-2026_5515
PRI-TOG;C23;5735.0;Alnabru;2026-11-19;47.0;Torsdag;21:50:00;;0.0;22:02:00;;0.0;22:37:00;;0.0;22:42:00;;0.0;;;0.0;19-11-2026_5735
Lastefristkl. 19:30 dag før avgang.;C45;5301.0;Alnabru;2026-11-20;47.0;Fredag;19:30:00;;0.0;08:11:00;;0.0;08:46:00;;0.0;08:51:00;;0.0;;;0.0;20-11-2026_5301
;C45;5801.0;Alnabru;2026-11-20;47.0;Fredag;08:50:00;;0.0;08:51:00;;0.0;09:26:00;;0.0;09:31:00;;0.0;;;0.0;20-11-2026_5801
PRI-TOG;C42;5731.0;Alnabru;2026-11-20;47.0;Fredag;08:50:00;;0.0;09:02:00;;0.0;09:37:00;;0.0;09:42:00;;0.0;;;0.0;20-11-2026_5731
;C32 ;5507.0;Alnabru;2026-11-20;47.0;Fredag;11:40:00;;0.0;11:43:00;;0.0;12:18:00;;0.0;12:23:00;;0.0;;;0.0;20-11-2026_5507
;C42;45960.0;Alnabru;2026-11-20;47.0;Fredag;14:00:00;;0.0;15:02:00;;0.0;15:37:00;;0.0;15:42:00;;0.0;;;0.0;20-11-2026_45960
;C32 ;5509.0;Alnabru;2026-11-20;47.0;Fredag;16:30:00;;0.0;16:44:00;;0.0;17:19:00;;0.0;17:24:00;;0.0;;;0.0;20-11-2026_5509
;C2/C5A;41971.0;Alnabru;2026-11-20;47.0;Fredag;16:00:00;;0.0;17:04:00;;0.0;17:39:00;;0.0;17:44:00;;0.0;;;0.0;20-11-2026_41971
;C45;5805.0;Alnabru;2026-11-20;47.0;Fredag;17:00:00;;0.0;17:11:00;;0.0;17:46:00;;0.0;17:51:00;;0.0;;;0.0;20-11-2026_5805
PRI-TOG;C23;41910.0;Alnabru;2026-11-20;47.0;Fredag;17:35:00;;0.0;17:45:00;;0.0;18:20:00;;0.0;18:25:00;;0.0;;;0.0;20-11-2026_41910
;C32 ;5511.0;Alnabru;2026-11-20;47.0;Fredag;18:40:00;;0.0;18:59:00;;0.0;19:34:00;;0.0;19:39:00;;0.0;;;0.0;20-11-2026_5511
;C42;5733.0;Alnabru;2026-11-20;47.0;Fredag;19:20:00;;0.0;19:35:00;;0.0;20:05:00;;0.0;20:10:00;;0.0;;;0.0;20-11-2026_5733
PRI-TOG;C31;41900.0;Alnabru;2026-11-20;47.0;Fredag;19:40:00;;0.0;19:46:00;;0.0;20:21:00;;0.0;20:26:00;;0.0;;;0.0;20-11-2026_41900
;C45;5709.0;Alnabru;2026-11-20;47.0;Fredag;21:00:00;;0.0;21:02:00;;0.0;21:37:00;;0.0;21:42:00;;0.0;;;0.0;20-11-2026_5709
LANGTOG;C43;5811.0;Alnabru;2026-11-20;47.0;Fredag;20:30:00;;0.0;20:51:00;;0.0;21:26:00;;0.0;21:31:00;;0.0;;;0.0;20-11-2026_5811
LANGTOG;C32 ;5515.0;Alnabru;2026-11-20;47.0;Fredag;21:15:00;;0.0;21:17:00;;0.0;21:52:00;;0.0;21:57:00;;0.0;;;0.0;20-11-2026_5515
PRI-TOG;C23;5735.0;Alnabru;2026-11-20;47.0;Fredag;21:50:00;;0.0;22:02:00;;0.0;22:37:00;;0.0;22:42:00;;0.0;;;0.0;20-11-2026_5735
FORHÅNDSLASTES C32 FREDAG;C32 ;5737.0;Alnabru;2026-11-21;47.0;Lørdag;11:00:00;;0.0;11:02:00;;0.0;11:37:00;;0.0;11:42:00;;0.0;;;0.0;21-11-2026_5737
;C44;41971.0;Alnabru;2026-11-21;47.0;Lørdag;13:30:00;;0.0;17:04:00;;0.0;17:39:00;;0.0;17:44:00;;0.0;;;0.0;21-11-2026_41971
PRI-TOG;C23;41910.0;Alnabru;2026-11-21;47.0;Lørdag;12:00:00;;0.0;17:45:00;;0.0;18:20:00;;0.0;18:25:00;;0.0;;;0.0;21-11-2026_41910
LASTEFRIST KL. 15:00 LØRDAG;C23;5711.0;Alnabru;2026-11-22;47.0;Søndag;14:30:00;;0.0;07:27:00;;0.0;08:02:00;;0.0;08:07:00;;0.0;;;0.0;22-11-2026_5711
Lastefrist 13:30 Søndag;C44;41960.0;Alnabru;2026-11-22;47.0;Søndag;13:30:00;;0.0;16:48:00;;0.0;17:23:00;;0.0;17:28:00;;0.0;;;0.0;22-11-2026_41960
;C44;41971.0;Alnabru;2026-11-22;47.0;Søndag;13:30:00;;0.0;17:04:00;;0.0;17:39:00;;0.0;17:44:00;;0.0;;;0.0;22-11-2026_41971
LANGTOG;C32;5523.0;Alnabru;2026-11-22;47.0;Søndag;16:00:00;;0.0;18:31:00;;0.0;19:06:00;;0.0;19:11:00;;0.0;;;0.0;22-11-2026_5523
;C23;5717.0;Alnabru;2026-11-22;47.0;Søndag;16:00:00;;0.0;18:57:00;;0.0;19:32:00;;0.0;19:37:00;;0.0;;;0.0;22-11-2026_5717
LANGTOG;C43;5811.0;Alnabru;2026-11-22;47.0;Søndag;13:30:00;;0.0;20:51:00;;0.0;21:26:00;;0.0;21:31:00;;0.0;;;0.0;22-11-2026_5811
;C32 Nord;5531.0;Alnabru;2026-11-23;48.0;Mandag;07:50:00;;0.0;07:43:00;;0.0;08:18:00;;0.0;08:23:00;;0.0;;;0.0;23-11-2026_5531
Lastefristkl. 19:30 dag før avgang.;C45;5301.0;Alnabru;2026-11-23;48.0;Mandag;19:30:00;;0.0;08:11:00;;0.0;08:46:00;;0.0;08:51:00;;0.0;;;0.0;23-11-2026_5301
;C45;5801.0;Alnabru;2026-11-23;48.0;Mandag;08:50:00;;0.0;08:51:00;;0.0;09:26:00;;0.0;09:31:00;;0.0;;;0.0;23-11-2026_5801
PRI-TOG;C42;5731.0;Alnabru;2026-11-23;48.0;Mandag;08:50:00;;0.0;09:02:00;;0.0;09:37:00;;0.0;09:42:00;;0.0;;;0.0;23-11-2026_5731
;C32 ;5507.0;Alnabru;2026-11-23;48.0;Mandag;11:40:00;;0.0;11:43:00;;0.0;12:18:00;;0.0;12:23:00;;0.0;;;0.0;23-11-2026_5507
;C42;45960.0;Alnabru;2026-11-23;48.0;Mandag;14:00:00;;0.0;15:02:00;;0.0;15:37:00;;0.0;15:42:00;;0.0;;;0.0;23-11-2026_45960
;C42;5707.0;Alnabru;2026-11-23;48.0;Mandag;16:20:00;;0.0;16:32:00;;0.0;17:07:00;;0.0;17:12:00;;0.0;;;0.0;23-11-2026_5707
;C32 ;5509.0;Alnabru;2026-11-23;48.0;Mandag;16:30:00;;0.0;16:44:00;;0.0;17:19:00;;0.0;17:24:00;;0.0;;;0.0;23-11-2026_5509
;C44;41960.0;Alnabru;2026-11-23;48.0;Mandag;16:00:00;;0.0;16:48:00;;0.0;17:23:00;;0.0;17:28:00;;0.0;;;0.0;23-11-2026_41960
;C2/C5A;41971.0;Alnabru;2026-11-23;48.0;Mandag;16:00:00;;0.0;17:04:00;;0.0;17:39:00;;0.0;17:44:00;;0.0;;;0.0;23-11-2026_41971
;C45;5805.0;Alnabru;2026-11-23;48.0;Mandag;17:00:00;;0.0;17:11:00;;0.0;17:46:00;;0.0;17:51:00;;0.0;;;0.0;23-11-2026_5805
PRI-TOG;C23;41910.0;Alnabru;2026-11-23;48.0;Mandag;17:35:00;;0.0;17:45:00;;0.0;18:20:00;;0.0;18:25:00;;0.0;;;0.0;23-11-2026_41910
;C32;5511.0;Alnabru;2026-11-23;48.0;Mandag;18:40:00;;0.0;18:59:00;;0.0;19:34:00;;0.0;19:39:00;;0.0;;;0.0;23-11-2026_5511
;C42;5733.0;Alnabru;2026-11-23;48.0;Mandag;19:20:00;;0.0;19:30:00;;0.0;20:05:00;;0.0;20:10:00;;0.0;;;0.0;23-11-2026_5733
PRI-TOG;C31;41900.0;Alnabru;2026-11-23;48.0;Mandag;19:40:00;;0.0;19:46:00;;0.0;20:21:00;;0.0;20:26:00;;0.0;;;0.0;23-11-2026_41900
;C45;5709.0;Alnabru;2026-11-23;48.0;Mandag;21:00:00;;0.0;21:02:00;;0.0;21:37:00;;0.0;21:42:00;;0.0;;;0.0;23-11-2026_5709
LANGTOG;C43;5811.0;Alnabru;2026-11-23;48.0;Mandag;20:30:00;;0.0;20:51:00;;0.0;21:26:00;;0.0;21:31:00;;0.0;;;0.0;23-11-2026_5811
LANGTOG;C32 ;5515.0;Alnabru;2026-11-23;48.0;Mandag;21:15:00;;0.0;21:17:00;;0.0;21:52:00;;0.0;21:57:00;;0.0;;;0.0;23-11-2026_5515
PRI-TOG;C23;5735.0;Alnabru;2026-11-23;48.0;Mandag;21:50:00;;0.0;22:02:00;;0.0;22:37:00;;0.0;22:42:00;;0.0;;;0.0;23-11-2026_5735
Lastefristkl. 19:30 dag før avgang.;C45;5301.0;Alnabru;2026-11-24;48.0;Tirsdag;19:30:00;;0.0;08:11:00;;0.0;08:46:00;;0.0;08:51:00;;0.0;;;0.0;24-11-2026_5301
;C45;5801.0;Alnabru;2026-11-24;48.0;Tirsdag;08:50:00;;0.0;08:51:00;;0.0;09:26:00;;0.0;09:31:00;;0.0;;;0.0;24-11-2026_5801
PRI-TOG;C42;5731.0;Alnabru;2026-11-24;48.0;Tirsdag;08:50:00;;0.0;09:02:00;;0.0;09:37:00;;0.0;09:42:00;;0.0;;;0.0;24-11-2026_5731
;C32 ;5507.0;Alnabru;2026-11-24;48.0;Tirsdag;11:40:00;;0.0;11:43:00;;0.0;12:18:00;;0.0;12:23:00;;0.0;;;0.0;24-11-2026_5507
;C42;45960.0;Alnabru;2026-11-24;48.0;Tirsdag;14:00:00;;0.0;15:02:00;;0.0;15:37:00;;0.0;15:42:00;;0.0;;;0.0;24-11-2026_45960
;C42;5707.0;Alnabru;2026-11-24;48.0;Tirsdag;16:20:00;;0.0;16:32:00;;0.0;17:07:00;;0.0;17:12:00;;0.0;;;0.0;24-11-2026_5707
;C32 ;5509.0;Alnabru;2026-11-24;48.0;Tirsdag;16:30:00;;0.0;16:44:00;;0.0;17:19:00;;0.0;17:24:00;;0.0;;;0.0;24-11-2026_5509
;C44;41960.0;Alnabru;2026-11-24;48.0;Tirsdag;16:00:00;;0.0;16:48:00;;0.0;17:23:00;;0.0;17:28:00;;0.0;;;0.0;24-11-2026_41960
;C2/C5A;41971.0;Alnabru;2026-11-24;48.0;Tirsdag;16:00:00;;0.0;17:04:00;;0.0;17:39:00;;0.0;17:44:00;;0.0;;;0.0;24-11-2026_41971
;C45;5805.0;Alnabru;2026-11-24;48.0;Tirsdag;17:00:00;;0.0;17:11:00;;0.0;17:46:00;;0.0;17:51:00;;0.0;;;0.0;24-11-2026_5805
PRI-TOG;C23;41910.0;Alnabru;2026-11-24;48.0;Tirsdag;17:35:00;;0.0;17:45:00;;0.0;18:20:00;;0.0;18:25:00;;0.0;;;0.0;24-11-2026_41910
;C32 ;5511.0;Alnabru;2026-11-24;48.0;Tirsdag;18:40:00;;0.0;18:59:00;;0.0;19:34:00;;0.0;19:39:00;;0.0;;;0.0;24-11-2026_5511
;C42;5733.0;Alnabru;2026-11-24;48.0;Tirsdag;19:20:00;;0.0;19:35:00;;0.0;20:05:00;;0.0;20:10:00;;0.0;;;0.0;24-11-2026_5733
PRI-TOG;C31;41900.0;Alnabru;2026-11-24;48.0;Tirsdag;19:40:00;;0.0;19:46:00;;0.0;20:21:00;;0.0;20:26:00;;0.0;;;0.0;24-11-2026_41900
;C45;5709.0;Alnabru;2026-11-24;48.0;Tirsdag;21:00:00;;0.0;21:02:00;;0.0;21:37:00;;0.0;21:42:00;;0.0;;;0.0;24-11-2026_5709
LANGTOG;C43;5811.0;Alnabru;2026-11-24;48.0;Tirsdag;20:30:00;;0.0;20:51:00;;0.0;21:26:00;;0.0;21:31:00;;0.0;;;0.0;24-11-2026_5811
LANGTOG;C32 ;5515.0;Alnabru;2026-11-24;48.0;Tirsdag;21:15:00;;0.0;21:17:00;;0.0;21:52:00;;0.0;21:57:00;;0.0;;;0.0;24-11-2026_5515
PRI-TOG;C23;5735.0;Alnabru;2026-11-24;48.0;Tirsdag;21:50:00;;0.0;22:02:00;;0.0;22:37:00;;0.0;22:42:00;;0.0;;;0.0;24-11-2026_5735
;C32 Nord;5531.0;Alnabru;2026-11-25;48.0;Onsdag;07:50:00;;0.0;07:43:00;;0.0;08:18:00;;0.0;08:23:00;;0.0;;;0.0;25-11-2026_5531
Lastefristkl. 19:30 dag før avgang.;C45;5301.0;Alnabru;2026-11-25;48.0;Onsdag;19:30:00;;0.0;08:11:00;;0.0;08:46:00;;0.0;08:51:00;;0.0;;;0.0;25-11-2026_5301
;C45;5801.0;Alnabru;2026-11-25;48.0;Onsdag;08:50:00;;0.0;08:51:00;;0.0;09:26:00;;0.0;09:31:00;;0.0;;;0.0;25-11-2026_5801
PRI-TOG;C42;5731.0;Alnabru;2026-11-25;48.0;Onsdag;08:50:00;;0.0;09:02:00;;0.0;09:37:00;;0.0;09:42:00;;0.0;;;0.0;25-11-2026_5731
;C32 ;5507.0;Alnabru;2026-11-25;48.0;Onsdag;11:40:00;;0.0;11:43:00;;0.0;12:18:00;;0.0;12:23:00;;0.0;;;0.0;25-11-2026_5507
;C42;45960.0;Alnabru;2026-11-25;48.0;Onsdag;14:00:00;;0.0;15:02:00;;0.0;15:37:00;;0.0;15:42:00;;0.0;;;0.0;25-11-2026_45960
;C42;5707.0;Alnabru;2026-11-25;48.0;Onsdag;16:20:00;;0.0;16:32:00;;0.0;17:07:00;;0.0;17:12:00;;0.0;;;0.0;25-11-2026_5707
;C32 ;5509.0;Alnabru;2026-11-25;48.0;Onsdag;16:30:00;;0.0;16:44:00;;0.0;17:19:00;;0.0;17:24:00;;0.0;;;0.0;25-11-2026_5509
;C44;41960.0;Alnabru;2026-11-25;48.0;Onsdag;16:00:00;;0.0;16:48:00;;0.0;17:23:00;;0.0;17:28:00;;0.0;;;0.0;25-11-2026_41960
;C2/C5A;41971.0;Alnabru;2026-11-25;48.0;Onsdag;16:00:00;;0.0;17:04:00;;0.0;17:39:00;;0.0;17:44:00;;0.0;;;0.0;25-11-2026_41971
;C45;5805.0;Alnabru;2026-11-25;48.0;Onsdag;17:00:00;;0.0;17:11:00;;0.0;17:46:00;;0.0;17:51:00;;0.0;;;0.0;25-11-2026_5805
PRI-TOG;C23;41910.0;Alnabru;2026-11-25;48.0;Onsdag;17:35:00;;0.0;17:45:00;;0.0;18:20:00;;0.0;18:25:00;;0.0;;;0.0;25-11-2026_41910
;C32 ;5511.0;Alnabru;2026-11-25;48.0;Onsdag;18:40:00;;0.0;18:59:00;;0.0;19:34:00;;0.0;19:39:00;;0.0;;;0.0;25-11-2026_5511
;C42;5733.0;Alnabru;2026-11-25;48.0;Onsdag;19:20:00;;0.0;19:35:00;;0.0;20:05:00;;0.0;20:10:00;;0.0;;;0.0;25-11-2026_5733
PRI-TOG;C31;41900.0;Alnabru;2026-11-25;48.0;Onsdag;19:40:00;;0.0;19:46:00;;0.0;20:21:00;;0.0;20:26:00;;0.0;;;0.0;25-11-2026_41900
;C45;5709.0;Alnabru;2026-11-25;48.0;Onsdag;21:00:00;;0.0;21:02:00;;0.0;21:37:00;;0.0;21:42:00;;0.0;;;0.0;25-11-2026_5709
LANGTOG;C43;5811.0;Alnabru;2026-11-25;48.0;Onsdag;20:30:00;;0.0;20:51:00;;0.0;21:26:00;;0.0;21:31:00;;0.0;;;0.0;25-11-2026_5811
LANGTOG;C32 ;5515.0;Alnabru;2026-11-25;48.0;Onsdag;21:15:00;;0.0;21:17:00;;0.0;21:52:00;;0.0;21:57:00;;0.0;;;0.0;25-11-2026_5515
PRI-TOG;C23;5735.0;Alnabru;2026-11-25;48.0;Onsdag;21:50:00;;0.0;22:02:00;;0.0;22:37:00;;0.0;22:42:00;;0.0;;;0.0;25-11-2026_5735
Lastefristkl. 19:30 dag før avgang.;C45;5301.0;Alnabru;2026-11-26;48.0;Torsdag;19:30:00;;0.0;08:11:00;;0.0;08:46:00;;0.0;08:51:00;;0.0;;;0.0;26-11-2026_5301
;C45;5801.0;Alnabru;2026-11-26;48.0;Torsdag;08:50:00;;0.0;08:51:00;;0.0;09:26:00;;0.0;09:31:00;;0.0;;;0.0;26-11-2026_5801
PRI-TOG;C42;5731.0;Alnabru;2026-11-26;48.0;Torsdag;08:50:00;;0.0;09:02:00;;0.0;09:37:00;;0.0;09:42:00;;0.0;;;0.0;26-11-2026_5731
;C32 ;5507.0;Alnabru;2026-11-26;48.0;Torsdag;11:40:00;;0.0;11:43:00;;0.0;12:18:00;;0.0;12:23:00;;0.0;;;0.0;26-11-2026_5507
;C42;45960.0;Alnabru;2026-11-26;48.0;Torsdag;14:00:00;;0.0;15:02:00;;0.0;15:37:00;;0.0;15:42:00;;0.0;;;0.0;26-11-2026_45960
;C42;5707.0;Alnabru;2026-11-26;48.0;Torsdag;16:20:00;;0.0;16:32:00;;0.0;17:07:00;;0.0;17:12:00;;0.0;;;0.0;26-11-2026_5707
;C32 ;5509.0;Alnabru;2026-11-26;48.0;Torsdag;16:30:00;;0.0;16:44:00;;0.0;17:19:00;;0.0;17:24:00;;0.0;;;0.0;26-11-2026_5509
;C44;41960.0;Alnabru;2026-11-26;48.0;Torsdag;16:00:00;;0.0;16:48:00;;0.0;17:23:00;;0.0;17:28:00;;0.0;;;0.0;26-11-2026_41960
;C2/C5A;41971.0;Alnabru;2026-11-26;48.0;Torsdag;16:00:00;;0.0;17:04:00;;0.0;17:39:00;;0.0;17:44:00;;0.0;;;0.0;26-11-2026_41971
;C45;5805.0;Alnabru;2026-11-26;48.0;Torsdag;17:00:00;;0.0;17:11:00;;0.0;17:46:00;;0.0;17:51:00;;0.0;;;0.0;26-11-2026_5805
PRI-TOG;C23;41910.0;Alnabru;2026-11-26;48.0;Torsdag;17:35:00;;0.0;17:45:00;;0.0;18:20:00;;0.0;18:25:00;;0.0;;;0.0;26-11-2026_41910
;C32 ;5511.0;Alnabru;2026-11-26;48.0;Torsdag;18:40:00;;0.0;18:59:00;;0.0;19:34:00;;0.0;19:39:00;;0.0;;;0.0;26-11-2026_5511
;C42;5733.0;Alnabru;2026-11-26;48.0;Torsdag;19:20:00;;0.0;19:35:00;;0.0;20:05:00;;0.0;20:10:00;;0.0;;;0.0;26-11-2026_5733
PRI-TOG;C31;41900.0;Alnabru;2026-11-26;48.0;Torsdag;19:40:00;;0.0;19:46:00;;0.0;20:21:00;;0.0;20:26:00;;0.0;;;0.0;26-11-2026_41900
;C45;5709.0;Alnabru;2026-11-26;48.0;Torsdag;21:00:00;;0.0;21:02:00;;0.0;21:37:00;;0.0;21:42:00;;0.0;;;0.0;26-11-2026_5709
LANGTOG;C43;5811.0;Alnabru;2026-11-26;48.0;Torsdag;20:30:00;;0.0;20:51:00;;0.0;21:26:00;;0.0;21:31:00;;0.0;;;0.0;26-11-2026_5811
LANGTOG;C32 ;5515.0;Alnabru;2026-11-26;48.0;Torsdag;21:15:00;;0.0;21:17:00;;0.0;21:52:00;;0.0;21:57:00;;0.0;;;0.0;26-11-2026_5515
PRI-TOG;C23;5735.0;Alnabru;2026-11-26;48.0;Torsdag;21:50:00;;0.0;22:02:00;;0.0;22:37:00;;0.0;22:42:00;;0.0;;;0.0;26-11-2026_5735
Lastefristkl. 19:30 dag før avgang.;C45;5301.0;Alnabru;2026-11-27;48.0;Fredag;19:30:00;;0.0;08:11:00;;0.0;08:46:00;;0.0;08:51:00;;0.0;;;0.0;27-11-2026_5301
;C45;5801.0;Alnabru;2026-11-27;48.0;Fredag;08:50:00;;0.0;08:51:00;;0.0;09:26:00;;0.0;09:31:00;;0.0;;;0.0;27-11-2026_5801
PRI-TOG;C42;5731.0;Alnabru;2026-11-27;48.0;Fredag;08:50:00;;0.0;09:02:00;;0.0;09:37:00;;0.0;09:42:00;;0.0;;;0.0;27-11-2026_5731
;C32 ;5507.0;Alnabru;2026-11-27;48.0;Fredag;11:40:00;;0.0;11:43:00;;0.0;12:18:00;;0.0;12:23:00;;0.0;;;0.0;27-11-2026_5507
;C42;45960.0;Alnabru;2026-11-27;48.0;Fredag;14:00:00;;0.0;15:02:00;;0.0;15:37:00;;0.0;15:42:00;;0.0;;;0.0;27-11-2026_45960
;C32 ;5509.0;Alnabru;2026-11-27;48.0;Fredag;16:30:00;;0.0;16:44:00;;0.0;17:19:00;;0.0;17:24:00;;0.0;;;0.0;27-11-2026_5509
;C2/C5A;41971.0;Alnabru;2026-11-27;48.0;Fredag;16:00:00;;0.0;17:04:00;;0.0;17:39:00;;0.0;17:44:00;;0.0;;;0.0;27-11-2026_41971
;C45;5805.0;Alnabru;2026-11-27;48.0;Fredag;17:00:00;;0.0;17:11:00;;0.0;17:46:00;;0.0;17:51:00;;0.0;;;0.0;27-11-2026_5805
PRI-TOG;C23;41910.0;Alnabru;2026-11-27;48.0;Fredag;17:35:00;;0.0;17:45:00;;0.0;18:20:00;;0.0;18:25:00;;0.0;;;0.0;27-11-2026_41910
;C32 ;5511.0;Alnabru;2026-11-27;48.0;Fredag;18:40:00;;0.0;18:59:00;;0.0;19:34:00;;0.0;19:39:00;;0.0;;;0.0;27-11-2026_5511
;C42;5733.0;Alnabru;2026-11-27;48.0;Fredag;19:20:00;;0.0;19:35:00;;0.0;20:05:00;;0.0;20:10:00;;0.0;;;0.0;27-11-2026_5733
PRI-TOG;C31;41900.0;Alnabru;2026-11-27;48.0;Fredag;19:40:00;;0.0;19:46:00;;0.0;20:21:00;;0.0;20:26:00;;0.0;;;0.0;27-11-2026_41900
;C45;5709.0;Alnabru;2026-11-27;48.0;Fredag;21:00:00;;0.0;21:02:00;;0.0;21:37:00;;0.0;21:42:00;;0.0;;;0.0;27-11-2026_5709
LANGTOG;C43;5811.0;Alnabru;2026-11-27;48.0;Fredag;20:30:00;;0.0;20:51:00;;0.0;21:26:00;;0.0;21:31:00;;0.0;;;0.0;27-11-2026_5811
LANGTOG;C32 ;5515.0;Alnabru;2026-11-27;48.0;Fredag;21:15:00;;0.0;21:17:00;;0.0;21:52:00;;0.0;21:57:00;;0.0;;;0.0;27-11-2026_5515
PRI-TOG;C23;5735.0;Alnabru;2026-11-27;48.0;Fredag;21:50:00;;0.0;22:02:00;;0.0;22:37:00;;0.0;22:42:00;;0.0;;;0.0;27-11-2026_5735
FORHÅNDSLASTES C32 FREDAG;C32 ;5737.0;Alnabru;2026-11-28;48.0;Lørdag;11:00:00;;0.0;11:02:00;;0.0;11:37:00;;0.0;11:42:00;;0.0;;;0.0;28-11-2026_5737
;C44;41971.0;Alnabru;2026-11-28;48.0;Lørdag;13:30:00;;0.0;17:04:00;;0.0;17:39:00;;0.0;17:44:00;;0.0;;;0.0;28-11-2026_41971
PRI-TOG;C23;41910.0;Alnabru;2026-11-28;48.0;Lørdag;12:00:00;;0.0;17:45:00;;0.0;18:20:00;;0.0;18:25:00;;0.0;;;0.0;28-11-2026_41910
LASTEFRIST KL. 15:00 LØRDAG;C23;5711.0;Alnabru;2026-11-29;48.0;Søndag;14:30:00;;0.0;07:27:00;;0.0;08:02:00;;0.0;08:07:00;;0.0;;;0.0;29-11-2026_5711
Lastefrist 13:30 Søndag;C44;41960.0;Alnabru;2026-11-29;48.0;Søndag;13:30:00;;0.0;16:48:00;;0.0;17:23:00;;0.0;17:28:00;;0.0;;;0.0;29-11-2026_41960
;C44;41971.0;Alnabru;2026-11-29;48.0;Søndag;13:30:00;;0.0;17:04:00;;0.0;17:39:00;;0.0;17:44:00;;0.0;;;0.0;29-11-2026_41971
LANGTOG;C32;5523.0;Alnabru;2026-11-29;48.0;Søndag;16:00:00;;0.0;18:31:00;;0.0;19:06:00;;0.0;19:11:00;;0.0;;;0.0;29-11-2026_5523
;C23;5717.0;Alnabru;2026-11-29;48.0;Søndag;16:00:00;;0.0;18:57:00;;0.0;19:32:00;;0.0;19:37:00;;0.0;;;0.0;29-11-2026_5717
LANGTOG;C43;5811.0;Alnabru;2026-11-29;48.0;Søndag;13:30:00;;0.0;20:51:00;;0.0;21:26:00;;0.0;21:31:00;;0.0;;;0.0;29-11-2026_5811
;C32 Nord;5531.0;Alnabru;2026-11-30;49.0;Mandag;07:50:00;;0.0;07:43:00;;0.0;08:18:00;;0.0;08:23:00;;0.0;;;0.0;30-11-2026_5531
Lastefristkl. 19:30 dag før avgang.;C45;5301.0;Alnabru;2026-11-30;49.0;Mandag;19:30:00;;0.0;08:11:00;;0.0;08:46:00;;0.0;08:51:00;;0.0;;;0.0;30-11-2026_5301
;C45;5801.0;Alnabru;2026-11-30;49.0;Mandag;08:50:00;;0.0;08:51:00;;0.0;09:26:00;;0.0;09:31:00;;0.0;;;0.0;30-11-2026_5801
PRI-TOG;C42;5731.0;Alnabru;2026-11-30;49.0;Mandag;08:50:00;;0.0;09:02:00;;0.0;09:37:00;;0.0;09:42:00;;0.0;;;0.0;30-11-2026_5731
;C32 ;5507.0;Alnabru;2026-11-30;49.0;Mandag;11:40:00;;0.0;11:43:00;;0.0;12:18:00;;0.0;12:23:00;;0.0;;;0.0;30-11-2026_5507
;C42;45960.0;Alnabru;2026-11-30;49.0;Mandag;14:00:00;;0.0;15:02:00;;0.0;15:37:00;;0.0;15:42:00;;0.0;;;0.0;30-11-2026_45960
;C42;5707.0;Alnabru;2026-11-30;49.0;Mandag;16:20:00;;0.0;16:32:00;;0.0;17:07:00;;0.0;17:12:00;;0.0;;;0.0;30-11-2026_5707
;C32 ;5509.0;Alnabru;2026-11-30;49.0;Mandag;16:30:00;;0.0;16:44:00;;0.0;17:19:00;;0.0;17:24:00;;0.0;;;0.0;30-11-2026_5509
;C44;41960.0;Alnabru;2026-11-30;49.0;Mandag;16:00:00;;0.0;16:48:00;;0.0;17:23:00;;0.0;17:28:00;;0.0;;;0.0;30-11-2026_41960
;C2/C5A;41971.0;Alnabru;2026-11-30;49.0;Mandag;16:00:00;;0.0;17:04:00;;0.0;17:39:00;;0.0;17:44:00;;0.0;;;0.0;30-11-2026_41971
;C45;5805.0;Alnabru;2026-11-30;49.0;Mandag;17:00:00;;0.0;17:11:00;;0.0;17:46:00;;0.0;17:51:00;;0.0;;;0.0;30-11-2026_5805
PRI-TOG;C23;41910.0;Alnabru;2026-11-30;49.0;Mandag;17:35:00;;0.0;17:45:00;;0.0;18:20:00;;0.0;18:25:00;;0.0;;;0.0;30-11-2026_41910
;C32;5511.0;Alnabru;2026-11-30;49.0;Mandag;18:40:00;;0.0;18:59:00;;0.0;19:34:00;;0.0;19:39:00;;0.0;;;0.0;30-11-2026_5511
;C42;5733.0;Alnabru;2026-11-30;49.0;Mandag;19:20:00;;0.0;19:30:00;;0.0;20:05:00;;0.0;20:10:00;;0.0;;;0.0;30-11-2026_5733
PRI-TOG;C31;41900.0;Alnabru;2026-11-30;49.0;Mandag;19:40:00;;0.0;19:46:00;;0.0;20:21:00;;0.0;20:26:00;;0.0;;;0.0;30-11-2026_41900
;C45;5709.0;Alnabru;2026-11-30;49.0;Mandag;21:00:00;;0.0;21:02:00;;0.0;21:37:00;;0.0;21:42:00;;0.0;;;0.0;30-11-2026_5709
LANGTOG;C43;5811.0;Alnabru;2026-11-30;49.0;Mandag;20:30:00;;0.0;20:51:00;;0.0;21:26:00;;0.0;21:31:00;;0.0;;;0.0;30-11-2026_5811
LANGTOG;C32 ;5515.0;Alnabru;2026-11-30;49.0;Mandag;21:15:00;;0.0;21:17:00;;0.0;21:52:00;;0.0;21:57:00;;0.0;;;0.0;30-11-2026_5515
PRI-TOG;C23;5735.0;Alnabru;2026-11-30;49.0;Mandag;21:50:00;;0.0;22:02:00;;0.0;22:37:00;;0.0;22:42:00;;0.0;;;0.0;30-11-2026_5735
Lastefristkl. 19:30 dag før avgang.;C45;5301.0;Alnabru;2026-12-01;49.0;Tirsdag;19:30:00;;0.0;08:11:00;;0.0;08:46:00;;0.0;08:51:00;;0.0;;;0.0;01-12-2026_5301
;C45;5801.0;Alnabru;2026-12-01;49.0;Tirsdag;08:50:00;;0.0;08:51:00;;0.0;09:26:00;;0.0;09:31:00;;0.0;;;0.0;01-12-2026_5801
PRI-TOG;C42;5731.0;Alnabru;2026-12-01;49.0;Tirsdag;08:50:00;;0.0;09:02:00;;0.0;09:37:00;;0.0;09:42:00;;0.0;;;0.0;01-12-2026_5731
;C32 ;5507.0;Alnabru;2026-12-01;49.0;Tirsdag;11:40:00;;0.0;11:43:00;;0.0;12:18:00;;0.0;12:23:00;;0.0;;;0.0;01-12-2026_5507
;C42;45960.0;Alnabru;2026-12-01;49.0;Tirsdag;14:00:00;;0.0;15:02:00;;0.0;15:37:00;;0.0;15:42:00;;0.0;;;0.0;01-12-2026_45960
;C42;5707.0;Alnabru;2026-12-01;49.0;Tirsdag;16:20:00;;0.0;16:32:00;;0.0;17:07:00;;0.0;17:12:00;;0.0;;;0.0;01-12-2026_5707
;C32 ;5509.0;Alnabru;2026-12-01;49.0;Tirsdag;16:30:00;;0.0;16:44:00;;0.0;17:19:00;;0.0;17:24:00;;0.0;;;0.0;01-12-2026_5509
;C44;41960.0;Alnabru;2026-12-01;49.0;Tirsdag;16:00:00;;0.0;16:48:00;;0.0;17:23:00;;0.0;17:28:00;;0.0;;;0.0;01-12-2026_41960
;C2/C5A;41971.0;Alnabru;2026-12-01;49.0;Tirsdag;16:00:00;;0.0;17:04:00;;0.0;17:39:00;;0.0;17:44:00;;0.0;;;0.0;01-12-2026_41971
;C45;5805.0;Alnabru;2026-12-01;49.0;Tirsdag;17:00:00;;0.0;17:11:00;;0.0;17:46:00;;0.0;17:51:00;;0.0;;;0.0;01-12-2026_5805
PRI-TOG;C23;41910.0;Alnabru;2026-12-01;49.0;Tirsdag;17:35:00;;0.0;17:45:00;;0.0;18:20:00;;0.0;18:25:00;;0.0;;;0.0;01-12-2026_41910
;C32 ;5511.0;Alnabru;2026-12-01;49.0;Tirsdag;18:40:00;;0.0;18:59:00;;0.0;19:34:00;;0.0;19:39:00;;0.0;;;0.0;01-12-2026_5511
;C42;5733.0;Alnabru;2026-12-01;49.0;Tirsdag;19:20:00;;0.0;19:35:00;;0.0;20:05:00;;0.0;20:10:00;;0.0;;;0.0;01-12-2026_5733
PRI-TOG;C31;41900.0;Alnabru;2026-12-01;49.0;Tirsdag;19:40:00;;0.0;19:46:00;;0.0;20:21:00;;0.0;20:26:00;;0.0;;;0.0;01-12-2026_41900
;C45;5709.0;Alnabru;2026-12-01;49.0;Tirsdag;21:00:00;;0.0;21:02:00;;0.0;21:37:00;;0.0;21:42:00;;0.0;;;0.0;01-12-2026_5709
LANGTOG;C43;5811.0;Alnabru;2026-12-01;49.0;Tirsdag;20:30:00;;0.0;20:51:00;;0.0;21:26:00;;0.0;21:31:00;;0.0;;;0.0;01-12-2026_5811
LANGTOG;C32 ;5515.0;Alnabru;2026-12-01;49.0;Tirsdag;21:15:00;;0.0;21:17:00;;0.0;21:52:00;;0.0;21:57:00;;0.0;;;0.0;01-12-2026_5515
PRI-TOG;C23;5735.0;Alnabru;2026-12-01;49.0;Tirsdag;21:50:00;;0.0;22:02:00;;0.0;22:37:00;;0.0;22:42:00;;0.0;;;0.0;01-12-2026_5735
;C32 Nord;5531.0;Alnabru;2026-12-02;49.0;Onsdag;07:50:00;;0.0;07:43:00;;0.0;08:18:00;;0.0;08:23:00;;0.0;;;0.0;02-12-2026_5531
Lastefristkl. 19:30 dag før avgang.;C45;5301.0;Alnabru;2026-12-02;49.0;Onsdag;19:30:00;;0.0;08:11:00;;0.0;08:46:00;;0.0;08:51:00;;0.0;;;0.0;02-12-2026_5301
;C45;5801.0;Alnabru;2026-12-02;49.0;Onsdag;08:50:00;;0.0;08:51:00;;0.0;09:26:00;;0.0;09:31:00;;0.0;;;0.0;02-12-2026_5801
PRI-TOG;C42;5731.0;Alnabru;2026-12-02;49.0;Onsdag;08:50:00;;0.0;09:02:00;;0.0;09:37:00;;0.0;09:42:00;;0.0;;;0.0;02-12-2026_5731
;C32 ;5507.0;Alnabru;2026-12-02;49.0;Onsdag;11:40:00;;0.0;11:43:00;;0.0;12:18:00;;0.0;12:23:00;;0.0;;;0.0;02-12-2026_5507
;C42;45960.0;Alnabru;2026-12-02;49.0;Onsdag;14:00:00;;0.0;15:02:00;;0.0;15:37:00;;0.0;15:42:00;;0.0;;;0.0;02-12-2026_45960
;C42;5707.0;Alnabru;2026-12-02;49.0;Onsdag;16:20:00;;0.0;16:32:00;;0.0;17:07:00;;0.0;17:12:00;;0.0;;;0.0;02-12-2026_5707
;C32 ;5509.0;Alnabru;2026-12-02;49.0;Onsdag;16:30:00;;0.0;16:44:00;;0.0;17:19:00;;0.0;17:24:00;;0.0;;;0.0;02-12-2026_5509
;C44;41960.0;Alnabru;2026-12-02;49.0;Onsdag;16:00:00;;0.0;16:48:00;;0.0;17:23:00;;0.0;17:28:00;;0.0;;;0.0;02-12-2026_41960
;C2/C5A;41971.0;Alnabru;2026-12-02;49.0;Onsdag;16:00:00;;0.0;17:04:00;;0.0;17:39:00;;0.0;17:44:00;;0.0;;;0.0;02-12-2026_41971
;C45;5805.0;Alnabru;2026-12-02;49.0;Onsdag;17:00:00;;0.0;17:11:00;;0.0;17:46:00;;0.0;17:51:00;;0.0;;;0.0;02-12-2026_5805
PRI-TOG;C23;41910.0;Alnabru;2026-12-02;49.0;Onsdag;17:35:00;;0.0;17:45:00;;0.0;18:20:00;;0.0;18:25:00;;0.0;;;0.0;02-12-2026_41910
;C32 ;5511.0;Alnabru;2026-12-02;49.0;Onsdag;18:40:00;;0.0;18:59:00;;0.0;19:34:00;;0.0;19:39:00;;0.0;;;0.0;02-12-2026_5511
;C42;5733.0;Alnabru;2026-12-02;49.0;Onsdag;19:20:00;;0.0;19:35:00;;0.0;20:05:00;;0.0;20:10:00;;0.0;;;0.0;02-12-2026_5733
PRI-TOG;C31;41900.0;Alnabru;2026-12-02;49.0;Onsdag;19:40:00;;0.0;19:46:00;;0.0;20:21:00;;0.0;20:26:00;;0.0;;;0.0;02-12-2026_41900
;C45;5709.0;Alnabru;2026-12-02;49.0;Onsdag;21:00:00;;0.0;21:02:00;;0.0;21:37:00;;0.0;21:42:00;;0.0;;;0.0;02-12-2026_5709
LANGTOG;C43;5811.0;Alnabru;2026-12-02;49.0;Onsdag;20:30:00;;0.0;20:51:00;;0.0;21:26:00;;0.0;21:31:00;;0.0;;;0.0;02-12-2026_5811
LANGTOG;C32 ;5515.0;Alnabru;2026-12-02;49.0;Onsdag;21:15:00;;0.0;21:17:00;;0.0;21:52:00;;0.0;21:57:00;;0.0;;;0.0;02-12-2026_5515
PRI-TOG;C23;5735.0;Alnabru;2026-12-02;49.0;Onsdag;21:50:00;;0.0;22:02:00;;0.0;22:37:00;;0.0;22:42:00;;0.0;;;0.0;02-12-2026_5735
Lastefristkl. 19:30 dag før avgang.;C45;5301.0;Alnabru;2026-12-03;49.0;Torsdag;19:30:00;;0.0;08:11:00;;0.0;08:46:00;;0.0;08:51:00;;0.0;;;0.0;03-12-2026_5301
;C45;5801.0;Alnabru;2026-12-03;49.0;Torsdag;08:50:00;;0.0;08:51:00;;0.0;09:26:00;;0.0;09:31:00;;0.0;;;0.0;03-12-2026_5801
PRI-TOG;C42;5731.0;Alnabru;2026-12-03;49.0;Torsdag;08:50:00;;0.0;09:02:00;;0.0;09:37:00;;0.0;09:42:00;;0.0;;;0.0;03-12-2026_5731
;C32 ;5507.0;Alnabru;2026-12-03;49.0;Torsdag;11:40:00;;0.0;11:43:00;;0.0;12:18:00;;0.0;12:23:00;;0.0;;;0.0;03-12-2026_5507
;C42;45960.0;Alnabru;2026-12-03;49.0;Torsdag;14:00:00;;0.0;15:02:00;;0.0;15:37:00;;0.0;15:42:00;;0.0;;;0.0;03-12-2026_45960
;C42;5707.0;Alnabru;2026-12-03;49.0;Torsdag;16:20:00;;0.0;16:32:00;;0.0;17:07:00;;0.0;17:12:00;;0.0;;;0.0;03-12-2026_5707
;C32 ;5509.0;Alnabru;2026-12-03;49.0;Torsdag;16:30:00;;0.0;16:44:00;;0.0;17:19:00;;0.0;17:24:00;;0.0;;;0.0;03-12-2026_5509
;C44;41960.0;Alnabru;2026-12-03;49.0;Torsdag;16:00:00;;0.0;16:48:00;;0.0;17:23:00;;0.0;17:28:00;;0.0;;;0.0;03-12-2026_41960
;C2/C5A;41971.0;Alnabru;2026-12-03;49.0;Torsdag;16:00:00;;0.0;17:04:00;;0.0;17:39:00;;0.0;17:44:00;;0.0;;;0.0;03-12-2026_41971
;C45;5805.0;Alnabru;2026-12-03;49.0;Torsdag;17:00:00;;0.0;17:11:00;;0.0;17:46:00;;0.0;17:51:00;;0.0;;;0.0;03-12-2026_5805
PRI-TOG;C23;41910.0;Alnabru;2026-12-03;49.0;Torsdag;17:35:00;;0.0;17:45:00;;0.0;18:20:00;;0.0;18:25:00;;0.0;;;0.0;03-12-2026_41910
;C32 ;5511.0;Alnabru;2026-12-03;49.0;Torsdag;18:40:00;;0.0;18:59:00;;0.0;19:34:00;;0.0;19:39:00;;0.0;;;0.0;03-12-2026_5511
;C42;5733.0;Alnabru;2026-12-03;49.0;Torsdag;19:20:00;;0.0;19:35:00;;0.0;20:05:00;;0.0;20:10:00;;0.0;;;0.0;03-12-2026_5733
PRI-TOG;C31;41900.0;Alnabru;2026-12-03;49.0;Torsdag;19:40:00;;0.0;19:46:00;;0.0;20:21:00;;0.0;20:26:00;;0.0;;;0.0;03-12-2026_41900
;C45;5709.0;Alnabru;2026-12-03;49.0;Torsdag;21:00:00;;0.0;21:02:00;;0.0;21:37:00;;0.0;21:42:00;;0.0;;;0.0;03-12-2026_5709
LANGTOG;C43;5811.0;Alnabru;2026-12-03;49.0;Torsdag;20:30:00;;0.0;20:51:00;;0.0;21:26:00;;0.0;21:31:00;;0.0;;;0.0;03-12-2026_5811
LANGTOG;C32 ;5515.0;Alnabru;2026-12-03;49.0;Torsdag;21:15:00;;0.0;21:17:00;;0.0;21:52:00;;0.0;21:57:00;;0.0;;;0.0;03-12-2026_5515
PRI-TOG;C23;5735.0;Alnabru;2026-12-03;49.0;Torsdag;21:50:00;;0.0;22:02:00;;0.0;22:37:00;;0.0;22:42:00;;0.0;;;0.0;03-12-2026_5735
Lastefristkl. 19:30 dag før avgang.;C45;5301.0;Alnabru;2026-12-04;49.0;Fredag;19:30:00;;0.0;08:11:00;;0.0;08:46:00;;0.0;08:51:00;;0.0;;;0.0;04-12-2026_5301
;C45;5801.0;Alnabru;2026-12-04;49.0;Fredag;08:50:00;;0.0;08:51:00;;0.0;09:26:00;;0.0;09:31:00;;0.0;;;0.0;04-12-2026_5801
PRI-TOG;C42;5731.0;Alnabru;2026-12-04;49.0;Fredag;08:50:00;;0.0;09:02:00;;0.0;09:37:00;;0.0;09:42:00;;0.0;;;0.0;04-12-2026_5731
;C32 ;5507.0;Alnabru;2026-12-04;49.0;Fredag;11:40:00;;0.0;11:43:00;;0.0;12:18:00;;0.0;12:23:00;;0.0;;;0.0;04-12-2026_5507
;C42;45960.0;Alnabru;2026-12-04;49.0;Fredag;14:00:00;;0.0;15:02:00;;0.0;15:37:00;;0.0;15:42:00;;0.0;;;0.0;04-12-2026_45960
;C32 ;5509.0;Alnabru;2026-12-04;49.0;Fredag;16:30:00;;0.0;16:44:00;;0.0;17:19:00;;0.0;17:24:00;;0.0;;;0.0;04-12-2026_5509
;C2/C5A;41971.0;Alnabru;2026-12-04;49.0;Fredag;16:00:00;;0.0;17:04:00;;0.0;17:39:00;;0.0;17:44:00;;0.0;;;0.0;04-12-2026_41971
;C45;5805.0;Alnabru;2026-12-04;49.0;Fredag;17:00:00;;0.0;17:11:00;;0.0;17:46:00;;0.0;17:51:00;;0.0;;;0.0;04-12-2026_5805
PRI-TOG;C23;41910.0;Alnabru;2026-12-04;49.0;Fredag;17:35:00;;0.0;17:45:00;;0.0;18:20:00;;0.0;18:25:00;;0.0;;;0.0;04-12-2026_41910
;C32 ;5511.0;Alnabru;2026-12-04;49.0;Fredag;18:40:00;;0.0;18:59:00;;0.0;19:34:00;;0.0;19:39:00;;0.0;;;0.0;04-12-2026_5511
;C42;5733.0;Alnabru;2026-12-04;49.0;Fredag;19:20:00;;0.0;19:35:00;;0.0;20:05:00;;0.0;20:10:00;;0.0;;;0.0;04-12-2026_5733
PRI-TOG;C31;41900.0;Alnabru;2026-12-04;49.0;Fredag;19:40:00;;0.0;19:46:00;;0.0;20:21:00;;0.0;20:26:00;;0.0;;;0.0;04-12-2026_41900
;C45;5709.0;Alnabru;2026-12-04;49.0;Fredag;21:00:00;;0.0;21:02:00;;0.0;21:37:00;;0.0;21:42:00;;0.0;;;0.0;04-12-2026_5709
LANGTOG;C43;5811.0;Alnabru;2026-12-04;49.0;Fredag;20:30:00;;0.0;20:51:00;;0.0;21:26:00;;0.0;21:31:00;;0.0;;;0.0;04-12-2026_5811
LANGTOG;C32 ;5515.0;Alnabru;2026-12-04;49.0;Fredag;21:15:00;;0.0;21:17:00;;0.0;21:52:00;;0.0;21:57:00;;0.0;;;0.0;04-12-2026_5515
PRI-TOG;C23;5735.0;Alnabru;2026-12-04;49.0;Fredag;21:50:00;;0.0;22:02:00;;0.0;22:37:00;;0.0;22:42:00;;0.0;;;0.0;04-12-2026_5735
FORHÅNDSLASTES C32 FREDAG;C32 ;5737.0;Alnabru;2026-12-05;49.0;Lørdag;11:00:00;;0.0;11:02:00;;0.0;11:37:00;;0.0;11:42:00;;0.0;;;0.0;05-12-2026_5737
;C44;41971.0;Alnabru;2026-12-05;49.0;Lørdag;13:30:00;;0.0;17:04:00;;0.0;17:39:00;;0.0;17:44:00;;0.0;;;0.0;05-12-2026_41971
PRI-TOG;C23;41910.0;Alnabru;2026-12-05;49.0;Lørdag;12:00:00;;0.0;17:45:00;;0.0;18:20:00;;0.0;18:25:00;;0.0;;;0.0;05-12-2026_41910
LASTEFRIST KL. 15:00 LØRDAG;C23;5711.0;Alnabru;2026-12-06;49.0;Søndag;14:30:00;;0.0;07:27:00;;0.0;08:02:00;;0.0;08:07:00;;0.0;;;0.0;06-12-2026_5711
Lastefrist 13:30 Søndag;C44;41960.0;Alnabru;2026-12-06;49.0;Søndag;13:30:00;;0.0;16:48:00;;0.0;17:23:00;;0.0;17:28:00;;0.0;;;0.0;06-12-2026_41960
;C44;41971.0;Alnabru;2026-12-06;49.0;Søndag;13:30:00;;0.0;17:04:00;;0.0;17:39:00;;0.0;17:44:00;;0.0;;;0.0;06-12-2026_41971
LANGTOG;C32;5523.0;Alnabru;2026-12-06;49.0;Søndag;16:00:00;;0.0;18:31:00;;0.0;19:06:00;;0.0;19:11:00;;0.0;;;0.0;06-12-2026_5523
;C23;5717.0;Alnabru;2026-12-06;49.0;Søndag;16:00:00;;0.0;18:57:00;;0.0;19:32:00;;0.0;19:37:00;;0.0;;;0.0;06-12-2026_5717
LANGTOG;C43;5811.0;Alnabru;2026-12-06;49.0;Søndag;13:30:00;;0.0;20:51:00;;0.0;21:26:00;;0.0;21:31:00;;0.0;;;0.0;06-12-2026_5811
;C32 Nord;5531.0;Alnabru;2026-12-07;50.0;Mandag;07:50:00;;0.0;07:43:00;;0.0;08:18:00;;0.0;08:23:00;;0.0;;;0.0;07-12-2026_5531
Lastefristkl. 19:30 dag før avgang.;C45;5301.0;Alnabru;2026-12-07;50.0;Mandag;19:30:00;;0.0;08:11:00;;0.0;08:46:00;;0.0;08:51:00;;0.0;;;0.0;07-12-2026_5301
;C45;5801.0;Alnabru;2026-12-07;50.0;Mandag;08:50:00;;0.0;08:51:00;;0.0;09:26:00;;0.0;09:31:00;;0.0;;;0.0;07-12-2026_5801
PRI-TOG;C42;5731.0;Alnabru;2026-12-07;50.0;Mandag;08:50:00;;0.0;09:02:00;;0.0;09:37:00;;0.0;09:42:00;;0.0;;;0.0;07-12-2026_5731
;C32 ;5507.0;Alnabru;2026-12-07;50.0;Mandag;11:40:00;;0.0;11:43:00;;0.0;12:18:00;;0.0;12:23:00;;0.0;;;0.0;07-12-2026_5507
;C42;45960.0;Alnabru;2026-12-07;50.0;Mandag;14:00:00;;0.0;15:02:00;;0.0;15:37:00;;0.0;15:42:00;;0.0;;;0.0;07-12-2026_45960
;C42;5707.0;Alnabru;2026-12-07;50.0;Mandag;16:20:00;;0.0;16:32:00;;0.0;17:07:00;;0.0;17:12:00;;0.0;;;0.0;07-12-2026_5707
;C32 ;5509.0;Alnabru;2026-12-07;50.0;Mandag;16:30:00;;0.0;16:44:00;;0.0;17:19:00;;0.0;17:24:00;;0.0;;;0.0;07-12-2026_5509
;C44;41960.0;Alnabru;2026-12-07;50.0;Mandag;16:00:00;;0.0;16:48:00;;0.0;17:23:00;;0.0;17:28:00;;0.0;;;0.0;07-12-2026_41960
;C2/C5A;41971.0;Alnabru;2026-12-07;50.0;Mandag;16:00:00;;0.0;17:04:00;;0.0;17:39:00;;0.0;17:44:00;;0.0;;;0.0;07-12-2026_41971
;C45;5805.0;Alnabru;2026-12-07;50.0;Mandag;17:00:00;;0.0;17:11:00;;0.0;17:46:00;;0.0;17:51:00;;0.0;;;0.0;07-12-2026_5805
PRI-TOG;C23;41910.0;Alnabru;2026-12-07;50.0;Mandag;17:35:00;;0.0;17:45:00;;0.0;18:20:00;;0.0;18:25:00;;0.0;;;0.0;07-12-2026_41910
;C32;5511.0;Alnabru;2026-12-07;50.0;Mandag;18:40:00;;0.0;18:59:00;;0.0;19:34:00;;0.0;19:39:00;;0.0;;;0.0;07-12-2026_5511
;C42;5733.0;Alnabru;2026-12-07;50.0;Mandag;19:20:00;;0.0;19:30:00;;0.0;20:05:00;;0.0;20:10:00;;0.0;;;0.0;07-12-2026_5733
PRI-TOG;C31;41900.0;Alnabru;2026-12-07;50.0;Mandag;19:40:00;;0.0;19:46:00;;0.0;20:21:00;;0.0;20:26:00;;0.0;;;0.0;07-12-2026_41900
;C45;5709.0;Alnabru;2026-12-07;50.0;Mandag;21:00:00;;0.0;21:02:00;;0.0;21:37:00;;0.0;21:42:00;;0.0;;;0.0;07-12-2026_5709
LANGTOG;C43;5811.0;Alnabru;2026-12-07;50.0;Mandag;20:30:00;;0.0;20:51:00;;0.0;21:26:00;;0.0;21:31:00;;0.0;;;0.0;07-12-2026_5811
LANGTOG;C32 ;5515.0;Alnabru;2026-12-07;50.0;Mandag;21:15:00;;0.0;21:17:00;;0.0;21:52:00;;0.0;21:57:00;;0.0;;;0.0;07-12-2026_5515
PRI-TOG;C23;5735.0;Alnabru;2026-12-07;50.0;Mandag;21:50:00;;0.0;22:02:00;;0.0;22:37:00;;0.0;22:42:00;;0.0;;;0.0;07-12-2026_5735
Lastefristkl. 19:30 dag før avgang.;C45;5301.0;Alnabru;2026-12-08;50.0;Tirsdag;19:30:00;;0.0;08:11:00;;0.0;08:46:00;;0.0;08:51:00;;0.0;;;0.0;08-12-2026_5301
;C45;5801.0;Alnabru;2026-12-08;50.0;Tirsdag;08:50:00;;0.0;08:51:00;;0.0;09:26:00;;0.0;09:31:00;;0.0;;;0.0;08-12-2026_5801
PRI-TOG;C42;5731.0;Alnabru;2026-12-08;50.0;Tirsdag;08:50:00;;0.0;09:02:00;;0.0;09:37:00;;0.0;09:42:00;;0.0;;;0.0;08-12-2026_5731
;C32 ;5507.0;Alnabru;2026-12-08;50.0;Tirsdag;11:40:00;;0.0;11:43:00;;0.0;12:18:00;;0.0;12:23:00;;0.0;;;0.0;08-12-2026_5507
;C42;45960.0;Alnabru;2026-12-08;50.0;Tirsdag;14:00:00;;0.0;15:02:00;;0.0;15:37:00;;0.0;15:42:00;;0.0;;;0.0;08-12-2026_45960
;C42;5707.0;Alnabru;2026-12-08;50.0;Tirsdag;16:20:00;;0.0;16:32:00;;0.0;17:07:00;;0.0;17:12:00;;0.0;;;0.0;08-12-2026_5707
;C32 ;5509.0;Alnabru;2026-12-08;50.0;Tirsdag;16:30:00;;0.0;16:44:00;;0.0;17:19:00;;0.0;17:24:00;;0.0;;;0.0;08-12-2026_5509
;C44;41960.0;Alnabru;2026-12-08;50.0;Tirsdag;16:00:00;;0.0;16:48:00;;0.0;17:23:00;;0.0;17:28:00;;0.0;;;0.0;08-12-2026_41960
;C2/C5A;41971.0;Alnabru;2026-12-08;50.0;Tirsdag;16:00:00;;0.0;17:04:00;;0.0;17:39:00;;0.0;17:44:00;;0.0;;;0.0;08-12-2026_41971
;C45;5805.0;Alnabru;2026-12-08;50.0;Tirsdag;17:00:00;;0.0;17:11:00;;0.0;17:46:00;;0.0;17:51:00;;0.0;;;0.0;08-12-2026_5805
PRI-TOG;C23;41910.0;Alnabru;2026-12-08;50.0;Tirsdag;17:35:00;;0.0;17:45:00;;0.0;18:20:00;;0.0;18:25:00;;0.0;;;0.0;08-12-2026_41910
;C32 ;5511.0;Alnabru;2026-12-08;50.0;Tirsdag;18:40:00;;0.0;18:59:00;;0.0;19:34:00;;0.0;19:39:00;;0.0;;;0.0;08-12-2026_5511
;C42;5733.0;Alnabru;2026-12-08;50.0;Tirsdag;19:20:00;;0.0;19:35:00;;0.0;20:05:00;;0.0;20:10:00;;0.0;;;0.0;08-12-2026_5733
PRI-TOG;C31;41900.0;Alnabru;2026-12-08;50.0;Tirsdag;19:40:00;;0.0;19:46:00;;0.0;20:21:00;;0.0;20:26:00;;0.0;;;0.0;08-12-2026_41900
;C45;5709.0;Alnabru;2026-12-08;50.0;Tirsdag;21:00:00;;0.0;21:02:00;;0.0;21:37:00;;0.0;21:42:00;;0.0;;;0.0;08-12-2026_5709
LANGTOG;C43;5811.0;Alnabru;2026-12-08;50.0;Tirsdag;20:30:00;;0.0;20:51:00;;0.0;21:26:00;;0.0;21:31:00;;0.0;;;0.0;08-12-2026_5811
LANGTOG;C32 ;5515.0;Alnabru;2026-12-08;50.0;Tirsdag;21:15:00;;0.0;21:17:00;;0.0;21:52:00;;0.0;21:57:00;;0.0;;;0.0;08-12-2026_5515
PRI-TOG;C23;5735.0;Alnabru;2026-12-08;50.0;Tirsdag;21:50:00;;0.0;22:02:00;;0.0;22:37:00;;0.0;22:42:00;;0.0;;;0.0;08-12-2026_5735
;C32 Nord;5531.0;Alnabru;2026-12-09;50.0;Onsdag;07:50:00;;0.0;07:43:00;;0.0;08:18:00;;0.0;08:23:00;;0.0;;;0.0;09-12-2026_5531
Lastefristkl. 19:30 dag før avgang.;C45;5301.0;Alnabru;2026-12-09;50.0;Onsdag;19:30:00;;0.0;08:11:00;;0.0;08:46:00;;0.0;08:51:00;;0.0;;;0.0;09-12-2026_5301
;C45;5801.0;Alnabru;2026-12-09;50.0;Onsdag;08:50:00;;0.0;08:51:00;;0.0;09:26:00;;0.0;09:31:00;;0.0;;;0.0;09-12-2026_5801
PRI-TOG;C42;5731.0;Alnabru;2026-12-09;50.0;Onsdag;08:50:00;;0.0;09:02:00;;0.0;09:37:00;;0.0;09:42:00;;0.0;;;0.0;09-12-2026_5731
;C32 ;5507.0;Alnabru;2026-12-09;50.0;Onsdag;11:40:00;;0.0;11:43:00;;0.0;12:18:00;;0.0;12:23:00;;0.0;;;0.0;09-12-2026_5507
;C42;45960.0;Alnabru;2026-12-09;50.0;Onsdag;14:00:00;;0.0;15:02:00;;0.0;15:37:00;;0.0;15:42:00;;0.0;;;0.0;09-12-2026_45960
;C42;5707.0;Alnabru;2026-12-09;50.0;Onsdag;16:20:00;;0.0;16:32:00;;0.0;17:07:00;;0.0;17:12:00;;0.0;;;0.0;09-12-2026_5707
;C32 ;5509.0;Alnabru;2026-12-09;50.0;Onsdag;16:30:00;;0.0;16:44:00;;0.0;17:19:00;;0.0;17:24:00;;0.0;;;0.0;09-12-2026_5509
;C44;41960.0;Alnabru;2026-12-09;50.0;Onsdag;16:00:00;;0.0;16:48:00;;0.0;17:23:00;;0.0;17:28:00;;0.0;;;0.0;09-12-2026_41960
;C2/C5A;41971.0;Alnabru;2026-12-09;50.0;Onsdag;16:00:00;;0.0;17:04:00;;0.0;17:39:00;;0.0;17:44:00;;0.0;;;0.0;09-12-2026_41971
;C45;5805.0;Alnabru;2026-12-09;50.0;Onsdag;17:00:00;;0.0;17:11:00;;0.0;17:46:00;;0.0;17:51:00;;0.0;;;0.0;09-12-2026_5805
PRI-TOG;C23;41910.0;Alnabru;2026-12-09;50.0;Onsdag;17:35:00;;0.0;17:45:00;;0.0;18:20:00;;0.0;18:25:00;;0.0;;;0.0;09-12-2026_41910
;C32 ;5511.0;Alnabru;2026-12-09;50.0;Onsdag;18:40:00;;0.0;18:59:00;;0.0;19:34:00;;0.0;19:39:00;;0.0;;;0.0;09-12-2026_5511
;C42;5733.0;Alnabru;2026-12-09;50.0;Onsdag;19:20:00;;0.0;19:35:00;;0.0;20:05:00;;0.0;20:10:00;;0.0;;;0.0;09-12-2026_5733
PRI-TOG;C31;41900.0;Alnabru;2026-12-09;50.0;Onsdag;19:40:00;;0.0;19:46:00;;0.0;20:21:00;;0.0;20:26:00;;0.0;;;0.0;09-12-2026_41900
;C45;5709.0;Alnabru;2026-12-09;50.0;Onsdag;21:00:00;;0.0;21:02:00;;0.0;21:37:00;;0.0;21:42:00;;0.0;;;0.0;09-12-2026_5709
LANGTOG;C43;5811.0;Alnabru;2026-12-09;50.0;Onsdag;20:30:00;;0.0;20:51:00;;0.0;21:26:00;;0.0;21:31:00;;0.0;;;0.0;09-12-2026_5811
LANGTOG;C32 ;5515.0;Alnabru;2026-12-09;50.0;Onsdag;21:15:00;;0.0;21:17:00;;0.0;21:52:00;;0.0;21:57:00;;0.0;;;0.0;09-12-2026_5515
PRI-TOG;C23;5735.0;Alnabru;2026-12-09;50.0;Onsdag;21:50:00;;0.0;22:02:00;;0.0;22:37:00;;0.0;22:42:00;;0.0;;;0.0;09-12-2026_5735
Lastefristkl. 19:30 dag før avgang.;C45;5301.0;Alnabru;2026-12-10;50.0;Torsdag;19:30:00;;0.0;08:11:00;;0.0;08:46:00;;0.0;08:51:00;;0.0;;;0.0;10-12-2026_5301
;C45;5801.0;Alnabru;2026-12-10;50.0;Torsdag;08:50:00;;0.0;08:51:00;;0.0;09:26:00;;0.0;09:31:00;;0.0;;;0.0;10-12-2026_5801
PRI-TOG;C42;5731.0;Alnabru;2026-12-10;50.0;Torsdag;08:50:00;;0.0;09:02:00;;0.0;09:37:00;;0.0;09:42:00;;0.0;;;0.0;10-12-2026_5731
;C32 ;5507.0;Alnabru;2026-12-10;50.0;Torsdag;11:40:00;;0.0;11:43:00;;0.0;12:18:00;;0.0;12:23:00;;0.0;;;0.0;10-12-2026_5507
;C42;45960.0;Alnabru;2026-12-10;50.0;Torsdag;14:00:00;;0.0;15:02:00;;0.0;15:37:00;;0.0;15:42:00;;0.0;;;0.0;10-12-2026_45960
;C42;5707.0;Alnabru;2026-12-10;50.0;Torsdag;16:20:00;;0.0;16:32:00;;0.0;17:07:00;;0.0;17:12:00;;0.0;;;0.0;10-12-2026_5707
;C32 ;5509.0;Alnabru;2026-12-10;50.0;Torsdag;16:30:00;;0.0;16:44:00;;0.0;17:19:00;;0.0;17:24:00;;0.0;;;0.0;10-12-2026_5509
;C44;41960.0;Alnabru;2026-12-10;50.0;Torsdag;16:00:00;;0.0;16:48:00;;0.0;17:23:00;;0.0;17:28:00;;0.0;;;0.0;10-12-2026_41960
;C2/C5A;41971.0;Alnabru;2026-12-10;50.0;Torsdag;16:00:00;;0.0;17:04:00;;0.0;17:39:00;;0.0;17:44:00;;0.0;;;0.0;10-12-2026_41971
;C45;5805.0;Alnabru;2026-12-10;50.0;Torsdag;17:00:00;;0.0;17:11:00;;0.0;17:46:00;;0.0;17:51:00;;0.0;;;0.0;10-12-2026_5805
PRI-TOG;C23;41910.0;Alnabru;2026-12-10;50.0;Torsdag;17:35:00;;0.0;17:45:00;;0.0;18:20:00;;0.0;18:25:00;;0.0;;;0.0;10-12-2026_41910
;C32 ;5511.0;Alnabru;2026-12-10;50.0;Torsdag;18:40:00;;0.0;18:59:00;;0.0;19:34:00;;0.0;19:39:00;;0.0;;;0.0;10-12-2026_5511
;C42;5733.0;Alnabru;2026-12-10;50.0;Torsdag;19:20:00;;0.0;19:35:00;;0.0;20:05:00;;0.0;20:10:00;;0.0;;;0.0;10-12-2026_5733
PRI-TOG;C31;41900.0;Alnabru;2026-12-10;50.0;Torsdag;19:40:00;;0.0;19:46:00;;0.0;20:21:00;;0.0;20:26:00;;0.0;;;0.0;10-12-2026_41900
;C45;5709.0;Alnabru;2026-12-10;50.0;Torsdag;21:00:00;;0.0;21:02:00;;0.0;21:37:00;;0.0;21:42:00;;0.0;;;0.0;10-12-2026_5709
LANGTOG;C43;5811.0;Alnabru;2026-12-10;50.0;Torsdag;20:30:00;;0.0;20:51:00;;0.0;21:26:00;;0.0;21:31:00;;0.0;;;0.0;10-12-2026_5811
LANGTOG;C32 ;5515.0;Alnabru;2026-12-10;50.0;Torsdag;21:15:00;;0.0;21:17:00;;0.0;21:52:00;;0.0;21:57:00;;0.0;;;0.0;10-12-2026_5515
PRI-TOG;C23;5735.0;Alnabru;2026-12-10;50.0;Torsdag;21:50:00;;0.0;22:02:00;;0.0;22:37:00;;0.0;22:42:00;;0.0;;;0.0;10-12-2026_5735
Lastefristkl. 19:30 dag før avgang.;C45;5301.0;Alnabru;2026-12-11;50.0;Fredag;19:30:00;;0.0;08:11:00;;0.0;08:46:00;;0.0;08:51:00;;0.0;;;0.0;11-12-2026_5301
;C45;5801.0;Alnabru;2026-12-11;50.0;Fredag;08:50:00;;0.0;08:51:00;;0.0;09:26:00;;0.0;09:31:00;;0.0;;;0.0;11-12-2026_5801
PRI-TOG;C42;5731.0;Alnabru;2026-12-11;50.0;Fredag;08:50:00;;0.0;09:02:00;;0.0;09:37:00;;0.0;09:42:00;;0.0;;;0.0;11-12-2026_5731
;C32 ;5507.0;Alnabru;2026-12-11;50.0;Fredag;11:40:00;;0.0;11:43:00;;0.0;12:18:00;;0.0;12:23:00;;0.0;;;0.0;11-12-2026_5507
;C42;45960.0;Alnabru;2026-12-11;50.0;Fredag;14:00:00;;0.0;15:02:00;;0.0;15:37:00;;0.0;15:42:00;;0.0;;;0.0;11-12-2026_45960
;C32 ;5509.0;Alnabru;2026-12-11;50.0;Fredag;16:30:00;;0.0;16:44:00;;0.0;17:19:00;;0.0;17:24:00;;0.0;;;0.0;11-12-2026_5509
;C2/C5A;41971.0;Alnabru;2026-12-11;50.0;Fredag;16:00:00;;0.0;17:04:00;;0.0;17:39:00;;0.0;17:44:00;;0.0;;;0.0;11-12-2026_41971
;C45;5805.0;Alnabru;2026-12-11;50.0;Fredag;17:00:00;;0.0;17:11:00;;0.0;17:46:00;;0.0;17:51:00;;0.0;;;0.0;11-12-2026_5805
PRI-TOG;C23;41910.0;Alnabru;2026-12-11;50.0;Fredag;17:35:00;;0.0;17:45:00;;0.0;18:20:00;;0.0;18:25:00;;0.0;;;0.0;11-12-2026_41910
;C32 ;5511.0;Alnabru;2026-12-11;50.0;Fredag;18:40:00;;0.0;18:59:00;;0.0;19:34:00;;0.0;19:39:00;;0.0;;;0.0;11-12-2026_5511
;C42;5733.0;Alnabru;2026-12-11;50.0;Fredag;19:20:00;;0.0;19:35:00;;0.0;20:05:00;;0.0;20:10:00;;0.0;;;0.0;11-12-2026_5733
PRI-TOG;C31;41900.0;Alnabru;2026-12-11;50.0;Fredag;19:40:00;;0.0;19:46:00;;0.0;20:21:00;;0.0;20:26:00;;0.0;;;0.0;11-12-2026_41900
;C45;5709.0;Alnabru;2026-12-11;50.0;Fredag;21:00:00;;0.0;21:02:00;;0.0;21:37:00;;0.0;21:42:00;;0.0;;;0.0;11-12-2026_5709
LANGTOG;C43;5811.0;Alnabru;2026-12-11;50.0;Fredag;20:30:00;;0.0;20:51:00;;0.0;21:26:00;;0.0;21:31:00;;0.0;;;0.0;11-12-2026_5811
LANGTOG;C32 ;5515.0;Alnabru;2026-12-11;50.0;Fredag;21:15:00;;0.0;21:17:00;;0.0;21:52:00;;0.0;21:57:00;;0.0;;;0.0;11-12-2026_5515
PRI-TOG;C23;5735.0;Alnabru;2026-12-11;50.0;Fredag;21:50:00;;0.0;22:02:00;;0.0;22:37:00;;0.0;22:42:00;;0.0;;;0.0;11-12-2026_5735
FORHÅNDSLASTES C32 FREDAG;C32 ;5737.0;Alnabru;2026-12-12;50.0;Lørdag;11:00:00;;0.0;11:02:00;;0.0;11:37:00;;0.0;11:42:00;;0.0;;;0.0;12-12-2026_5737
;C44;41971.0;Alnabru;2026-12-12;50.0;Lørdag;13:30:00;;0.0;17:04:00;;0.0;17:39:00;;0.0;17:44:00;;0.0;;;0.0;12-12-2026_41971
PRI-TOG;C23;41910.0;Alnabru;2026-12-12;50.0;Lørdag;12:00:00;;0.0;17:45:00;;0.0;18:20:00;;0.0;18:25:00;;0.0;;;0.0;12-12-2026_41910
LASTEFRIST KL. 15:00 LØRDAG;C23;5711.0;Alnabru;2026-12-13;50.0;Søndag;14:30:00;;0.0;07:27:00;;0.0;08:02:00;;0.0;08:07:00;;0.0;;;0.0;13-12-2026_5711
Lastefrist 13:30 Søndag;C44;41960.0;Alnabru;2026-12-13;50.0;Søndag;13:30:00;;0.0;16:48:00;;0.0;17:23:00;;0.0;17:28:00;;0.0;;;0.0;13-12-2026_41960
;C44;41971.0;Alnabru;2026-12-13;50.0;Søndag;13:30:00;;0.0;17:04:00;;0.0;17:39:00;;0.0;17:44:00;;0.0;;;0.0;13-12-2026_41971
LANGTOG;C32;5523.0;Alnabru;2026-12-13;50.0;Søndag;16:00:00;;0.0;18:31:00;;0.0;19:06:00;;0.0;19:11:00;;0.0;;;0.0;13-12-2026_5523
;C23;5717.0;Alnabru;2026-12-13;50.0;Søndag;16:00:00;;0.0;18:57:00;;0.0;19:32:00;;0.0;19:37:00;;0.0;;;0.0;13-12-2026_5717
LANGTOG;C43;5811.0;Alnabru;2026-12-13;50.0;Søndag;13:30:00;;0.0;20:51:00;;0.0;21:26:00;;0.0;21:31:00;;0.0;;;0.0;13-12-2026_5811
;C32 Nord;5531.0;Alnabru;2026-12-14;51.0;Mandag;07:50:00;;0.0;07:43:00;;0.0;08:18:00;;0.0;08:23:00;;0.0;;;0.0;14-12-2026_5531
Lastefristkl. 19:30 dag før avgang.;C45;5301.0;Alnabru;2026-12-14;51.0;Mandag;19:30:00;;0.0;08:11:00;;0.0;08:46:00;;0.0;08:51:00;;0.0;;;0.0;14-12-2026_5301
;C45;5801.0;Alnabru;2026-12-14;51.0;Mandag;08:50:00;;0.0;08:51:00;;0.0;09:26:00;;0.0;09:31:00;;0.0;;;0.0;14-12-2026_5801
PRI-TOG;C42;5731.0;Alnabru;2026-12-14;51.0;Mandag;08:50:00;;0.0;09:02:00;;0.0;09:37:00;;0.0;09:42:00;;0.0;;;0.0;14-12-2026_5731
;C32 ;5507.0;Alnabru;2026-12-14;51.0;Mandag;11:40:00;;0.0;11:43:00;;0.0;12:18:00;;0.0;12:23:00;;0.0;;;0.0;14-12-2026_5507
;C42;45960.0;Alnabru;2026-12-14;51.0;Mandag;14:00:00;;0.0;15:02:00;;0.0;15:37:00;;0.0;15:42:00;;0.0;;;0.0;14-12-2026_45960
;C42;5707.0;Alnabru;2026-12-14;51.0;Mandag;16:20:00;;0.0;16:32:00;;0.0;17:07:00;;0.0;17:12:00;;0.0;;;0.0;14-12-2026_5707
;C32 ;5509.0;Alnabru;2026-12-14;51.0;Mandag;16:30:00;;0.0;16:44:00;;0.0;17:19:00;;0.0;17:24:00;;0.0;;;0.0;14-12-2026_5509
;C44;41960.0;Alnabru;2026-12-14;51.0;Mandag;16:00:00;;0.0;16:48:00;;0.0;17:23:00;;0.0;17:28:00;;0.0;;;0.0;14-12-2026_41960
;C2/C5A;41971.0;Alnabru;2026-12-14;51.0;Mandag;16:00:00;;0.0;17:04:00;;0.0;17:39:00;;0.0;17:44:00;;0.0;;;0.0;14-12-2026_41971
;C45;5805.0;Alnabru;2026-12-14;51.0;Mandag;17:00:00;;0.0;17:11:00;;0.0;17:46:00;;0.0;17:51:00;;0.0;;;0.0;14-12-2026_5805
PRI-TOG;C23;41910.0;Alnabru;2026-12-14;51.0;Mandag;17:35:00;;0.0;17:45:00;;0.0;18:20:00;;0.0;18:25:00;;0.0;;;0.0;14-12-2026_41910
;C32;5511.0;Alnabru;2026-12-14;51.0;Mandag;18:40:00;;0.0;18:59:00;;0.0;19:34:00;;0.0;19:39:00;;0.0;;;0.0;14-12-2026_5511
;C42;5733.0;Alnabru;2026-12-14;51.0;Mandag;19:20:00;;0.0;19:30:00;;0.0;20:05:00;;0.0;20:10:00;;0.0;;;0.0;14-12-2026_5733
PRI-TOG;C31;41900.0;Alnabru;2026-12-14;51.0;Mandag;19:40:00;;0.0;19:46:00;;0.0;20:21:00;;0.0;20:26:00;;0.0;;;0.0;14-12-2026_41900
;C45;5709.0;Alnabru;2026-12-14;51.0;Mandag;21:00:00;;0.0;21:02:00;;0.0;21:37:00;;0.0;21:42:00;;0.0;;;0.0;14-12-2026_5709
LANGTOG;C43;5811.0;Alnabru;2026-12-14;51.0;Mandag;20:30:00;;0.0;20:51:00;;0.0;21:26:00;;0.0;21:31:00;;0.0;;;0.0;14-12-2026_5811
LANGTOG;C32 ;5515.0;Alnabru;2026-12-14;51.0;Mandag;21:15:00;;0.0;21:17:00;;0.0;21:52:00;;0.0;21:57:00;;0.0;;;0.0;14-12-2026_5515
PRI-TOG;C23;5735.0;Alnabru;2026-12-14;51.0;Mandag;21:50:00;;0.0;22:02:00;;0.0;22:37:00;;0.0;22:42:00;;0.0;;;0.0;14-12-2026_5735
Lastefristkl. 19:30 dag før avgang.;C45;5301.0;Alnabru;2026-12-15;51.0;Tirsdag;19:30:00;;0.0;08:11:00;;0.0;08:46:00;;0.0;08:51:00;;0.0;;;0.0;15-12-2026_5301
;C45;5801.0;Alnabru;2026-12-15;51.0;Tirsdag;08:50:00;;0.0;08:51:00;;0.0;09:26:00;;0.0;09:31:00;;0.0;;;0.0;15-12-2026_5801
PRI-TOG;C42;5731.0;Alnabru;2026-12-15;51.0;Tirsdag;08:50:00;;0.0;09:02:00;;0.0;09:37:00;;0.0;09:42:00;;0.0;;;0.0;15-12-2026_5731
;C32 ;5507.0;Alnabru;2026-12-15;51.0;Tirsdag;11:40:00;;0.0;11:43:00;;0.0;12:18:00;;0.0;12:23:00;;0.0;;;0.0;15-12-2026_5507
;C42;45960.0;Alnabru;2026-12-15;51.0;Tirsdag;14:00:00;;0.0;15:02:00;;0.0;15:37:00;;0.0;15:42:00;;0.0;;;0.0;15-12-2026_45960
;C42;5707.0;Alnabru;2026-12-15;51.0;Tirsdag;16:20:00;;0.0;16:32:00;;0.0;17:07:00;;0.0;17:12:00;;0.0;;;0.0;15-12-2026_5707
;C32 ;5509.0;Alnabru;2026-12-15;51.0;Tirsdag;16:30:00;;0.0;16:44:00;;0.0;17:19:00;;0.0;17:24:00;;0.0;;;0.0;15-12-2026_5509
;C44;41960.0;Alnabru;2026-12-15;51.0;Tirsdag;16:00:00;;0.0;16:48:00;;0.0;17:23:00;;0.0;17:28:00;;0.0;;;0.0;15-12-2026_41960
;C2/C5A;41971.0;Alnabru;2026-12-15;51.0;Tirsdag;16:00:00;;0.0;17:04:00;;0.0;17:39:00;;0.0;17:44:00;;0.0;;;0.0;15-12-2026_41971
;C45;5805.0;Alnabru;2026-12-15;51.0;Tirsdag;17:00:00;;0.0;17:11:00;;0.0;17:46:00;;0.0;17:51:00;;0.0;;;0.0;15-12-2026_5805
PRI-TOG;C23;41910.0;Alnabru;2026-12-15;51.0;Tirsdag;17:35:00;;0.0;17:45:00;;0.0;18:20:00;;0.0;18:25:00;;0.0;;;0.0;15-12-2026_41910
;C32 ;5511.0;Alnabru;2026-12-15;51.0;Tirsdag;18:40:00;;0.0;18:59:00;;0.0;19:34:00;;0.0;19:39:00;;0.0;;;0.0;15-12-2026_5511
;C42;5733.0;Alnabru;2026-12-15;51.0;Tirsdag;19:20:00;;0.0;19:35:00;;0.0;20:05:00;;0.0;20:10:00;;0.0;;;0.0;15-12-2026_5733
PRI-TOG;C31;41900.0;Alnabru;2026-12-15;51.0;Tirsdag;19:40:00;;0.0;19:46:00;;0.0;20:21:00;;0.0;20:26:00;;0.0;;;0.0;15-12-2026_41900
;C45;5709.0;Alnabru;2026-12-15;51.0;Tirsdag;21:00:00;;0.0;21:02:00;;0.0;21:37:00;;0.0;21:42:00;;0.0;;;0.0;15-12-2026_5709
LANGTOG;C43;5811.0;Alnabru;2026-12-15;51.0;Tirsdag;20:30:00;;0.0;20:51:00;;0.0;21:26:00;;0.0;21:31:00;;0.0;;;0.0;15-12-2026_5811
LANGTOG;C32 ;5515.0;Alnabru;2026-12-15;51.0;Tirsdag;21:15:00;;0.0;21:17:00;;0.0;21:52:00;;0.0;21:57:00;;0.0;;;0.0;15-12-2026_5515
PRI-TOG;C23;5735.0;Alnabru;2026-12-15;51.0;Tirsdag;21:50:00;;0.0;22:02:00;;0.0;22:37:00;;0.0;22:42:00;;0.0;;;0.0;15-12-2026_5735
;C32 Nord;5531.0;Alnabru;2026-12-16;51.0;Onsdag;07:50:00;;0.0;07:43:00;;0.0;08:18:00;;0.0;08:23:00;;0.0;;;0.0;16-12-2026_5531
Lastefristkl. 19:30 dag før avgang.;C45;5301.0;Alnabru;2026-12-16;51.0;Onsdag;19:30:00;;0.0;08:11:00;;0.0;08:46:00;;0.0;08:51:00;;0.0;;;0.0;16-12-2026_5301
;C45;5801.0;Alnabru;2026-12-16;51.0;Onsdag;08:50:00;;0.0;08:51:00;;0.0;09:26:00;;0.0;09:31:00;;0.0;;;0.0;16-12-2026_5801
PRI-TOG;C42;5731.0;Alnabru;2026-12-16;51.0;Onsdag;08:50:00;;0.0;09:02:00;;0.0;09:37:00;;0.0;09:42:00;;0.0;;;0.0;16-12-2026_5731
;C32 ;5507.0;Alnabru;2026-12-16;51.0;Onsdag;11:40:00;;0.0;11:43:00;;0.0;12:18:00;;0.0;12:23:00;;0.0;;;0.0;16-12-2026_5507
;C42;45960.0;Alnabru;2026-12-16;51.0;Onsdag;14:00:00;;0.0;15:02:00;;0.0;15:37:00;;0.0;15:42:00;;0.0;;;0.0;16-12-2026_45960
;C42;5707.0;Alnabru;2026-12-16;51.0;Onsdag;16:20:00;;0.0;16:32:00;;0.0;17:07:00;;0.0;17:12:00;;0.0;;;0.0;16-12-2026_5707
;C32 ;5509.0;Alnabru;2026-12-16;51.0;Onsdag;16:30:00;;0.0;16:44:00;;0.0;17:19:00;;0.0;17:24:00;;0.0;;;0.0;16-12-2026_5509
;C44;41960.0;Alnabru;2026-12-16;51.0;Onsdag;16:00:00;;0.0;16:48:00;;0.0;17:23:00;;0.0;17:28:00;;0.0;;;0.0;16-12-2026_41960
;C2/C5A;41971.0;Alnabru;2026-12-16;51.0;Onsdag;16:00:00;;0.0;17:04:00;;0.0;17:39:00;;0.0;17:44:00;;0.0;;;0.0;16-12-2026_41971
;C45;5805.0;Alnabru;2026-12-16;51.0;Onsdag;17:00:00;;0.0;17:11:00;;0.0;17:46:00;;0.0;17:51:00;;0.0;;;0.0;16-12-2026_5805
PRI-TOG;C23;41910.0;Alnabru;2026-12-16;51.0;Onsdag;17:35:00;;0.0;17:45:00;;0.0;18:20:00;;0.0;18:25:00;;0.0;;;0.0;16-12-2026_41910
;C32 ;5511.0;Alnabru;2026-12-16;51.0;Onsdag;18:40:00;;0.0;18:59:00;;0.0;19:34:00;;0.0;19:39:00;;0.0;;;0.0;16-12-2026_5511
;C42;5733.0;Alnabru;2026-12-16;51.0;Onsdag;19:20:00;;0.0;19:35:00;;0.0;20:05:00;;0.0;20:10:00;;0.0;;;0.0;16-12-2026_5733
PRI-TOG;C31;41900.0;Alnabru;2026-12-16;51.0;Onsdag;19:40:00;;0.0;19:46:00;;0.0;20:21:00;;0.0;20:26:00;;0.0;;;0.0;16-12-2026_41900
;C45;5709.0;Alnabru;2026-12-16;51.0;Onsdag;21:00:00;;0.0;21:02:00;;0.0;21:37:00;;0.0;21:42:00;;0.0;;;0.0;16-12-2026_5709
LANGTOG;C43;5811.0;Alnabru;2026-12-16;51.0;Onsdag;20:30:00;;0.0;20:51:00;;0.0;21:26:00;;0.0;21:31:00;;0.0;;;0.0;16-12-2026_5811
LANGTOG;C32 ;5515.0;Alnabru;2026-12-16;51.0;Onsdag;21:15:00;;0.0;21:17:00;;0.0;21:52:00;;0.0;21:57:00;;0.0;;;0.0;16-12-2026_5515
PRI-TOG;C23;5735.0;Alnabru;2026-12-16;51.0;Onsdag;21:50:00;;0.0;22:02:00;;0.0;22:37:00;;0.0;22:42:00;;0.0;;;0.0;16-12-2026_5735
Lastefristkl. 19:30 dag før avgang.;C45;5301.0;Alnabru;2026-12-17;51.0;Torsdag;19:30:00;;0.0;08:11:00;;0.0;08:46:00;;0.0;08:51:00;;0.0;;;0.0;17-12-2026_5301
;C45;5801.0;Alnabru;2026-12-17;51.0;Torsdag;08:50:00;;0.0;08:51:00;;0.0;09:26:00;;0.0;09:31:00;;0.0;;;0.0;17-12-2026_5801
PRI-TOG;C42;5731.0;Alnabru;2026-12-17;51.0;Torsdag;08:50:00;;0.0;09:02:00;;0.0;09:37:00;;0.0;09:42:00;;0.0;;;0.0;17-12-2026_5731
;C32 ;5507.0;Alnabru;2026-12-17;51.0;Torsdag;11:40:00;;0.0;11:43:00;;0.0;12:18:00;;0.0;12:23:00;;0.0;;;0.0;17-12-2026_5507
;C42;45960.0;Alnabru;2026-12-17;51.0;Torsdag;14:00:00;;0.0;15:02:00;;0.0;15:37:00;;0.0;15:42:00;;0.0;;;0.0;17-12-2026_45960
;C42;5707.0;Alnabru;2026-12-17;51.0;Torsdag;16:20:00;;0.0;16:32:00;;0.0;17:07:00;;0.0;17:12:00;;0.0;;;0.0;17-12-2026_5707
;C32 ;5509.0;Alnabru;2026-12-17;51.0;Torsdag;16:30:00;;0.0;16:44:00;;0.0;17:19:00;;0.0;17:24:00;;0.0;;;0.0;17-12-2026_5509
;C44;41960.0;Alnabru;2026-12-17;51.0;Torsdag;16:00:00;;0.0;16:48:00;;0.0;17:23:00;;0.0;17:28:00;;0.0;;;0.0;17-12-2026_41960
;C2/C5A;41971.0;Alnabru;2026-12-17;51.0;Torsdag;16:00:00;;0.0;17:04:00;;0.0;17:39:00;;0.0;17:44:00;;0.0;;;0.0;17-12-2026_41971
;C45;5805.0;Alnabru;2026-12-17;51.0;Torsdag;17:00:00;;0.0;17:11:00;;0.0;17:46:00;;0.0;17:51:00;;0.0;;;0.0;17-12-2026_5805
PRI-TOG;C23;41910.0;Alnabru;2026-12-17;51.0;Torsdag;17:35:00;;0.0;17:45:00;;0.0;18:20:00;;0.0;18:25:00;;0.0;;;0.0;17-12-2026_41910
;C32 ;5511.0;Alnabru;2026-12-17;51.0;Torsdag;18:40:00;;0.0;18:59:00;;0.0;19:34:00;;0.0;19:39:00;;0.0;;;0.0;17-12-2026_5511
;C42;5733.0;Alnabru;2026-12-17;51.0;Torsdag;19:20:00;;0.0;19:35:00;;0.0;20:05:00;;0.0;20:10:00;;0.0;;;0.0;17-12-2026_5733
PRI-TOG;C31;41900.0;Alnabru;2026-12-17;51.0;Torsdag;19:40:00;;0.0;19:46:00;;0.0;20:21:00;;0.0;20:26:00;;0.0;;;0.0;17-12-2026_41900
;C45;5709.0;Alnabru;2026-12-17;51.0;Torsdag;21:00:00;;0.0;21:02:00;;0.0;21:37:00;;0.0;21:42:00;;0.0;;;0.0;17-12-2026_5709
LANGTOG;C43;5811.0;Alnabru;2026-12-17;51.0;Torsdag;20:30:00;;0.0;20:51:00;;0.0;21:26:00;;0.0;21:31:00;;0.0;;;0.0;17-12-2026_5811
LANGTOG;C32 ;5515.0;Alnabru;2026-12-17;51.0;Torsdag;21:15:00;;0.0;21:17:00;;0.0;21:52:00;;0.0;21:57:00;;0.0;;;0.0;17-12-2026_5515
PRI-TOG;C23;5735.0;Alnabru;2026-12-17;51.0;Torsdag;21:50:00;;0.0;22:02:00;;0.0;22:37:00;;0.0;22:42:00;;0.0;;;0.0;17-12-2026_5735
Lastefristkl. 19:30 dag før avgang.;C45;5301.0;Alnabru;2026-12-18;51.0;Fredag;19:30:00;;0.0;08:11:00;;0.0;08:46:00;;0.0;08:51:00;;0.0;;;0.0;18-12-2026_5301
;C45;5801.0;Alnabru;2026-12-18;51.0;Fredag;08:50:00;;0.0;08:51:00;;0.0;09:26:00;;0.0;09:31:00;;0.0;;;0.0;18-12-2026_5801
PRI-TOG;C42;5731.0;Alnabru;2026-12-18;51.0;Fredag;08:50:00;;0.0;09:02:00;;0.0;09:37:00;;0.0;09:42:00;;0.0;;;0.0;18-12-2026_5731
;C32 ;5507.0;Alnabru;2026-12-18;51.0;Fredag;11:40:00;;0.0;11:43:00;;0.0;12:18:00;;0.0;12:23:00;;0.0;;;0.0;18-12-2026_5507
;C42;45960.0;Alnabru;2026-12-18;51.0;Fredag;14:00:00;;0.0;15:02:00;;0.0;15:37:00;;0.0;15:42:00;;0.0;;;0.0;18-12-2026_45960
;C32 ;5509.0;Alnabru;2026-12-18;51.0;Fredag;16:30:00;;0.0;16:44:00;;0.0;17:19:00;;0.0;17:24:00;;0.0;;;0.0;18-12-2026_5509
;C2/C5A;41971.0;Alnabru;2026-12-18;51.0;Fredag;16:00:00;;0.0;17:04:00;;0.0;17:39:00;;0.0;17:44:00;;0.0;;;0.0;18-12-2026_41971
;C45;5805.0;Alnabru;2026-12-18;51.0;Fredag;17:00:00;;0.0;17:11:00;;0.0;17:46:00;;0.0;17:51:00;;0.0;;;0.0;18-12-2026_5805
PRI-TOG;C23;41910.0;Alnabru;2026-12-18;51.0;Fredag;17:35:00;;0.0;17:45:00;;0.0;18:20:00;;0.0;18:25:00;;0.0;;;0.0;18-12-2026_41910
;C32 ;5511.0;Alnabru;2026-12-18;51.0;Fredag;18:40:00;;0.0;18:59:00;;0.0;19:34:00;;0.0;19:39:00;;0.0;;;0.0;18-12-2026_5511
;C42;5733.0;Alnabru;2026-12-18;51.0;Fredag;19:20:00;;0.0;19:35:00;;0.0;20:05:00;;0.0;20:10:00;;0.0;;;0.0;18-12-2026_5733
PRI-TOG;C31;41900.0;Alnabru;2026-12-18;51.0;Fredag;19:40:00;;0.0;19:46:00;;0.0;20:21:00;;0.0;20:26:00;;0.0;;;0.0;18-12-2026_41900
;C45;5709.0;Alnabru;2026-12-18;51.0;Fredag;21:00:00;;0.0;21:02:00;;0.0;21:37:00;;0.0;21:42:00;;0.0;;;0.0;18-12-2026_5709
LANGTOG;C43;5811.0;Alnabru;2026-12-18;51.0;Fredag;20:30:00;;0.0;20:51:00;;0.0;21:26:00;;0.0;21:31:00;;0.0;;;0.0;18-12-2026_5811
LANGTOG;C32 ;5515.0;Alnabru;2026-12-18;51.0;Fredag;21:15:00;;0.0;21:17:00;;0.0;21:52:00;;0.0;21:57:00;;0.0;;;0.0;18-12-2026_5515
PRI-TOG;C23;5735.0;Alnabru;2026-12-18;51.0;Fredag;21:50:00;;0.0;22:02:00;;0.0;22:37:00;;0.0;22:42:00;;0.0;;;0.0;18-12-2026_5735
FORHÅNDSLASTES C32 FREDAG;C32 ;5737.0;Alnabru;2026-12-19;51.0;Lørdag;11:00:00;;0.0;11:02:00;;0.0;11:37:00;;0.0;11:42:00;;0.0;;;0.0;19-12-2026_5737
;C44;41971.0;Alnabru;2026-12-19;51.0;Lørdag;13:30:00;;0.0;17:04:00;;0.0;17:39:00;;0.0;17:44:00;;0.0;;;0.0;19-12-2026_41971
PRI-TOG;C23;41910.0;Alnabru;2026-12-19;51.0;Lørdag;12:00:00;;0.0;17:45:00;;0.0;18:20:00;;0.0;18:25:00;;0.0;;;0.0;19-12-2026_41910
LASTEFRIST KL. 15:00 LØRDAG;C23;5711.0;Alnabru;2026-12-20;51.0;Søndag;14:30:00;;0.0;07:27:00;;0.0;08:02:00;;0.0;08:07:00;;0.0;;;0.0;20-12-2026_5711
Lastefrist 13:30 Søndag;C44;41960.0;Alnabru;2026-12-20;51.0;Søndag;13:30:00;;0.0;16:48:00;;0.0;17:23:00;;0.0;17:28:00;;0.0;;;0.0;20-12-2026_41960
;C44;41971.0;Alnabru;2026-12-20;51.0;Søndag;13:30:00;;0.0;17:04:00;;0.0;17:39:00;;0.0;17:44:00;;0.0;;;0.0;20-12-2026_41971
LANGTOG;C32;5523.0;Alnabru;2026-12-20;51.0;Søndag;16:00:00;;0.0;18:31:00;;0.0;19:06:00;;0.0;19:11:00;;0.0;;;0.0;20-12-2026_5523
;C23;5717.0;Alnabru;2026-12-20;51.0;Søndag;16:00:00;;0.0;18:57:00;;0.0;19:32:00;;0.0;19:37:00;;0.0;;;0.0;20-12-2026_5717
LANGTOG;C43;5811.0;Alnabru;2026-12-20;51.0;Søndag;13:30:00;;0.0;20:51:00;;0.0;21:26:00;;0.0;21:31:00;;0.0;;;0.0;20-12-2026_5811
;C32 Nord;5531.0;Alnabru;2026-12-21;52.0;Mandag;07:50:00;;0.0;07:43:00;;0.0;08:18:00;;0.0;08:23:00;;0.0;;;0.0;21-12-2026_5531
Lastefristkl. 19:30 dag før avgang.;C45;5301.0;Alnabru;2026-12-21;52.0;Mandag;19:30:00;;0.0;08:11:00;;0.0;08:46:00;;0.0;08:51:00;;0.0;;;0.0;21-12-2026_5301
;C45;5801.0;Alnabru;2026-12-21;52.0;Mandag;08:50:00;;0.0;08:51:00;;0.0;09:26:00;;0.0;09:31:00;;0.0;;;0.0;21-12-2026_5801
PRI-TOG;C42;5731.0;Alnabru;2026-12-21;52.0;Mandag;08:50:00;;0.0;09:02:00;;0.0;09:37:00;;0.0;09:42:00;;0.0;;;0.0;21-12-2026_5731
;C32 ;5507.0;Alnabru;2026-12-21;52.0;Mandag;11:40:00;;0.0;11:43:00;;0.0;12:18:00;;0.0;12:23:00;;0.0;;;0.0;21-12-2026_5507
;C42;45960.0;Alnabru;2026-12-21;52.0;Mandag;14:00:00;;0.0;15:02:00;;0.0;15:37:00;;0.0;15:42:00;;0.0;;;0.0;21-12-2026_45960
;C42;5707.0;Alnabru;2026-12-21;52.0;Mandag;16:20:00;;0.0;16:32:00;;0.0;17:07:00;;0.0;17:12:00;;0.0;;;0.0;21-12-2026_5707
;C32 ;5509.0;Alnabru;2026-12-21;52.0;Mandag;16:30:00;;0.0;16:44:00;;0.0;17:19:00;;0.0;17:24:00;;0.0;;;0.0;21-12-2026_5509
;C44;41960.0;Alnabru;2026-12-21;52.0;Mandag;16:00:00;;0.0;16:48:00;;0.0;17:23:00;;0.0;17:28:00;;0.0;;;0.0;21-12-2026_41960
;C2/C5A;41971.0;Alnabru;2026-12-21;52.0;Mandag;16:00:00;;0.0;17:04:00;;0.0;17:39:00;;0.0;17:44:00;;0.0;;;0.0;21-12-2026_41971
;C45;5805.0;Alnabru;2026-12-21;52.0;Mandag;17:00:00;;0.0;17:11:00;;0.0;17:46:00;;0.0;17:51:00;;0.0;;;0.0;21-12-2026_5805
PRI-TOG;C23;41910.0;Alnabru;2026-12-21;52.0;Mandag;17:35:00;;0.0;17:45:00;;0.0;18:20:00;;0.0;18:25:00;;0.0;;;0.0;21-12-2026_41910
;C32;5511.0;Alnabru;2026-12-21;52.0;Mandag;18:40:00;;0.0;18:59:00;;0.0;19:34:00;;0.0;19:39:00;;0.0;;;0.0;21-12-2026_5511
;C42;5733.0;Alnabru;2026-12-21;52.0;Mandag;19:20:00;;0.0;19:30:00;;0.0;20:05:00;;0.0;20:10:00;;0.0;;;0.0;21-12-2026_5733
PRI-TOG;C31;41900.0;Alnabru;2026-12-21;52.0;Mandag;19:40:00;;0.0;19:46:00;;0.0;20:21:00;;0.0;20:26:00;;0.0;;;0.0;21-12-2026_41900
;C45;5709.0;Alnabru;2026-12-21;52.0;Mandag;21:00:00;;0.0;21:02:00;;0.0;21:37:00;;0.0;21:42:00;;0.0;;;0.0;21-12-2026_5709
LANGTOG;C43;5811.0;Alnabru;2026-12-21;52.0;Mandag;20:30:00;;0.0;20:51:00;;0.0;21:26:00;;0.0;21:31:00;;0.0;;;0.0;21-12-2026_5811
LANGTOG;C32 ;5515.0;Alnabru;2026-12-21;52.0;Mandag;21:15:00;;0.0;21:17:00;;0.0;21:52:00;;0.0;21:57:00;;0.0;;;0.0;21-12-2026_5515
PRI-TOG;C23;5735.0;Alnabru;2026-12-21;52.0;Mandag;21:50:00;;0.0;22:02:00;;0.0;22:37:00;;0.0;22:42:00;;0.0;;;0.0;21-12-2026_5735
Lastefristkl. 19:30 dag før avgang.;C45;5301.0;Alnabru;2026-12-22;52.0;Tirsdag;19:30:00;;0.0;08:11:00;;0.0;08:46:00;;0.0;08:51:00;;0.0;;;0.0;22-12-2026_5301
;C45;5801.0;Alnabru;2026-12-22;52.0;Tirsdag;08:50:00;;0.0;08:51:00;;0.0;09:26:00;;0.0;09:31:00;;0.0;;;0.0;22-12-2026_5801
PRI-TOG;C42;5731.0;Alnabru;2026-12-22;52.0;Tirsdag;08:50:00;;0.0;09:02:00;;0.0;09:37:00;;0.0;09:42:00;;0.0;;;0.0;22-12-2026_5731
;C32 ;5507.0;Alnabru;2026-12-22;52.0;Tirsdag;11:40:00;;0.0;11:43:00;;0.0;12:18:00;;0.0;12:23:00;;0.0;;;0.0;22-12-2026_5507
;C42;45960.0;Alnabru;2026-12-22;52.0;Tirsdag;14:00:00;;0.0;15:02:00;;0.0;15:37:00;;0.0;15:42:00;;0.0;;;0.0;22-12-2026_45960
;C42;5707.0;Alnabru;2026-12-22;52.0;Tirsdag;16:20:00;;0.0;16:32:00;;0.0;17:07:00;;0.0;17:12:00;;0.0;;;0.0;22-12-2026_5707
;C32 ;5509.0;Alnabru;2026-12-22;52.0;Tirsdag;16:30:00;;0.0;16:44:00;;0.0;17:19:00;;0.0;17:24:00;;0.0;;;0.0;22-12-2026_5509
;C44;41960.0;Alnabru;2026-12-22;52.0;Tirsdag;16:00:00;;0.0;16:48:00;;0.0;17:23:00;;0.0;17:28:00;;0.0;;;0.0;22-12-2026_41960
;C2/C5A;41971.0;Alnabru;2026-12-22;52.0;Tirsdag;16:00:00;;0.0;17:04:00;;0.0;17:39:00;;0.0;17:44:00;;0.0;;;0.0;22-12-2026_41971
;C45;5805.0;Alnabru;2026-12-22;52.0;Tirsdag;17:00:00;;0.0;17:11:00;;0.0;17:46:00;;0.0;17:51:00;;0.0;;;0.0;22-12-2026_5805
PRI-TOG;C23;41910.0;Alnabru;2026-12-22;52.0;Tirsdag;17:35:00;;0.0;17:45:00;;0.0;18:20:00;;0.0;18:25:00;;0.0;;;0.0;22-12-2026_41910
;C32 ;5511.0;Alnabru;2026-12-22;52.0;Tirsdag;18:40:00;;0.0;18:59:00;;0.0;19:34:00;;0.0;19:39:00;;0.0;;;0.0;22-12-2026_5511
;C42;5733.0;Alnabru;2026-12-22;52.0;Tirsdag;19:20:00;;0.0;19:35:00;;0.0;20:05:00;;0.0;20:10:00;;0.0;;;0.0;22-12-2026_5733
PRI-TOG;C31;41900.0;Alnabru;2026-12-22;52.0;Tirsdag;19:40:00;;0.0;19:46:00;;0.0;20:21:00;;0.0;20:26:00;;0.0;;;0.0;22-12-2026_41900
;C45;5709.0;Alnabru;2026-12-22;52.0;Tirsdag;21:00:00;;0.0;21:02:00;;0.0;21:37:00;;0.0;21:42:00;;0.0;;;0.0;22-12-2026_5709
LANGTOG;C43;5811.0;Alnabru;2026-12-22;52.0;Tirsdag;20:30:00;;0.0;20:51:00;;0.0;21:26:00;;0.0;21:31:00;;0.0;;;0.0;22-12-2026_5811
LANGTOG;C32 ;5515.0;Alnabru;2026-12-22;52.0;Tirsdag;21:15:00;;0.0;21:17:00;;0.0;21:52:00;;0.0;21:57:00;;0.0;;;0.0;22-12-2026_5515
PRI-TOG;C23;5735.0;Alnabru;2026-12-22;52.0;Tirsdag;21:50:00;;0.0;22:02:00;;0.0;22:37:00;;0.0;22:42:00;;0.0;;;0.0;22-12-2026_5735
;C32 Nord;5531.0;Alnabru;2026-12-23;52.0;Onsdag;07:50:00;;0.0;07:43:00;;0.0;08:18:00;;0.0;08:23:00;;0.0;;;0.0;23-12-2026_5531
Lastefristkl. 19:30 dag før avgang.;C45;5301.0;Alnabru;2026-12-23;52.0;Onsdag;19:30:00;;0.0;08:11:00;;0.0;08:46:00;;0.0;08:51:00;;0.0;;;0.0;23-12-2026_5301
;C45;5801.0;Alnabru;2026-12-23;52.0;Onsdag;08:50:00;;0.0;08:51:00;;0.0;09:26:00;;0.0;09:31:00;;0.0;;;0.0;23-12-2026_5801
PRI-TOG;C42;5731.0;Alnabru;2026-12-23;52.0;Onsdag;08:50:00;;0.0;09:02:00;;0.0;09:37:00;;0.0;09:42:00;;0.0;;;0.0;23-12-2026_5731
;C32 ;5507.0;Alnabru;2026-12-23;52.0;Onsdag;11:40:00;;0.0;11:43:00;;0.0;12:18:00;;0.0;12:23:00;;0.0;;;0.0;23-12-2026_5507
;C42;45960.0;Alnabru;2026-12-23;52.0;Onsdag;14:00:00;;0.0;15:02:00;;0.0;15:37:00;;0.0;15:42:00;;0.0;;;0.0;23-12-2026_45960
;C42;5707.0;Alnabru;2026-12-23;52.0;Onsdag;16:20:00;;0.0;16:32:00;;0.0;17:07:00;;0.0;17:12:00;;0.0;;;0.0;23-12-2026_5707
;C32 ;5509.0;Alnabru;2026-12-23;52.0;Onsdag;16:30:00;;0.0;16:44:00;;0.0;17:19:00;;0.0;17:24:00;;0.0;;;0.0;23-12-2026_5509
;C44;41960.0;Alnabru;2026-12-23;52.0;Onsdag;16:00:00;;0.0;16:48:00;;0.0;17:23:00;;0.0;17:28:00;;0.0;;;0.0;23-12-2026_41960
;C2/C5A;41971.0;Alnabru;2026-12-23;52.0;Onsdag;16:00:00;;0.0;17:04:00;;0.0;17:39:00;;0.0;17:44:00;;0.0;;;0.0;23-12-2026_41971
;C45;5805.0;Alnabru;2026-12-23;52.0;Onsdag;17:00:00;;0.0;17:11:00;;0.0;17:46:00;;0.0;17:51:00;;0.0;;;0.0;23-12-2026_5805
PRI-TOG;C23;41910.0;Alnabru;2026-12-23;52.0;Onsdag;17:35:00;;0.0;17:45:00;;0.0;18:20:00;;0.0;18:25:00;;0.0;;;0.0;23-12-2026_41910
;C32 ;5511.0;Alnabru;2026-12-23;52.0;Onsdag;18:40:00;;0.0;18:59:00;;0.0;19:34:00;;0.0;19:39:00;;0.0;;;0.0;23-12-2026_5511
;C42;5733.0;Alnabru;2026-12-23;52.0;Onsdag;19:20:00;;0.0;19:35:00;;0.0;20:05:00;;0.0;20:10:00;;0.0;;;0.0;23-12-2026_5733
PRI-TOG;C31;41900.0;Alnabru;2026-12-23;52.0;Onsdag;19:40:00;;0.0;19:46:00;;0.0;20:21:00;;0.0;20:26:00;;0.0;;;0.0;23-12-2026_41900
;C45;5709.0;Alnabru;2026-12-23;52.0;Onsdag;21:00:00;;0.0;21:02:00;;0.0;21:37:00;;0.0;21:42:00;;0.0;;;0.0;23-12-2026_5709
LANGTOG;C43;5811.0;Alnabru;2026-12-23;52.0;Onsdag;20:30:00;;0.0;20:51:00;;0.0;21:26:00;;0.0;21:31:00;;0.0;;;0.0;23-12-2026_5811
LANGTOG;C32 ;5515.0;Alnabru;2026-12-23;52.0;Onsdag;21:15:00;;0.0;21:17:00;;0.0;21:52:00;;0.0;21:57:00;;0.0;;;0.0;23-12-2026_5515
PRI-TOG;C23;5735.0;Alnabru;2026-12-23;52.0;Onsdag;21:50:00;;0.0;22:02:00;;0.0;22:37:00;;0.0;22:42:00;;0.0;;;0.0;23-12-2026_5735
Lastefristkl. 19:30 dag før avgang.;C45;5301.0;Alnabru;2026-12-24;52.0;Torsdag;19:30:00;;0.0;08:11:00;;0.0;08:46:00;;0.0;08:51:00;;0.0;;;0.0;24-12-2026_5301
;C45;5801.0;Alnabru;2026-12-24;52.0;Torsdag;08:50:00;;0.0;08:51:00;;0.0;09:26:00;;0.0;09:31:00;;0.0;;;0.0;24-12-2026_5801
PRI-TOG;C42;5731.0;Alnabru;2026-12-24;52.0;Torsdag;08:50:00;;0.0;09:02:00;;0.0;09:37:00;;0.0;09:42:00;;0.0;;;0.0;24-12-2026_5731
;C32 ;5507.0;Alnabru;2026-12-24;52.0;Torsdag;11:40:00;;0.0;11:43:00;;0.0;12:18:00;;0.0;12:23:00;;0.0;;;0.0;24-12-2026_5507
;C42;45960.0;Alnabru;2026-12-24;52.0;Torsdag;14:00:00;;0.0;15:02:00;;0.0;15:37:00;;0.0;15:42:00;;0.0;;;0.0;24-12-2026_45960
;C42;5707.0;Alnabru;2026-12-24;52.0;Torsdag;16:20:00;;0.0;16:32:00;;0.0;17:07:00;;0.0;17:12:00;;0.0;;;0.0;24-12-2026_5707
;C32 ;5509.0;Alnabru;2026-12-24;52.0;Torsdag;16:30:00;;0.0;16:44:00;;0.0;17:19:00;;0.0;17:24:00;;0.0;;;0.0;24-12-2026_5509
;C44;41960.0;Alnabru;2026-12-24;52.0;Torsdag;16:00:00;;0.0;16:48:00;;0.0;17:23:00;;0.0;17:28:00;;0.0;;;0.0;24-12-2026_41960
;C2/C5A;41971.0;Alnabru;2026-12-24;52.0;Torsdag;16:00:00;;0.0;17:04:00;;0.0;17:39:00;;0.0;17:44:00;;0.0;;;0.0;24-12-2026_41971
;C45;5805.0;Alnabru;2026-12-24;52.0;Torsdag;17:00:00;;0.0;17:11:00;;0.0;17:46:00;;0.0;17:51:00;;0.0;;;0.0;24-12-2026_5805
PRI-TOG;C23;41910.0;Alnabru;2026-12-24;52.0;Torsdag;17:35:00;;0.0;17:45:00;;0.0;18:20:00;;0.0;18:25:00;;0.0;;;0.0;24-12-2026_41910
;C32 ;5511.0;Alnabru;2026-12-24;52.0;Torsdag;18:40:00;;0.0;18:59:00;;0.0;19:34:00;;0.0;19:39:00;;0.0;;;0.0;24-12-2026_5511
;C42;5733.0;Alnabru;2026-12-24;52.0;Torsdag;19:20:00;;0.0;19:35:00;;0.0;20:05:00;;0.0;20:10:00;;0.0;;;0.0;24-12-2026_5733
PRI-TOG;C31;41900.0;Alnabru;2026-12-24;52.0;Torsdag;19:40:00;;0.0;19:46:00;;0.0;20:21:00;;0.0;20:26:00;;0.0;;;0.0;24-12-2026_41900
;C45;5709.0;Alnabru;2026-12-24;52.0;Torsdag;21:00:00;;0.0;21:02:00;;0.0;21:37:00;;0.0;21:42:00;;0.0;;;0.0;24-12-2026_5709
LANGTOG;C43;5811.0;Alnabru;2026-12-24;52.0;Torsdag;20:30:00;;0.0;20:51:00;;0.0;21:26:00;;0.0;21:31:00;;0.0;;;0.0;24-12-2026_5811
LANGTOG;C32 ;5515.0;Alnabru;2026-12-24;52.0;Torsdag;21:15:00;;0.0;21:17:00;;0.0;21:52:00;;0.0;21:57:00;;0.0;;;0.0;24-12-2026_5515
PRI-TOG;C23;5735.0;Alnabru;2026-12-24;52.0;Torsdag;21:50:00;;0.0;22:02:00;;0.0;22:37:00;;0.0;22:42:00;;0.0;;;0.0;24-12-2026_5735
Lastefristkl. 19:30 dag før avgang.;C45;5301.0;Alnabru;2026-12-25;52.0;Fredag;19:30:00;;0.0;08:11:00;;0.0;08:46:00;;0.0;08:51:00;;0.0;;;0.0;25-12-2026_5301
;C45;5801.0;Alnabru;2026-12-25;52.0;Fredag;08:50:00;;0.0;08:51:00;;0.0;09:26:00;;0.0;09:31:00;;0.0;;;0.0;25-12-2026_5801
PRI-TOG;C42;5731.0;Alnabru;2026-12-25;52.0;Fredag;08:50:00;;0.0;09:02:00;;0.0;09:37:00;;0.0;09:42:00;;0.0;;;0.0;25-12-2026_5731
;C32 ;5507.0;Alnabru;2026-12-25;52.0;Fredag;11:40:00;;0.0;11:43:00;;0.0;12:18:00;;0.0;12:23:00;;0.0;;;0.0;25-12-2026_5507
;C42;45960.0;Alnabru;2026-12-25;52.0;Fredag;14:00:00;;0.0;15:02:00;;0.0;15:37:00;;0.0;15:42:00;;0.0;;;0.0;25-12-2026_45960
;C32 ;5509.0;Alnabru;2026-12-25;52.0;Fredag;16:30:00;;0.0;16:44:00;;0.0;17:19:00;;0.0;17:24:00;;0.0;;;0.0;25-12-2026_5509
;C2/C5A;41971.0;Alnabru;2026-12-25;52.0;Fredag;16:00:00;;0.0;17:04:00;;0.0;17:39:00;;0.0;17:44:00;;0.0;;;0.0;25-12-2026_41971
;C45;5805.0;Alnabru;2026-12-25;52.0;Fredag;17:00:00;;0.0;17:11:00;;0.0;17:46:00;;0.0;17:51:00;;0.0;;;0.0;25-12-2026_5805
PRI-TOG;C23;41910.0;Alnabru;2026-12-25;52.0;Fredag;17:35:00;;0.0;17:45:00;;0.0;18:20:00;;0.0;18:25:00;;0.0;;;0.0;25-12-2026_41910
;C32 ;5511.0;Alnabru;2026-12-25;52.0;Fredag;18:40:00;;0.0;18:59:00;;0.0;19:34:00;;0.0;19:39:00;;0.0;;;0.0;25-12-2026_5511
;C42;5733.0;Alnabru;2026-12-25;52.0;Fredag;19:20:00;;0.0;19:35:00;;0.0;20:05:00;;0.0;20:10:00;;0.0;;;0.0;25-12-2026_5733
PRI-TOG;C31;41900.0;Alnabru;2026-12-25;52.0;Fredag;19:40:00;;0.0;19:46:00;;0.0;20:21:00;;0.0;20:26:00;;0.0;;;0.0;25-12-2026_41900
;C45;5709.0;Alnabru;2026-12-25;52.0;Fredag;21:00:00;;0.0;21:02:00;;0.0;21:37:00;;0.0;21:42:00;;0.0;;;0.0;25-12-2026_5709
LANGTOG;C43;5811.0;Alnabru;2026-12-25;52.0;Fredag;20:30:00;;0.0;20:51:00;;0.0;21:26:00;;0.0;21:31:00;;0.0;;;0.0;25-12-2026_5811
LANGTOG;C32 ;5515.0;Alnabru;2026-12-25;52.0;Fredag;21:15:00;;0.0;21:17:00;;0.0;21:52:00;;0.0;21:57:00;;0.0;;;0.0;25-12-2026_5515
PRI-TOG;C23;5735.0;Alnabru;2026-12-25;52.0;Fredag;21:50:00;;0.0;22:02:00;;0.0;22:37:00;;0.0;22:42:00;;0.0;;;0.0;25-12-2026_5735
FORHÅNDSLASTES C32 FREDAG;C32 ;5737.0;Alnabru;2026-12-26;52.0;Lørdag;11:00:00;;0.0;11:02:00;;0.0;11:37:00;;0.0;11:42:00;;0.0;;;0.0;26-12-2026_5737
;C44;41971.0;Alnabru;2026-12-26;52.0;Lørdag;13:30:00;;0.0;17:04:00;;0.0;17:39:00;;0.0;17:44:00;;0.0;;;0.0;26-12-2026_41971
PRI-TOG;C23;41910.0;Alnabru;2026-12-26;52.0;Lørdag;12:00:00;;0.0;17:45:00;;0.0;18:20:00;;0.0;18:25:00;;0.0;;;0.0;26-12-2026_41910
LASTEFRIST KL. 15:00 LØRDAG;C23;5711.0;Alnabru;2026-12-27;52.0;Søndag;14:30:00;;0.0;07:27:00;;0.0;08:02:00;;0.0;08:07:00;;0.0;;;0.0;27-12-2026_5711
Lastefrist 13:30 Søndag;C44;41960.0;Alnabru;2026-12-27;52.0;Søndag;13:30:00;;0.0;16:48:00;;0.0;17:23:00;;0.0;17:28:00;;0.0;;;0.0;27-12-2026_41960
;C44;41971.0;Alnabru;2026-12-27;52.0;Søndag;13:30:00;;0.0;17:04:00;;0.0;17:39:00;;0.0;17:44:00;;0.0;;;0.0;27-12-2026_41971
LANGTOG;C32;5523.0;Alnabru;2026-12-27;52.0;Søndag;16:00:00;;0.0;18:31:00;;0.0;19:06:00;;0.0;19:11:00;;0.0;;;0.0;27-12-2026_5523
;C23;5717.0;Alnabru;2026-12-27;52.0;Søndag;16:00:00;;0.0;18:57:00;;0.0;19:32:00;;0.0;19:37:00;;0.0;;;0.0;27-12-2026_5717
LANGTOG;C43;5811.0;Alnabru;2026-12-27;52.0;Søndag;13:30:00;;0.0;20:51:00;;0.0;21:26:00;;0.0;21:31:00;;0.0;;;0.0;27-12-2026_5811
;C32 Nord;5531.0;Alnabru;2026-12-28;53.0;Mandag;07:50:00;;0.0;07:43:00;;0.0;08:18:00;;0.0;08:23:00;;0.0;;;0.0;28-12-2026_5531
Lastefristkl. 19:30 dag før avgang.;C45;5301.0;Alnabru;2026-12-28;53.0;Mandag;19:30:00;;0.0;08:11:00;;0.0;08:46:00;;0.0;08:51:00;;0.0;;;0.0;28-12-2026_5301
;C45;5801.0;Alnabru;2026-12-28;53.0;Mandag;08:50:00;;0.0;08:51:00;;0.0;09:26:00;;0.0;09:31:00;;0.0;;;0.0;28-12-2026_5801
PRI-TOG;C42;5731.0;Alnabru;2026-12-28;53.0;Mandag;08:50:00;;0.0;09:02:00;;0.0;09:37:00;;0.0;09:42:00;;0.0;;;0.0;28-12-2026_5731
;C32 ;5507.0;Alnabru;2026-12-28;53.0;Mandag;11:40:00;;0.0;11:43:00;;0.0;12:18:00;;0.0;12:23:00;;0.0;;;0.0;28-12-2026_5507
;C42;45960.0;Alnabru;2026-12-28;53.0;Mandag;14:00:00;;0.0;15:02:00;;0.0;15:37:00;;0.0;15:42:00;;0.0;;;0.0;28-12-2026_45960
;C42;5707.0;Alnabru;2026-12-28;53.0;Mandag;16:20:00;;0.0;16:32:00;;0.0;17:07:00;;0.0;17:12:00;;0.0;;;0.0;28-12-2026_5707
;C32 ;5509.0;Alnabru;2026-12-28;53.0;Mandag;16:30:00;;0.0;16:44:00;;0.0;17:19:00;;0.0;17:24:00;;0.0;;;0.0;28-12-2026_5509
;C44;41960.0;Alnabru;2026-12-28;53.0;Mandag;16:00:00;;0.0;16:48:00;;0.0;17:23:00;;0.0;17:28:00;;0.0;;;0.0;28-12-2026_41960
;C2/C5A;41971.0;Alnabru;2026-12-28;53.0;Mandag;16:00:00;;0.0;17:04:00;;0.0;17:39:00;;0.0;17:44:00;;0.0;;;0.0;28-12-2026_41971
;C45;5805.0;Alnabru;2026-12-28;53.0;Mandag;17:00:00;;0.0;17:11:00;;0.0;17:46:00;;0.0;17:51:00;;0.0;;;0.0;28-12-2026_5805
PRI-TOG;C23;41910.0;Alnabru;2026-12-28;53.0;Mandag;17:35:00;;0.0;17:45:00;;0.0;18:20:00;;0.0;18:25:00;;0.0;;;0.0;28-12-2026_41910
;C32;5511.0;Alnabru;2026-12-28;53.0;Mandag;18:40:00;;0.0;18:59:00;;0.0;19:34:00;;0.0;19:39:00;;0.0;;;0.0;28-12-2026_5511
;C42;5733.0;Alnabru;2026-12-28;53.0;Mandag;19:20:00;;0.0;19:30:00;;0.0;20:05:00;;0.0;20:10:00;;0.0;;;0.0;28-12-2026_5733
PRI-TOG;C31;41900.0;Alnabru;2026-12-28;53.0;Mandag;19:40:00;;0.0;19:46:00;;0.0;20:21:00;;0.0;20:26:00;;0.0;;;0.0;28-12-2026_41900
;C45;5709.0;Alnabru;2026-12-28;53.0;Mandag;21:00:00;;0.0;21:02:00;;0.0;21:37:00;;0.0;21:42:00;;0.0;;;0.0;28-12-2026_5709
LANGTOG;C43;5811.0;Alnabru;2026-12-28;53.0;Mandag;20:30:00;;0.0;20:51:00;;0.0;21:26:00;;0.0;21:31:00;;0.0;;;0.0;28-12-2026_5811
LANGTOG;C32 ;5515.0;Alnabru;2026-12-28;53.0;Mandag;21:15:00;;0.0;21:17:00;;0.0;21:52:00;;0.0;21:57:00;;0.0;;;0.0;28-12-2026_5515
PRI-TOG;C23;5735.0;Alnabru;2026-12-28;53.0;Mandag;21:50:00;;0.0;22:02:00;;0.0;22:37:00;;0.0;22:42:00;;0.0;;;0.0;28-12-2026_5735
Lastefristkl. 19:30 dag før avgang.;C45;5301.0;Alnabru;2026-12-29;53.0;Tirsdag;19:30:00;;0.0;08:11:00;;0.0;08:46:00;;0.0;08:51:00;;0.0;;;0.0;29-12-2026_5301
;C45;5801.0;Alnabru;2026-12-29;53.0;Tirsdag;08:50:00;;0.0;08:51:00;;0.0;09:26:00;;0.0;09:31:00;;0.0;;;0.0;29-12-2026_5801
PRI-TOG;C42;5731.0;Alnabru;2026-12-29;53.0;Tirsdag;08:50:00;;0.0;09:02:00;;0.0;09:37:00;;0.0;09:42:00;;0.0;;;0.0;29-12-2026_5731
;C32 ;5507.0;Alnabru;2026-12-29;53.0;Tirsdag;11:40:00;;0.0;11:43:00;;0.0;12:18:00;;0.0;12:23:00;;0.0;;;0.0;29-12-2026_5507
;C42;45960.0;Alnabru;2026-12-29;53.0;Tirsdag;14:00:00;;0.0;15:02:00;;0.0;15:37:00;;0.0;15:42:00;;0.0;;;0.0;29-12-2026_45960
;C42;5707.0;Alnabru;2026-12-29;53.0;Tirsdag;16:20:00;;0.0;16:32:00;;0.0;17:07:00;;0.0;17:12:00;;0.0;;;0.0;29-12-2026_5707
;C32 ;5509.0;Alnabru;2026-12-29;53.0;Tirsdag;16:30:00;;0.0;16:44:00;;0.0;17:19:00;;0.0;17:24:00;;0.0;;;0.0;29-12-2026_5509
;C44;41960.0;Alnabru;2026-12-29;53.0;Tirsdag;16:00:00;;0.0;16:48:00;;0.0;17:23:00;;0.0;17:28:00;;0.0;;;0.0;29-12-2026_41960
;C2/C5A;41971.0;Alnabru;2026-12-29;53.0;Tirsdag;16:00:00;;0.0;17:04:00;;0.0;17:39:00;;0.0;17:44:00;;0.0;;;0.0;29-12-2026_41971
;C45;5805.0;Alnabru;2026-12-29;53.0;Tirsdag;17:00:00;;0.0;17:11:00;;0.0;17:46:00;;0.0;17:51:00;;0.0;;;0.0;29-12-2026_5805
PRI-TOG;C23;41910.0;Alnabru;2026-12-29;53.0;Tirsdag;17:35:00;;0.0;17:45:00;;0.0;18:20:00;;0.0;18:25:00;;0.0;;;0.0;29-12-2026_41910
;C32 ;5511.0;Alnabru;2026-12-29;53.0;Tirsdag;18:40:00;;0.0;18:59:00;;0.0;19:34:00;;0.0;19:39:00;;0.0;;;0.0;29-12-2026_5511
;C42;5733.0;Alnabru;2026-12-29;53.0;Tirsdag;19:20:00;;0.0;19:35:00;;0.0;20:05:00;;0.0;20:10:00;;0.0;;;0.0;29-12-2026_5733
PRI-TOG;C31;41900.0;Alnabru;2026-12-29;53.0;Tirsdag;19:40:00;;0.0;19:46:00;;0.0;20:21:00;;0.0;20:26:00;;0.0;;;0.0;29-12-2026_41900
;C45;5709.0;Alnabru;2026-12-29;53.0;Tirsdag;21:00:00;;0.0;21:02:00;;0.0;21:37:00;;0.0;21:42:00;;0.0;;;0.0;29-12-2026_5709
LANGTOG;C43;5811.0;Alnabru;2026-12-29;53.0;Tirsdag;20:30:00;;0.0;20:51:00;;0.0;21:26:00;;0.0;21:31:00;;0.0;;;0.0;29-12-2026_5811
LANGTOG;C32 ;5515.0;Alnabru;2026-12-29;53.0;Tirsdag;21:15:00;;0.0;21:17:00;;0.0;21:52:00;;0.0;21:57:00;;0.0;;;0.0;29-12-2026_5515
PRI-TOG;C23;5735.0;Alnabru;2026-12-29;53.0;Tirsdag;21:50:00;;0.0;22:02:00;;0.0;22:37:00;;0.0;22:42:00;;0.0;;;0.0;29-12-2026_5735
;C32 Nord;5531.0;Alnabru;2026-12-30;53.0;Onsdag;07:50:00;;0.0;07:43:00;;0.0;08:18:00;;0.0;08:23:00;;0.0;;;0.0;30-12-2026_5531
Lastefristkl. 19:30 dag før avgang.;C45;5301.0;Alnabru;2026-12-30;53.0;Onsdag;19:30:00;;0.0;08:11:00;;0.0;08:46:00;;0.0;08:51:00;;0.0;;;0.0;30-12-2026_5301
;C45;5801.0;Alnabru;2026-12-30;53.0;Onsdag;08:50:00;;0.0;08:51:00;;0.0;09:26:00;;0.0;09:31:00;;0.0;;;0.0;30-12-2026_5801
PRI-TOG;C42;5731.0;Alnabru;2026-12-30;53.0;Onsdag;08:50:00;;0.0;09:02:00;;0.0;09:37:00;;0.0;09:42:00;;0.0;;;0.0;30-12-2026_5731
;C32 ;5507.0;Alnabru;2026-12-30;53.0;Onsdag;11:40:00;;0.0;11:43:00;;0.0;12:18:00;;0.0;12:23:00;;0.0;;;0.0;30-12-2026_5507
;C42;45960.0;Alnabru;2026-12-30;53.0;Onsdag;14:00:00;;0.0;15:02:00;;0.0;15:37:00;;0.0;15:42:00;;0.0;;;0.0;30-12-2026_45960
;C42;5707.0;Alnabru;2026-12-30;53.0;Onsdag;16:20:00;;0.0;16:32:00;;0.0;17:07:00;;0.0;17:12:00;;0.0;;;0.0;30-12-2026_5707
;C32 ;5509.0;Alnabru;2026-12-30;53.0;Onsdag;16:30:00;;0.0;16:44:00;;0.0;17:19:00;;0.0;17:24:00;;0.0;;;0.0;30-12-2026_5509
;C44;41960.0;Alnabru;2026-12-30;53.0;Onsdag;16:00:00;;0.0;16:48:00;;0.0;17:23:00;;0.0;17:28:00;;0.0;;;0.0;30-12-2026_41960
;C2/C5A;41971.0;Alnabru;2026-12-30;53.0;Onsdag;16:00:00;;0.0;17:04:00;;0.0;17:39:00;;0.0;17:44:00;;0.0;;;0.0;30-12-2026_41971
;C45;5805.0;Alnabru;2026-12-30;53.0;Onsdag;17:00:00;;0.0;17:11:00;;0.0;17:46:00;;0.0;17:51:00;;0.0;;;0.0;30-12-2026_5805
PRI-TOG;C23;41910.0;Alnabru;2026-12-30;53.0;Onsdag;17:35:00;;0.0;17:45:00;;0.0;18:20:00;;0.0;18:25:00;;0.0;;;0.0;30-12-2026_41910
;C32 ;5511.0;Alnabru;2026-12-30;53.0;Onsdag;18:40:00;;0.0;18:59:00;;0.0;19:34:00;;0.0;19:39:00;;0.0;;;0.0;30-12-2026_5511
;C42;5733.0;Alnabru;2026-12-30;53.0;Onsdag;19:20:00;;0.0;19:35:00;;0.0;20:05:00;;0.0;20:10:00;;0.0;;;0.0;30-12-2026_5733
PRI-TOG;C31;41900.0;Alnabru;2026-12-30;53.0;Onsdag;19:40:00;;0.0;19:46:00;;0.0;20:21:00;;0.0;20:26:00;;0.0;;;0.0;30-12-2026_41900
;C45;5709.0;Alnabru;2026-12-30;53.0;Onsdag;21:00:00;;0.0;21:02:00;;0.0;21:37:00;;0.0;21:42:00;;0.0;;;0.0;30-12-2026_5709
LANGTOG;C43;5811.0;Alnabru;2026-12-30;53.0;Onsdag;20:30:00;;0.0;20:51:00;;0.0;21:26:00;;0.0;21:31:00;;0.0;;;0.0;30-12-2026_5811
LANGTOG;C32 ;5515.0;Alnabru;2026-12-30;53.0;Onsdag;21:15:00;;0.0;21:17:00;;0.0;21:52:00;;0.0;21:57:00;;0.0;;;0.0;30-12-2026_5515
PRI-TOG;C23;5735.0;Alnabru;2026-12-30;53.0;Onsdag;21:50:00;;0.0;22:02:00;;0.0;22:37:00;;0.0;22:42:00;;0.0;;;0.0;30-12-2026_5735
Lastefristkl. 19:30 dag før avgang.;C45;5301.0;Alnabru;2026-12-31;53.0;Torsdag;19:30:00;;0.0;08:11:00;;0.0;08:46:00;;0.0;08:51:00;;0.0;T4 - Forsinket ankommet tog. (kort snutid);;0.0;31-12-2026_5301
;C45;5801.0;Alnabru;2026-12-31;53.0;Torsdag;08:50:00;;0.0;08:51:00;;0.0;09:26:00;;0.0;09:31:00;;0.0;;;0.0;31-12-2026_5801
PRI-TOG;C42;5731.0;Alnabru;2026-12-31;53.0;Torsdag;08:50:00;;0.0;09:02:00;;0.0;09:37:00;;0.0;09:42:00;;0.0;;;0.0;31-12-2026_5731
;C32 ;5507.0;Alnabru;2026-12-31;53.0;Torsdag;11:40:00;;0.0;11:43:00;;0.0;12:18:00;;0.0;12:23:00;;0.0;;;0.0;31-12-2026_5507
;C42;45960.0;Alnabru;2026-12-31;53.0;Torsdag;14:00:00;;0.0;15:02:00;;0.0;15:37:00;;0.0;15:42:00;;0.0;;;0.0;31-12-2026_45960
;C42;5707.0;Alnabru;2026-12-31;53.0;Torsdag;16:20:00;;0.0;16:32:00;;0.0;17:07:00;;0.0;17:12:00;;0.0;;;0.0;31-12-2026_5707
;C32 ;5509.0;Alnabru;2026-12-31;53.0;Torsdag;16:30:00;;0.0;16:44:00;;0.0;17:19:00;;0.0;17:24:00;;0.0;;;0.0;31-12-2026_5509
;C44;41960.0;Alnabru;2026-12-31;53.0;Torsdag;16:00:00;;0.0;16:48:00;;0.0;17:23:00;;0.0;17:28:00;;0.0;;;0.0;31-12-2026_41960
;C2/C5A;41971.0;Alnabru;2026-12-31;53.0;Torsdag;16:00:00;;0.0;17:04:00;;0.0;17:39:00;;0.0;17:44:00;;0.0;;;0.0;31-12-2026_41971
;C45;5805.0;Alnabru;2026-12-31;53.0;Torsdag;17:00:00;;0.0;17:11:00;;0.0;17:46:00;;0.0;17:51:00;;0.0;;;0.0;31-12-2026_5805
PRI-TOG;C23;41910.0;Alnabru;2026-12-31;53.0;Torsdag;17:35:00;;0.0;17:45:00;;0.0;18:20:00;;0.0;18:25:00;;0.0;;;0.0;31-12-2026_41910
;C32 ;5511.0;Alnabru;2026-12-31;53.0;Torsdag;18:40:00;;0.0;18:59:00;;0.0;19:34:00;;0.0;19:39:00;;0.0;;;0.0;31-12-2026_5511
;C42;5733.0;Alnabru;2026-12-31;53.0;Torsdag;19:20:00;;0.0;19:35:00;;0.0;20:05:00;;0.0;20:10:00;;0.0;;;0.0;31-12-2026_5733
PRI-TOG;C31;41900.0;Alnabru;2026-12-31;53.0;Torsdag;19:40:00;;0.0;19:46:00;;0.0;20:21:00;;0.0;20:26:00;;0.0;;;0.0;31-12-2026_41900
;C45;5709.0;Alnabru;2026-12-31;53.0;Torsdag;21:00:00;;0.0;21:02:00;;0.0;21:37:00;;0.0;21:42:00;;0.0;;;0.0;31-12-2026_5709
LANGTOG;C43;5811.0;Alnabru;2026-12-31;53.0;Torsdag;20:30:00;;0.0;20:51:00;;0.0;21:26:00;;0.0;21:31:00;;0.0;;;0.0;31-12-2026_5811
LANGTOG;C32 ;5515.0;Alnabru;2026-12-31;53.0;Torsdag;21:15:00;;0.0;21:17:00;;0.0;21:52:00;;0.0;21:57:00;;0.0;;;0.0;31-12-2026_5515
PRI-TOG;C23;5735.0;Alnabru;2026-12-31;53.0;Torsdag;21:50:00;;0.0;22:02:00;;0.0;22:37:00;;0.0;22:42:00;;0.0;;;0.0;31-12-2026_5735
;;;Alnabru;;;Lørdag;;;0.0;;;0.0;;;0.0;;;0.0;;;0.0;00-01-1900_
;;;;;;;;;0.0;;;0.0;;;0.0;;;0.0;;;0.0;00-01-1900_
;;4911.0;Alnabru;;;Lørdag;;;0.0;1899-12-29 23:20:00;;0.0;09:00:00;;0.0;;;0.0;;;0.0;00-01-1900_4911
;;5717.0;Alnabru;;;Lørdag;;;0.0;1899-12-29 23:20:00;;0.0;1899-12-29 23:55:00;;0.0;;;0.0;;;0.0;00-01-1900_5717
;;;Alnabru;;;Lørdag;;;0.0;;;0.0;;;0.0;;;0.0;;;0.0;00-01-1900_
;;;;;;;;;0.0;;;0.0;;;0.0;;;0.0;;;;
;;;;;;;;;0.0;;;0.0;;;0.0;;;0.0;;;0.0;00-01-1900_
;;;Alnabru;;;Lørdag;;;0.0;1899-12-29 23:20:00;;0.0;1899-12-29 23:55:00;;0.0;;;0.0;;;0.0;00-01-1900_
;;;;;;;;;;;;;;;;;;;;;;
;;4911.0;Alnabru;;;Lørdag;;;0.0;1899-12-29 23:20:00;;0.0;1899-12-29 23:55:00;;0.0;;;0.0;;Rute: 09:22. Avg: 09:37. Kø i syd.;0.0;00-01-1900_4911
;;;;;;;;;;;;;;;;;;;;;;
;;;;;;;;;0.0;;;0.0;;;0.0;;;0.0;;;0.0;00-01-1900_
;;84911.0;Alnabru;;;Lørdag;;;0.0;05:05:00;04:50:00;14.999999999999986;05:40:00;05:10:00;30.000000000000014;05:45:00;05:17:00;28.00000000000002;;;28.00000000000002;00-01-1900_84911
;;;Alnabru;;;Lørdag;;;0.0;07:43:00;;0.0;08:18:00;;0.0;08:23:00;;0.0;;;0.0;00-01-1900_
;;41812.0;Alnabru;2026-09-13;37.0;Søndag;00:01:00;00:01:00;;04:35:00;;;05:08:00;04:30:00;;05:13:00;04:40:00;;;;;
;;41814.0;Alnabru;2026-09-13;37.0;Søndag;00:01:00;00:01:00;;05:35:00;;;06:08:00;05:00:00;;06:13:00;05:11:00;;;;;
