Dato;Tognr;Stasjon;Innstilt;Forsinkelse;Årsak;HL-ID;HL-beskrivelse;Forårsakende;Kommentar
01.08.2025;5507;Alnabru;Nei;00:06;7.0;;;;Kø / Trafikk / Øvrig toggang
01.08.2025;5507;Alnabru;Nei;00:06;7.0;;;;Kø / Trafikk / Øvrig toggang
02.08.2025;5737;Alnabru;Nei;00:22;4.0;;;;Annet. Tavlelog: TOS/GOS og GTS stemte ikke overens
04.08.2025;41971;Alnabru;Nei;00:11;4.0;;;;Annet. Tavlelog: GOS. 2 semier stod i depot, men ikke gatet inn. Måtte lete
04.08.2025;5531;Alnabru;Nei;00:36;82.0;;;;
04.08.2025;5532;Alnabru;Nei;00:09;82.0;;;;vente
04.08.2025;5707;Alnabru;Nei;06:16;3.0;BNHL013769;Stange - Ottestad - Teknisk feil - KL - Annet Det er meldt om feil på KL mellom Stange og Ottestad. Neste tog kjøre i halvsikthastighet for og kontrollere KL. Kjøreledningen ligger nede på taket på til tog 324 mellom Stange og Otterstad, nedrevet uteligger. Brannvesen varslet kl 16:35, Politi varslet via Brannvesen. Beredskapsvakt adm Oslo varslet: kl 17:17 Fagleder Jernbane varslet: 16:49 Adm Vakt Øst varslet kl 16:50 Hendelse sendt til Bane CIM Sentral info- vakt varslet kl 17:15 Undersøkelse og analyseenheten varslet kl 17:15 Berging og Beredskap Jernbane varslet kl 15:45 Vy Gruppen og SJ Norge varslet;324.0;Annet. Annet Det er meldt om feil på KL mellom Stange og Ottestad. Neste tog kjøre i halvsikthastighet for og kontrollere KL. Kjøreledningen ligger nede på taket på til tog 324 mellom Stange og Otterstad, nedrevet uteligger
04.08.2025;5709;Alnabru;Nei;03:00;3.0;BNHL013769;Stange - Ottestad - Teknisk feil - KL - Annet Det er meldt om feil på KL mellom Stange og Ottestad. Neste tog kjøre i halvsikthastighet for og kontrollere KL. Kjøreledningen ligger nede på taket på til tog 324 mellom Stange og Otterstad, nedrevet uteligger. Brannvesen varslet kl 16:35, Politi varslet via Brannvesen. Beredskapsvakt adm Oslo varslet: kl 17:17 Fagleder Jernbane varslet: 16:49 Adm Vakt Øst varslet kl 16:50 Hendelse sendt til Bane CIM Sentral info- vakt varslet kl 17:15 Undersøkelse og analyseenheten varslet kl 17:15 Berging og Beredskap Jernbane varslet kl 15:45 Vy Gruppen og SJ Norge varslet;324.0;Annet. Annet Det er meldt om feil på KL mellom Stange og Ottestad. Neste tog kjøre i halvsikthastighet for og kontrollere KL. Kjøreledningen ligger nede på taket på til tog 324 mellom Stange og Otterstad, nedrevet uteligger
04.08.2025;5735;Alnabru;Nei;00:42;3.0;BNHL013769;Stange - Ottestad - Teknisk feil - KL - Annet Det er meldt om feil på KL mellom Stange og Ottestad. Neste tog kjøre i halvsikthastighet for og kontrollere KL. Kjøreledningen ligger nede på taket på til tog 324 mellom Stange og Otterstad, nedrevet uteligger. Brannvesen varslet kl 16:35, Politi varslet via Brannvesen. Beredskapsvakt adm Oslo varslet: kl 17:17 Fagleder Jernbane varslet: 16:49 Adm Vakt Øst varslet kl 16:50 Hendelse sendt til Bane CIM Sentral info- vakt varslet kl 17:15 Undersøkelse og analyseenheten varslet kl 17:15 Berging og Beredskap Jernbane varslet kl 15:45 Vy Gruppen og SJ Norge varslet;324.0;Annet. Annet Det er meldt om feil på KL mellom Stange og Ottestad. Neste tog kjøre i halvsikthastighet for og kontrollere KL. Kjøreledningen ligger nede på taket på til tog 324 mellom Stange og Otterstad, nedrevet uteligger
04.08.2025;8250;Alnabru;Nei;00:26;7.0;;;;Annet
04.08.2025;8250;Alnabru;Nei;00:26;7.0;;;;Annet
05.08.2025;41960;Alnabru;Nei;00:14;7.0;;;5734.0;Kø / Trafikk / Øvrig toggang. 5734 ble ønsket over Alfaset,men hadde el-lok så måttt vente på skifter
05.08.2025;41960;Alnabru;Nei;00:14;7.0;;;5734.0;Kø / Trafikk / Øvrig toggang. 5734 ble ønsket over Alfaset,men hadde el-lok så måttt vente på skifter
05.08.2025;41971;Alnabru;Nei;00:07;7.0;;;;Annet
05.08.2025;41971;Alnabru;Nei;00:07;7.0;;;;Annet
05.08.2025;5507;Alnabru;Nei;00:19;82.0;;;;
05.08.2025;5708;Alnabru;Nei;00:04;999.0;;;;
06.08.2025;5507;Alnabru;Nei;00:08;82.0;;;;
06.08.2025;5735;Alnabru;Nei;00:14;81.0;;;;Feil på lok
06.08.2025;81971;Alnabru;Nei;00:05;7.0;;;;Kø / Trafikk / Øvrig toggang. Tavlelog
06.08.2025;81971;Alnabru;Nei;00:05;7.0;;;;Kø / Trafikk / Øvrig toggang. Tavlelog
07.08.2025;41914;Alnabru;Nei;00:05;7.0;;;;Kø / Trafikk / Øvrig toggang. Tavlelog
07.08.2025;41914;Alnabru;Nei;00:05;7.0;;;;Kø / Trafikk / Øvrig toggang. Tavlelog
07.08.2025;41969;Alnabru;Nei;00:14;2.0;;;;Annet. Togleder hadde problemer med å få stilt signal inn Alfaset
07.08.2025;5507;Alnabru;Nei;00:17;83.0;;;;Annet. Tavlelog: Sykdom
07.08.2025;81971;Alnabru;Nei;00:19;82.0;;;;
07.08.2025;85805;Alnabru;Nei;00:59;83.0;;;;Annet. Tavlelog: Sykdom
07.08.2025;85811;Alnabru;Nei;00:05;82.0;;;;
08.08.2025;85805;Alnabru;Nei;00:04;7.0;;;653.0;Kø / Trafikk / Øvrig toggang
08.08.2025;85805;Alnabru;Nei;00:04;7.0;;;653.0;Kø / Trafikk / Øvrig toggang
10.08.2025;5711;Alnabru;Nei;01:08;83.0;;;;Annet. Tavlelog: Mannskapsmangel og terminalforhold
10.08.2025;64564;Alnabru;Nei;01:15;82.0;;;;Tavlelog: Utfordring med å hente semier i depot
11.08.2025;5531;Alnabru;Nei;00:08;7.0;;;;Helhetsvurdering
11.08.2025;5531;Alnabru;Nei;00:08;7.0;;;;Helhetsvurdering
11.08.2025;85301;Alnabru;Nei;00:11;82.0;;;;
12.08.2025;41971;Alnabru;Nei;01:03;81.0;;;;Feil på lok. Måtte bytte lok.
12.08.2025;5708;Alnabru;Nei;00:07;999.0;;;;
13.08.2025;5507;Alnabru;Nei;00:07;82.0;;;;Meldt klar sent.
13.08.2025;85301;Alnabru;Nei;00:10;7.0;;;;Kø / Trafikk / Øvrig toggang
13.08.2025;85301;Alnabru;Nei;00:10;7.0;;;;Kø / Trafikk / Øvrig toggang
13.08.2025;85806;Alnabru;Nei;00:07;999.0;;;;
15.08.2025;41900;Alnabru;Nei;00:11;3.0;BNHL014804;Alnabru skiftestasjon (delstr.) stasjon - Teknisk feil - KL - Strømløst Bærelinja røket. Alfaset sporet er stengt ( Alnabru - Grorud).;22900.0;Nedrevet/Skade på KL forårsaket av tog
15.08.2025;5507;Alnabru;Nei;00:31;81.0;;;;Feil på lok. Tavlelog: Feil på lok (Feil mellom toglok og forspannlok)
15.08.2025;85301;Alnabru;Nei;00:24;82.0;;;;Meldt klar etter avgangsstid
15.08.2025;85811;Alnabru;Nei;00:20;82.0;;;;Meldte seg klar sent
15.08.2025;85814;Alnabru;Nei;00:13;2.0;;;;Annet. Ukjent
17.08.2025;85811;Alnabru;Nei;00:14;7.0;;;;Kø / Trafikk / Øvrig toggang. Tavlelog: Kryssinger Alnabru
17.08.2025;85811;Alnabru;Nei;00:14;7.0;;;;Kø / Trafikk / Øvrig toggang. Tavlelog: Kryssinger Alnabru
19.08.2025;85301;Alnabru;Nei;00:14;2.0;;;;Sporveksel/-sperre ikke i kontroll. Problemer med spv 113a/b.
20.08.2025;5507;Alnabru;Nei;00:19;83.0;;;;Annet. Tavlelog: Mannskapsmangel
20.08.2025;85301;Alnabru;Nei;00:47;82.0;;;;
20.08.2025;85814;Alnabru;Nei;00:20;6.0;;;4953.0;Tog fikk feil på lok vad avreise
21.08.2025;4912;Alnabru;Nei;00:08;7.0;;;;Helhetsvurdering
21.08.2025;4912;Alnabru;Nei;00:08;7.0;;;;Helhetsvurdering
21.08.2025;5709;Alnabru;Nei;00:27;4.0;;;;Annet. Tavlelog: Intern datafeil, GTS
21.08.2025;81971;Alnabru;Nei;00:04;7.0;;;;«Uregistrert» / Ikke registrert forrige vakt
21.08.2025;81971;Alnabru;Nei;00:04;7.0;;;;«Uregistrert» / Ikke registrert forrige vakt
21.08.2025;85301;Alnabru;Nei;00:09;82.0;;;;
22.08.2025;81900;Alnabru;Nei;00:08;82.0;;;;
22.08.2025;81918;Alnabru;Nei;00:43;82.0;;;;ventet på lok
22.08.2025;85811;Alnabru;Nei;00:27;81.0;;;;Annet. Tavlelog: Feil på vogn
25.08.2025;41969;Alnabru;Nei;00:08;91.0;;;;
25.08.2025;5531;Alnabru;Nei;00:13;82.0;;;;
25.08.2025;5707;Alnabru;Nei;00:06;82.0;;;;meldte seg klar kl 1717
25.08.2025;85301;Alnabru;Nei;00:04;7.0;;;;«Uregistrert» / Ikke registrert forrige vakt
25.08.2025;85301;Alnabru;Nei;00:04;7.0;;;;«Uregistrert» / Ikke registrert forrige vakt
25.08.2025;85506;Alnabru;Nei;00:07;5.0;;;;BN-K267534- Kjøretøyet dems havarerte i sporet
26.08.2025;5733;Alnabru;Nei;00:39;1.0;;;;Annet. Kranbanen virker ikke
26.08.2025;85811;Alnabru;Nei;01:11;1.0;;;;Annet. Tavlelog: Kranstopp (Oljelekkasje sporplemme)
27.08.2025;41971;Alnabru;Nei;00:08;81.0;;;;Annet. Tavlelog: Feil på vogn
27.08.2025;5531;Alnabru;Nei;00:11;82.0;;;;
27.08.2025;5733;Alnabru;Nei;00:25;82.0;;;;Meldt klar etter avgtid.
27.08.2025;85806;Alnabru;Nei;00:17;7.0;;;;Kø / Trafikk / Øvrig toggang. Skift 39001 skiftet i syd
27.08.2025;85806;Alnabru;Nei;00:17;7.0;;;;Kø / Trafikk / Øvrig toggang. Skift 39001 skiftet i syd
27.08.2025;85811;Alnabru;Nei;00:22;82.0;;;;Meldt klar etter avgtid.
28.08.2025;5707;Alnabru;Nei;00:46;3.0;;;;Annet. skade på del av KL,
28.08.2025;85301;Alnabru;Nei;00:26;82.0;;;;Meldt klar etter avgtid.
29.08.2025;41900;Alnabru;Nei;00:30;2.0;BNHL016161;Grorud stasjon - Teknisk feil - Signal - Sporveksel Får ikke lagt sporveksel 121.;;Sporveksel/-sperre ikke i kontroll
29.08.2025;5507;Alnabru;Nei;00:08;7.0;;;;Kø / Trafikk / Øvrig toggang
29.08.2025;5507;Alnabru;Nei;00:08;7.0;;;;Kø / Trafikk / Øvrig toggang
29.08.2025;85811;Alnabru;Nei;00:09;7.0;;;85506.0;Kø / Trafikk / Øvrig toggang. Måtte skifte vekk 85506 før vi fikk sendt toget
29.08.2025;85811;Alnabru;Nei;00:09;7.0;;;85506.0;Kø / Trafikk / Øvrig toggang. Måtte skifte vekk 85506 før vi fikk sendt toget
01.09.2025;5301;Alnabru;Nei;00:29;82.0;;;;Meldt klar etter avgtid.
01.09.2025;5531;Alnabru;Nei;00:23;82.0;;;;Meldt klar etter avgtid.
01.09.2025;5801;Alnabru;Nei;00:08;82.0;;;;Meldt klar etter avgtid.
01.09.2025;5811;Alnabru;Nei;00:30;82.0;;;;Tavlelog: Feil på lastenhet
02.09.2025;41910;Alnabru;Nei;00:23;82.0;;;;Tavelelog: Feil på lasteenhet
02.09.2025;5302;Alnabru;Nei;00:04;82.0;;;;Kom sent til Alnabru.
02.09.2025;5511;Alnabru;Nei;00:06;7.0;;;;Kø / Trafikk / Øvrig toggang
02.09.2025;5511;Alnabru;Nei;00:06;7.0;;;;Kø / Trafikk / Øvrig toggang
02.09.2025;5733;Alnabru;Nei;00:10;82.0;;;;
02.09.2025;5801;Alnabru;Nei;00:12;82.0;;;;
03.09.2025;5507;Alnabru;Nei;00:09;82.0;;;;
03.09.2025;5801;Alnabru;Nei;00:14;82.0;;;;
04.09.2025;5509;Alnabru;Nei;00:05;7.0;;;;Kø / Trafikk / Øvrig toggang
04.09.2025;5509;Alnabru;Nei;00:05;7.0;;;;Kø / Trafikk / Øvrig toggang
04.09.2025;5801;Alnabru;Nei;00:39;82.0;;;;Måtte bytte lokomotiv.
05.09.2025;5509;Alnabru;Nei;00:56;82.0;;;;Tavlelog: Uforutsett skifting
05.09.2025;95805;Alnabru;Nei;00:04;7.0;;;2239.0;Kø / Trafikk / Øvrig toggang
05.09.2025;95805;Alnabru;Nei;00:04;7.0;;;2239.0;Kø / Trafikk / Øvrig toggang
06.09.2025;85737;Alnabru;Nei;01:56;2.0;BNHL016854;Hellerud stasjon - Teknisk feil - Signal - Sporveksel Feil med sporveksel. Påvirker trafikk i begge retninger.;;Sporveksel/-sperre ikke i kontroll. Vente på lok fra forsinket 5730
07.09.2025;81971;Alnabru;Nei;00:12;82.0;;;;
08.09.2025;5531;Alnabru;Nei;00:43;82.0;;;;Meldte seg klar 09:03
08.09.2025;5733;Alnabru;Nei;00:04;7.0;;;;Annet. Togleder fulgte ikke Fido
08.09.2025;5733;Alnabru;Nei;00:04;7.0;;;;Annet. Togleder fulgte ikke Fido
09.09.2025;4911;Alnabru;Nei;00:05;82.0;;;;Ventet på vognopptak
09.09.2025;5709;Alnabru;Nei;00:21;2.0;;;;Sporveksel/-sperre ikke i kontroll
09.09.2025;5733;Alnabru;Nei;01:12;2.0;BNHL017155;Grorud stasjon - Teknisk feil - Signal - Sporveksel Sporveksel 121 A og B ute av kontroll.;;Sporveksel/-sperre ikke i kontroll
09.09.2025;5801;Alnabru;Nei;00:11;82.0;;;;Fører meldte seg klar 09:34
10.09.2025;5508;Alnabru;Nei;00:08;999.0;;;;
10.09.2025;5531;Alnabru;Nei;00:51;82.0;;;;Meldte seg klar etter avgangstid
10.09.2025;5707;Alnabru;Nei;01:21;82.0;;;;
10.09.2025;5733;Alnabru;Nei;00:15;82.0;;;;
10.09.2025;5801;Alnabru;Nei;00:05;82.0;;;;
10.09.2025;5805;Alnabru;Nei;02:49;92.0;BNHL017250;Moi - Heskestad - Værforhold - Skred Masseutglidning ved km. 487.6. Strekningen Moi - Heskestad er stengt inntil videre. Linjevakt klar fra Sira ca. kl. 1615.;;Ras
11.09.2025;4912;Alnabru;Nei;00:04;82.0;;;;ukjent årsak
11.09.2025;5509;Alnabru;Nei;00:17;92.0;BNHL017416;Trolldalen stasjon - Ål stasjon - Værforhold - Flom 110-sentralen melder om mye overvann på strekningen. Ber oss stoppe togene og kjøre visitasjon. Målevogn At. 50668 har kjørt ut fra Nesbyen og visiterer til Trolldalen. Linjevakten kjører ut fra Ål nå. VYT 62 står på Bergheim, 601 på Flå og 5507 på Sokna. 5922 stanses på Gol;;Flom. Tog holdt tilbake på utgangsstasjon i påvente av åpning av sporet i Hallingdalen.
11.09.2025;81971;Alnabru;Nei;00:20;81.0;;;;Feil på lok
12.09.2025;5735;Alnabru;Nei;00:04;82.0;;;;
15.09.2025;5301;Alnabru;Nei;00:07;7.0;;;5531.0;Kø / Trafikk / Øvrig toggang. forårsakende tog 5531
15.09.2025;5301;Alnabru;Nei;00:07;7.0;;;5531.0;Kø / Trafikk / Øvrig toggang. forårsakende tog 5531
15.09.2025;5509;Alnabru;Nei;00:13;82.0;;;;
15.09.2025;5531;Alnabru;Nei;00:29;82.0;;;;
15.09.2025;81912;Alnabru;Nei;00:06;82.0;;;;
16.09.2025;41918;Alnabru;Nei;00:32;7.0;;;;Kø / Trafikk / Øvrig toggang
16.09.2025;41918;Alnabru;Nei;00:32;7.0;;;;Kø / Trafikk / Øvrig toggang
16.09.2025;5301;Alnabru;Nei;00:05;7.0;;;;Kø / Trafikk / Øvrig toggang. Togleder valgte å prioritere forsinket lokaltog. Dårlig prioritering
16.09.2025;5301;Alnabru;Nei;00:05;7.0;;;;Kø / Trafikk / Øvrig toggang. Togleder valgte å prioritere forsinket lokaltog. Dårlig prioritering
16.09.2025;81971;Alnabru;Nei;00:07;3.0;BNHL017900;Alnabru skiftestasjon (delstr.) stasjon - Teknisk feil - KL - Nedrevet Bærelinje har falt ned i spor 44. Spor 31 til 47 og G-spor er strømsløst.;;ventet på vognopptak
17.09.2025;41904;Alnabru;Nei;01:15;4.0;;;;Annet
17.09.2025;41907;Alnabru;Nei;00:06;91.0;;;;
17.09.2025;5509;Alnabru;Nei;00:11;7.0;;;;«Uregistrert» / Ikke registrert forrige vakt
17.09.2025;5509;Alnabru;Nei;00:11;7.0;;;;«Uregistrert» / Ikke registrert forrige vakt
17.09.2025;5511;Alnabru;Nei;00:40;2.0;BNHL018035;Alnabru skiftestasjon (delstr.) stasjon - Teknisk feil - Signal - Feil i fjernstyring Txp Alnabru har mistet fjernstyring i syd. Meldt CTC-vakt. Forsinkelser på godstog.;;Annet. Strømbrudd i syd
17.09.2025;5531;Alnabru;Nei;00:31;82.0;;;;
17.09.2025;5804;Alnabru;Nei;00:20;2.0;BNHL018035;Alnabru skiftestasjon (delstr.) stasjon - Teknisk feil - Signal - Feil i fjernstyring Txp Alnabru har mistet fjernstyring i syd. Meldt CTC-vakt. Forsinkelser på godstog.;;Annet. Strømbrudd i syd
17.09.2025;81910;Alnabru;Nei;00:04;4.0;;;;Annet. Tavlelog: Intern datafeil
17.09.2025;81971;Alnabru;Nei;01:25;4.0;;;;Annet. Tavlelog: Intern datafeil
18.09.2025;41904;Alnabru;Nei;00:20;82.0;;;;
18.09.2025;42185;Alnabru;Nei;00:05;82.0;;;;
18.09.2025;5509;Alnabru;Nei;00:11;7.0;;;;Annet. Meldte seg akkurat i avgangstid og skiftemaskinene til Cargo-net måtte gjøre seg ferdig og avslutte skifting
18.09.2025;5509;Alnabru;Nei;00:11;7.0;;;;Annet. Meldte seg akkurat i avgangstid og skiftemaskinene til Cargo-net måtte gjøre seg ferdig og avslutte skifting
18.09.2025;5801;Alnabru;Nei;00:07;7.0;;;;Kø / Trafikk / Øvrig toggang.
18.09.2025;5801;Alnabru;Nei;00:07;7.0;;;;Kø / Trafikk / Øvrig toggang.
18.09.2025;95735;Alnabru;Nei;00:28;82.0;;;;Tavlelog: Ventet på R206
19.09.2025;5701;Alnabru;Nei;01:12;5.0;;;;Tavlelog: For kort tid til å spissvende toget. Dovrebanen stengt.
19.09.2025;5703;Alnabru;Nei;00:23;81.0;;;;Feil på lok. Feil på lok fra KVG
20.09.2025;41916;Alnabru;Nei;00:14;7.0;;;;Kø / Trafikk / Øvrig toggang
20.09.2025;41916;Alnabru;Nei;00:14;7.0;;;;Kø / Trafikk / Øvrig toggang
20.09.2025;95737;Alnabru;Nei;00:50;7.0;;;42191.0;Kø / Trafikk / Øvrig toggang
20.09.2025;95737;Alnabru;Nei;00:50;7.0;;;42191.0;Kø / Trafikk / Øvrig toggang
21.09.2025;95711;Alnabru;Nei;00:34;999.0;;;;
22.09.2025;5301;Alnabru;Nei;00:04;7.0;;;;Annet. Forsinket av togleder
22.09.2025;5301;Alnabru;Nei;00:04;7.0;;;;Annet. Forsinket av togleder
22.09.2025;8251;Alnabru;Nei;04:26;7.0;;;;Annet
22.09.2025;8251;Alnabru;Nei;04:26;7.0;;;;Annet
23.09.2025;5801;Alnabru;Nei;00:04;7.0;;;2219.0;Kø / Trafikk / Øvrig toggang
23.09.2025;5801;Alnabru;Nei;00:04;7.0;;;2219.0;Kø / Trafikk / Øvrig toggang
23.09.2025;81971;Alnabru;Nei;00:16;82.0;;;;
24.09.2025;5801;Alnabru;Nei;00:18;82.0;;;;
24.09.2025;95735;Alnabru;Nei;00:26;82.0;;;;Ventet på vognopptak.
25.09.2025;41900;Alnabru;Nei;02:11;82.0;;;;
25.09.2025;41907;Alnabru;Nei;00:08;91.0;;;;
25.09.2025;5511;Alnabru;Nei;00:09;82.0;;;;
25.09.2025;5701;Alnabru;Nei;00:46;82.0;;;;
25.09.2025;5801;Alnabru;Nei;00:35;82.0;;;;
25.09.2025;81910;Alnabru;Nei;00:07;4.0;;;;Annet. Tavlelog: Datafeil. Fikk ikke ut R206
25.09.2025;95735;Alnabru;Nei;00:33;82.0;;;;
26.09.2025;41904;Alnabru;Nei;00:08;82.0;;;;
26.09.2025;5301;Alnabru;Nei;00:22;4.0;;;;Annet. Tavlelog: Datafeil. Fikk ikke ut R206
26.09.2025;95735;Alnabru;Nei;00:19;82.0;;;;
28.09.2025;8254;Alnabru;Nei;00:12;82.0;;;;
29.09.2025;41964;Alnabru;Nei;00:06;999.0;;;;
29.09.2025;5507;Alnabru;Nei;00:28;3.0;BNHL019127;Alnabru skiftestasjon (delstr.) stasjon - Teknisk feil - KL - Annet Strømløst på Alnabru. Lastebil har kjørt ned bomarm som ligger inntil KL. Forblir strømløst frem til KL vakten har sett på saken.;;Annet. Bomarm i KL, forårsaket av lastebil
29.09.2025;5511;Alnabru;Nei;00:50;2.0;;;;Feil på planovergang
29.09.2025;5515;Alnabru;Nei;00:09;2.0;BNHL019134;Gulskogen stasjon - Teknisk feil - Signal - Belegg Belegg grunnet svidde isolasjonsskjøter etter feil på KL. Banevakt og signal varslet. Tog må kjøre på muntlig tillatelse.;;Sporfeltbelegg inkl. saltbelegg. Fra forsinket 95506
29.09.2025;5731;Alnabru;Nei;00:20;82.0;;;;
29.09.2025;5733;Alnabru;Nei;00:18;82.0;;;;
29.09.2025;5811;Alnabru;Nei;00:11;2.0;;;;Feil på planovergang
29.09.2025;95506;Alnabru;Nei;00:07;999.0;;;;
30.09.2025;5507;Alnabru;Nei;00:04;7.0;;;;Kø / Trafikk / Øvrig toggang
30.09.2025;5507;Alnabru;Nei;00:04;7.0;;;;Kø / Trafikk / Øvrig toggang
30.09.2025;5509;Alnabru;Nei;00:22;7.0;;;;Kø / Trafikk / Øvrig toggang. Tavlelog: Kø i syd
30.09.2025;5509;Alnabru;Nei;00:22;7.0;;;;Kø / Trafikk / Øvrig toggang. Tavlelog: Kø i syd
30.09.2025;5511;Alnabru;Nei;00:13;82.0;;;;
30.09.2025;5801;Alnabru;Nei;00:50;2.0;BNHL019134;Gulskogen stasjon - Teknisk feil - Signal - Belegg Belegg grunnet svidde isolasjonsskjøter etter feil på KL. Banevakt og signal varslet. Tog må kjøre på muntlig tillatelse.;;Sporfeltbelegg inkl. saltbelegg. Fra forsinket 5806
01.10.2025;44898;Alnabru;Nei;00:10;82.0;;;;
01.10.2025;5531;Alnabru;Nei;01:15;2.0;BNHL019450;Loenga stasjon - Loenga stasjon - Teknisk feil - Signal - Annet Får ikke stilt utkjør hovedsignal 267;;Annet
01.10.2025;5734;Alnabru;Nei;00:09;2.0;BNHL019450;Loenga stasjon - Loenga stasjon - Teknisk feil - Signal - Annet Får ikke stilt utkjør hovedsignal 267;;Annet
01.10.2025;5801;Alnabru;Nei;00:56;2.0;BNHL019450;Loenga stasjon - Loenga stasjon - Teknisk feil - Signal - Annet Får ikke stilt utkjør hovedsignal 267;;Annet
02.10.2025;5301;Alnabru;Nei;00:05;7.0;;;49713.0;Kø / Trafikk / Øvrig toggang
02.10.2025;5301;Alnabru;Nei;00:05;7.0;;;49713.0;Kø / Trafikk / Øvrig toggang
02.10.2025;5801;Alnabru;Nei;00:15;5.0;;;;banearbeid
02.10.2025;5811;Alnabru;Nei;00:04;7.0;;;;Kø / Trafikk / Øvrig toggang. ventet på 54283
02.10.2025;5811;Alnabru;Nei;00:04;7.0;;;;Kø / Trafikk / Øvrig toggang. ventet på 54283
02.10.2025;81900;Alnabru;Nei;00:04;7.0;;;;Kø / Trafikk / Øvrig toggang. 85733 seine
02.10.2025;81900;Alnabru;Nei;00:04;7.0;;;;Kø / Trafikk / Øvrig toggang. 85733 seine
02.10.2025;81910;Alnabru;Nei;00:21;5.0;;;;
02.10.2025;81960;Alnabru;Nei;00:07;5.0;;;;Anleggsområde Jernbane
02.10.2025;85707;Alnabru;Nei;00:14;5.0;;;;
02.10.2025;85709;Alnabru;Nei;01:22;5.0;;;;
02.10.2025;85733;Alnabru;Nei;00:38;82.0;;;;
02.10.2025;85735;Alnabru;Nei;00:16;5.0;;;;Anleggsområde Jernbane
03.10.2025;5301;Alnabru;Nei;00:06;5.0;;;;
03.10.2025;5508;Alnabru;Nei;00:05;5.0;BNHL019539;Hellerud - Lillestrøm - Ruteplanforutsetninger endret - Kapasitetsbegrensning som følge av arbeid Til årsaksregistrering for godstog som kjører gjennom Romeriksporten, grunnet arbeid på Hovedbanen lokal. BNK276162 Fryst i TIOS;;
03.10.2025;85709;Alnabru;Nei;00:18;5.0;;;;
03.10.2025;85732;Alnabru;Nei;00:05;5.0;;;;
03.10.2025;85735;Alnabru;Nei;00:15;5.0;;;;
03.10.2025;95515;Alnabru;Nei;00:05;5.0;;;;
04.10.2025;41983;Alnabru;Nei;02:52;92.0;;;;Storm / Snøstorm
04.10.2025;81910;Alnabru;Nei;04:18;92.0;;;;Storm / Snøstorm
06.10.2025;5730;Alnabru;Nei;01:46;93.0;BNHL020130;Lillehammer stasjon - Uønsket hendelse - Avsporing (TH7) Tog 306 har sporet av etter at de kjørte på en sporsperre S- lås 2. Signalvakten som var i nærheten ble varslet og reiser ut.;;Avsporing
06.10.2025;5801;Alnabru;Nei;00:11;1.0;BNHL019824;Bryn stasjon - Sagdalen - Ruteplanforutsetninger endret - Planlagt arbeid endret eller ikke avsluttet i tide Planlagt arbeid på Hovedbanen lokal blir ikke ferdig i tide. Ny tid for åpning er tirsdag 07.10 kl. 04:00;;Planlagt arbeid ikke avsluttet i tide
06.10.2025;81971;Alnabru;Nei;00:07;7.0;;;21527.0;Kø / Trafikk / Øvrig toggang
06.10.2025;81971;Alnabru;Nei;00:07;7.0;;;21527.0;Kø / Trafikk / Øvrig toggang
07.10.2025;41910;Alnabru;Nei;01:13;1.0;BNHL019824;Bryn stasjon - Sagdalen - Ruteplanforutsetninger endret - Planlagt arbeid endret eller ikke avsluttet i tide Planlagt arbeid på Hovedbanen lokal blir ikke ferdig i tide. Ny tid for åpning er tirsdag 07.10 kl. 04:00;;Planlagt arbeid ikke avsluttet i tide
07.10.2025;4911;Alnabru;Nei;01:01;1.0;BNHL019824;Bryn stasjon - Sagdalen - Ruteplanforutsetninger endret - Planlagt arbeid endret eller ikke avsluttet i tide Planlagt arbeid på Hovedbanen lokal blir ikke ferdig i tide. Ny tid for åpning er tirsdag 07.10 kl. 04:00;;Planlagt arbeid ikke avsluttet i tide
07.10.2025;5506;Alnabru;Nei;00:13;1.0;BNHL019824;Bryn stasjon - Sagdalen - Ruteplanforutsetninger endret - Planlagt arbeid endret eller ikke avsluttet i tide Planlagt arbeid på Hovedbanen lokal blir ikke ferdig i tide. Ny tid for åpning er tirsdag 07.10 kl. 04:00;;Planlagt arbeid ikke avsluttet i tide. Kø - Følge forsinkelser - Kryssende togvei - venter på sportilgang - mm
07.10.2025;5509;Alnabru;Nei;00:16;82.0;;;;
07.10.2025;5511;Alnabru;Nei;00:48;1.0;BNHL019824;Bryn stasjon - Sagdalen - Ruteplanforutsetninger endret - Planlagt arbeid endret eller ikke avsluttet i tide Planlagt arbeid på Hovedbanen lokal blir ikke ferdig i tide. Ny tid for åpning er tirsdag 07.10 kl. 04:00;;Planlagt arbeid ikke avsluttet i tide
07.10.2025;5708;Alnabru;Nei;00:36;1.0;BNHL019824;Bryn stasjon - Sagdalen - Ruteplanforutsetninger endret - Planlagt arbeid endret eller ikke avsluttet i tide Planlagt arbeid på Hovedbanen lokal blir ikke ferdig i tide. Ny tid for åpning er tirsdag 07.10 kl. 04:00;;Planlagt arbeid ikke avsluttet i tide
07.10.2025;5709;Alnabru;Nei;00:30;1.0;BNHL019824;Bryn stasjon - Sagdalen - Ruteplanforutsetninger endret - Planlagt arbeid endret eller ikke avsluttet i tide Planlagt arbeid på Hovedbanen lokal blir ikke ferdig i tide. Ny tid for åpning er tirsdag 07.10 kl. 04:00;;Planlagt arbeid ikke avsluttet i tide
07.10.2025;5730;Alnabru;Nei;00:58;1.0;BNHL019824;Bryn stasjon - Sagdalen - Ruteplanforutsetninger endret - Planlagt arbeid endret eller ikke avsluttet i tide Planlagt arbeid på Hovedbanen lokal blir ikke ferdig i tide. Ny tid for åpning er tirsdag 07.10 kl. 04:00;;Planlagt arbeid ikke avsluttet i tide
07.10.2025;5731;Alnabru;Nei;00:19;1.0;BNHL019824;Bryn stasjon - Sagdalen - Ruteplanforutsetninger endret - Planlagt arbeid endret eller ikke avsluttet i tide Planlagt arbeid på Hovedbanen lokal blir ikke ferdig i tide. Ny tid for åpning er tirsdag 07.10 kl. 04:00;;Planlagt arbeid ikke avsluttet i tide
07.10.2025;5733;Alnabru;Nei;00:41;1.0;BNHL019824;Bryn stasjon - Sagdalen - Ruteplanforutsetninger endret - Planlagt arbeid endret eller ikke avsluttet i tide Planlagt arbeid på Hovedbanen lokal blir ikke ferdig i tide. Ny tid for åpning er tirsdag 07.10 kl. 04:00;;Planlagt arbeid ikke avsluttet i tide
07.10.2025;5734;Alnabru;Nei;00:05;1.0;BNHL019824;Bryn stasjon - Sagdalen - Ruteplanforutsetninger endret - Planlagt arbeid endret eller ikke avsluttet i tide Planlagt arbeid på Hovedbanen lokal blir ikke ferdig i tide. Ny tid for åpning er tirsdag 07.10 kl. 04:00;;Planlagt arbeid ikke avsluttet i tide. Kø - Følge forsinkelser - Kryssende togvei - venter på sportilgang - mm
07.10.2025;5735;Alnabru;Nei;00:49;1.0;BNHL019824;Bryn stasjon - Sagdalen - Ruteplanforutsetninger endret - Planlagt arbeid endret eller ikke avsluttet i tide Planlagt arbeid på Hovedbanen lokal blir ikke ferdig i tide. Ny tid for åpning er tirsdag 07.10 kl. 04:00;;Planlagt arbeid ikke avsluttet i tide. Kø - Følge forsinkelser - Kryssende togvei - venter på sportilgang - mm
07.10.2025;5801;Alnabru;Nei;00:35;1.0;BNHL019824;Bryn stasjon - Sagdalen - Ruteplanforutsetninger endret - Planlagt arbeid endret eller ikke avsluttet i tide Planlagt arbeid på Hovedbanen lokal blir ikke ferdig i tide. Ny tid for åpning er tirsdag 07.10 kl. 04:00;;Planlagt arbeid ikke avsluttet i tide
07.10.2025;5805;Alnabru;Nei;00:32;1.0;BNHL019824;Bryn stasjon - Sagdalen - Ruteplanforutsetninger endret - Planlagt arbeid endret eller ikke avsluttet i tide Planlagt arbeid på Hovedbanen lokal blir ikke ferdig i tide. Ny tid for åpning er tirsdag 07.10 kl. 04:00;25943.0;Planlagt arbeid ikke avsluttet i tide
07.10.2025;5811;Alnabru;Nei;00:17;1.0;BNHL019824;Bryn stasjon - Sagdalen - Ruteplanforutsetninger endret - Planlagt arbeid endret eller ikke avsluttet i tide Planlagt arbeid på Hovedbanen lokal blir ikke ferdig i tide. Ny tid for åpning er tirsdag 07.10 kl. 04:00;;Planlagt arbeid ikke avsluttet i tide
07.10.2025;61175;Alnabru;Nei;00:05;91.0;;;;
08.10.2025;41971;Alnabru;Nei;00:15;1.0;BNHL019824;Bryn stasjon - Sagdalen - Ruteplanforutsetninger endret - Planlagt arbeid endret eller ikke avsluttet i tide Planlagt arbeid på Hovedbanen lokal blir ikke ferdig i tide. Ny tid for åpning er tirsdag 07.10 kl. 04:00;;Planlagt arbeid ikke avsluttet i tide
08.10.2025;5301;Alnabru;Nei;00:08;5.0;;;;
08.10.2025;5509;Alnabru;Nei;00:27;7.0;;;;«Uregistrert» / Ikke registrert forrige vakt
08.10.2025;5509;Alnabru;Nei;00:27;7.0;;;;«Uregistrert» / Ikke registrert forrige vakt
08.10.2025;5515;Alnabru;Nei;00:16;1.0;BNHL019824;Bryn stasjon - Sagdalen - Ruteplanforutsetninger endret - Planlagt arbeid endret eller ikke avsluttet i tide Planlagt arbeid på Hovedbanen lokal blir ikke ferdig i tide. Ny tid for åpning er tirsdag 07.10 kl. 04:00;;Planlagt arbeid ikke avsluttet i tide
08.10.2025;5707;Alnabru;Nei;00:50;1.0;BNHL019824;Bryn stasjon - Sagdalen - Ruteplanforutsetninger endret - Planlagt arbeid endret eller ikke avsluttet i tide Planlagt arbeid på Hovedbanen lokal blir ikke ferdig i tide. Ny tid for åpning er tirsdag 07.10 kl. 04:00;;Planlagt arbeid ikke avsluttet i tide
08.10.2025;5708;Alnabru;Nei;00:34;7.0;;;;«Uregistrert» / Ikke registrert forrige vakt
08.10.2025;5708;Alnabru;Nei;00:34;7.0;;;;«Uregistrert» / Ikke registrert forrige vakt
08.10.2025;5709;Alnabru;Nei;01:01;1.0;BNHL019824;Bryn stasjon - Sagdalen - Ruteplanforutsetninger endret - Planlagt arbeid endret eller ikke avsluttet i tide Planlagt arbeid på Hovedbanen lokal blir ikke ferdig i tide. Ny tid for åpning er tirsdag 07.10 kl. 04:00;;Planlagt arbeid ikke avsluttet i tide
08.10.2025;5730;Alnabru;Nei;00:50;5.0;;;;
08.10.2025;5733;Alnabru;Nei;00:39;1.0;BNHL019824;Bryn stasjon - Sagdalen - Ruteplanforutsetninger endret - Planlagt arbeid endret eller ikke avsluttet i tide Planlagt arbeid på Hovedbanen lokal blir ikke ferdig i tide. Ny tid for åpning er tirsdag 07.10 kl. 04:00;;Planlagt arbeid ikke avsluttet i tide
08.10.2025;5801;Alnabru;Nei;00:25;5.0;;;;
08.10.2025;5804;Alnabru;Nei;00:08;7.0;;;;«Uregistrert» / Ikke registrert forrige vakt
08.10.2025;5804;Alnabru;Nei;00:08;7.0;;;;«Uregistrert» / Ikke registrert forrige vakt
08.10.2025;81900;Alnabru;Nei;00:47;1.0;BNHL019824;Bryn stasjon - Sagdalen - Ruteplanforutsetninger endret - Planlagt arbeid endret eller ikke avsluttet i tide Planlagt arbeid på Hovedbanen lokal blir ikke ferdig i tide. Ny tid for åpning er tirsdag 07.10 kl. 04:00;;Planlagt arbeid ikke avsluttet i tide
09.10.2025;41971;Alnabru;Nei;00:12;1.0;BNHL019824;Bryn stasjon - Sagdalen - Ruteplanforutsetninger endret - Planlagt arbeid endret eller ikke avsluttet i tide Planlagt arbeid på Hovedbanen lokal blir ikke ferdig i tide. Ny tid for åpning er tirsdag 07.10 kl. 04:00;;Planlagt arbeid ikke avsluttet i tide
09.10.2025;4911;Alnabru;Nei;00:59;5.0;;;;
09.10.2025;5506;Alnabru;Nei;00:10;5.0;;;;
09.10.2025;5509;Alnabru;Nei;00:09;7.0;;;;«Uregistrert» / Ikke registrert forrige vakt
09.10.2025;5509;Alnabru;Nei;00:09;7.0;;;;«Uregistrert» / Ikke registrert forrige vakt
09.10.2025;5511;Alnabru;Nei;00:09;1.0;;;;Annet. Feil på kran alnabru
09.10.2025;5515;Alnabru;Nei;00:24;81.0;;;;Annet. Tavlelog: Feil på vogn
09.10.2025;5709;Alnabru;Nei;00:09;82.0;;;;
09.10.2025;5733;Alnabru;Nei;00:24;1.0;BNHL019824;Bryn stasjon - Sagdalen - Ruteplanforutsetninger endret - Planlagt arbeid endret eller ikke avsluttet i tide Planlagt arbeid på Hovedbanen lokal blir ikke ferdig i tide. Ny tid for åpning er tirsdag 07.10 kl. 04:00;;Planlagt arbeid ikke avsluttet i tide
09.10.2025;5734;Alnabru;Nei;00:07;1.0;;;;Planlagt arbeid ikke avsluttet i tide
09.10.2025;5804;Alnabru;Nei;00:06;5.0;;;;
09.10.2025;5811;Alnabru;Nei;00:10;1.0;;;;Planlagt arbeid ikke avsluttet i tide
09.10.2025;81900;Alnabru;Nei;01:44;1.0;BNHL019824;Bryn stasjon - Sagdalen - Ruteplanforutsetninger endret - Planlagt arbeid endret eller ikke avsluttet i tide Planlagt arbeid på Hovedbanen lokal blir ikke ferdig i tide. Ny tid for åpning er tirsdag 07.10 kl. 04:00;;Planlagt arbeid ikke avsluttet i tide
09.10.2025;81960;Alnabru;Nei;00:14;1.0;;;;Planlagt arbeid ikke avsluttet i tide
10.10.2025;41973;Alnabru;Nei;00:05;1.0;BNHL019824;Bryn stasjon - Sagdalen - Ruteplanforutsetninger endret - Planlagt arbeid endret eller ikke avsluttet i tide Planlagt arbeid på Hovedbanen lokal blir ikke ferdig i tide. Ny tid for åpning er tirsdag 07.10 kl. 04:00;;Planlagt arbeid ikke avsluttet i tide
10.10.2025;5709;Alnabru;Nei;00:44;1.0;BNHL019824;Bryn stasjon - Sagdalen - Ruteplanforutsetninger endret - Planlagt arbeid endret eller ikke avsluttet i tide Planlagt arbeid på Hovedbanen lokal blir ikke ferdig i tide. Ny tid for åpning er tirsdag 07.10 kl. 04:00;;Planlagt arbeid ikke avsluttet i tide
10.10.2025;5731;Alnabru;Nei;00:05;7.0;;;;«Uregistrert» / Ikke registrert forrige vakt
10.10.2025;5731;Alnabru;Nei;00:05;7.0;;;;«Uregistrert» / Ikke registrert forrige vakt
10.10.2025;5734;Alnabru;Nei;00:37;1.0;BNHL019824;Bryn stasjon - Sagdalen - Ruteplanforutsetninger endret - Planlagt arbeid endret eller ikke avsluttet i tide Planlagt arbeid på Hovedbanen lokal blir ikke ferdig i tide. Ny tid for åpning er tirsdag 07.10 kl. 04:00;;Planlagt arbeid ikke avsluttet i tide
10.10.2025;81900;Alnabru;Nei;00:33;1.0;BNHL019824;Bryn stasjon - Sagdalen - Ruteplanforutsetninger endret - Planlagt arbeid endret eller ikke avsluttet i tide Planlagt arbeid på Hovedbanen lokal blir ikke ferdig i tide. Ny tid for åpning er tirsdag 07.10 kl. 04:00;;Planlagt arbeid ikke avsluttet i tide
12.10.2025;41907;Alnabru;Nei;01:39;1.0;BNHL019824;Bryn stasjon - Sagdalen - Ruteplanforutsetninger endret - Planlagt arbeid endret eller ikke avsluttet i tide Planlagt arbeid på Hovedbanen lokal blir ikke ferdig i tide. Ny tid for åpning er tirsdag 07.10 kl. 04:00;;Planlagt arbeid ikke avsluttet i tide
12.10.2025;5714;Alnabru;Nei;00:06;7.0;;;;Kø / Trafikk / Øvrig toggang. .
12.10.2025;5714;Alnabru;Nei;00:06;7.0;;;;Kø / Trafikk / Øvrig toggang. .
12.10.2025;85711;Alnabru;Nei;00:31;1.0;BNHL019824;Bryn stasjon - Sagdalen - Ruteplanforutsetninger endret - Planlagt arbeid endret eller ikke avsluttet i tide Planlagt arbeid på Hovedbanen lokal blir ikke ferdig i tide. Ny tid for åpning er tirsdag 07.10 kl. 04:00;;Planlagt arbeid ikke avsluttet i tide
13.10.2025;5511;Alnabru;Nei;00:07;1.0;BNHL019824;Bryn stasjon - Sagdalen - Ruteplanforutsetninger endret - Planlagt arbeid endret eller ikke avsluttet i tide Planlagt arbeid på Hovedbanen lokal blir ikke ferdig i tide. Ny tid for åpning er tirsdag 07.10 kl. 04:00;;Annet
13.10.2025;5515;Alnabru;Nei;00:24;1.0;;;;Planlagt arbeid ikke avsluttet i tide
13.10.2025;5531;Alnabru;Nei;00:13;82.0;;;;Meldt klar etter avgtid.
13.10.2025;5702;Alnabru;Nei;00:56;1.0;BNHL019824;Bryn stasjon - Sagdalen - Ruteplanforutsetninger endret - Planlagt arbeid endret eller ikke avsluttet i tide Planlagt arbeid på Hovedbanen lokal blir ikke ferdig i tide. Ny tid for åpning er tirsdag 07.10 kl. 04:00;;Planlagt arbeid ikke avsluttet i tide
13.10.2025;5708;Alnabru;Nei;00:36;7.0;;;;Helhetsvurdering
13.10.2025;5708;Alnabru;Nei;00:36;7.0;;;;Helhetsvurdering
13.10.2025;5730;Alnabru;Nei;00:21;1.0;BNHL019824;Bryn stasjon - Sagdalen - Ruteplanforutsetninger endret - Planlagt arbeid endret eller ikke avsluttet i tide Planlagt arbeid på Hovedbanen lokal blir ikke ferdig i tide. Ny tid for åpning er tirsdag 07.10 kl. 04:00;;Planlagt arbeid ikke avsluttet i tide
13.10.2025;5801;Alnabru;Nei;00:09;82.0;;;;meldt klar etter avgtid.
13.10.2025;5811;Alnabru;Nei;00:28;1.0;BNHL019824;Bryn stasjon - Sagdalen - Ruteplanforutsetninger endret - Planlagt arbeid endret eller ikke avsluttet i tide Planlagt arbeid på Hovedbanen lokal blir ikke ferdig i tide. Ny tid for åpning er tirsdag 07.10 kl. 04:00;;Planlagt arbeid ikke avsluttet i tide
13.10.2025;81960;Alnabru;Nei;02:18;1.0;;;;Planlagt arbeid ikke avsluttet i tide
14.10.2025;41900;Alnabru;Nei;01:28;1.0;BNHL019824;Bryn stasjon - Sagdalen - Ruteplanforutsetninger endret - Planlagt arbeid endret eller ikke avsluttet i tide Planlagt arbeid på Hovedbanen lokal blir ikke ferdig i tide. Ny tid for åpning er tirsdag 07.10 kl. 04:00;;Planlagt arbeid ikke avsluttet i tide
14.10.2025;41960;Alnabru;Nei;01:11;1.0;BNHL019824;Bryn stasjon - Sagdalen - Ruteplanforutsetninger endret - Planlagt arbeid endret eller ikke avsluttet i tide Planlagt arbeid på Hovedbanen lokal blir ikke ferdig i tide. Ny tid for åpning er tirsdag 07.10 kl. 04:00;;Planlagt arbeid ikke avsluttet i tide
14.10.2025;4911;Alnabru;Nei;00:06;1.0;BNHL019824;Bryn stasjon - Sagdalen - Ruteplanforutsetninger endret - Planlagt arbeid endret eller ikke avsluttet i tide Planlagt arbeid på Hovedbanen lokal blir ikke ferdig i tide. Ny tid for åpning er tirsdag 07.10 kl. 04:00;;Planlagt arbeid ikke avsluttet i tide
14.10.2025;4912;Alnabru;Nei;00:04;7.0;;;;Kø / Trafikk / Øvrig toggang. Skifting i syd samt håndstilte spv.
14.10.2025;4912;Alnabru;Nei;00:04;7.0;;;;Kø / Trafikk / Øvrig toggang. Skifting i syd samt håndstilte spv.
14.10.2025;49135;Alnabru;Nei;00:04;91.0;;;;
14.10.2025;5511;Alnabru;Nei;00:27;82.0;;;;Meldt klar etter avgtid.
14.10.2025;5515;Alnabru;Nei;00:53;81.0;;;;Annet. Tavlelog: Feil på vogn
14.10.2025;5702;Alnabru;Nei;00:38;5.0;;;;
14.10.2025;5709;Alnabru;Nei;01:26;1.0;BNHL019824;Bryn stasjon - Sagdalen - Ruteplanforutsetninger endret - Planlagt arbeid endret eller ikke avsluttet i tide Planlagt arbeid på Hovedbanen lokal blir ikke ferdig i tide. Ny tid for åpning er tirsdag 07.10 kl. 04:00;;Planlagt arbeid ikke avsluttet i tide
14.10.2025;5732;Alnabru;Nei;00:43;5.0;;;;
14.10.2025;5734;Alnabru;Nei;01:03;1.0;BNHL019824;Bryn stasjon - Sagdalen - Ruteplanforutsetninger endret - Planlagt arbeid endret eller ikke avsluttet i tide Planlagt arbeid på Hovedbanen lokal blir ikke ferdig i tide. Ny tid for åpning er tirsdag 07.10 kl. 04:00;;Planlagt arbeid ikke avsluttet i tide
14.10.2025;5735;Alnabru;Nei;01:09;1.0;BNHL019824;Bryn stasjon - Sagdalen - Ruteplanforutsetninger endret - Planlagt arbeid endret eller ikke avsluttet i tide Planlagt arbeid på Hovedbanen lokal blir ikke ferdig i tide. Ny tid for åpning er tirsdag 07.10 kl. 04:00;;Planlagt arbeid ikke avsluttet i tide
14.10.2025;5801;Alnabru;Nei;00:04;1.0;BNHL019824;Bryn stasjon - Sagdalen - Ruteplanforutsetninger endret - Planlagt arbeid endret eller ikke avsluttet i tide Planlagt arbeid på Hovedbanen lokal blir ikke ferdig i tide. Ny tid for åpning er tirsdag 07.10 kl. 04:00;;Planlagt arbeid ikke avsluttet i tide
14.10.2025;5811;Alnabru;Nei;00:55;1.0;BNHL019824;Bryn stasjon - Sagdalen - Ruteplanforutsetninger endret - Planlagt arbeid endret eller ikke avsluttet i tide Planlagt arbeid på Hovedbanen lokal blir ikke ferdig i tide. Ny tid for åpning er tirsdag 07.10 kl. 04:00;;Planlagt arbeid ikke avsluttet i tide
15.10.2025;41960;Alnabru;Nei;00:17;82.0;;;;meldte seg klar etter avgangstid
15.10.2025;5509;Alnabru;Nei;00:11;7.0;;;;Kø / Trafikk / Øvrig toggang. mye forsinkelser
15.10.2025;5509;Alnabru;Nei;00:11;7.0;;;;Kø / Trafikk / Øvrig toggang. mye forsinkelser
15.10.2025;5511;Alnabru;Nei;00:10;82.0;;;;
15.10.2025;5515;Alnabru;Nei;00:58;82.0;;;;meldte seg klar etter avgangstid
15.10.2025;5801;Alnabru;Nei;00:06;82.0;;;;
15.10.2025;81971;Alnabru;Nei;01:17;7.0;;;;Kø / Trafikk / Øvrig toggang. mye forsinkelser
15.10.2025;81971;Alnabru;Nei;01:17;7.0;;;;Kø / Trafikk / Øvrig toggang. mye forsinkelser
16.10.2025;4911;Alnabru;Nei;06:04;94.0;;;;Annet
16.10.2025;5507;Alnabru;Nei;00:20;82.0;;;;
16.10.2025;5509;Alnabru;Nei;00:48;2.0;BNHL021090;Lillestrøm stasjon - Teknisk feil - Signal - ATC feil ATC feil med på Lillestrøm.;;Annet
16.10.2025;5732;Alnabru;Nei;00:06;1.0;BNHL021046;Nypan - Heimdal - Værforhold - Glatte skinner Tog CN5709 sliter med å komme seg opp til Heimdal st. pga. glatte skinner. Forsinkelser kan oppstå.;;Glatte skinner
16.10.2025;5801;Alnabru;Nei;00:19;7.0;;;;Annet. mye forsinkelser
16.10.2025;5801;Alnabru;Nei;00:19;7.0;;;;Annet. mye forsinkelser
16.10.2025;5814;Alnabru;Nei;00:04;7.0;;;;Helhetsvurdering
16.10.2025;5814;Alnabru;Nei;00:04;7.0;;;;Helhetsvurdering
17.10.2025;5509;Alnabru;Nei;00:13;2.0;;;;Teknisk signalfall
17.10.2025;5734;Alnabru;Nei;00:29;6.0;;;55088.0;
17.10.2025;5805;Alnabru;Nei;00:05;2.0;;;;Teknisk signalfall
17.10.2025;8251;Alnabru;Nei;00:06;82.0;;;;
20.10.2025;5301;Alnabru;Nei;00:38;82.0;;;;
20.10.2025;5511;Alnabru;Nei;00:09;999.0;;;;
20.10.2025;5515;Alnabru;Nei;00:08;999.0;;;;
20.10.2025;5531;Alnabru;Nei;01:11;82.0;;;;
20.10.2025;5707;Alnabru;Nei;00:13;999.0;;;;
20.10.2025;5733;Alnabru;Nei;00:20;83.0;;;;Annet
20.10.2025;5801;Alnabru;Nei;00:17;82.0;;;;
21.10.2025;41960;Alnabru;Nei;00:30;82.0;;;;
21.10.2025;5507;Alnabru;Nei;00:07;7.0;;;;«Uregistrert» / Ikke registrert forrige vakt
21.10.2025;5507;Alnabru;Nei;00:07;7.0;;;;«Uregistrert» / Ikke registrert forrige vakt
21.10.2025;5735;Alnabru;Nei;00:59;2.0;BNHL021533;Aker stasjon - Teknisk feil - Signal - Annet Togleder får ikke stilt noen signaler på Aker;;Annet
21.10.2025;5811;Alnabru;Nei;00:29;81.0;;;;Feil på lok
22.10.2025;5511;Alnabru;Nei;00:07;82.0;;;;
22.10.2025;5512;Alnabru;Nei;00:05;3.0;BNHL021637;Hønefoss - Veme - Uønsket hendelse - Annen uønsket hendelse Elkraft melder at de ikke får til å legge inn brytere etter arbeid med borretoget på strekningen. Kunngjøringsnummer: BN-K279887;;Annet. .
22.10.2025;5801;Alnabru;Nei;00:15;82.0;;;;
22.10.2025;5804;Alnabru;Nei;00:04;7.0;;;;«Uregistrert» / Ikke registrert forrige vakt
22.10.2025;5804;Alnabru;Nei;00:04;7.0;;;;«Uregistrert» / Ikke registrert forrige vakt
22.10.2025;5806;Alnabru;Nei;00:14;7.0;;;;Kø / Trafikk / Øvrig toggang. .
22.10.2025;5806;Alnabru;Nei;00:14;7.0;;;;Kø / Trafikk / Øvrig toggang. .
23.10.2025;5301;Alnabru;Nei;00:19;82.0;;;;.
23.10.2025;5512;Alnabru;Nei;00:06;7.0;;;;«Uregistrert» / Ikke registrert forrige vakt
23.10.2025;5512;Alnabru;Nei;00:06;7.0;;;;«Uregistrert» / Ikke registrert forrige vakt
23.10.2025;5731;Alnabru;Nei;00:07;82.0;;;;ventet på vognopptak
23.10.2025;5801;Alnabru;Nei;00:14;82.0;;;;
23.10.2025;5811;Alnabru;Nei;00:04;7.0;;;;«Uregistrert» / Ikke registrert forrige vakt
23.10.2025;5811;Alnabru;Nei;00:04;7.0;;;;«Uregistrert» / Ikke registrert forrige vakt
23.10.2025;8265;Alnabru;Nei;01:08;82.0;;;8264.0;Kom forsinket som tog 8264
24.10.2025;5301;Alnabru;Nei;00:05;7.0;;;;«Uregistrert» / Ikke registrert forrige vakt
24.10.2025;5301;Alnabru;Nei;00:05;7.0;;;;«Uregistrert» / Ikke registrert forrige vakt
24.10.2025;5507;Alnabru;Nei;00:23;4.0;;;;Annet
26.10.2025;41949;Alnabru;Nei;00:09;7.0;;;;«Uregistrert» / Ikke registrert forrige vakt. Kø- Trafikk avvikling - Øvrig toggang - Kryssinger - Kryssendetogveier - Venter på Sportilgang- mm
26.10.2025;41949;Alnabru;Nei;00:09;7.0;;;;«Uregistrert» / Ikke registrert forrige vakt. Kø- Trafikk avvikling - Øvrig toggang - Kryssinger - Kryssendetogveier - Venter på Sportilgang- mm
26.10.2025;41964;Alnabru;Nei;01:01;82.0;;;;
26.10.2025;5523;Alnabru;Nei;00:14;7.0;;;;«Uregistrert» / Ikke registrert forrige vakt. Kø- Trafikk avvikling - Øvrig toggang - Kryssinger - Kryssendetogveier - Venter på Sportilgang- mm
26.10.2025;5523;Alnabru;Nei;00:14;7.0;;;;«Uregistrert» / Ikke registrert forrige vakt. Kø- Trafikk avvikling - Øvrig toggang - Kryssinger - Kryssendetogveier - Venter på Sportilgang- mm
27.10.2025;5509;Alnabru;Nei;02:30;83.0;;;;Fører
27.10.2025;5531;Alnabru;Nei;00:04;82.0;;;;
27.10.2025;5708;Alnabru;Nei;00:05;999.0;;;;
27.10.2025;5811;Alnabru;Nei;00:08;999.0;;;;
27.10.2025;81971;Alnabru;Nei;00:15;82.0;;;;meldte seg klar kl1628
28.10.2025;41900;Alnabru;Nei;01:31;999.0;;;;
28.10.2025;42356;Alnabru;Nei;00:06;7.0;;;;Annet. treg skifting (39010)
28.10.2025;42356;Alnabru;Nei;00:06;7.0;;;;Annet. treg skifting (39010)
28.10.2025;4912;Alnabru;Nei;00:11;999.0;;;;
28.10.2025;5507;Alnabru;Nei;00:27;82.0;;;;Ventet på lok som kom fra Lodalen i 21525
28.10.2025;5707;Alnabru;Nei;00:08;7.0;;;22900.0;Kø / Trafikk / Øvrig toggang
28.10.2025;5707;Alnabru;Nei;00:08;7.0;;;22900.0;Kø / Trafikk / Øvrig toggang
28.10.2025;5805;Alnabru;Nei;00:20;82.0;;;;
29.10.2025;5511;Alnabru;Nei;00:25;7.0;;;;Annet. .
29.10.2025;5511;Alnabru;Nei;00:25;7.0;;;;Annet. .
29.10.2025;5512;Alnabru;Nei;00:05;7.0;;;;Helhetsvurdering
29.10.2025;5512;Alnabru;Nei;00:05;7.0;;;;Helhetsvurdering
29.10.2025;5515;Alnabru;Nei;00:10;7.0;;;;Helhetsvurdering
29.10.2025;5515;Alnabru;Nei;00:10;7.0;;;;Helhetsvurdering
29.10.2025;5531;Alnabru;Nei;00:11;7.0;;;;Kø / Trafikk / Øvrig toggang. .
29.10.2025;5531;Alnabru;Nei;00:11;7.0;;;;Kø / Trafikk / Øvrig toggang. .
29.10.2025;5801;Alnabru;Nei;00:22;7.0;;;;Annet
29.10.2025;5801;Alnabru;Nei;00:22;7.0;;;;Annet
29.10.2025;8251;Alnabru;Nei;03:03;81.0;;;;Feil på lok
30.10.2025;41900;Alnabru;Nei;00:29;7.0;;;;Annet
30.10.2025;41900;Alnabru;Nei;00:29;7.0;;;;Annet
30.10.2025;4911;Alnabru;Nei;01:02;81.0;;;;Annet. .
30.10.2025;5507;Alnabru;Nei;00:23;82.0;;;;
30.10.2025;5709;Alnabru;Nei;00:09;7.0;;;;Kø / Trafikk / Øvrig toggang
30.10.2025;5709;Alnabru;Nei;00:09;7.0;;;;Kø / Trafikk / Øvrig toggang
30.10.2025;5801;Alnabru;Nei;00:24;1.0;;;;Annet. Forsinket grunnet påfyll av sand, sandinganlegget på Nyland var ute av drift
30.10.2025;5805;Alnabru;Nei;00:17;82.0;;;;
30.10.2025;63061;Alnabru;Nei;00:16;7.0;;;;Annet
30.10.2025;63061;Alnabru;Nei;00:16;7.0;;;;Annet
31.10.2025;60011;Alnabru;Nei;00:09;7.0;;;;Annet
31.10.2025;60011;Alnabru;Nei;00:09;7.0;;;;Annet
01.11.2025;63011;Alnabru;Nei;00:10;7.0;;;;Kø / Trafikk / Øvrig toggang
01.11.2025;63011;Alnabru;Nei;00:10;7.0;;;;Kø / Trafikk / Øvrig toggang
01.11.2025;63061;Alnabru;Nei;00:55;83.0;;;;Fører
02.11.2025;41971;Alnabru;Nei;00:04;7.0;;;;Annet
02.11.2025;41971;Alnabru;Nei;00:04;7.0;;;;Annet
03.11.2025;41960;Alnabru;Nei;00:27;81.0;;;;Annet
03.11.2025;5301;Alnabru;Nei;00:06;7.0;;;;Annet
03.11.2025;5301;Alnabru;Nei;00:06;7.0;;;;Annet
03.11.2025;5511;Alnabru;Nei;00:05;82.0;;;;meldte seg klar for avgang 1 min før avgangstid
03.11.2025;5531;Alnabru;Nei;00:55;1.0;;;;Annet
03.11.2025;5709;Alnabru;Nei;00:12;7.0;;;;Kryssing / Forbikjøring
03.11.2025;5709;Alnabru;Nei;00:12;7.0;;;;Kryssing / Forbikjøring
03.11.2025;5735;Alnabru;Nei;00:10;7.0;;;;Annet
03.11.2025;5735;Alnabru;Nei;00:10;7.0;;;;Annet
03.11.2025;5801;Alnabru;Nei;00:05;82.0;;;;
04.11.2025;41910;Alnabru;Nei;00:09;94.0;BNHL022826;Alnabru skiftestasjon (delstr.) stasjon - Uønsket hendelse - Akutt forurensning (H11) Det lekker methanol ut av et tog.;;Annet. Tidligere hendelse med etanol lekkasje forårsaket forsinkelser
04.11.2025;41960;Alnabru;Nei;00:46;94.0;BNHL022826;Alnabru skiftestasjon (delstr.) stasjon - Uønsket hendelse - Akutt forurensning (H11) Det lekker methanol ut av et tog.;;Annet. Tavlelogg: lekkasje etanol på skiftetomta
04.11.2025;41971;Alnabru;Nei;00:57;94.0;BNHL022826;Alnabru skiftestasjon (delstr.) stasjon - Uønsket hendelse - Akutt forurensning (H11) Det lekker methanol ut av et tog.;;Annet. Lekkasje av etanol på skifte tomten til Alnabru
04.11.2025;5506;Alnabru;Nei;00:05;7.0;;;;Kø / Trafikk / Øvrig toggang
04.11.2025;5506;Alnabru;Nei;00:05;7.0;;;;Kø / Trafikk / Øvrig toggang
04.11.2025;5507;Alnabru;Nei;00:09;82.0;;;;Sent lok til stamme.(lok ikke klargjort)
04.11.2025;5509;Alnabru;Nei;00:19;94.0;BNHL022826;Alnabru skiftestasjon (delstr.) stasjon - Uønsket hendelse - Akutt forurensning (H11) Det lekker methanol ut av et tog.;;Annet. Følgeforsinkelse. lekkasje tankvogn på skiftetomta.
04.11.2025;5511;Alnabru;Nei;00:39;94.0;BNHL022826;Alnabru skiftestasjon (delstr.) stasjon - Uønsket hendelse - Akutt forurensning (H11) Det lekker methanol ut av et tog.;;Annet. Meldte seg klar etter avgangstid
04.11.2025;5515;Alnabru;Nei;00:42;94.0;BNHL022826;Alnabru skiftestasjon (delstr.) stasjon - Uønsket hendelse - Akutt forurensning (H11) Det lekker methanol ut av et tog.;;Annet
04.11.2025;5707;Alnabru;Nei;00:14;94.0;BNHL022826;Alnabru skiftestasjon (delstr.) stasjon - Uønsket hendelse - Akutt forurensning (H11) Det lekker methanol ut av et tog.;;Annet
04.11.2025;5709;Alnabru;Nei;00:13;94.0;BNHL022826;Alnabru skiftestasjon (delstr.) stasjon - Uønsket hendelse - Akutt forurensning (H11) Det lekker methanol ut av et tog.;;Annet. Forsinkelse skyldes tidligere hendelse . Lekkasje av etanol på tog 4212 førte til sperring av stasjon til hendelsen var klargjort
04.11.2025;5733;Alnabru;Nei;01:45;94.0;BNHL022826;Alnabru skiftestasjon (delstr.) stasjon - Uønsket hendelse - Akutt forurensning (H11) Det lekker methanol ut av et tog.;;Annet. Tavlelogg: lekkasje etanol på skiftetomta
04.11.2025;5734;Alnabru;Nei;00:11;7.0;;;;Helhetsvurdering
04.11.2025;5734;Alnabru;Nei;00:11;7.0;;;;Helhetsvurdering
04.11.2025;5735;Alnabru;Nei;00:12;82.0;;;;
04.11.2025;5801;Alnabru;Nei;01:36;2.0;BNHL022766;Gjerstad stasjon - Teknisk feil - Signal - Sporveksel Sporveksel 2 ikke i kontroll. Stoppkjøring og forsinkelser.;;Sporveksel/-sperre ikke i kontroll. Fra 5806
04.11.2025;5805;Alnabru;Nei;00:34;94.0;BNHL022826;Alnabru skiftestasjon (delstr.) stasjon - Uønsket hendelse - Akutt forurensning (H11) Det lekker methanol ut av et tog.;;Annet. Tavlelogg: lekkasje etanol på skiftetomta
05.11.2025;41971;Alnabru;Nei;00:04;7.0;;;5506.0;Kø / Trafikk / Øvrig toggang
05.11.2025;41971;Alnabru;Nei;00:04;7.0;;;5506.0;Kø / Trafikk / Øvrig toggang
05.11.2025;5507;Alnabru;Nei;00:04;7.0;;;;Kø / Trafikk / Øvrig toggang. CargoNett skiftet inn en stamme i syd.
05.11.2025;5507;Alnabru;Nei;00:04;7.0;;;;Kø / Trafikk / Øvrig toggang. CargoNett skiftet inn en stamme i syd.
05.11.2025;5511;Alnabru;Nei;00:19;1.0;;;;Annet. Tavlelogg: feil på kran
05.11.2025;5733;Alnabru;Nei;01:18;1.0;;;;Annet. Tavlelogg: feil på kran Alnabru
05.11.2025;5801;Alnabru;Nei;00:11;2.0;BNHL022766;Gjerstad stasjon - Teknisk feil - Signal - Sporveksel Sporveksel 2 ikke i kontroll. Stoppkjøring og forsinkelser.;;Sporfeltbelegg inkl. saltbelegg. Meldte seg klar til avgang etter avgangstid
06.11.2025;5707;Alnabru;Nei;00:11;82.0;;;;
06.11.2025;5733;Alnabru;Nei;00:21;81.0;;;;Annet. Tavlelogg: feil på vogn
06.11.2025;5801;Alnabru;Nei;00:19;7.0;;;;Annet. Tavlelogg: kø, skifting i syd
06.11.2025;5801;Alnabru;Nei;00:19;7.0;;;;Annet. Tavlelogg: kø, skifting i syd
06.11.2025;5804;Alnabru;Nei;00:06;81.0;BNHL023029;Vennesla - Langemyr - Ruteplanforutsetninger endret - Feil på kjøretøy Fører melder om feil på last, må tilbake til Langemyr.;;Annet
07.11.2025;35234;Alnabru;Nei;00:13;81.0;;;;Feil på ATC-system i kjøretøyet. I tillegg meldte han seg klar etter avgangstid
07.11.2025;42356;Alnabru;Nei;00:04;7.0;;;;Tavlelogg: trafikkstyring
07.11.2025;42356;Alnabru;Nei;00:04;7.0;;;;Tavlelogg: trafikkstyring
07.11.2025;5301;Alnabru;Nei;00:14;7.0;;;;Annet. Tavlelogg: klar før oppsatt tid
07.11.2025;5301;Alnabru;Nei;00:14;7.0;;;;Annet. Tavlelogg: klar før oppsatt tid
07.11.2025;5507;Alnabru;Nei;00:12;83.0;;;;Fører. Tavlelogg: sykdom fører
07.11.2025;5804;Alnabru;Nei;00:07;7.0;;;;Feil i trafikkavvikling
07.11.2025;5804;Alnabru;Nei;00:07;7.0;;;;Feil i trafikkavvikling
07.11.2025;5811;Alnabru;Nei;00:35;82.0;;;;
10.11.2025;41960;Alnabru;Nei;00:28;82.0;;;;
10.11.2025;5708;Alnabru;Nei;00:04;999.0;;;;
10.11.2025;5735;Alnabru;Nei;00:04;7.0;;;;Annet. Tavlelogg: Trafikkstyring togleder /txp, klar 22:36, rute 22:42
10.11.2025;5735;Alnabru;Nei;00:04;7.0;;;;Annet. Tavlelogg: Trafikkstyring togleder /txp, klar 22:36, rute 22:42
10.11.2025;81971;Alnabru;Nei;00:04;7.0;;;;Annet. Tavlelogg: Semier feilplassert i depot. Men klar 15:55, rute 16:00
10.11.2025;81971;Alnabru;Nei;00:04;7.0;;;;Annet. Tavlelogg: Semier feilplassert i depot. Men klar 15:55, rute 16:00
11.11.2025;41900;Alnabru;Nei;00:10;7.0;;;5734.0;Kø / Trafikk / Øvrig toggang. 5734 kom Alfaset
11.11.2025;41900;Alnabru;Nei;00:10;7.0;;;5734.0;Kø / Trafikk / Øvrig toggang. 5734 kom Alfaset
11.11.2025;41910;Alnabru;Nei;00:17;82.0;;;;
11.11.2025;42356;Alnabru;Nei;00:25;82.0;;;;
11.11.2025;5509;Alnabru;Nei;00:16;82.0;;;;
11.11.2025;5511;Alnabru;Nei;00:27;4.0;;;;Annet. Tavlelogg:Optimalisering i Togstamme, endring i TOS tok for lang tid.
11.11.2025;5515;Alnabru;Nei;00:35;82.0;;;;
11.11.2025;5733;Alnabru;Nei;00:04;82.0;;;;fikk vognopptak sent
11.11.2025;5735;Alnabru;Nei;00:10;82.0;;;;Måtte vente på at CN fjernet tog 8000 som sto og sperret.
11.11.2025;5811;Alnabru;Nei;01:00;82.0;;;;
12.11.2025;41971;Alnabru;Nei;00:08;82.0;;;;
12.11.2025;5531;Alnabru;Nei;00:10;2.0;BNHL023497;Oslo S (delstr.) stasjon - Teknisk feil - Signal - Belegg Belegg i sporfelt 726;;Sporfeltbelegg inkl. saltbelegg
12.11.2025;5707;Alnabru;Nei;00:45;7.0;;;;Kø / Trafikk / Øvrig toggang. ble ferdig sent + skiftemaskin (39000) ikke fjernet tog 5732 som sperret
12.11.2025;5707;Alnabru;Nei;00:45;7.0;;;;Kø / Trafikk / Øvrig toggang. ble ferdig sent + skiftemaskin (39000) ikke fjernet tog 5732 som sperret
12.11.2025;5733;Alnabru;Nei;01:15;1.0;BNHL023507;Hamar - Jessnes - Værforhold - Utglidning Det har glidd ut noen masser mellom km 131 og 131,5.;;Annet
12.11.2025;5735;Alnabru;Nei;00:26;1.0;BNHL023507;Hamar - Jessnes - Værforhold - Utglidning Det har glidd ut noen masser mellom km 131 og 131,5.;;Annet. Måtte vente på lok.
12.11.2025;5801;Alnabru;Nei;00:10;7.0;;;;Annet. Tavlelogg: Trafikkavvikling, togleder/txp, Klar 09:18, rute 09:31
12.11.2025;5801;Alnabru;Nei;00:10;7.0;;;;Annet. Tavlelogg: Trafikkavvikling, togleder/txp, Klar 09:18, rute 09:31
13.11.2025;41900;Alnabru;Nei;00:05;7.0;;;;Kø / Trafikk / Øvrig toggang
13.11.2025;41900;Alnabru;Nei;00:05;7.0;;;;Kø / Trafikk / Øvrig toggang
13.11.2025;4911;Alnabru;Nei;00:09;82.0;;;;
13.11.2025;5301;Alnabru;Nei;00:05;7.0;;;;Kø / Trafikk / Øvrig toggang. Skm 39001 ble ikke ferdig i tide og forsinket toget
13.11.2025;5301;Alnabru;Nei;00:05;7.0;;;;Kø / Trafikk / Øvrig toggang. Skm 39001 ble ikke ferdig i tide og forsinket toget
13.11.2025;5731;Alnabru;Nei;00:05;7.0;;;;Kø / Trafikk / Øvrig toggang
13.11.2025;5731;Alnabru;Nei;00:05;7.0;;;;Kø / Trafikk / Øvrig toggang
13.11.2025;5801;Alnabru;Nei;00:17;82.0;;;;
14.11.2025;5507;Alnabru;Nei;00:07;82.0;;;;Tavlelog: Sent lok til stamme
14.11.2025;5515;Alnabru;Nei;00:28;81.0;;;;Feil på lok. Tavlelog: Feil på lok
15.11.2025;41907;Alnabru;Nei;00:04;91.0;;;;
17.11.2025;41960;Alnabru;Nei;00:30;7.0;;;;Helhetsvurdering
17.11.2025;41960;Alnabru;Nei;00:30;7.0;;;;Helhetsvurdering
17.11.2025;5301;Alnabru;Nei;00:11;94.0;BNHL023866;Lillestrøm stasjon - Strømmen stasjon - Uønsket hendelse - Annen uønsket hendelse Det er belegg mellom Fetsund og Lillestrøm, og begge hovedspor på Lillestrøm - Strømmen, ( samtidig kom det sperre pinner på i begge spor på Strømmen siden). Vaktleder har snakket signal. Kl. 11:32 Årsaken til belegget er en brann i en kabelkanal i hovedspor Oslo - Lillestrøm, samt i et sikringsskap.;;Annet. følgefeil
17.11.2025;5507;Alnabru;Nei;00:11;82.0;;;;
17.11.2025;5515;Alnabru;Nei;00:09;7.0;;;;Helhetsvurdering
17.11.2025;5515;Alnabru;Nei;00:09;7.0;;;;Helhetsvurdering
17.11.2025;5531;Alnabru;Nei;01:10;81.0;;;;Annet. bremseprøve på en av vognene
17.11.2025;5709;Alnabru;Nei;00:12;82.0;;;;
17.11.2025;5730;Alnabru;Nei;00:05;999.0;;;;
17.11.2025;5735;Alnabru;Nei;00:12;82.0;;;;
17.11.2025;5801;Alnabru;Nei;00:06;94.0;BNHL023866;Lillestrøm stasjon - Strømmen stasjon - Uønsket hendelse - Annen uønsket hendelse Det er belegg mellom Fetsund og Lillestrøm, og begge hovedspor på Lillestrøm - Strømmen, ( samtidig kom det sperre pinner på i begge spor på Strømmen siden). Vaktleder har snakket signal. Kl. 11:32 Årsaken til belegget er en brann i en kabelkanal i hovedspor Oslo - Lillestrøm, samt i et sikringsskap.;;Annet. følgefeil
17.11.2025;5811;Alnabru;Nei;00:22;82.0;;;;
18.11.2025;41900;Alnabru;Nei;00:04;7.0;;;;«Uregistrert» / Ikke registrert forrige vakt
18.11.2025;41900;Alnabru;Nei;00:04;7.0;;;;«Uregistrert» / Ikke registrert forrige vakt
18.11.2025;4911;Alnabru;Nei;00:29;81.0;;;;Annet. Lekasje fra slanger
18.11.2025;4912;Alnabru;Nei;00:08;84.0;;;;Skifting
18.11.2025;5301;Alnabru;Nei;00:18;82.0;;;;
18.11.2025;5509;Alnabru;Nei;00:12;82.0;;;;
18.11.2025;5801;Alnabru;Nei;00:05;7.0;;;;Kø / Trafikk / Øvrig toggang. Lokaltog LLS
18.11.2025;5801;Alnabru;Nei;00:05;7.0;;;;Kø / Trafikk / Øvrig toggang. Lokaltog LLS
19.11.2025;5301;Alnabru;Nei;00:37;82.0;;;;meldte seg klar kl0917
19.11.2025;5507;Alnabru;Nei;00:20;82.0;;;;meldte seg klar 1234
19.11.2025;5515;Alnabru;Nei;00:07;7.0;;;;Helhetsvurdering. Masse forskjellig tull med tog osv sov
19.11.2025;5515;Alnabru;Nei;00:07;7.0;;;;Helhetsvurdering. Masse forskjellig tull med tog osv sov
19.11.2025;5731;Alnabru;Nei;00:39;82.0;;;;
19.11.2025;5733;Alnabru;Nei;00:32;7.0;;;;Helhetsvurdering. Masse forskjellig tull med tog osv sov
19.11.2025;5733;Alnabru;Nei;00:32;7.0;;;;Helhetsvurdering. Masse forskjellig tull med tog osv sov
19.11.2025;5735;Alnabru;Nei;00:41;85.0;BNHL024148;Fagerhaug - Ulsberg - Teknisk feil - Signal - Sporveksel Arbeidstog 59510 skal skifte seg ut fra Markøya sidespor, men får ikke kontroll på sporveksel. De har også forsøkt å sveive vekselen, uten hell. Veksel bråstopper når det er et par cm. glippe mellom tungespiss og stokkskinne.;;Annet
19.11.2025;5801;Alnabru;Nei;00:50;82.0;;;;
19.11.2025;5811;Alnabru;Nei;01:53;2.0;BNHL024244;Brobekk stasjon - Teknisk feil - Signal - Sporveksel Sporveksel 113 A og B ikke i kontroll begge veier.;;Sporveksel/-sperre ikke i kontroll. Feil på Brobekk
20.11.2025;41900;Alnabru;Nei;00:09;7.0;;;;Kø / Trafikk / Øvrig toggang
20.11.2025;41900;Alnabru;Nei;00:09;7.0;;;;Kø / Trafikk / Øvrig toggang
20.11.2025;41960;Alnabru;Nei;01:43;7.0;;;;Kø / Trafikk / Øvrig toggang. Tavlelog: forsinket tog inn
20.11.2025;41960;Alnabru;Nei;01:43;7.0;;;;Kø / Trafikk / Øvrig toggang. Tavlelog: forsinket tog inn
20.11.2025;4911;Alnabru;Nei;00:48;81.0;;;;Annet. Feil på vogn
20.11.2025;5301;Alnabru;Nei;00:07;7.0;;;;Annet. Ventet på signal fra togleder
20.11.2025;5301;Alnabru;Nei;00:07;7.0;;;;Annet. Ventet på signal fra togleder
20.11.2025;5509;Alnabru;Nei;00:18;7.0;;;;Kø / Trafikk / Øvrig toggang. Kaos overalt
20.11.2025;5509;Alnabru;Nei;00:18;7.0;;;;Kø / Trafikk / Øvrig toggang. Kaos overalt
20.11.2025;5511;Alnabru;Nei;00:55;7.0;;;;Kø / Trafikk / Øvrig toggang. Tavlelog: Forsinket tog inn
20.11.2025;5511;Alnabru;Nei;00:55;7.0;;;;Kø / Trafikk / Øvrig toggang. Tavlelog: Forsinket tog inn
20.11.2025;5515;Alnabru;Nei;01:48;7.0;;;;Kø / Trafikk / Øvrig toggang. Tavlelog: Forsinket tog inn
20.11.2025;5515;Alnabru;Nei;01:48;7.0;;;;Kø / Trafikk / Øvrig toggang. Tavlelog: Forsinket tog inn
20.11.2025;5708;Alnabru;Nei;00:05;7.0;;;;Kø / Trafikk / Øvrig toggang. kø
20.11.2025;5708;Alnabru;Nei;00:05;7.0;;;;Kø / Trafikk / Øvrig toggang. kø
20.11.2025;5733;Alnabru;Nei;03:35;7.0;;;;Kø / Trafikk / Øvrig toggang. Tavlelog: Forsinket tog inn
20.11.2025;5733;Alnabru;Nei;03:35;7.0;;;;Kø / Trafikk / Øvrig toggang. Tavlelog: Forsinket tog inn
20.11.2025;5801;Alnabru;Nei;00:10;7.0;;;;Annet. Ventet på signal fra togleder
20.11.2025;5801;Alnabru;Nei;00:10;7.0;;;;Annet. Ventet på signal fra togleder
20.11.2025;5805;Alnabru;Nei;03:50;7.0;;;;Kø / Trafikk / Øvrig toggang. Tavlelog: Forsinket ankommet tog
20.11.2025;5805;Alnabru;Nei;03:50;7.0;;;;Kø / Trafikk / Øvrig toggang. Tavlelog: Forsinket ankommet tog
20.11.2025;5811;Alnabru;Nei;00:29;7.0;;;;Kø / Trafikk / Øvrig toggang. Tavlelog: Forsinket ankommet tog
20.11.2025;5811;Alnabru;Nei;00:29;7.0;;;;Kø / Trafikk / Øvrig toggang. Tavlelog: Forsinket ankommet tog
21.11.2025;5301;Alnabru;Nei;02:00;2.0;BNHL024410;Skøyen stasjon - Teknisk feil - Signal - Sporveksel Veksel 116 på Skøyen må smøres.;;Sporveksel/-sperre ikke i kontroll. Meldte seg klar etter avgangstid, i tillegg hadde ikke togleder mulighet til å ta imot toget på grunn av problemer på Skøyen.
21.11.2025;5511;Alnabru;Nei;00:21;82.0;;;;Manglet riktig vognopptak.
21.11.2025;5731;Alnabru;Nei;00:04;82.0;;;;meldte seg klar etter avgangstid
21.11.2025;5811;Alnabru;Nei;00:04;7.0;;;;Kø / Trafikk / Øvrig toggang. .
21.11.2025;5811;Alnabru;Nei;00:04;7.0;;;;Kø / Trafikk / Øvrig toggang. .
23.11.2025;5811;Alnabru;Nei;01:34;81.0;;;;Feil på lok. Måtte bytte ene loket.
24.11.2025;5507;Alnabru;Nei;00:26;82.0;;;;
24.11.2025;5733;Alnabru;Nei;00:07;82.0;;;;
24.11.2025;5801;Alnabru;Nei;00:04;7.0;;;;Annet. ventet på signal fra togleder
24.11.2025;5801;Alnabru;Nei;00:04;7.0;;;;Annet. ventet på signal fra togleder
24.11.2025;5811;Alnabru;Nei;00:28;82.0;;;;
25.11.2025;41900;Alnabru;Nei;00:17;3.0;BNHL024828;Alnabru skiftestasjon (delstr.) stasjon - Teknisk feil - KL - Strømløst Strømløst på deler av Alnabru og Alnabanen. Det er også strømløst Alnabru-Grorud gjennom Alfaset.;;Annet. Skade på kl anlegg gruppe 1 påvirket skifting
25.11.2025;41960;Alnabru;Nei;02:00;3.0;;;;Annet. Strømløst gr 1 et par timer.
25.11.2025;42356;Alnabru;Nei;01:02;3.0;BNHL024828;Alnabru skiftestasjon (delstr.) stasjon - Teknisk feil - KL - Strømløst Strømløst på deler av Alnabru og Alnabanen. Det er også strømløst Alnabru-Grorud gjennom Alfaset.;;Strømløst / Redusert kapasitet
25.11.2025;5509;Alnabru;Nei;01:49;3.0;BNHL024828;Alnabru skiftestasjon (delstr.) stasjon - Teknisk feil - KL - Strømløst Strømløst på deler av Alnabru og Alnabanen. Det er også strømløst Alnabru-Grorud gjennom Alfaset.;;Strømløst / Redusert kapasitet. Feil på KL anlegget på gruppe 1 2 og 5 forhindret skifting
25.11.2025;5511;Alnabru;Nei;02:06;3.0;BNHL024828;Alnabru skiftestasjon (delstr.) stasjon - Teknisk feil - KL - Strømløst Strømløst på deler av Alnabru og Alnabanen. Det er også strømløst Alnabru-Grorud gjennom Alfaset.;;Strømløst / Redusert kapasitet. Strømløst gr 1 et par timer.
25.11.2025;5515;Alnabru;Nei;02:07;3.0;BNHL024828;Alnabru skiftestasjon (delstr.) stasjon - Teknisk feil - KL - Strømløst Strømløst på deler av Alnabru og Alnabanen. Det er også strømløst Alnabru-Grorud gjennom Alfaset.;;Strømløst / Redusert kapasitet. Strømløst gr 1 et par timer.
25.11.2025;5707;Alnabru;Nei;03:02;3.0;BNHL024828;Alnabru skiftestasjon (delstr.) stasjon - Teknisk feil - KL - Strømløst Strømløst på deler av Alnabru og Alnabanen. Det er også strømløst Alnabru-Grorud gjennom Alfaset.;;Annet. Skade på KL-anlegget på grp 1, dette medførte til at det ble frakobling og sperret på grp 1, 2 og 5 i syd.
25.11.2025;5709;Alnabru;Nei;01:01;3.0;;;;Annet. Strømløst gr 1 et par timer.
25.11.2025;5731;Alnabru;Nei;00:05;7.0;;;;Kø / Trafikk / Øvrig toggang
25.11.2025;5731;Alnabru;Nei;00:05;7.0;;;;Kø / Trafikk / Øvrig toggang
25.11.2025;5733;Alnabru;Nei;01:17;3.0;BNHL024828;Alnabru skiftestasjon (delstr.) stasjon - Teknisk feil - KL - Strømløst Strømløst på deler av Alnabru og Alnabanen. Det er også strømløst Alnabru-Grorud gjennom Alfaset.;;Strømløst / Redusert kapasitet
25.11.2025;5811;Alnabru;Nei;00:48;3.0;BNHL024828;Alnabru skiftestasjon (delstr.) stasjon - Teknisk feil - KL - Strømløst Strømløst på deler av Alnabru og Alnabanen. Det er også strømløst Alnabru-Grorud gjennom Alfaset.;;Strømløst / Redusert kapasitet. Strømløst gr 1 et par timer.
26.11.2025;41960;Alnabru;Nei;00:25;82.0;;;;
26.11.2025;5515;Alnabru;Nei;00:11;82.0;;;;
26.11.2025;5707;Alnabru;Nei;00:43;82.0;;;;Tavlelog: Graving av snø
26.11.2025;5709;Alnabru;Nei;00:11;82.0;;;;skifting i nord og glatt
26.11.2025;5733;Alnabru;Nei;00:34;7.0;;;;Helhetsvurdering
26.11.2025;5733;Alnabru;Nei;00:34;7.0;;;;Helhetsvurdering
26.11.2025;5801;Alnabru;Nei;00:27;82.0;;;;
26.11.2025;5811;Alnabru;Nei;00:09;7.0;;;;Kø / Trafikk / Øvrig toggang
26.11.2025;5811;Alnabru;Nei;00:09;7.0;;;;Kø / Trafikk / Øvrig toggang
27.11.2025;41900;Alnabru;Nei;00:08;7.0;;;;Kø / Trafikk / Øvrig toggang
27.11.2025;41900;Alnabru;Nei;00:08;7.0;;;;Kø / Trafikk / Øvrig toggang
27.11.2025;41975;Alnabru;Nei;00:21;82.0;;;;
27.11.2025;5515;Alnabru;Nei;00:22;82.0;;;;meldte seg klar etter avgangstid
27.11.2025;5801;Alnabru;Nei;00:13;82.0;;;;
28.11.2025;42356;Alnabru;Nei;00:04;7.0;;;;Helhetsvurdering
28.11.2025;42356;Alnabru;Nei;00:04;7.0;;;;Helhetsvurdering
28.11.2025;5301;Alnabru;Nei;00:15;7.0;;;;Helhetsvurdering
28.11.2025;5301;Alnabru;Nei;00:15;7.0;;;;Helhetsvurdering
28.11.2025;5512;Alnabru;Nei;00:05;7.0;;;;«Uregistrert» / Ikke registrert forrige vakt
28.11.2025;5512;Alnabru;Nei;00:05;7.0;;;;«Uregistrert» / Ikke registrert forrige vakt
28.11.2025;5731;Alnabru;Nei;00:07;7.0;;;;Helhetsvurdering
28.11.2025;5731;Alnabru;Nei;00:07;7.0;;;;Helhetsvurdering
28.11.2025;5811;Alnabru;Nei;00:27;7.0;;;;Kø / Trafikk / Øvrig toggang
28.11.2025;5811;Alnabru;Nei;00:27;7.0;;;;Kø / Trafikk / Øvrig toggang
30.11.2025;41975;Alnabru;Nei;00:12;7.0;BNHL025340;Hellerud stasjon - Passering av signal i stopp - Teknisk feil som medfører signal i stopp Teknisk signalfall ved A 1001 for FLY 3813.;;Kø / Trafikk / Øvrig toggang. Følge forsinkelser - Kø- Trafikk avvikling - Øvrig toggang - Kryssinger - Kryssendetogveier - Venter på Sportilgang- mm
30.11.2025;41975;Alnabru;Nei;00:12;7.0;BNHL025340;Hellerud stasjon - Passering av signal i stopp - Teknisk feil som medfører signal i stopp Teknisk signalfall ved A 1001 for FLY 3813.;;Kø / Trafikk / Øvrig toggang. Følge forsinkelser - Kø- Trafikk avvikling - Øvrig toggang - Kryssinger - Kryssendetogveier - Venter på Sportilgang- mm
01.12.2025;5531;Alnabru;Nei;00:05;7.0;;;;«Uregistrert» / Ikke registrert forrige vakt
01.12.2025;5531;Alnabru;Nei;00:05;7.0;;;;«Uregistrert» / Ikke registrert forrige vakt
01.12.2025;5708;Alnabru;Nei;00:04;85.0;;;;Kjøreforsinkelse / Holdt ikke ruten
02.12.2025;5511;Alnabru;Nei;00:41;6.0;BNHL025498;Haugenstua - Grorud stasjon - Teknisk feil - KL - Nedrevet Fører i Vy 17357 melder om at kjøreledningen har falt ned på taket. Kjøreledningen i nabo sporet ligger også nede. Elkraft har meldt til KL. Strekningen Lørenskog - Bryn er stengt. Ukjent prognose;17357.0;
02.12.2025;5515;Alnabru;Nei;00:23;999.0;;;;
02.12.2025;5801;Alnabru;Nei;00:56;81.0;;;;Annet. Tavlelog: Vognfeil
03.12.2025;41960;Alnabru;Nei;00:54;82.0;;;;
03.12.2025;41971;Alnabru;Nei;00:36;82.0;;;;
03.12.2025;5301;Alnabru;Nei;00:13;82.0;;;;Meldt klar etter avgtid.
03.12.2025;5507;Alnabru;Nei;00:10;7.0;;;;Kø / Trafikk / Øvrig toggang. Meldt klar etter avgtid.
03.12.2025;5507;Alnabru;Nei;00:10;7.0;;;;Kø / Trafikk / Øvrig toggang. Meldt klar etter avgtid.
03.12.2025;5509;Alnabru;Nei;00:08;82.0;;;;
03.12.2025;5511;Alnabru;Nei;00:23;82.0;;;;
03.12.2025;5515;Alnabru;Nei;01:29;3.0;BNHL025498;Haugenstua - Grorud stasjon - Teknisk feil - KL - Nedrevet Fører i Vy 17357 melder om at kjøreledningen har falt ned på taket. Kjøreledningen i nabo sporet ligger også nede. Elkraft har meldt til KL. Strekningen Lørenskog - Bryn er stengt. Ukjent prognose;17357.0;Nedrevet/Skade på KL forårsaket av tog
03.12.2025;5531;Alnabru;Nei;00:07;7.0;;;;Kø / Trafikk / Øvrig toggang. Meldt klar etter avgtid.
03.12.2025;5531;Alnabru;Nei;00:07;7.0;;;;Kø / Trafikk / Øvrig toggang. Meldt klar etter avgtid.
03.12.2025;5707;Alnabru;Nei;02:07;3.0;BNHL025498;Haugenstua - Grorud stasjon - Teknisk feil - KL - Nedrevet Fører i Vy 17357 melder om at kjøreledningen har falt ned på taket. Kjøreledningen i nabo sporet ligger også nede. Elkraft har meldt til KL. Strekningen Lørenskog - Bryn er stengt. Ukjent prognose;17357.0;Nedrevet/Skade på KL forårsaket av tog
03.12.2025;5709;Alnabru;Nei;00:52;82.0;;;;
03.12.2025;5731;Alnabru;Nei;00:05;83.0;;;;Fører. Meldt klar etter avgtid.
03.12.2025;5733;Alnabru;Nei;00:51;82.0;;;;
03.12.2025;5735;Alnabru;Nei;01:03;3.0;BNHL025498;Haugenstua - Grorud stasjon - Teknisk feil - KL - Nedrevet Fører i Vy 17357 melder om at kjøreledningen har falt ned på taket. Kjøreledningen i nabo sporet ligger også nede. Elkraft har meldt til KL. Strekningen Lørenskog - Bryn er stengt. Ukjent prognose;17357.0;Nedrevet/Skade på KL forårsaket av tog
03.12.2025;5801;Alnabru;Nei;00:38;82.0;;;;Meldt klar etter avgtid.
03.12.2025;5804;Alnabru;Nei;00:07;7.0;;;;Annet
03.12.2025;5804;Alnabru;Nei;00:07;7.0;;;;Annet
03.12.2025;5805;Alnabru;Nei;00:17;82.0;;;;
03.12.2025;5811;Alnabru;Nei;01:04;82.0;;;;
04.12.2025;41960;Alnabru;Nei;01:03;83.0;;;;Annet
04.12.2025;5507;Alnabru;Nei;00:05;82.0;;;;
04.12.2025;5731;Alnabru;Nei;00:30;82.0;;;;
04.12.2025;5801;Alnabru;Nei;00:04;7.0;;;;«Uregistrert» / Ikke registrert forrige vakt
04.12.2025;5801;Alnabru;Nei;00:04;7.0;;;;«Uregistrert» / Ikke registrert forrige vakt
05.12.2025;42356;Alnabru;Nei;00:08;7.0;;;;Kø / Trafikk / Øvrig toggang. Meldte seg klar etter avgangstid.
05.12.2025;42356;Alnabru;Nei;00:08;7.0;;;;Kø / Trafikk / Øvrig toggang. Meldte seg klar etter avgangstid.
05.12.2025;5805;Alnabru;Nei;00:05;7.0;;;;Annet. Ventet på signal fra togleder
05.12.2025;5805;Alnabru;Nei;00:05;7.0;;;;Annet. Ventet på signal fra togleder
05.12.2025;5811;Alnabru;Nei;00:29;81.0;;;;Feil på lok. Meldte seg klar etter avgangstid
08.12.2025;5301;Alnabru;Nei;00:34;82.0;;;;
08.12.2025;5511;Alnabru;Nei;00:07;7.0;;;5811.0;Kø / Trafikk / Øvrig toggang
08.12.2025;5511;Alnabru;Nei;00:07;7.0;;;5811.0;Kø / Trafikk / Øvrig toggang
08.12.2025;5531;Alnabru;Nei;00:10;7.0;;;;Helhetsvurdering
08.12.2025;5531;Alnabru;Nei;00:10;7.0;;;;Helhetsvurdering
09.12.2025;41900;Alnabru;Nei;00:04;7.0;;;;Kø / Trafikk / Øvrig toggang
09.12.2025;41900;Alnabru;Nei;00:04;7.0;;;;Kø / Trafikk / Øvrig toggang
09.12.2025;41910;Alnabru;Nei;00:05;82.0;;;;..
09.12.2025;41960;Alnabru;Nei;01:05;82.0;;;;Meldte seg klar etter avgangstid
09.12.2025;5515;Alnabru;Nei;00:29;83.0;;;;Annet. Tavlelog: Kun 1 skiftemaskin, manglende lokfører
09.12.2025;5734;Alnabru;Nei;00:10;85.0;;;41900.0;Ekstra stopp beordret av jernbaneforetaket. CN skiftere ville ha toget inn Alfaset etter tog 41900 som gikk forsinket. Deretter måtte toget vente på lokalen som sto i kø. tog 2162
09.12.2025;5735;Alnabru;Nei;00:44;85.0;BNHL026089;Fron stasjon - Ruteplanforutsetninger endret - Feil på kjøretøy Tog 5707 stoppet i spor 2 på Fron med tekniske problemer.;;Kjørte med annet kjøretøy enn oppsatt i ruteplan. Tavlelog: Måtte ha med et lok til 5707 som hadde lok havari
09.12.2025;5801;Alnabru;Nei;00:35;82.0;;;;
10.12.2025;41900;Alnabru;Nei;00:42;1.0;BNHL026182;Alnabru skiftestasjon (delstr.) stasjon - Teknisk feil - Signal - Sporveksel Feil på sporveksel 608. Haster.;;Annet
10.12.2025;41910;Alnabru;Nei;00:05;1.0;BNHL026182;Alnabru skiftestasjon (delstr.) stasjon - Teknisk feil - Signal - Sporveksel Feil på sporveksel 608. Haster.;;Annet
10.12.2025;41960;Alnabru;Nei;00:26;1.0;BNHL026182;Alnabru skiftestasjon (delstr.) stasjon - Teknisk feil - Signal - Sporveksel Feil på sporveksel 608. Haster.;;Annet
10.12.2025;5301;Alnabru;Nei;01:13;82.0;;;;
10.12.2025;5507;Alnabru;Nei;00:26;82.0;;;;
10.12.2025;5510;Alnabru;Nei;00:04;1.0;BNHL026183;Voss stasjon - Myrdal stasjon - Værforhold - Glatte skinner Regn. Fører sier det er glatt. BR187, 428 meter, 900 tonn.;;Glatte skinner
10.12.2025;5511;Alnabru;Nei;00:43;82.0;;;;
10.12.2025;5515;Alnabru;Nei;00:27;1.0;BNHL026182;Alnabru skiftestasjon (delstr.) stasjon - Teknisk feil - Signal - Sporveksel Feil på sporveksel 608. Haster.;;Annet
10.12.2025;5709;Alnabru;Nei;00:17;1.0;BNHL026182;Alnabru skiftestasjon (delstr.) stasjon - Teknisk feil - Signal - Sporveksel Feil på sporveksel 608. Haster.;41900.0;Annet
10.12.2025;5733;Alnabru;Nei;01:00;1.0;BNHL026182;Alnabru skiftestasjon (delstr.) stasjon - Teknisk feil - Signal - Sporveksel Feil på sporveksel 608. Haster.;;Annet
10.12.2025;5801;Alnabru;Nei;00:20;82.0;;;;
10.12.2025;5811;Alnabru;Nei;01:02;1.0;BNHL026182;Alnabru skiftestasjon (delstr.) stasjon - Teknisk feil - Signal - Sporveksel Feil på sporveksel 608. Haster.;;Annet
11.12.2025;4911;Alnabru;Nei;00:16;82.0;;;;
12.12.2025;41900;Alnabru;Nei;00:25;6.0;;;41910.0;
12.12.2025;41910;Alnabru;Nei;02:15;81.0;;;;Annet. Glatt. Måtte ha to lok
12.12.2025;5301;Alnabru;Nei;00:33;83.0;;;;Fører. Tavlelog: Lokfører forsov seg
12.12.2025;5507;Alnabru;Nei;00:05;7.0;;;;«Uregistrert» / Ikke registrert forrige vakt
12.12.2025;5507;Alnabru;Nei;00:05;7.0;;;;«Uregistrert» / Ikke registrert forrige vakt
12.12.2025;5734;Alnabru;Nei;00:27;7.0;;;41910.0;Kø / Trafikk / Øvrig toggang
12.12.2025;5734;Alnabru;Nei;00:27;7.0;;;41910.0;Kø / Trafikk / Øvrig toggang
12.12.2025;5804;Alnabru;Nei;00:06;85.0;;;;Kjøreforsinkelse / Holdt ikke ruten. Havarerte opp brynsbakken
15.12.2025;5507;Alnabru;Nei;00:05;99.0;;;;Kø/Trafikk/Øvrig toggang
15.12.2025;5511;Alnabru;Nei;00:13;99.0;BNHL026561;Grefsen - Kjelsås - Feil på kjøretøy - Tog med feil sperrer sporet Tog 5509 har havarert ved innkjør til Kjelsås.;;Kø/Trafikk/Øvrig toggang
15.12.2025;5515;Alnabru;Nei;00:07;99.0;BNHL026561;Grefsen - Kjelsås - Feil på kjøretøy - Tog med feil sperrer sporet Tog 5509 har havarert ved innkjør til Kjelsås.;;Kø/Trafikk/Øvrig toggang
15.12.2025;5707;Alnabru;Nei;00:31;82.0;;;;
15.12.2025;5733;Alnabru;Nei;00:18;99.0;BNHL026561;Grefsen - Kjelsås - Feil på kjøretøy - Tog med feil sperrer sporet Tog 5509 har havarert ved innkjør til Kjelsås.;;Kø/Trafikk/Øvrig toggang
15.12.2025;5801;Alnabru;Nei;00:37;1.0;;;;Feil på terminaler/hensettingsområde. Tavlelog: Kranstopp
15.12.2025;5811;Alnabru;Nei;00:08;99.0;;;;Kø/Trafikk/Øvrig toggang. tog 2267 ble prioritert
16.12.2025;41910;Alnabru;Nei;00:47;94.0;BNHL026646;Aker - Grorud - Teknisk feil - KL - Strømløst Meldt om straumlaust i Oslo-Lillestrøm-sporet over Aker, samt frå Grorud til innkøyr Sagdalen.;41910.0;Annet
16.12.2025;41971;Alnabru;Nei;01:35;81.0;;;;Feil på trekkraftkjøretøy
16.12.2025;4911;Alnabru;Nei;00:51;83.0;;;;Fører
16.12.2025;4912;Alnabru;Nei;00:07;7.0;;;;«Uregistrert» / Ikke registrert forrige vakt
16.12.2025;4912;Alnabru;Nei;00:07;7.0;;;;«Uregistrert» / Ikke registrert forrige vakt
16.12.2025;5511;Alnabru;Nei;00:30;99.0;;;5922.0;Kø/Trafikk/Øvrig toggang
16.12.2025;5515;Alnabru;Nei;01:20;99.0;;;;Kø/Trafikk/Øvrig toggang. Tavlelog: Trafikkavvikling. (operatør sperret G-spor ca 1 time)
16.12.2025;5702;Alnabru;Nei;00:25;94.0;BNHL026646;Aker - Grorud - Teknisk feil - KL - Strømløst Meldt om straumlaust i Oslo-Lillestrøm-sporet over Aker, samt frå Grorud til innkøyr Sagdalen.;41910.0;Annet
16.12.2025;5709;Alnabru;Nei;00:54;99.0;;;;Kø/Trafikk/Øvrig toggang. Tavlelog: Trafikkavvikling. (operatør sperret G-spor ca 1 time)
16.12.2025;5733;Alnabru;Nei;00:05;82.0;;;;
16.12.2025;5735;Alnabru;Nei;00:08;82.0;;;;
16.12.2025;5801;Alnabru;Nei;00:05;99.0;;;;Kø/Trafikk/Øvrig toggang
16.12.2025;5805;Alnabru;Nei;00:55;82.0;;;;
17.12.2025;5301;Alnabru;Nei;00:30;82.0;;;;
17.12.2025;5507;Alnabru;Nei;00:04;99.0;;;;Helhetsvurdering
17.12.2025;5531;Alnabru;Nei;02:50;83.0;;;;Skiftepersonell. fikk ikke kjøre til tiden pga manglende skiftepersonell i Hønefoss
17.12.2025;5732;Alnabru;Nei;00:41;81.0;;;;Feil på trekkraftkjøretøy
17.12.2025;5805;Alnabru;Nei;00:04;99.0;;;41971.0;Kø/Trafikk/Øvrig toggang
18.12.2025;4911;Alnabru;Nei;00:55;82.0;;;;
18.12.2025;4912;Alnabru;Nei;00:19;94.0;BNHL026786;Oslo S (delstr.) stasjon - Teknisk feil - KL - Strømløst Det er strømløst på Oslo S. Spor 5-8, samt 1 spor i Brynsbakken.;;Annet
18.12.2025;5301;Alnabru;Nei;01:43;3.0;;;;Strømløst / Redusert kapasitet
18.12.2025;5509;Alnabru;Nei;00:04;99.0;;;;Kø/Trafikk/Øvrig toggang
18.12.2025;5511;Alnabru;Nei;00:08;999.0;;;;
18.12.2025;5515;Alnabru;Nei;00:36;86.0;BNHL026840;Åneby stasjon - Alnabru skiftestasjon (delstr.) stasjon - Feil på kjøretøy - Annet Et godstog står på Åneby med hjulslag større enn tillatt verdi. Toget må returnere til Alnabru med maks hastighet 10 km/t. Det vil forårsake forsinkelser på strekningen.;5509.0;
18.12.2025;5707;Alnabru;Nei;00:46;94.0;BNHL026786;Oslo S (delstr.) stasjon - Teknisk feil - KL - Strømløst Det er strømløst på Oslo S. Spor 5-8, samt 1 spor i Brynsbakken.;;Annet
18.12.2025;5731;Alnabru;Nei;00:12;82.0;;;;
18.12.2025;5733;Alnabru;Nei;00:30;999.0;;;;
18.12.2025;5801;Alnabru;Nei;00:39;94.0;BNHL026786;Oslo S (delstr.) stasjon - Teknisk feil - KL - Strømløst Det er strømløst på Oslo S. Spor 5-8, samt 1 spor i Brynsbakken.;;Annet
18.12.2025;5805;Alnabru;Nei;00:04;99.0;;;4275.0;Kø/Trafikk/Øvrig toggang
18.12.2025;5806;Alnabru;Nei;00:09;999.0;;;;
19.12.2025;5301;Alnabru;Nei;00:14;82.0;;;;
19.12.2025;5507;Alnabru;Nei;00:19;82.0;;;;Meldt klar etter avgtid.
19.12.2025;5731;Alnabru;Nei;00:11;82.0;;;;
19.12.2025;5805;Alnabru;Nei;00:05;99.0;;;;Kø/Trafikk/Øvrig toggang
19.12.2025;5811;Alnabru;Nei;00:20;81.0;;;;Feil på trekkraftkjøretøy
22.12.2025;41900;Alnabru;Nei;00:25;82.0;;;;
22.12.2025;41910;Alnabru;Nei;00:12;82.0;;;;
22.12.2025;41960;Alnabru;Nei;00:22;1.0;;;;Feil på terminaler/hensettingsområde. BNHL027460
22.12.2025;5507;Alnabru;Nei;00:10;81.0;;;;Feil på ATC-system i kjøretøyet
22.12.2025;5515;Alnabru;Nei;05:00;3.0;BNHL027162;Alnabru skiftestasjon (delstr.) stasjon - Teknisk feil - KL - Nedrevet Kontaktledningen er revet ned i gruppe 1. Det er strømløst i gruppe 1 og 2 i sydenden av stasjonen. Dette påvirker i øyeblikket ikke trafikken.;;Nedrevet/Skade på KL forårsaket av tog. Kjøreledning revet ned på gruppe 1 hindret toglok å kjøre til togstamme
22.12.2025;5531;Alnabru;Nei;00:04;99.0;;;;Kø/Trafikk/Øvrig toggang
22.12.2025;5735;Alnabru;Nei;04:47;3.0;BNHL027162;Alnabru skiftestasjon (delstr.) stasjon - Teknisk feil - KL - Nedrevet Kontaktledningen er revet ned i gruppe 1. Det er strømløst i gruppe 1 og 2 i sydenden av stasjonen. Dette påvirker i øyeblikket ikke trafikken.;;Nedrevet/Skade på KL forårsaket av tog
22.12.2025;5805;Alnabru;Nei;00:30;82.0;;;;
22.12.2025;5811;Alnabru;Nei;00:37;3.0;BNHL027162;Alnabru skiftestasjon (delstr.) stasjon - Teknisk feil - KL - Nedrevet Kontaktledningen er revet ned i gruppe 1. Det er strømløst i gruppe 1 og 2 i sydenden av stasjonen. Dette påvirker i øyeblikket ikke trafikken.;;Nedrevet/Skade på KL forårsaket av tog
23.12.2025;5507;Alnabru;Nei;00:08;1.0;;;;Feil på terminaler/hensettingsområde. BNHL027460
23.12.2025;85707;Alnabru;Nei;00:19;1.0;;;;Feil på terminaler/hensettingsområde. BNHL027460
28.12.2025;5811;Alnabru;Nei;00:07;82.0;;;;
29.12.2025;41900;Alnabru;Nei;00:18;82.0;;;;satt på lok kl 2012. Meldte seg klar kl 2043
29.12.2025;5507;Alnabru;Nei;00:13;82.0;;;;
29.12.2025;5531;Alnabru;Nei;00:05;82.0;;;;Meldte seg klar til avgang kl 08:23, avbryting av annet skift og legging av veksler/togvei tar tid
29.12.2025;5709;Alnabru;Nei;01:27;82.0;;;;
30.12.2025;41971;Alnabru;Nei;03:26;82.0;;;;
30.12.2025;5302;Alnabru;Nei;00:14;2.0;BNHL027588;Grorud stasjon - Teknisk feil - Signal - Sporveksel Veksel 121AB ikke kontroll til venstre. Både lavspent og signalvakta er varslet.;;Sporveksel/-sperre ikke i kontroll
30.12.2025;5507;Alnabru;Nei;00:05;82.0;;;;meldte seg klar kl 1226, fikk avgang kl 1228. Kom ikke i gang pga ATC, reiste kl 12:40
30.12.2025;5515;Alnabru;Nei;00:08;82.0;;;;
30.12.2025;5731;Alnabru;Nei;00:33;2.0;BNHL027588;Grorud stasjon - Teknisk feil - Signal - Sporveksel Veksel 121AB ikke kontroll til venstre. Både lavspent og signalvakta er varslet.;;Sporveksel/-sperre ikke i kontroll
02.01.2026;41910;Alnabru;Nei;00:28;1.0;BNHL027754;Alnabru skiftestasjon (delstr.) stasjon - Værforhold - Snø/is på linjen TXP melder om at han ikke har kontroll på mange sporveksler. Han tar selv kontakt med banevakten.;;Værforhold
02.01.2026;41971;Alnabru;Nei;00:04;1.0;BNHL027754;Alnabru skiftestasjon (delstr.) stasjon - Værforhold - Snø/is på linjen TXP melder om at han ikke har kontroll på mange sporveksler. Han tar selv kontakt med banevakten.;;Værforhold
02.01.2026;5301;Alnabru;Nei;00:27;1.0;BNHL027754;Alnabru skiftestasjon (delstr.) stasjon - Værforhold - Snø/is på linjen TXP melder om at han ikke har kontroll på mange sporveksler. Han tar selv kontakt med banevakten.;;Værforhold
02.01.2026;5507;Alnabru;Nei;00:44;1.0;BNHL027754;Alnabru skiftestasjon (delstr.) stasjon - Værforhold - Snø/is på linjen TXP melder om at han ikke har kontroll på mange sporveksler. Han tar selv kontakt med banevakten.;;Værforhold
02.01.2026;5702;Alnabru;Nei;00:06;7.0;;;;«Uregistrert» / Ikke registrert forrige vakt
02.01.2026;5702;Alnabru;Nei;00:06;7.0;;;;«Uregistrert» / Ikke registrert forrige vakt
02.01.2026;5730;Alnabru;Nei;00:04;99.0;;;2215.0;Kø/Trafikk/Øvrig toggang
02.01.2026;5731;Alnabru;Nei;00:58;1.0;BNHL027754;Alnabru skiftestasjon (delstr.) stasjon - Værforhold - Snø/is på linjen TXP melder om at han ikke har kontroll på mange sporveksler. Han tar selv kontakt med banevakten.;;Værforhold
02.01.2026;85707;Alnabru;Nei;01:21;1.0;BNHL027754;Alnabru skiftestasjon (delstr.) stasjon - Værforhold - Snø/is på linjen TXP melder om at han ikke har kontroll på mange sporveksler. Han tar selv kontakt med banevakten.;;Værforhold
04.01.2026;5523;Alnabru;Nei;00:31;82.0;;;;
05.01.2026;41971;Alnabru;Nei;00:41;81.0;;;;Feil på vogn
05.01.2026;5506;Alnabru;Nei;00:08;999.0;;;;
05.01.2026;5507;Alnabru;Nei;00:24;81.0;;;;Feil på trekkraftkjøretøy. Fører meldte om feil på trekkraftkjøretøyet.
05.01.2026;5531;Alnabru;Nei;00:10;99.0;;;;Kø/Trafikk/Øvrig toggang. Meldte seg klar etter avgangstid
05.01.2026;5708;Alnabru;Nei;00:04;999.0;;;;
05.01.2026;5733;Alnabru;Nei;00:30;82.0;;;;
06.01.2026;41960;Alnabru;Nei;00:42;1.0;;;;Feil på terminaler/hensettingsområde. Tavlelogg: feil på kran
06.01.2026;41971;Alnabru;Nei;01:18;99.0;;;;Annet. Tavlelogg: sent lok til stamme. Ukjent årsak)
06.01.2026;5510;Alnabru;Nei;00:10;99.0;;;41601.0;Kø/Trafikk/Øvrig toggang
06.01.2026;5515;Alnabru;Nei;00:30;92.0;;;;Storm / Snøstorm. Tavlelogg: mye snø
06.01.2026;5732;Alnabru;Nei;00:04;2.0;BNHL028267;Gardermoen stasjon - Teknisk feil - Signal - ATC feil Flere tog får ATC feil med nødbrems.;;Annet
06.01.2026;5805;Alnabru;Nei;00:24;2.0;BNHL028267;Gardermoen stasjon - Teknisk feil - Signal - ATC feil Flere tog får ATC feil med nødbrems.;;Annet
06.01.2026;5811;Alnabru;Nei;00:50;82.0;;;;
07.01.2026;41960;Alnabru;Nei;00:41;82.0;;;;
07.01.2026;5301;Alnabru;Nei;00:16;99.0;;;;Kø/Trafikk/Øvrig toggang
07.01.2026;5507;Alnabru;Nei;00:20;4.0;;;;Feil på TOS/GOS
07.01.2026;5515;Alnabru;Nei;00:32;82.0;;;;
07.01.2026;5531;Alnabru;Nei;00:23;999.0;;;;
07.01.2026;5707;Alnabru;Nei;00:13;999.0;;;;
07.01.2026;5805;Alnabru;Nei;00:09;82.0;;;;
08.01.2026;41960;Alnabru;Nei;01:04;1.0;;;;Feil på terminaler/hensettingsområde. følgeforsinkelse 1 kran/ vinterutfordringer
08.01.2026;41971;Alnabru;Nei;00:34;82.0;;;;meldte seg klar etter avgangstid
08.01.2026;5507;Alnabru;Nei;00:07;7.0;;;;«Uregistrert» / Ikke registrert forrige vakt
08.01.2026;5507;Alnabru;Nei;00:07;7.0;;;;«Uregistrert» / Ikke registrert forrige vakt
08.01.2026;5515;Alnabru;Nei;00:32;82.0;;;;
08.01.2026;5709;Alnabru;Nei;00:35;1.0;;;;Feil på terminaler/hensettingsområde. følgeforsinkelse 1 kran/ vinterutfordringer
08.01.2026;5730;Alnabru;Nei;00:04;99.0;;;25731.0;Kø/Trafikk/Øvrig toggang
08.01.2026;5733;Alnabru;Nei;01:16;1.0;;;;Feil på terminaler/hensettingsområde. følgeforsinkelse 1 kran/ vinterutfordringer
08.01.2026;5734;Alnabru;Nei;00:04;82.0;;;;.
08.01.2026;5735;Alnabru;Nei;00:04;82.0;;;;
08.01.2026;5805;Alnabru;Nei;01:14;1.0;;;;Feil på terminaler/hensettingsområde. følgeforsinkelse 1 kran/ vinterutfordringer
08.01.2026;5811;Alnabru;Nei;00:07;1.0;;;;Feil på terminaler/hensettingsområde. følgeforsinkelse 1 kran/ vinterutfordringer
09.01.2026;41910;Alnabru;Nei;00:06;82.0;;;;meldte seg klar kl. 1830
09.01.2026;5301;Alnabru;Nei;00:05;2.0;;;;Teknisk signalfall
09.01.2026;5507;Alnabru;Nei;00:05;82.0;;;;Meldte seg klar sent
11.01.2026;5523;Alnabru;Nei;00:23;82.0;;;;meldte seg klar kl 1934
11.01.2026;5811;Alnabru;Nei;00:06;81.0;;;;Feil på trekkraftkjøretøy
12.01.2026;41900;Alnabru;Nei;00:20;2.0;BNHL028982;Alnabru skiftestasjon (delstr.) stasjon - Teknisk feil - Annet Txp melder om trykkluftsfall på R sporene. Meldt til Ali Ahsan Syed.;;Annet. Luftveksler r-spor ute av drift.
12.01.2026;41910;Alnabru;Nei;01:09;2.0;BNHL028982;Alnabru skiftestasjon (delstr.) stasjon - Teknisk feil - Annet Txp melder om trykkluftsfall på R sporene. Meldt til Ali Ahsan Syed.;;Annet
12.01.2026;41960;Alnabru;Nei;00:34;2.0;BNHL028982;Alnabru skiftestasjon (delstr.) stasjon - Teknisk feil - Annet Txp melder om trykkluftsfall på R sporene. Meldt til Ali Ahsan Syed.;;Annet
12.01.2026;41971;Alnabru;Nei;01:16;2.0;BNHL028982;Alnabru skiftestasjon (delstr.) stasjon - Teknisk feil - Annet Txp melder om trykkluftsfall på R sporene. Meldt til Ali Ahsan Syed.;;Annet
12.01.2026;5511;Alnabru;Nei;02:32;2.0;BNHL028982;Alnabru skiftestasjon (delstr.) stasjon - Teknisk feil - Annet Txp melder om trykkluftsfall på R sporene. Meldt til Ali Ahsan Syed.;;Annet
12.01.2026;5515;Alnabru;Nei;02:53;2.0;BNHL028982;Alnabru skiftestasjon (delstr.) stasjon - Teknisk feil - Annet Txp melder om trykkluftsfall på R sporene. Meldt til Ali Ahsan Syed.;;Annet
12.01.2026;5707;Alnabru;Nei;01:05;2.0;BNHL028982;Alnabru skiftestasjon (delstr.) stasjon - Teknisk feil - Annet Txp melder om trykkluftsfall på R sporene. Meldt til Ali Ahsan Syed.;;Annet
12.01.2026;5709;Alnabru;Nei;01:50;2.0;BNHL028982;Alnabru skiftestasjon (delstr.) stasjon - Teknisk feil - Annet Txp melder om trykkluftsfall på R sporene. Meldt til Ali Ahsan Syed.;;Annet
12.01.2026;5733;Alnabru;Nei;01:50;2.0;BNHL028982;Alnabru skiftestasjon (delstr.) stasjon - Teknisk feil - Annet Txp melder om trykkluftsfall på R sporene. Meldt til Ali Ahsan Syed.;;Annet
12.01.2026;5735;Alnabru;Nei;01:02;2.0;BNHL028982;Alnabru skiftestasjon (delstr.) stasjon - Teknisk feil - Annet Txp melder om trykkluftsfall på R sporene. Meldt til Ali Ahsan Syed.;;Annet
12.01.2026;5801;Alnabru;Nei;00:12;1.0;;;;Feil på terminaler/hensettingsområde. Tavlelog: Kranstopp
12.01.2026;5804;Alnabru;Nei;00:04;99.0;;;;Annet. 55831 skiftet bort på brakerøya
12.01.2026;5805;Alnabru;Nei;01:00;2.0;BNHL028982;Alnabru skiftestasjon (delstr.) stasjon - Teknisk feil - Annet Txp melder om trykkluftsfall på R sporene. Meldt til Ali Ahsan Syed.;;Annet
12.01.2026;5811;Alnabru;Nei;00:33;2.0;BNHL028982;Alnabru skiftestasjon (delstr.) stasjon - Teknisk feil - Annet Txp melder om trykkluftsfall på R sporene. Meldt til Ali Ahsan Syed.;;Annet
13.01.2026;41900;Alnabru;Nei;00:21;3.0;BNHL029118;Tangen - Steinsrud - Teknisk feil - KL - Nedrevet Det er meldt om nedrevet kontaktledning mellom Tangen og Steinsrud. Det er stengt for trafikk mellom Eidsvoll og Hamar.;313.0;Nedrevet/Skade på KL forårsaket av tog
13.01.2026;41960;Alnabru;Nei;00:35;82.0;;;;meldte seg klar etter avgangstid
13.01.2026;4911;Alnabru;Nei;00:11;2.0;BNHL028982;Alnabru skiftestasjon (delstr.) stasjon - Teknisk feil - Annet Txp melder om trykkluftsfall på R sporene. Meldt til Ali Ahsan Syed.;;Annet. Forsinket skifting pga sperret R-spor tidligere
13.01.2026;5507;Alnabru;Nei;00:15;82.0;;;;
13.01.2026;5515;Alnabru;Nei;00:06;82.0;;;;
13.01.2026;5707;Alnabru;Nei;00:14;94.0;;;;Annet. Snø i sporet etter snørydding/tømming som måtte fjernes
13.01.2026;5708;Alnabru;Nei;00:20;7.0;;;;«Uregistrert» / Ikke registrert forrige vakt
13.01.2026;5708;Alnabru;Nei;00:20;7.0;;;;«Uregistrert» / Ikke registrert forrige vakt
13.01.2026;5731;Alnabru;Nei;00:13;2.0;BNHL028982;Alnabru skiftestasjon (delstr.) stasjon - Teknisk feil - Annet Txp melder om trykkluftsfall på R sporene. Meldt til Ali Ahsan Syed.;;Annet
13.01.2026;5735;Alnabru;Nei;00:55;2.0;;;;Sporveksel/-sperre ikke i kontroll. Toget var ferdig seint og feil på spv (602)
13.01.2026;5801;Alnabru;Nei;01:28;86.0;BNHL029095;Nationaltheatret - Oslo S (delstr.) stasjon - Uønsket hendelse - Brann (TH3) Vy 2717 melder om røykutvikling i tunellen ut fra spor 3-4 på Nationaltheatret i retning Oslo. Hovedspor Drammen - Oslo;;
13.01.2026;5805;Alnabru;Nei;00:31;82.0;;;;meldte seg klar etter avgangstid
13.01.2026;5811;Alnabru;Nei;00:15;82.0;;;;
14.01.2026;41900;Alnabru;Nei;00:46;92.0;;;;Annet
14.01.2026;41910;Alnabru;Nei;01:35;92.0;;;;Annet
14.01.2026;41960;Alnabru;Nei;02:17;92.0;;;;Annet
14.01.2026;41971;Alnabru;Nei;00:11;92.0;;;;Annet
14.01.2026;5301;Alnabru;Nei;00:26;82.0;;;;meldte seg klar etter avgangstid
14.01.2026;5507;Alnabru;Nei;00:33;1.0;;;;Værforhold. Terminalforhold, snø is
14.01.2026;5511;Alnabru;Nei;01:43;92.0;;;;Annet
14.01.2026;5515;Alnabru;Nei;01:00;92.0;;;;Annet
14.01.2026;5531;Alnabru;Nei;01:52;82.0;;;;Meldte seg klar etter avgangstid
14.01.2026;5532;Alnabru;Nei;00:05;82.0;;;;
14.01.2026;5709;Alnabru;Nei;00:42;82.0;;;;
14.01.2026;5731;Alnabru;Nei;00:24;1.0;;;;Værforhold. Mye snø på terminalen når brøyting pågår.
14.01.2026;5733;Alnabru;Nei;00:28;82.0;;;;
14.01.2026;5801;Alnabru;Nei;00:13;82.0;;;;Meldte seg klar etter avgangstid
14.01.2026;5805;Alnabru;Nei;00:09;99.0;;;;Helhetsvurdering
14.01.2026;5811;Alnabru;Nei;00:13;82.0;;;;
15.01.2026;41900;Alnabru;Nei;01:23;82.0;;;;
15.01.2026;41910;Alnabru;Nei;04:03;82.0;;;;
15.01.2026;41960;Alnabru;Nei;02:47;82.0;;;;
15.01.2026;4911;Alnabru;Nei;00:23;82.0;;;;
15.01.2026;4912;Alnabru;Nei;00:12;7.0;;;;«Uregistrert» / Ikke registrert forrige vakt
15.01.2026;4912;Alnabru;Nei;00:12;7.0;;;;«Uregistrert» / Ikke registrert forrige vakt
15.01.2026;5301;Alnabru;Nei;00:05;82.0;;;;
15.01.2026;5302;Alnabru;Nei;00:08;7.0;;;;«Uregistrert» / Ikke registrert forrige vakt
15.01.2026;5302;Alnabru;Nei;00:08;7.0;;;;«Uregistrert» / Ikke registrert forrige vakt
15.01.2026;5506;Alnabru;Nei;00:10;7.0;;;;«Uregistrert» / Ikke registrert forrige vakt
15.01.2026;5506;Alnabru;Nei;00:10;7.0;;;;«Uregistrert» / Ikke registrert forrige vakt
15.01.2026;5507;Alnabru;Nei;00:13;84.0;;;;Skifting
15.01.2026;5511;Alnabru;Nei;03:17;82.0;;;;
15.01.2026;5515;Alnabru;Nei;02:33;82.0;;;;
15.01.2026;5707;Alnabru;Nei;01:44;3.0;;;;Nedrevet/Skade på KL forårsaket av tog. OnRail skiftemaskin 39010 kjørte på strømløs kontaktledning.
15.01.2026;5709;Alnabru;Nei;01:35;82.0;;;;
15.01.2026;5733;Alnabru;Nei;00:50;82.0;;;;
15.01.2026;5735;Alnabru;Nei;01:42;82.0;;;;
15.01.2026;5801;Alnabru;Nei;00:17;82.0;;;;
15.01.2026;5804;Alnabru;Nei;00:04;7.0;;;;«Uregistrert» / Ikke registrert forrige vakt
15.01.2026;5804;Alnabru;Nei;00:04;7.0;;;;«Uregistrert» / Ikke registrert forrige vakt
15.01.2026;5805;Alnabru;Nei;03:01;82.0;;;;
16.01.2026;41900;Alnabru;Nei;01:11;82.0;;;;
16.01.2026;41910;Alnabru;Nei;01:40;82.0;;;;lasteforsinkelser
16.01.2026;41971;Alnabru;Nei;00:23;82.0;;;;
16.01.2026;5301;Alnabru;Nei;00:05;7.0;;;;«Uregistrert» / Ikke registrert forrige vakt
16.01.2026;5301;Alnabru;Nei;00:05;7.0;;;;«Uregistrert» / Ikke registrert forrige vakt
16.01.2026;5507;Alnabru;Nei;00:57;82.0;;;;
16.01.2026;5515;Alnabru;Nei;00:23;82.0;;;;
16.01.2026;5709;Alnabru;Nei;00:28;82.0;;;;
16.01.2026;5731;Alnabru;Nei;00:10;7.0;;;;«Uregistrert» / Ikke registrert forrige vakt
16.01.2026;5731;Alnabru;Nei;00:10;7.0;;;;«Uregistrert» / Ikke registrert forrige vakt
16.01.2026;5733;Alnabru;Nei;00:24;82.0;;;;
16.01.2026;5801;Alnabru;Nei;00:34;82.0;;;;
16.01.2026;5805;Alnabru;Nei;00:07;99.0;;;;Kø/Trafikk/Øvrig toggang
16.01.2026;5811;Alnabru;Nei;00:09;99.0;;;2267.0;Kø/Trafikk/Øvrig toggang
18.01.2026;5523;Alnabru;Nei;00:07;82.0;;;;
19.01.2026;41900;Alnabru;Nei;00:33;2.0;BNHL029761;Alnabru skiftestasjon (delstr.) stasjon - Teknisk feil - Signal - Jordfeil Jordfeil Aker og alle A-spor. TXP får løst ut, men jordfeilen kommer tilbake.;;Jordfeil
19.01.2026;41971;Alnabru;Nei;00:46;2.0;BNHL029761;Alnabru skiftestasjon (delstr.) stasjon - Teknisk feil - Signal - Jordfeil Jordfeil Aker og alle A-spor. TXP får løst ut, men jordfeilen kommer tilbake.;;Jordfeil
19.01.2026;5301;Alnabru;Nei;00:24;99.0;;;;Kø/Trafikk/Øvrig toggang
19.01.2026;5512;Alnabru;Nei;00:04;999.0;;;;
19.01.2026;5515;Alnabru;Nei;00:13;82.0;;;;
19.01.2026;5531;Alnabru;Nei;00:13;99.0;;;;Kø/Trafikk/Øvrig toggang
19.01.2026;5709;Alnabru;Nei;00:06;82.0;;;;
19.01.2026;5730;Alnabru;Nei;00:15;999.0;;;;
19.01.2026;5731;Alnabru;Nei;00:06;4.0;;;;Feil på TOS/GOS. Tavlelog: Ekstern datafeil TOS/GOS
20.01.2026;41910;Alnabru;Nei;00:05;99.0;;;;Helhetsvurdering
20.01.2026;41971;Alnabru;Nei;02:06;1.0;BNHL029929;Lodalen (delstr.) stasjon - Teknisk feil - Bane - Annet Sporveksel 525 er ute av kontroll.;;Feil på sporet
20.01.2026;5507;Alnabru;Nei;00:31;82.0;;;;Meldte seg klar etter avgangstid
20.01.2026;5515;Alnabru;Nei;00:31;82.0;;;;lok seint på stammen
20.01.2026;5733;Alnabru;Nei;01:00;82.0;;;;
20.01.2026;5735;Alnabru;Nei;02:01;3.0;BNHL029931;Langset - Strandlykkja - Feil på kjøretøy - Tog med feil sperrer sporet Vy 325 hørte ett høyt smell i pantografen når det kjørte over en sporveksel på Strandlykkja. Står nå uten strøm og sperrer begge sporene. Det er stengt for trafikk mellom Eidsvoll og Tangen.;;Nedrevet/Skade på KL forårsaket av tog. ventet på lok fra 5734 20.1.26
20.01.2026;5801;Alnabru;Nei;00:07;99.0;;;;Helhetsvurdering
20.01.2026;5811;Alnabru;Nei;00:09;99.0;;;;Helhetsvurdering. var klar 3 min før avgang ,signal over Brobekk ufullstendig så måtte sende godstogsporet
21.01.2026;41971;Alnabru;Nei;00:48;84.0;;;;Skifting
21.01.2026;5301;Alnabru;Nei;00:52;82.0;;;;
21.01.2026;5302;Alnabru;Nei;00:15;7.0;;;;Annet. Ventet på pil fra signalgiver
21.01.2026;5302;Alnabru;Nei;00:15;7.0;;;;Annet. Ventet på pil fra signalgiver
21.01.2026;5507;Alnabru;Nei;00:30;7.0;;;;«Uregistrert» / Ikke registrert forrige vakt
21.01.2026;5507;Alnabru;Nei;00:30;7.0;;;;«Uregistrert» / Ikke registrert forrige vakt
21.01.2026;5510;Alnabru;Nei;00:12;7.0;;;;«Uregistrert» / Ikke registrert forrige vakt
21.01.2026;5510;Alnabru;Nei;00:12;7.0;;;;«Uregistrert» / Ikke registrert forrige vakt
21.01.2026;5511;Alnabru;Nei;01:10;82.0;;;;
21.01.2026;5515;Alnabru;Nei;01:46;82.0;;;;
21.01.2026;5531;Alnabru;Nei;00:31;82.0;;;;
21.01.2026;5532;Alnabru;Nei;00:09;7.0;;;;Annet. Ventet på pil fra signalgiver
21.01.2026;5532;Alnabru;Nei;00:09;7.0;;;;Annet. Ventet på pil fra signalgiver
21.01.2026;5731;Alnabru;Nei;00:27;99.0;;;;Kø/Trafikk/Øvrig toggang
21.01.2026;5733;Alnabru;Nei;00:57;82.0;;;;
21.01.2026;5735;Alnabru;Nei;01:17;82.0;;;;
21.01.2026;5801;Alnabru;Nei;00:24;7.0;;;;«Uregistrert» / Ikke registrert forrige vakt. Tavlelog: 5811 i retur i natt: Ut som 5801. Sent opptak pga dette
21.01.2026;5801;Alnabru;Nei;00:24;7.0;;;;«Uregistrert» / Ikke registrert forrige vakt. Tavlelog: 5811 i retur i natt: Ut som 5801. Sent opptak pga dette
21.01.2026;5805;Alnabru;Nei;00:17;99.0;;;;Kø/Trafikk/Øvrig toggang. Skiftemaskin sperret med stammen til tog 41971
21.01.2026;5811;Alnabru;Nei;00:36;7.0;;;;«Uregistrert» / Ikke registrert forrige vakt
21.01.2026;5811;Alnabru;Nei;00:36;7.0;;;;«Uregistrert» / Ikke registrert forrige vakt
22.01.2026;41910;Alnabru;Nei;00:08;82.0;;;;
22.01.2026;41971;Alnabru;Nei;01:53;82.0;;;;
22.01.2026;5515;Alnabru;Nei;01:09;82.0;;;80606.0;
22.01.2026;5707;Alnabru;Nei;00:07;82.0;;;;
22.01.2026;5709;Alnabru;Nei;00:42;99.0;;;;Kø/Trafikk/Øvrig toggang
22.01.2026;5733;Alnabru;Nei;00:46;99.0;;;;Kø/Trafikk/Øvrig toggang
23.01.2026;5507;Alnabru;Nei;00:20;82.0;;;;
23.01.2026;5515;Alnabru;Nei;00:13;82.0;;;;
23.01.2026;5731;Alnabru;Nei;00:16;82.0;;;;
23.01.2026;5734;Alnabru;Nei;00:05;99.0;;;;Helhetsvurdering
23.01.2026;5801;Alnabru;Nei;00:10;82.0;;;;
25.01.2026;41960;Alnabru;Nei;00:05;5.0;;;;Annet. Brukte lang tid på å heve disponering
26.01.2026;41910;Alnabru;Nei;00:05;99.0;;;;Kø/Trafikk/Øvrig toggang. manglet vognopptak
26.01.2026;41960;Alnabru;Nei;00:07;82.0;;;;
26.01.2026;5511;Alnabru;Nei;00:33;82.0;;;;Meldte seg klar etter avgangstid
26.01.2026;5515;Alnabru;Nei;00:25;7.0;;;;«Uregistrert» / Ikke registrert forrige vakt
26.01.2026;5515;Alnabru;Nei;00:25;7.0;;;;«Uregistrert» / Ikke registrert forrige vakt
26.01.2026;5707;Alnabru;Nei;00:35;81.0;;;;Feil på trekkraftkjøretøy
26.01.2026;5735;Alnabru;Nei;00:18;82.0;;;;
26.01.2026;5801;Alnabru;Nei;00:04;99.0;;;2219.0;Kø/Trafikk/Øvrig toggang
27.01.2026;41910;Alnabru;Nei;00:46;2.0;BNHL030653;Grorud stasjon - Teknisk feil - Signal - Sporveksel Togleder får ikke lagt sporveksel 133 AB og den tar ingen kommandoer.;;Sporveksel/-sperre ikke i kontroll. probl med vxl 133AB på grorud slik at lok ble forsnket
27.01.2026;41960;Alnabru;Nei;00:06;2.0;BNHL030653;Grorud stasjon - Teknisk feil - Signal - Sporveksel Togleder får ikke lagt sporveksel 133 AB og den tar ingen kommandoer.;;Sporveksel/-sperre ikke i kontroll
27.01.2026;41971;Alnabru;Nei;00:24;82.0;;;;
27.01.2026;4911;Alnabru;Nei;01:30;82.0;;;;
27.01.2026;5511;Alnabru;Nei;01:49;82.0;;;;
27.01.2026;5515;Alnabru;Nei;01:37;82.0;;;;
27.01.2026;5733;Alnabru;Nei;00:35;82.0;;;;
27.01.2026;5735;Alnabru;Nei;00:30;82.0;;;;
27.01.2026;5801;Alnabru;Nei;00:09;82.0;;;;
27.01.2026;5804;Alnabru;Nei;00:21;99.0;;;94952.0;Kø/Trafikk/Øvrig toggang
27.01.2026;5805;Alnabru;Nei;00:33;2.0;BNHL030653;Grorud stasjon - Teknisk feil - Signal - Sporveksel Togleder får ikke lagt sporveksel 133 AB og den tar ingen kommandoer.;;Sporveksel/-sperre ikke i kontroll
28.01.2026;41900;Alnabru;Nei;00:05;7.0;;;;«Uregistrert» / Ikke registrert forrige vakt
28.01.2026;41900;Alnabru;Nei;00:05;7.0;;;;«Uregistrert» / Ikke registrert forrige vakt
28.01.2026;41960;Alnabru;Nei;02:28;1.0;;;;Feil på terminaler/hensettingsområde. Tavlelogg: Kranstopp (Vedlikehold på kran)
28.01.2026;5301;Alnabru;Nei;00:11;99.0;;;;Kø/Trafikk/Øvrig toggang
28.01.2026;5531;Alnabru;Nei;00:07;99.0;;;;Kø/Trafikk/Øvrig toggang
28.01.2026;5731;Alnabru;Nei;00:14;82.0;;;;
28.01.2026;5734;Alnabru;Nei;00:07;99.0;;;;Kryssing/Forbikjøring
28.01.2026;5801;Alnabru;Nei;00:17;82.0;;;;
29.01.2026;41900;Alnabru;Nei;00:11;82.0;;;;5733 forsinket foran
29.01.2026;41910;Alnabru;Nei;00:22;82.0;;;;
29.01.2026;41960;Alnabru;Nei;00:32;81.0;;;;Feil på last
29.01.2026;41971;Alnabru;Nei;00:19;7.0;;;;«Uregistrert» / Ikke registrert forrige vakt
29.01.2026;41971;Alnabru;Nei;00:19;7.0;;;;«Uregistrert» / Ikke registrert forrige vakt
29.01.2026;4912;Alnabru;Nei;00:05;7.0;;;;«Uregistrert» / Ikke registrert forrige vakt
29.01.2026;4912;Alnabru;Nei;00:05;7.0;;;;«Uregistrert» / Ikke registrert forrige vakt
29.01.2026;5507;Alnabru;Nei;01:22;82.0;;;;
29.01.2026;5515;Alnabru;Nei;01:09;82.0;;;;
29.01.2026;5733;Alnabru;Nei;00:18;82.0;;;;Forsinket bremseprøve
29.01.2026;5734;Alnabru;Nei;00:15;7.0;;;;«Uregistrert» / Ikke registrert forrige vakt
29.01.2026;5734;Alnabru;Nei;00:15;7.0;;;;«Uregistrert» / Ikke registrert forrige vakt
29.01.2026;5801;Alnabru;Nei;00:05;7.0;;;;«Uregistrert» / Ikke registrert forrige vakt
29.01.2026;5801;Alnabru;Nei;00:05;7.0;;;;«Uregistrert» / Ikke registrert forrige vakt
29.01.2026;5805;Alnabru;Nei;00:49;81.0;;;;Feil på vogn
29.01.2026;5811;Alnabru;Nei;00:33;82.0;;;;
30.01.2026;41910;Alnabru;Nei;00:04;99.0;;;;Kø/Trafikk/Øvrig toggang
30.01.2026;5515;Alnabru;Nei;00:46;7.0;;;;«Uregistrert» / Ikke registrert forrige vakt
30.01.2026;5515;Alnabru;Nei;00:46;7.0;;;;«Uregistrert» / Ikke registrert forrige vakt
30.01.2026;5733;Alnabru;Nei;00:27;82.0;;;;
30.01.2026;5801;Alnabru;Nei;00:18;82.0;;;;Meldt klar etter avgtid.
30.01.2026;5804;Alnabru;Nei;00:04;99.0;;;;Annet. ventet på pil
30.01.2026;5805;Alnabru;Nei;00:06;99.0;;;;Kø/Trafikk/Øvrig toggang
30.01.2026;5811;Alnabru;Nei;00:49;7.0;;;;«Uregistrert» / Ikke registrert forrige vakt
30.01.2026;5811;Alnabru;Nei;00:49;7.0;;;;«Uregistrert» / Ikke registrert forrige vakt
31.01.2026;41910;Alnabru;Nei;00:27;83.0;;;;Fører
02.02.2026;41900;Alnabru;Nei;00:05;999.0;;;;
02.02.2026;41971;Alnabru;Nei;00:26;82.0;;;;
02.02.2026;5531;Alnabru;Nei;00:34;82.0;;;;
03.02.2026;41900;Alnabru;Nei;00:06;82.0;;;;
03.02.2026;41910;Alnabru;Nei;00:04;7.0;;;;«Uregistrert» / Ikke registrert forrige vakt
03.02.2026;41910;Alnabru;Nei;00:04;7.0;;;;«Uregistrert» / Ikke registrert forrige vakt
03.02.2026;5511;Alnabru;Nei;00:22;99.0;;;;Kø/Trafikk/Øvrig toggang. meldte seg klar etter avgangstid
03.02.2026;5515;Alnabru;Nei;00:55;82.0;;;;
03.02.2026;5734;Alnabru;Nei;00:12;7.0;;;;«Uregistrert» / Ikke registrert forrige vakt
03.02.2026;5734;Alnabru;Nei;00:12;7.0;;;;«Uregistrert» / Ikke registrert forrige vakt
03.02.2026;5801;Alnabru;Nei;00:11;82.0;;;;
03.02.2026;84911;Alnabru;Nei;00:28;82.0;;;;
04.02.2026;41960;Alnabru;Nei;00:12;7.0;;;;Feil i trafikkavvikling. følgeforsinkelse fra 22910
04.02.2026;41960;Alnabru;Nei;00:12;7.0;;;;Feil i trafikkavvikling. følgeforsinkelse fra 22910
04.02.2026;41971;Alnabru;Nei;00:35;82.0;;;;
04.02.2026;5301;Alnabru;Nei;00:16;99.0;;;;Kø/Trafikk/Øvrig toggang. Skifting i syd, følgeforsinkelse ref tavlelogg
04.02.2026;5509;Alnabru;Nei;00:05;82.0;;;;
04.02.2026;5515;Alnabru;Nei;00:19;99.0;;;;Kø/Trafikk/Øvrig toggang
04.02.2026;5531;Alnabru;Nei;00:10;99.0;;;;Kø/Trafikk/Øvrig toggang. meldte seg klar kl 0829
04.02.2026;5707;Alnabru;Nei;00:06;7.0;;;;Feil i trafikkavvikling. Lok 22910 ble sendt før tiden fra Grorud
04.02.2026;5707;Alnabru;Nei;00:06;7.0;;;;Feil i trafikkavvikling. Lok 22910 ble sendt før tiden fra Grorud
04.02.2026;5733;Alnabru;Nei;01:03;82.0;;;;
04.02.2026;5804;Alnabru;Nei;00:06;7.0;;;;Annet. manglet ledig spor
04.02.2026;5804;Alnabru;Nei;00:06;7.0;;;;Annet. manglet ledig spor
04.02.2026;5805;Alnabru;Nei;02:19;82.0;;;;Ble sent ferdig og måtte etter hvert bytte lok
05.02.2026;5733;Alnabru;Nei;00:17;2.0;BNHL031526;Alnabru skiftestasjon (delstr.) stasjon - Teknisk feil - Signal - Sporveksel Feil med sporveksel 057 ( luftveksel);;Sporveksel/-sperre ikke i kontroll
05.02.2026;5804;Alnabru;Nei;00:08;2.0;BNHL031526;Alnabru skiftestasjon (delstr.) stasjon - Teknisk feil - Signal - Sporveksel Feil med sporveksel 057 ( luftveksel);;Sporveksel/-sperre ikke i kontroll. ekstra skifting i syd
05.02.2026;5805;Alnabru;Nei;00:07;99.0;;;;Kø/Trafikk/Øvrig toggang. meldte seg klar kl 1753
06.02.2026;5301;Alnabru;Nei;00:10;82.0;;;;meldte seg klar etter avgangstid
06.02.2026;5733;Alnabru;Nei;00:20;7.0;;;;«Uregistrert» / Ikke registrert forrige vakt
06.02.2026;5733;Alnabru;Nei;00:20;7.0;;;;«Uregistrert» / Ikke registrert forrige vakt
09.02.2026;41910;Alnabru;Nei;00:57;82.0;;;;Meldte seg klar etter avgangstid
09.02.2026;41960;Alnabru;Nei;00:15;82.0;;;;Meldte seg klar etter avgangstid
09.02.2026;5301;Alnabru;Nei;00:13;82.0;;;;
09.02.2026;5507;Alnabru;Nei;00:29;81.0;;;;Annet
09.02.2026;5509;Alnabru;Nei;00:06;99.0;;;5532.0;Kø/Trafikk/Øvrig toggang
09.02.2026;5511;Alnabru;Nei;00:08;82.0;;;;Medlte seg klar etter avgangstid
09.02.2026;5515;Alnabru;Nei;00:37;82.0;;;;
09.02.2026;5531;Alnabru;Nei;00:18;82.0;;;;
09.02.2026;5532;Alnabru;Nei;00:11;82.0;;;;
09.02.2026;5707;Alnabru;Nei;00:08;82.0;;;;Meldte seg klar etter avgangstid
09.02.2026;5733;Alnabru;Nei;00:06;82.0;;;;Meldte seg klar etter avgangstid
09.02.2026;5801;Alnabru;Nei;00:06;82.0;;;;
09.02.2026;5804;Alnabru;Nei;00:41;86.0;BNHL031910;Bryn - Alnabru skiftestasjon - Lodalen (delstr.) stasjon - Teknisk feil - KL - Strømløst Strømløst på godstogsporet og deler av Loenga.;5804.0;
10.02.2026;41900;Alnabru;Nei;00:20;82.0;;;;Tavlelog: Terminalforhold. (utfordringer med mye feil ifb. m lastkontroll)
10.02.2026;4911;Alnabru;Nei;00:06;99.0;;;;Kø/Trafikk/Øvrig toggang. Sent opp pga skifting i syd
10.02.2026;5707;Alnabru;Nei;02:20;81.0;;;;Feil på trekkraftkjøretøy. Satt på lok i avgangstid
10.02.2026;5731;Alnabru;Nei;01:01;82.0;;;;Meldte seg klar etter avgangstid
10.02.2026;5734;Alnabru;Nei;00:24;99.0;;;41900.0;Kryssing/Forbikjøring
10.02.2026;5801;Alnabru;Nei;01:08;1.0;;;;Feil på terminaler/hensettingsområde. Tavlelog: Feil på kran Alnabru
10.02.2026;5804;Alnabru;Nei;00:06;7.0;;;;«Uregistrert» / Ikke registrert forrige vakt
10.02.2026;5804;Alnabru;Nei;00:06;7.0;;;;«Uregistrert» / Ikke registrert forrige vakt
10.02.2026;5811;Alnabru;Nei;00:37;86.0;BNHL031910;Bryn - Alnabru skiftestasjon - Lodalen (delstr.) stasjon - Teknisk feil - KL - Strømløst Strømløst på godstogsporet og deler av Loenga.;5804.0;
11.02.2026;41971;Alnabru;Nei;00:54;81.0;;;;Feil på vogn. manglet papirer og måtte ta ut en vogn
11.02.2026;5531;Alnabru;Nei;00:38;82.0;;;;
11.02.2026;5733;Alnabru;Nei;00:18;7.0;;;;Annet
11.02.2026;5733;Alnabru;Nei;00:18;7.0;;;;Annet
11.02.2026;5734;Alnabru;Nei;00:08;99.0;;;;Helhetsvurdering
11.02.2026;5801;Alnabru;Nei;00:12;82.0;;;;klar for avgang kl 0938
11.02.2026;5811;Alnabru;Nei;00:04;99.0;;;;Helhetsvurdering
12.02.2026;41900;Alnabru;Nei;00:53;999.0;;;;
12.02.2026;4912;Alnabru;Nei;00:09;84.0;;;;Skifting
12.02.2026;5301;Alnabru;Nei;00:05;999.0;;;;
12.02.2026;5507;Alnabru;Nei;00:07;999.0;;;;
12.02.2026;5709;Alnabru;Nei;02:01;94.0;BNHL032145;Fron - Vinstra - Uønsket hendelse - Brann (TH3) 329 melder at det brenner i et hus en kilometer sør for Fron stasjon. 39 meter fra jernbanelinje ved Sigurdveien. All trafikk stoppet.;;Brann i tilknytning linjen/stasjonen
12.02.2026;5735;Alnabru;Nei;01:30;82.0;;;;
12.02.2026;5801;Alnabru;Nei;00:39;82.0;;;;
13.02.2026;41900;Alnabru;Nei;00:07;99.0;;;;Kø/Trafikk/Øvrig toggang
13.02.2026;41910;Alnabru;Nei;00:04;99.0;;;;Kø/Trafikk/Øvrig toggang
13.02.2026;41971;Alnabru;Nei;01:51;82.0;;;;
13.02.2026;5301;Alnabru;Nei;00:15;99.0;;;;Kø/Trafikk/Øvrig toggang
13.02.2026;5302;Alnabru;Nei;00:04;2.0;;;;Sporfeltbelegg inkl. saltbelegg. Blunkbelegg sporavsnitt 204 på Bryn
13.02.2026;5509;Alnabru;Nei;00:41;82.0;;;;meldt klar etter avgtid.
13.02.2026;5511;Alnabru;Nei;01:02;81.0;;;;Annet. Feil på lok.
13.02.2026;5515;Alnabru;Nei;00:51;86.0;;;5511.0;
13.02.2026;5709;Alnabru;Nei;00:30;82.0;;;;
13.02.2026;5731;Alnabru;Nei;00:37;82.0;;;;
13.02.2026;5733;Alnabru;Nei;00:14;82.0;;;;
13.02.2026;5735;Alnabru;Nei;00:26;82.0;;;;
13.02.2026;5801;Alnabru;Nei;00:26;82.0;;;;
13.02.2026;5805;Alnabru;Nei;00:10;99.0;;;;Kø/Trafikk/Øvrig toggang. Meldt klar etter avgtid.
13.02.2026;5811;Alnabru;Nei;00:14;7.0;;;;Feil i trafikkavvikling. Klar i rute fra lastespor. Måtte purre på utkjørsignal i syd for å få gå før neste lokaltog. Utkjørsignalet kom, men dversignalet i G-spor kom ikke. TXP klarte ikke å gi muntlig tillatelse forbi, før togleder bestemte at vi måtte
13.02.2026;5811;Alnabru;Nei;00:14;7.0;;;;Feil i trafikkavvikling. Klar i rute fra lastespor. Måtte purre på utkjørsignal i syd for å få gå før neste lokaltog. Utkjørsignalet kom, men dversignalet i G-spor kom ikke. TXP klarte ikke å gi muntlig tillatelse forbi, før togleder bestemte at vi måtte
14.02.2026;85737;Alnabru;Nei;00:17;82.0;;;;Meldt klar etter avgtid.
15.02.2026;41960;Alnabru;Nei;00:21;82.0;;;;
15.02.2026;44884;Alnabru;Nei;01:26;82.0;;;;
15.02.2026;5523;Alnabru;Nei;02:18;81.0;;;;Feil på trekkraftkjøretøy
15.02.2026;5717;Alnabru;Nei;00:35;82.0;;;;
16.02.2026;41900;Alnabru;Nei;00:26;82.0;;;;
16.02.2026;41960;Alnabru;Nei;00:06;82.0;;;;
16.02.2026;5531;Alnabru;Nei;00:10;82.0;;;;
16.02.2026;5709;Alnabru;Nei;00:06;82.0;;;;
16.02.2026;5733;Alnabru;Nei;00:09;82.0;;;;
16.02.2026;5805;Alnabru;Nei;00:13;99.0;;;;Helhetsvurdering
17.02.2026;41900;Alnabru;Nei;00:07;7.0;;;;«Uregistrert» / Ikke registrert forrige vakt
17.02.2026;41900;Alnabru;Nei;00:07;7.0;;;;«Uregistrert» / Ikke registrert forrige vakt
17.02.2026;4911;Alnabru;Nei;00:06;99.0;;;;Kø/Trafikk/Øvrig toggang
17.02.2026;5733;Alnabru;Nei;00:29;4.0;;;;Feil på TOS/GOS. Tvalelog: Tos feil, enheter lastet men ikke ny status i tos
17.02.2026;5801;Alnabru;Nei;00:20;82.0;;;;
17.02.2026;5805;Alnabru;Nei;00:14;82.0;;;;
18.02.2026;41910;Alnabru;Nei;00:22;82.0;;;;Sent vognopptak
18.02.2026;41913;Alnabru;Nei;00:05;91.0;;;;
18.02.2026;41960;Alnabru;Nei;00:09;85.0;;;;Kjørte med annet kjøretøy enn oppsatt i ruteplan. Ventet på lok 22910
18.02.2026;41971;Alnabru;Nei;01:05;1.0;;;;Glatte skinner. Tok lang tid å få skiftet vognstammen opp fra gamla pga glatte spor i A2
18.02.2026;5509;Alnabru;Nei;00:39;82.0;;;;mledte seg klar sent
18.02.2026;5511;Alnabru;Nei;01:08;99.0;;;;Kø/Trafikk/Øvrig toggang
18.02.2026;5515;Alnabru;Nei;00:43;99.0;;;;Kø/Trafikk/Øvrig toggang
18.02.2026;5531;Alnabru;Nei;00:14;82.0;;;;Meldte seg klar etter avgangstid
18.02.2026;5731;Alnabru;Nei;00:19;99.0;;;;Annet. 5730 forsinket, loket til dette skulle brukes til 5731.
18.02.2026;5734;Alnabru;Nei;00:04;7.0;;;;Annet. 2162
18.02.2026;5734;Alnabru;Nei;00:04;7.0;;;;Annet. 2162
18.02.2026;8253;Alnabru;Nei;00:37;82.0;;;;Meldte seg klar etter avgangstid
19.02.2026;41900;Alnabru;Nei;01:31;2.0;;;;Sporveksel/-sperre ikke i kontroll. problemer på Alfasetsporet med vxl, måtte kjøre Hovedbanen/over Aker
19.02.2026;41960;Alnabru;Nei;00:08;99.0;;;22910.0;Kø/Trafikk/Øvrig toggang. Ventet på lok 22910
19.02.2026;5507;Alnabru;Nei;00:07;82.0;;;;skifting i syd
19.02.2026;5709;Alnabru;Nei;01:20;2.0;;;;Sporveksel/-sperre ikke i kontroll. problemer mmed sporvxl på Alfaset, måtte kjøre over Aker
19.02.2026;5733;Alnabru;Nei;00:14;83.0;;;;Personell kom i forsinket tog. Fører
19.02.2026;5735;Alnabru;Nei;00:40;2.0;;;;Sporveksel/-sperre ikke i kontroll. feil på sporvxl Alfasetsporet, måtte kjøre over Aker
19.02.2026;5801;Alnabru;Nei;00:21;7.0;;;;«Uregistrert» / Ikke registrert forrige vakt
19.02.2026;5801;Alnabru;Nei;00:21;7.0;;;;«Uregistrert» / Ikke registrert forrige vakt
19.02.2026;5805;Alnabru;Nei;00:04;7.0;;;;«Uregistrert» / Ikke registrert forrige vakt
19.02.2026;5805;Alnabru;Nei;00:04;7.0;;;;«Uregistrert» / Ikke registrert forrige vakt
23.02.2026;41900;Alnabru;Nei;00:06;82.0;;;;
23.02.2026;41971;Alnabru;Nei;00:20;94.0;BNHL033401;Alnabru skiftestasjon (delstr.) stasjon - Uønsket hendelse - Annen uønsket hendelse Under kosting av veksler er det blitt ødelagt noen ledninger i veksel 601.;;Annet
23.02.2026;5507;Alnabru;Nei;01:12;82.0;;;;Mangler lok
23.02.2026;5801;Alnabru;Nei;00:17;82.0;;;;
23.02.2026;5805;Alnabru;Nei;00:04;94.0;BNHL033401;Alnabru skiftestasjon (delstr.) stasjon - Uønsket hendelse - Annen uønsket hendelse Under kosting av veksler er det blitt ødelagt noen ledninger i veksel 601.;;Annet
24.02.2026;41900;Alnabru;Nei;00:53;82.0;;;;
24.02.2026;41971;Alnabru;Nei;02:01;85.0;;;;Manglende kjøretøy. Cargonet har ikke hatt kraftig nok skiftemaskiner til å trekke toget i riktig posisjon.
24.02.2026;4911;Alnabru;Nei;00:08;2.0;;;;Jordfeil
24.02.2026;5301;Alnabru;Nei;00:20;2.0;BNHL033461;Bryn stasjon - Teknisk feil - Signal - Jordfeil Stående jordfeil på hele stasjonen.;;Jordfeil
24.02.2026;5509;Alnabru;Nei;00:04;82.0;;;;
24.02.2026;5511;Alnabru;Nei;01:57;82.0;;;;
24.02.2026;5515;Alnabru;Nei;02:31;82.0;;;;
24.02.2026;5707;Alnabru;Nei;00:12;82.0;;;;
24.02.2026;5709;Alnabru;Nei;01:44;85.0;;;;Manglende kjøretøy
24.02.2026;5733;Alnabru;Nei;02:49;85.0;;;;Manglende kjøretøy
24.02.2026;5735;Alnabru;Nei;01:02;85.0;;;;Manglende kjøretøy
24.02.2026;5801;Alnabru;Nei;00:10;7.0;;;;Togleder/txp under opplæring
24.02.2026;5801;Alnabru;Nei;00:10;7.0;;;;Togleder/txp under opplæring
24.02.2026;5805;Alnabru;Nei;00:07;86.0;;;;Skiftemaskin 39001 sperrer sporet ut fra gamla. Har ikke nok trekkraft til å få ut 41971. Derav forsinkelse.
24.02.2026;5811;Alnabru;Nei;00:20;85.0;;;;Manglende kjøretøy
24.02.2026;8271;Alnabru;Nei;00:47;82.0;;;;
25.02.2026;41971;Alnabru;Nei;00:15;99.0;;;;Helhetsvurdering
25.02.2026;5507;Alnabru;Nei;00:05;7.0;;;;«Uregistrert» / Ikke registrert forrige vakt
25.02.2026;5507;Alnabru;Nei;00:05;7.0;;;;«Uregistrert» / Ikke registrert forrige vakt
25.02.2026;5531;Alnabru;Nei;00:11;82.0;;;;
25.02.2026;5805;Alnabru;Nei;00:04;99.0;;;;Helhetsvurdering
26.02.2026;41971;Alnabru;Nei;00:33;999.0;;;;
26.02.2026;4912;Alnabru;Nei;00:09;82.0;;;;
26.02.2026;5510;Alnabru;Nei;00:18;999.0;;;;
26.02.2026;5515;Alnabru;Nei;00:28;82.0;;;;Meldte seg klar etter avgangstid
26.02.2026;5804;Alnabru;Nei;00:04;999.0;;;;
26.02.2026;5806;Alnabru;Nei;00:07;92.0;;;;Annet. Ventet på frigivning fra signalgiver i syd. Måtte gå hele sporet på grunn av tykk tåke.
27.02.2026;5509;Alnabru;Nei;00:11;82.0;;;;
27.02.2026;5735;Alnabru;Nei;00:05;99.0;;;;Kø/Trafikk/Øvrig toggang
27.02.2026;5801;Alnabru;Nei;00:06;99.0;;;;Kø/Trafikk/Øvrig toggang
01.03.2026;44884;Alnabru;Nei;03:14;82.0;;;;
02.03.2026;41971;Alnabru;Nei;00:49;7.0;;;;«Uregistrert» / Ikke registrert forrige vakt
02.03.2026;41971;Alnabru;Nei;00:49;7.0;;;;«Uregistrert» / Ikke registrert forrige vakt
02.03.2026;5301;Alnabru;Nei;00:06;2.0;BNHL034090;Oslo S (delstr.) stasjon - Teknisk feil - Signal - Annet Det er feil med dvergsignal 333, medfører forsinkelser fra Oslo S i retning Nationaltheatret.;;Annet
02.03.2026;5509;Alnabru;Nei;00:11;7.0;;;;«Uregistrert» / Ikke registrert forrige vakt
02.03.2026;5509;Alnabru;Nei;00:11;7.0;;;;«Uregistrert» / Ikke registrert forrige vakt
03.03.2026;5733;Alnabru;Nei;00:20;99.0;;;;Kø/Trafikk/Øvrig toggang
03.03.2026;5734;Alnabru;Nei;00:12;84.0;;;;Annet. Skiftere fra Cargonet ville ha toget over Alfaset i stedet for Aker, og da ble det litt venting til sporet blir ledig.
03.03.2026;5811;Alnabru;Nei;00:06;99.0;;;;Kø/Trafikk/Øvrig toggang. Ventet på signal fra togleder.
04.03.2026;41900;Alnabru;Nei;00:31;2.0;BNHL034400;Grorud stasjon - Teknisk feil - Signal - Sporveksel Meldt om kvit veksel. Meldt signal.;;Sporveksel/-sperre ikke i kontroll
04.03.2026;5301;Alnabru;Nei;00:10;99.0;;;;Kø/Trafikk/Øvrig toggang. Mye trafikk i syd
04.03.2026;5506;Alnabru;Nei;01:35;2.0;BNHL034395;Brobekk stasjon - Teknisk feil - Signal - Sporveksel Meldt om veksel ute av kontroll. Meldt signal.;;Sporveksel/-sperre ikke i kontroll
04.03.2026;5507;Alnabru;Nei;00:09;7.0;;;;«Uregistrert» / Ikke registrert forrige vakt
04.03.2026;5507;Alnabru;Nei;00:09;7.0;;;;«Uregistrert» / Ikke registrert forrige vakt
04.03.2026;5509;Alnabru;Nei;00:14;99.0;;;;Kø/Trafikk/Øvrig toggang
04.03.2026;5511;Alnabru;Nei;00:50;2.0;BNHL034395;Brobekk stasjon - Teknisk feil - Signal - Sporveksel Meldt om veksel ute av kontroll. Meldt signal.;;Sporveksel/-sperre ikke i kontroll
04.03.2026;5515;Alnabru;Nei;00:04;7.0;;;;«Uregistrert» / Ikke registrert forrige vakt
04.03.2026;5515;Alnabru;Nei;00:04;7.0;;;;«Uregistrert» / Ikke registrert forrige vakt
04.03.2026;5532;Alnabru;Nei;00:24;7.0;;;;«Uregistrert» / Ikke registrert forrige vakt
04.03.2026;5532;Alnabru;Nei;00:24;7.0;;;;«Uregistrert» / Ikke registrert forrige vakt
04.03.2026;5707;Alnabru;Nei;00:28;82.0;;;;
04.03.2026;5804;Alnabru;Nei;00:04;2.0;BNHL034395;Brobekk stasjon - Teknisk feil - Signal - Sporveksel Meldt om veksel ute av kontroll. Meldt signal.;;Sporveksel/-sperre ikke i kontroll
04.03.2026;5805;Alnabru;Nei;02:14;2.0;BNHL034395;Brobekk stasjon - Teknisk feil - Signal - Sporveksel Meldt om veksel ute av kontroll. Meldt signal.;;Sporveksel/-sperre ikke i kontroll
05.03.2026;41900;Alnabru;Nei;00:07;82.0;;;;
05.03.2026;5506;Alnabru;Nei;00:05;2.0;BNHL034483;Alnabru skiftestasjon (delstr.) stasjon - Teknisk feil - Signal - Belegg TXP melder om falskt belegg i sporfelt 100 og 104.;;Sporfeltbelegg inkl. saltbelegg
05.03.2026;5509;Alnabru;Nei;00:23;2.0;BNHL034483;Alnabru skiftestasjon (delstr.) stasjon - Teknisk feil - Signal - Belegg TXP melder om falskt belegg i sporfelt 100 og 104.;;Sporfeltbelegg inkl. saltbelegg
05.03.2026;5515;Alnabru;Nei;00:13;99.0;;;;Kø/Trafikk/Øvrig toggang
05.03.2026;5801;Alnabru;Nei;00:18;82.0;;;;
05.03.2026;5804;Alnabru;Nei;00:06;99.0;;;;Annet
05.03.2026;8285;Alnabru;Nei;00:45;82.0;;;;meldte seg klar til avgang kl 1938
09.03.2026;5733;Alnabru;Nei;00:09;2.0;;;;Sporveksel/-sperre ikke i kontroll. Feil på spv 608.
09.03.2026;5811;Alnabru;Nei;00:04;99.0;;;;Kø/Trafikk/Øvrig toggang.
10.03.2026;41960;Alnabru;Nei;00:17;99.0;;;;Kø/Trafikk/Øvrig toggang
10.03.2026;5301;Alnabru;Nei;02:31;2.0;BNHL034885;Oslo S (delstr.) stasjon - Teknisk feil - Signal - Jordfeil Stående jordfeil. Meldt til signalvakt.;;Jordfeil
10.03.2026;5302;Alnabru;Nei;00:08;94.0;BNHL034902;Trafikk Øst - Uønsket hendelse - Annen uønsket hendelse På grunn av problemer med telefonnettet til Telia må vi kjøre halv sikthastighet der det er planoverganger med ringerutiner.;;Annet. .
10.03.2026;5507;Alnabru;Nei;00:20;2.0;BNHL034893;Oslo S (delstr.) stasjon - Teknisk feil - Signal - Annet Det er fortsatt feil på signaler ved Brynsbakken etter jordfeilen på Oslo S. Togseriene 21xx, 35xx og 36xx innstilles inntil videre for å løse opp i togtrafikken.;;Jordfeil
10.03.2026;5515;Alnabru;Nei;00:23;1.0;;;;Feil på sporet. Ødelakt veksel
10.03.2026;5709;Alnabru;Nei;00:45;94.0;BNHL034902;Trafikk Øst - Uønsket hendelse - Annen uønsket hendelse På grunn av problemer med telefonnettet til Telia må vi kjøre halv sikthastighet der det er planoverganger med ringerutiner.;;Annet
10.03.2026;5801;Alnabru;Nei;00:08;2.0;BNHL034885;Oslo S (delstr.) stasjon - Teknisk feil - Signal - Jordfeil Stående jordfeil. Meldt til signalvakt.;;Jordfeil
10.03.2026;5804;Alnabru;Nei;00:04;3.0;BNHL034928;Krekling stasjon - Teknisk feil - KL - Annet Fører tog 715 meldte om løs hengetråd km. 86,9 mellom Krekling og Skollenborg. Strekningen Krekling - Skollenborg er sperret inntil videre. Kl-vakta reiser ut fra Hokksund kl. 18.05.;;Annet
10.03.2026;5811;Alnabru;Nei;00:28;2.0;BNHL034943;Grorud stasjon - Teknisk feil - Signal - Sporveksel Ikke kontroll på sporveksel 131A/B til venstre.;;Sporveksel/-sperre ikke i kontroll
11.03.2026;41971;Alnabru;Nei;00:26;83.0;;;;Fører
11.03.2026;5509;Alnabru;Nei;00:14;82.0;;;;
11.03.2026;5804;Alnabru;Nei;00:15;99.0;;;;Annet
12.03.2026;4911;Alnabru;Nei;00:10;82.0;;;;
12.03.2026;5301;Alnabru;Nei;00:26;82.0;;;;
12.03.2026;5511;Alnabru;Nei;00:23;92.0;BNHL035127;Trengereid stasjon - Værforhold - Skred Fører i VYT 1827 melder om veldig mye overvann og skred i spor 1 Trengereid. Sporet er sperret inntil videre og VYT 66 står på innkjør B i påvente at VYT 1827 skifter inn i tunnelen for å slippe VYT 66 forbi.;;Ras. stengt ved Trengereid
12.03.2026;5515;Alnabru;Nei;00:13;92.0;;;;Storm / Snøstorm
12.03.2026;5734;Alnabru;Nei;00:06;99.0;;;;Annet.
13.03.2026;5301;Alnabru;Nei;00:29;7.0;;;;«Uregistrert» / Ikke registrert forrige vakt
13.03.2026;5301;Alnabru;Nei;00:29;7.0;;;;«Uregistrert» / Ikke registrert forrige vakt
13.03.2026;5507;Alnabru;Nei;00:33;99.0;;;;Kø/Trafikk/Øvrig toggang. Følgeforsinkelse Bergensbanen dagen før pga uvær. (Mange sene tog inn påvirket avgang
13.03.2026;5515;Alnabru;Nei;00:38;99.0;;;;Kø/Trafikk/Øvrig toggang. Følgeforsinkelse Bergensbanen dagen før pga uvær. (Mange sene tog inn påvirket avgang
13.03.2026;5805;Alnabru;Nei;00:06;99.0;;;;Kø/Trafikk/Øvrig toggang. meldte seg klar tidlig, måtte vente på sin plass, og at tog 2151 passerte som ble fosinket grunnet nødanrop på Lørenskog
15.03.2026;49936;Alnabru;Nei;00:19;82.0;;;;
15.03.2026;8254;Alnabru;Nei;00:11;99.0;;;;Ikke plass på terminal/hensetting. CN Skifting i syd, legging av pil og håndstilte sporveksler tar tid, teminalen er full
16.03.2026;41900;Alnabru;Nei;00:40;82.0;;;;
16.03.2026;5301;Alnabru;Nei;00:32;82.0;;;;
16.03.2026;5506;Alnabru;Nei;00:05;82.0;;;;
16.03.2026;5507;Alnabru;Nei;00:07;99.0;;;;Annet. Forsinket pga. CN5266, skifting.
16.03.2026;5509;Alnabru;Nei;00:08;81.0;;;;Feil på vogn. Seine fra Alnabru, vente på plass Gjøvikbanen
16.03.2026;5511;Alnabru;Nei;00:24;82.0;;;;
16.03.2026;5515;Alnabru;Nei;00:16;82.0;;;;
16.03.2026;5733;Alnabru;Nei;00:20;82.0;;;;
16.03.2026;5801;Alnabru;Nei;00:07;2.0;BNHL035467;Oslo S (delstr.) stasjon - Teknisk feil - Signal - Jordfeil Full stans i trafikken ved Oslo S pga. stående jordfeil.;;Jordfeil
16.03.2026;5811;Alnabru;Nei;00:37;82.0;;;;
17.03.2026;41971;Alnabru;Nei;00:05;7.0;;;;Togleder/txp under opplæring. Ventet på signal fra togleder
17.03.2026;41971;Alnabru;Nei;00:05;7.0;;;;Togleder/txp under opplæring. Ventet på signal fra togleder
17.03.2026;4911;Alnabru;Nei;00:09;7.0;BNHL035569;Alnabru skiftestasjon (delstr.) stasjon - Ruteplanforutsetninger endret - Personalmangel Pga. personalmangel (signalgiver) kan ikke noen R-spor i syd-enden kunne brukes. Dette gjelder spesielt mot Grefsen.;;Manglende trafikkstyringspersonell
17.03.2026;4911;Alnabru;Nei;00:09;7.0;BNHL035569;Alnabru skiftestasjon (delstr.) stasjon - Ruteplanforutsetninger endret - Personalmangel Pga. personalmangel (signalgiver) kan ikke noen R-spor i syd-enden kunne brukes. Dette gjelder spesielt mot Grefsen.;;Manglende trafikkstyringspersonell
17.03.2026;5301;Alnabru;Nei;00:13;7.0;BNHL035569;Alnabru skiftestasjon (delstr.) stasjon - Ruteplanforutsetninger endret - Personalmangel Pga. personalmangel (signalgiver) kan ikke noen R-spor i syd-enden kunne brukes. Dette gjelder spesielt mot Grefsen.;;Manglende trafikkstyringspersonell
17.03.2026;5301;Alnabru;Nei;00:13;7.0;BNHL035569;Alnabru skiftestasjon (delstr.) stasjon - Ruteplanforutsetninger endret - Personalmangel Pga. personalmangel (signalgiver) kan ikke noen R-spor i syd-enden kunne brukes. Dette gjelder spesielt mot Grefsen.;;Manglende trafikkstyringspersonell
17.03.2026;5811;Alnabru;Nei;00:04;99.0;;;;Helhetsvurdering
18.03.2026;41900;Alnabru;Nei;03:38;93.0;BNHL035740;Årnes - Seterstøa - Uønsket hendelse - Påkjørsel av person Person påkjørt av tog;;Påkjørsel. Årnes stasjon stengt pga påkjørsel
18.03.2026;41971;Alnabru;Nei;00:20;99.0;;;;Kø/Trafikk/Øvrig toggang. ventet på ankommende tog 5506 og signalfall
18.03.2026;5801;Alnabru;Nei;00:04;99.0;;;;Helhetsvurdering
18.03.2026;5811;Alnabru;Nei;00:04;7.0;;;;«Uregistrert» / Ikke registrert forrige vakt
18.03.2026;5811;Alnabru;Nei;00:04;7.0;;;;«Uregistrert» / Ikke registrert forrige vakt
19.03.2026;41900;Alnabru;Nei;00:33;82.0;;;;
19.03.2026;41960;Alnabru;Nei;00:12;3.0;BNHL035847;Alnabru skiftestasjon (delstr.) stasjon - Teknisk feil - KL - Strømløst Strømløst etter et smell i kjøreledningen. Revisjonsvogn er på plass.;;Strømløst / Redusert kapasitet
19.03.2026;41971;Alnabru;Nei;00:29;3.0;BNHL035847;Alnabru skiftestasjon (delstr.) stasjon - Teknisk feil - KL - Strømløst Strømløst etter et smell i kjøreledningen. Revisjonsvogn er på plass.;;Strømløst / Redusert kapasitet
19.03.2026;4911;Alnabru;Nei;00:17;5.0;;;;Annet. Meldte seg klar 0928, rett før avgangstiden til 5801
19.03.2026;5507;Alnabru;Nei;00:57;3.0;BNHL035847;Alnabru skiftestasjon (delstr.) stasjon - Teknisk feil - KL - Strømløst Strømløst etter et smell i kjøreledningen. Revisjonsvogn er på plass.;;Strømløst / Redusert kapasitet
19.03.2026;5509;Alnabru;Nei;00:17;3.0;BNHL035847;Alnabru skiftestasjon (delstr.) stasjon - Teknisk feil - KL - Strømløst Strømløst etter et smell i kjøreledningen. Revisjonsvogn er på plass.;;Strømløst / Redusert kapasitet
19.03.2026;5510;Alnabru;Nei;00:10;7.0;;;;«Uregistrert» / Ikke registrert forrige vakt
19.03.2026;5510;Alnabru;Nei;00:10;7.0;;;;«Uregistrert» / Ikke registrert forrige vakt
19.03.2026;5511;Alnabru;Nei;00:27;3.0;BNHL035847;Alnabru skiftestasjon (delstr.) stasjon - Teknisk feil - KL - Strømløst Strømløst etter et smell i kjøreledningen. Revisjonsvogn er på plass. Oppdatering klokka 12:45.;;Strømløst / Redusert kapasitet
19.03.2026;5515;Alnabru;Nei;00:13;99.0;;;;Kø/Trafikk/Øvrig toggang
19.03.2026;5707;Alnabru;Nei;00:04;3.0;BNHL035847;Alnabru skiftestasjon (delstr.) stasjon - Teknisk feil - KL - Strømløst Strømløst etter et smell i kjøreledningen. Revisjonsvogn er på plass.;;Strømløst / Redusert kapasitet
19.03.2026;5709;Alnabru;Nei;00:46;82.0;;;;
19.03.2026;5733;Alnabru;Nei;00:33;3.0;BNHL035847;Alnabru skiftestasjon (delstr.) stasjon - Teknisk feil - KL - Strømløst Strømløst etter et smell i kjøreledningen. Revisjonsvogn er på plass. Oppdatering klokka 12:45.;;Strømløst / Redusert kapasitet
19.03.2026;5735;Alnabru;Nei;00:35;3.0;BNHL035847;Alnabru skiftestasjon (delstr.) stasjon - Teknisk feil - KL - Strømløst Strømløst etter et smell i kjøreledningen. Revisjonsvogn er på plass. Oppdatering klokka 12:45.;;Strømløst / Redusert kapasitet
19.03.2026;5805;Alnabru;Nei;00:32;3.0;BNHL035847;Alnabru skiftestasjon (delstr.) stasjon - Teknisk feil - KL - Strømløst Strømløst etter et smell i kjøreledningen. Revisjonsvogn er på plass.;;Strømløst / Redusert kapasitet
20.03.2026;5301;Alnabru;Nei;00:22;82.0;;;;Meldte seg klar sent
20.03.2026;5509;Alnabru;Nei;00:27;82.0;;;;
20.03.2026;5515;Alnabru;Nei;00:07;82.0;;;;Meldt klar etter avgtid.
20.03.2026;5801;Alnabru;Nei;00:19;99.0;;;;Kø/Trafikk/Øvrig toggang
20.03.2026;8286;Alnabru;Nei;00:05;99.0;;;;Kø/Trafikk/Øvrig toggang
21.03.2026;5736;Alnabru;Nei;00:04;99.0;BNHL036140;Lillestrøm - Frogner - Uønsket hendelse - Brann (TH3) Meldt om røyk og mulig brann i tilknytning til hjulene på et 300 meter langt tømmertog. Brannvesenet varsles. De skal være på plass om ca. 10 min.;;Annet
22.03.2026;5811;Alnabru;Nei;00:14;99.0;;;;Kø/Trafikk/Øvrig toggang
23.03.2026;5708;Alnabru;Nei;00:05;7.0;;;;«Uregistrert» / Ikke registrert forrige vakt
23.03.2026;5708;Alnabru;Nei;00:05;7.0;;;;«Uregistrert» / Ikke registrert forrige vakt
23.03.2026;8271;Alnabru;Nei;00:12;82.0;;;;
24.03.2026;5801;Alnabru;Nei;00:18;1.0;;;;Feil på terminaler/hensettingsområde. Tavlelog: Problem med kran
24.03.2026;85507;Alnabru;Nei;00:11;82.0;;;;Meldte seg klar etter avgangstid.
25.03.2026;41913;Alnabru;Nei;00:06;7.0;;;;«Uregistrert» / Ikke registrert forrige vakt
25.03.2026;41913;Alnabru;Nei;00:06;7.0;;;;«Uregistrert» / Ikke registrert forrige vakt
25.03.2026;5301;Alnabru;Nei;00:23;93.0;BNHL036180;Alnabru skiftestasjon (delstr.) stasjon - Uønsket hendelse - Avsporing (TH7) TXP melder om avsporing med ett lok (lok nr 2) i sporveksel 23 eller 26 i sydenden av Alnabru.;;Avsporing
25.03.2026;5731;Alnabru;Nei;00:20;7.0;;;;Feil i ruteplan
25.03.2026;5731;Alnabru;Nei;00:20;7.0;;;;Feil i ruteplan
25.03.2026;5733;Alnabru;Nei;00:07;93.0;BNHL036180;Alnabru skiftestasjon (delstr.) stasjon - Uønsket hendelse - Avsporing (TH7) TXP melder om avsporing med ett lok (lok nr 2) i sporveksel 23 eller 26 i sydenden av Alnabru.;;Avsporing
25.03.2026;5801;Alnabru;Nei;00:34;7.0;;;;Annet
25.03.2026;5801;Alnabru;Nei;00:34;7.0;;;;Annet
25.03.2026;85507;Alnabru;Nei;00:12;7.0;;;;Feil i ruteplan
25.03.2026;85507;Alnabru;Nei;00:12;7.0;;;;Feil i ruteplan
25.03.2026;85509;Alnabru;Nei;00:06;93.0;BNHL036180;Alnabru skiftestasjon (delstr.) stasjon - Uønsket hendelse - Avsporing (TH7) TXP melder om avsporing med ett lok (lok nr 2) i sporveksel 23 eller 26 i sydenden av Alnabru.;;Avsporing
25.03.2026;85510;Alnabru;Nei;01:01;7.0;;;;«Uregistrert» / Ikke registrert forrige vakt
25.03.2026;85510;Alnabru;Nei;01:01;7.0;;;;«Uregistrert» / Ikke registrert forrige vakt
25.03.2026;85511;Alnabru;Nei;00:16;93.0;BNHL036180;Alnabru skiftestasjon (delstr.) stasjon - Uønsket hendelse - Avsporing (TH7) TXP melder om avsporing med ett lok (lok nr 2) i sporveksel 23 eller 26 i sydenden av Alnabru.;;Avsporing. sent påsatt lok
25.03.2026;85531;Alnabru;Nei;00:30;7.0;;;;Feil i ruteplan
25.03.2026;85531;Alnabru;Nei;00:30;7.0;;;;Feil i ruteplan
25.03.2026;85532;Alnabru;Nei;00:04;99.0;;;;Kø/Trafikk/Øvrig toggang. følgeforsinkel
26.03.2026;41960;Alnabru;Nei;00:09;93.0;BNHL036180;Alnabru skiftestasjon (delstr.) stasjon - Uønsket hendelse - Avsporing (TH7) TXP melder om avsporing med ett lok (lok nr 2) i sporveksel 23 eller 26 i sydenden av Alnabru.;;Avsporing. Tavlelog: Sent skifting pga setngt mot grefsenlinja
26.03.2026;41971;Alnabru;Nei;00:22;93.0;BNHL036180;Alnabru skiftestasjon (delstr.) stasjon - Uønsket hendelse - Avsporing (TH7) TXP melder om avsporing med ett lok (lok nr 2) i sporveksel 23 eller 26 i sydenden av Alnabru.;;Avsporing. Tavlelog: Sent skifting pga setngt mot grefsenlinja
26.03.2026;5301;Alnabru;Nei;00:34;99.0;;;;Kø/Trafikk/Øvrig toggang. Tavlelog: Kø i skifting pga. feil sperring i syd
26.03.2026;85507;Alnabru;Nei;00:15;93.0;BNHL036180;Alnabru skiftestasjon (delstr.) stasjon - Uønsket hendelse - Avsporing (TH7) TXP melder om avsporing med ett lok (lok nr 2) i sporveksel 23 eller 26 i sydenden av Alnabru.;;Avsporing. Meldt klar etter avgtid.
27.03.2026;41900;Alnabru;Nei;00:09;99.0;;;;Kø/Trafikk/Øvrig toggang
27.03.2026;5301;Alnabru;Nei;00:14;99.0;;;;Kø/Trafikk/Øvrig toggang
27.03.2026;5509;Alnabru;Nei;00:15;7.0;;;;Feil i trafikkavvikling. Tavlelog: Lok kom på feil spor
27.03.2026;5509;Alnabru;Nei;00:15;7.0;;;;Feil i trafikkavvikling. Tavlelog: Lok kom på feil spor
27.03.2026;5731;Alnabru;Nei;00:22;82.0;;;;
27.03.2026;5734;Alnabru;Nei;00:14;7.0;;;;«Uregistrert» / Ikke registrert forrige vakt
27.03.2026;5734;Alnabru;Nei;00:14;7.0;;;;«Uregistrert» / Ikke registrert forrige vakt
27.03.2026;5811;Alnabru;Nei;00:37;82.0;;;;
28.03.2026;5736;Alnabru;Nei;00:06;999.0;;;;
29.03.2026;81960;Alnabru;Nei;00:26;82.0;;;;
30.03.2026;5507;Alnabru;Nei;00:19;1.0;;;;Annet. Måtte vente på pakkmaskin 54003 som ikke ble ferdig som avtalt.
30.03.2026;5515;Alnabru;Nei;00:14;5.0;;;;Kapasitetsbegrensninger
30.03.2026;5531;Alnabru;Nei;00:57;83.0;;;;Fører. Tavlelog: Sykdom fører
30.03.2026;85801;Alnabru;Nei;00:10;5.0;;;;Kapasitetsbegrensninger. All trafikk og skifting i syd fordi Drammensbanen er stengt.
31.03.2026;4911;Alnabru;Nei;01:02;5.0;;;;Kapasitetsbegrensninger
01.04.2026;85811;Alnabru;Nei;01:36;3.0;BNHL037331;Skotselv stasjon - Teknisk feil - KL - Annet KL nedfall? Brann i terreng?;;Annet
07.04.2026;4911;Alnabru;Nei;06:48;93.0;BNHL037673;Alnabanen - Uønsket hendelse - Skifteuhell (H8) Meldt at tog har køyrd opp ein veksel under lokal skifting.;;Avsporing
07.04.2026;4912;Alnabru;Nei;00:12;93.0;BNHL037673;Alnabanen - Uønsket hendelse - Skifteuhell (H8) Meldt at tog har køyrd opp veksel 27AC under lokal skifting.;;Annet. 4911 fikk ikke tilført lok i alnabru pga avsporing /redusert sportilgang
07.04.2026;5731;Alnabru;Nei;00:06;99.0;;;;Ikke plass på terminal/hensetting
07.04.2026;5811;Alnabru;Nei;00:56;86.0;BNHL037786;Bergheim - Nesbyen - Uønsket hendelse - Røykutvikling i tog (H13) VYT 602 melder om røykutvikling i bakerste vogn toget. OA evakuerer toget ved gamle Bromma stasjon ved km 173,5.;;
08.04.2026;41900;Alnabru;Nei;00:09;82.0;;;;
08.04.2026;41960;Alnabru;Nei;00:09;99.0;;;;Kø/Trafikk/Øvrig toggang
08.04.2026;41971;Alnabru;Nei;00:18;99.0;;;;Kø/Trafikk/Øvrig toggang
08.04.2026;5301;Alnabru;Nei;00:17;82.0;;;;Ventet på vogn opptak
08.04.2026;5510;Alnabru;Nei;00:16;86.0;BNHL037786;Bergheim - Nesbyen - Uønsket hendelse - Røykutvikling i tog (H13) VYT 602 melder om røykutvikling i bakerste vogn toget. OA evakuerer toget ved gamle Bromma stasjon ved km 173,5.;;
08.04.2026;5511;Alnabru;Nei;03:03;86.0;BNHL037786;Bergheim - Nesbyen - Uønsket hendelse - Røykutvikling i tog (H13) VYT 602 melder om røykutvikling i bakerste vogn toget. OA evakuerer toget ved gamle Bromma stasjon ved km 173,5.;;Brann på Bergensbanen
08.04.2026;5512;Alnabru;Nei;00:46;86.0;BNHL037786;Bergheim - Nesbyen - Uønsket hendelse - Røykutvikling i tog (H13) VYT 602 melder om røykutvikling i bakerste vogn toget. OA evakuerer toget ved gamle Bromma stasjon ved km 173,5.;;
08.04.2026;5515;Alnabru;Nei;00:55;86.0;BNHL037786;Bergheim - Nesbyen - Uønsket hendelse - Røykutvikling i tog (H13) VYT 602 melder om røykutvikling i bakerste vogn toget. OA evakuerer toget ved gamle Bromma stasjon ved km 173,5.;;Brann Bergensbanen
08.04.2026;5531;Alnabru;Nei;00:51;82.0;;;;
08.04.2026;5801;Alnabru;Nei;00:23;82.0;;;;
09.04.2026;5801;Alnabru;Nei;00:09;82.0;;;;
09.04.2026;5806;Alnabru;Nei;00:07;999.0;;;;
09.04.2026;5811;Alnabru;Nei;00:04;7.0;;;;Annet. Lokaltog ble prioritert
09.04.2026;5811;Alnabru;Nei;00:04;7.0;;;;Annet. Lokaltog ble prioritert
10.04.2026;5507;Alnabru;Nei;00:11;82.0;;;;ventet på lastpapirer
10.04.2026;5511;Alnabru;Nei;00:40;82.0;;;;Måtte vente på lok.
10.04.2026;5515;Alnabru;Nei;00:36;82.0;;;;
10.04.2026;5801;Alnabru;Nei;00:04;99.0;;;;Annet. meldte seg klar 20 min tidlig, men ble stående vente på signal
12.04.2026;5717;Alnabru;Nei;00:15;81.0;;;;Feil på trekkraftkjøretøy
13.04.2026;5531;Alnabru;Nei;00:08;99.0;;;;Kø/Trafikk/Øvrig toggang
13.04.2026;5733;Alnabru;Nei;00:18;82.0;;;;
13.04.2026;5801;Alnabru;Nei;00:07;99.0;;;;Kø/Trafikk/Øvrig toggang
14.04.2026;41900;Alnabru;Nei;00:37;2.0;BNHL038516;Oslo S (delstr.) stasjon - Teknisk feil - Signal - Jordfeil Jordfeil på Oslo S. Togveier som ikke ville løse ut: 210 - 107 134 - 156 996 - 244 258 - 926 196 - 210 902 - 936;;Jordfeil
14.04.2026;4911;Alnabru;Nei;00:08;99.0;;;;Kø/Trafikk/Øvrig toggang. Kø til skifting i syd
14.04.2026;5301;Alnabru;Nei;00:21;82.0;;;;
14.04.2026;5507;Alnabru;Nei;00:30;3.0;;;;Annet. generisk kontroll av kontaktlednings anlegget medførte frakoblet gruppe 1 gruppe 2 og gruppe 5 til klokken 12.15
14.04.2026;5509;Alnabru;Nei;00:07;99.0;;;;Kø/Trafikk/Øvrig toggang
15.04.2026;41960;Alnabru;Nei;01:56;2.0;BNHL038649;Strømmen stasjon - Teknisk feil - Signal - Sporveksel 153AB veksel tar ikke kommando enkeltsporet drift;;Sporveksel/-sperre ikke i kontroll
15.04.2026;5702;Alnabru;Nei;00:15;999.0;;;;
15.04.2026;5730;Alnabru;Nei;00:36;99.0;;;;Annet. Bestilt ned Alfaset av skiftere. Måtte stå i spor 3 på Grorud i påvente av at dem ble ferdig med skifting.
16.04.2026;5301;Alnabru;Nei;00:15;99.0;;;;Kø/Trafikk/Øvrig toggang. .
16.04.2026;5507;Alnabru;Nei;00:15;2.0;;;;Annet
16.04.2026;5508;Alnabru;Nei;00:04;7.0;;;;«Uregistrert» / Ikke registrert forrige vakt
16.04.2026;5508;Alnabru;Nei;00:04;7.0;;;;«Uregistrert» / Ikke registrert forrige vakt
16.04.2026;5707;Alnabru;Nei;00:05;99.0;;;;Kø/Trafikk/Øvrig toggang. .
16.04.2026;5801;Alnabru;Nei;00:19;4.0;;;;Feil på TOS/GOS. Tavlelogg: Datafeil/TOS. (R206 ikke klar i tide. Problemer med transitt i TOS.)
16.04.2026;5811;Alnabru;Nei;00:10;82.0;;;;
16.04.2026;81971;Alnabru;Nei;00:19;82.0;;;;
17.04.2026;41900;Alnabru;Nei;00:15;82.0;;;;Meldt klar etter avgtid.
17.04.2026;5515;Alnabru;Nei;00:24;7.0;;;;«Uregistrert» / Ikke registrert forrige vakt
17.04.2026;5515;Alnabru;Nei;00:24;7.0;;;;«Uregistrert» / Ikke registrert forrige vakt
17.04.2026;5805;Alnabru;Nei;00:28;99.0;;;;Kø/Trafikk/Øvrig toggang
19.04.2026;41950;Alnabru;Nei;00:16;86.0;;;;Sperret av CNs skift 39001 med trøbbel med skiftelok
20.04.2026;5507;Alnabru;Nei;00:04;999.0;;;;
21.04.2026;5301;Alnabru;Nei;00:10;81.0;;;;Feil på vogn
21.04.2026;5510;Alnabru;Nei;00:07;1.0;;;;Feil på sporet. Belegg
21.04.2026;5811;Alnabru;Nei;00:07;99.0;;;;Helhetsvurdering. Togleder prioriterte litt seint lokaltog (2267)
22.04.2026;41900;Alnabru;Nei;00:17;91.0;;;;
22.04.2026;5509;Alnabru;Nei;00:07;99.0;;;;Kø/Trafikk/Øvrig toggang
22.04.2026;5531;Alnabru;Nei;00:07;99.0;;;;Kø/Trafikk/Øvrig toggang. .
22.04.2026;5735;Alnabru;Nei;00:48;81.0;;;;Feil på trekkraftkjøretøy
23.04.2026;5507;Alnabru;Nei;00:20;82.0;;;;Meldt klar etter avgtid.
23.04.2026;5509;Alnabru;Nei;01:05;86.0;BNHL039593;Bryn - Godstogsporet st. - Uønsket hendelse - Røykutvikling i tog (H13) Onrail 25943 melder om røykutvikling i toget ved innkjør Bryn. Brann og Redningstoget er varslet.;;
23.04.2026;5511;Alnabru;Nei;00:23;86.0;BNHL039593;Bryn - Godstogsporet st. - Uønsket hendelse - Røykutvikling i tog (H13) Onrail 25943 melder om røykutvikling i toget ved innkjør Bryn. Brann og Redningstoget er varslet.;;
23.04.2026;5515;Alnabru;Nei;00:18;86.0;BNHL039593;Bryn - Godstogsporet st. - Uønsket hendelse - Røykutvikling i tog (H13) Onrail 25943 melder om røykutvikling i toget ved innkjør Bryn. Brann og Redningstoget er varslet.;;
23.04.2026;5805;Alnabru;Nei;00:11;86.0;BNHL039593;Bryn - Godstogsporet st. - Uønsket hendelse - Røykutvikling i tog (H13) Onrail 25943 melder om røykutvikling i toget ved innkjør Bryn. Brann og Redningstoget er varslet.;;
23.04.2026;5811;Alnabru;Nei;00:49;86.0;BNHL039593;Bryn - Godstogsporet st. - Uønsket hendelse - Røykutvikling i tog (H13) Onrail 25943 melder om røykutvikling i toget ved innkjør Bryn. Brann og Redningstoget er varslet.;;
24.04.2026;5515;Alnabru;Nei;00:06;86.0;BNHL039593;Bryn - Godstogsporet st. - Uønsket hendelse - Røykutvikling i tog (H13) Onrail 25943 melder om røykutvikling i toget ved innkjør Bryn. Brann og Redningstoget er varslet.;;
24.04.2026;5733;Alnabru;Nei;00:10;82.0;;;;
24.04.2026;5801;Alnabru;Nei;00:06;99.0;;;;Helhetsvurdering
27.04.2026;5301;Alnabru;Nei;00:13;99.0;BNHL039899;Fåberg - Øyer - Teknisk feil - KL - Annet Fåberg - Øyer. Ett tre falt ned på kontaktledningen akkurat når tog 43 kom Hunderfossen Hlp. km.198,5. Toget står i ro ved plattform. Mannskap fra KL og bane er på vei til stedet.;;Kø/Trafikk/Øvrig toggang. Tavlelogg: Sent lok fra innkommende tog, 5714.
27.04.2026;5801;Alnabru;Nei;00:05;7.0;;;;Feil i ruteplan
27.04.2026;5801;Alnabru;Nei;00:05;7.0;;;;Feil i ruteplan
27.04.2026;85511;Alnabru;Nei;00:04;82.0;;;;Meldte seg klar 2 min etter rute, fikk en rask pil ut sløyfa før kjøretillatelse
28.04.2026;41971;Alnabru;Nei;00:10;7.0;;;;Feil i trafikkavvikling. Togleder prioriterte tog før rute inn til Alnabru
28.04.2026;41971;Alnabru;Nei;00:10;7.0;;;;Feil i trafikkavvikling. Togleder prioriterte tog før rute inn til Alnabru
28.04.2026;4911;Alnabru;Nei;00:07;82.0;;;;skifting
28.04.2026;5507;Alnabru;Nei;00:09;82.0;;;;
28.04.2026;5509;Alnabru;Nei;00:07;99.0;;;;Kø/Trafikk/Øvrig toggang. Tavlelog: Sent innkommende tog fra Bergen, alle kveldstogene måtte spissnus.
28.04.2026;5511;Alnabru;Nei;00:27;99.0;;;;Kø/Trafikk/Øvrig toggang. Tavlelog: Sent innkommende tog fra Bergen, alle kveldstogene måtte spissnus.
28.04.2026;5801;Alnabru;Nei;01:03;82.0;;;;sent lastet
28.04.2026;5804;Alnabru;Nei;00:05;99.0;;;;Kø/Trafikk/Øvrig toggang
28.04.2026;5805;Alnabru;Nei;00:07;7.0;;;;Feil i trafikkavvikling. Togleder prioriterte tog før rute inn til Alnabru
28.04.2026;5805;Alnabru;Nei;00:07;7.0;;;;Feil i trafikkavvikling. Togleder prioriterte tog før rute inn til Alnabru
29.04.2026;5511;Alnabru;Nei;00:23;99.0;;;;Kø/Trafikk/Øvrig toggang
29.04.2026;5801;Alnabru;Nei;00:18;82.0;;;;Meldte seg klar etter avgangstid
29.04.2026;5805;Alnabru;Nei;01:13;85.0;;;;Kjørte med annet kjøretøy enn oppsatt i ruteplan. måtte ha med ekstra lok
29.04.2026;81971;Alnabru;Nei;00:37;82.0;;;;
30.04.2026;4911;Alnabru;Nei;00:19;99.0;;;;Ikke plass på terminal/hensetting
30.04.2026;5735;Alnabru;Nei;00:17;7.0;;;;«Uregistrert» / Ikke registrert forrige vakt
30.04.2026;5735;Alnabru;Nei;00:17;7.0;;;;«Uregistrert» / Ikke registrert forrige vakt
30.04.2026;5801;Alnabru;Nei;00:05;7.0;;;;«Uregistrert» / Ikke registrert forrige vakt
30.04.2026;5801;Alnabru;Nei;00:05;7.0;;;;«Uregistrert» / Ikke registrert forrige vakt
30.04.2026;81971;Alnabru;Nei;00:06;99.0;;;25072.0;Kø/Trafikk/Øvrig toggang
30.04.2026;85512;Alnabru;Nei;00:24;1.0;BNHL040423;Eriksrud stasjon (Teknisk stasjon) - Feil på kjøretøy - Arbeidstog med feil sperrer sporet Ny oppdsattering kl. 04:00;55482.0;Arbeidstog som hindrer annen trafikk
04.05.2026;42911;Alnabru;Nei;00:26;82.0;;;;
04.05.2026;5507;Alnabru;Nei;00:16;82.0;;;;
04.05.2026;5511;Alnabru;Nei;00:10;81.0;;;;Feil på vogn
04.05.2026;5515;Alnabru;Nei;00:15;82.0;;;;
04.05.2026;5733;Alnabru;Nei;00:08;82.0;;;;
04.05.2026;85070;Alnabru;Nei;00:19;7.0;;;;«Uregistrert» / Ikke registrert forrige vakt
04.05.2026;85070;Alnabru;Nei;00:19;7.0;;;;«Uregistrert» / Ikke registrert forrige vakt
05.05.2026;41971;Alnabru;Nei;00:19;99.0;;;;Kø/Trafikk/Øvrig toggang. Tavlelog: Kø ut fra terminalen
05.05.2026;5507;Alnabru;Nei;00:05;99.0;;;;Kø/Trafikk/Øvrig toggang
05.05.2026;5702;Alnabru;Nei;00:09;2.0;BNHL040950;Strandlykkja stasjon - Teknisk feil - Signal - Sporveksel Hvit veksel. Sporveksel 4.;;Sporveksel/-sperre ikke i kontroll
05.05.2026;5805;Alnabru;Nei;00:07;2.0;BNHL040950;Strandlykkja stasjon - Teknisk feil - Signal - Sporveksel Hvit veksel. Sporveksel 4.;;Sporveksel/-sperre ikke i kontroll
06.05.2026;42945;Alnabru;Nei;00:04;5.0;;;;Kapasitetsbegrensninger. BN-K308304
06.05.2026;42959;Alnabru;Nei;00:19;7.0;;;;Feil i ruteplan
06.05.2026;42959;Alnabru;Nei;00:19;7.0;;;;Feil i ruteplan
06.05.2026;5301;Alnabru;Nei;00:07;5.0;;;;Kapasitetsbegrensninger. BN-K308304
06.05.2026;5507;Alnabru;Nei;00:05;82.0;;;;Meldte seg klar kl 1227
06.05.2026;85510;Alnabru;Nei;00:04;7.0;;;;«Uregistrert» / Ikke registrert forrige vakt
06.05.2026;85510;Alnabru;Nei;00:04;7.0;;;;«Uregistrert» / Ikke registrert forrige vakt
07.05.2026;41914;Alnabru;Nei;00:08;82.0;;;;
07.05.2026;41960;Alnabru;Nei;00:13;99.0;;;;Kø/Trafikk/Øvrig toggang. Tavlelog: Ventet på skifting hos Onrail
07.05.2026;4911;Alnabru;Nei;00:13;99.0;;;;Kø/Trafikk/Øvrig toggang
07.05.2026;5301;Alnabru;Nei;00:37;82.0;;;;
07.05.2026;5507;Alnabru;Nei;00:37;82.0;;;;
07.05.2026;5509;Alnabru;Nei;00:30;99.0;;;;Kø/Trafikk/Øvrig toggang. Tavlelog: Kø i skifting.
07.05.2026;5707;Alnabru;Nei;00:25;82.0;;;;meldte seg klar kl 1735
07.05.2026;5731;Alnabru;Nei;00:20;82.0;;;;
07.05.2026;5801;Alnabru;Nei;00:09;82.0;;;;
08.05.2026;5301;Alnabru;Nei;00:08;82.0;;;;Ventet på vogn opptak
08.05.2026;5811;Alnabru;Nei;00:04;7.0;;;;Annet. Var klar kl 21, togleder tok ikke før
08.05.2026;5811;Alnabru;Nei;00:04;7.0;;;;Annet. Var klar kl 21, togleder tok ikke før
10.05.2026;5523;Alnabru;Nei;01:23;81.0;;;;Feil på trekkraftkjøretøy. Meldte seg klar etter avgangstid
11.05.2026;41914;Alnabru;Nei;00:07;83.0;;;;Fører. Meldt klar etter avgtid.
11.05.2026;41971;Alnabru;Nei;00:14;81.0;;;;Feil på trekkraftkjøretøy
11.05.2026;5531;Alnabru;Nei;00:08;83.0;;;;Fører. Meldt klar etter avgtid.
11.05.2026;5733;Alnabru;Nei;00:07;99.0;;;;Kø/Trafikk/Øvrig toggang. Tavlelog: Terminalforhold. Lok fra OnRail stod i tunnelen og sperret.
11.05.2026;5805;Alnabru;Nei;00:11;7.0;;;;Feil i trafikkavvikling. Tavlelog: Trafikkstyring (TXP/Togleder) Sendte SRE før 5805.
11.05.2026;5805;Alnabru;Nei;00:11;7.0;;;;Feil i trafikkavvikling. Tavlelog: Trafikkstyring (TXP/Togleder) Sendte SRE før 5805.
12.05.2026;41977;Alnabru;Nei;00:06;82.0;;;;
12.05.2026;5509;Alnabru;Nei;00:43;94.0;;;;Oppkjørt veksel. BNHL041923: CN 39000 kjørte opp veksel foran toget.
12.05.2026;5511;Alnabru;Nei;00:34;94.0;;;;Oppkjørt veksel. BNHL041923
12.05.2026;5515;Alnabru;Nei;00:04;7.0;;;;«Uregistrert» / Ikke registrert forrige vakt
12.05.2026;5515;Alnabru;Nei;00:04;7.0;;;;«Uregistrert» / Ikke registrert forrige vakt
12.05.2026;5801;Alnabru;Nei;00:04;99.0;;;;Kø/Trafikk/Øvrig toggang.
13.05.2026;5507;Alnabru;Nei;00:21;82.0;;;;
13.05.2026;5509;Alnabru;Nei;00:05;82.0;;;;Meldte seg klar etter avgangstid
15.05.2026;41904;Alnabru;Nei;00:20;7.0;;;;Annet. tavlelog: Problemer med å legge inn BaneNor vogner og lok i R206 i FIDO
15.05.2026;41904;Alnabru;Nei;00:20;7.0;;;;Annet. tavlelog: Problemer med å legge inn BaneNor vogner og lok i R206 i FIDO
15.05.2026;44800;Alnabru;Nei;01:18;82.0;;;;Måtte vente på 8254.
18.05.2026;5506;Alnabru;Nei;00:05;7.0;;;;Annet. 5805 litt sen. rakk ikke pil inn i tide
18.05.2026;5506;Alnabru;Nei;00:05;7.0;;;;Annet. 5805 litt sen. rakk ikke pil inn i tide
18.05.2026;85070;Alnabru;Nei;00:08;82.0;;;;Kom sent, pluss skifting.
19.05.2026;41904;Alnabru;Nei;00:05;82.0;;;;skift 39010 forsinket lok pga skifting , og sperret for annen trafikk
19.05.2026;4911;Alnabru;Nei;00:08;82.0;;;;meldte seg klar 0926
19.05.2026;5735;Alnabru;Nei;00:21;99.0;;;;Kø/Trafikk/Øvrig toggang.
20.05.2026;41960;Alnabru;Nei;00:18;83.0;;;;Fører. Ventet på lokfører som stod fast i en låst trafikksituasjon grunnet ulykke.
20.05.2026;5509;Alnabru;Nei;00:06;82.0;;;;
20.05.2026;5515;Alnabru;Nei;02:09;83.0;;;;Fører. Fører måtte kjøre ekstralok 28003/28002 tur/retur Jessheim
20.05.2026;5806;Alnabru;Nei;00:07;999.0;;;;
20.05.2026;5811;Alnabru;Nei;00:05;7.0;;;;Feil i ruteplan. avgangstid alnabru stemmer ikke med avgang brobekk
20.05.2026;5811;Alnabru;Nei;00:05;7.0;;;;Feil i ruteplan. avgangstid alnabru stemmer ikke med avgang brobekk
21.05.2026;5731;Alnabru;Nei;00:13;82.0;;;;
21.05.2026;5732;Alnabru;Nei;00:04;7.0;;;;«Uregistrert» / Ikke registrert forrige vakt
21.05.2026;5732;Alnabru;Nei;00:04;7.0;;;;«Uregistrert» / Ikke registrert forrige vakt
21.05.2026;5801;Alnabru;Nei;00:22;82.0;;;;
22.05.2026;5507;Alnabru;Nei;00:10;83.0;;;;Annet
24.05.2026;41915;Alnabru;Nei;00:07;7.0;;;;«Uregistrert» / Ikke registrert forrige vakt
24.05.2026;41915;Alnabru;Nei;00:07;7.0;;;;«Uregistrert» / Ikke registrert forrige vakt
24.05.2026;41941;Alnabru;Nei;00:11;7.0;;;;Feil i trafikkavvikling. Løslok kjørt opp fra Loenga før tiden
24.05.2026;41941;Alnabru;Nei;00:11;7.0;;;;Feil i trafikkavvikling. Løslok kjørt opp fra Loenga før tiden
25.05.2026;41971;Alnabru;Nei;00:34;83.0;;;;Fører
25.05.2026;5811;Alnabru;Nei;00:06;7.0;;;;«Uregistrert» / Ikke registrert forrige vakt
25.05.2026;5811;Alnabru;Nei;00:06;7.0;;;;«Uregistrert» / Ikke registrert forrige vakt
26.05.2026;41971;Alnabru;Nei;00:14;82.0;;;;Tekniske problemer(nødbrems).
26.05.2026;5801;Alnabru;Nei;00:07;81.0;;;;Feil på ATC-system i kjøretøyet
27.05.2026;5302;Alnabru;Nei;00:09;82.0;;;;
27.05.2026;5531;Alnabru;Nei;00:12;82.0;;;;
27.05.2026;5733;Alnabru;Nei;00:06;99.0;;;;Kø/Trafikk/Øvrig toggang. tog 5734 måtte gå over Alfaset
27.05.2026;8251;Alnabru;Nei;00:25;7.0;;;;Feil i trafikkavvikling
27.05.2026;8251;Alnabru;Nei;00:25;7.0;;;;Feil i trafikkavvikling
28.05.2026;4912;Alnabru;Nei;00:17;7.0;;;;«Uregistrert» / Ikke registrert forrige vakt
28.05.2026;4912;Alnabru;Nei;00:17;7.0;;;;«Uregistrert» / Ikke registrert forrige vakt
28.05.2026;5301;Alnabru;Nei;00:04;7.0;;;;Feil i trafikkavvikling. signalgiver i syd på Alnabru la ikke veksler til riktig spor
28.05.2026;5301;Alnabru;Nei;00:04;7.0;;;;Feil i trafikkavvikling. signalgiver i syd på Alnabru la ikke veksler til riktig spor
28.05.2026;5801;Alnabru;Nei;00:11;1.0;BNHL043892;Alnabru skiftestasjon (delstr.) stasjon - Teknisk feil - Signal - Sporveksel Txp har ikke kontroll på sporveksel 21 og 27BD. Hastesak.;;Feil på sporet. Sporvekel 21 og 27 b-d ute av kontroll. Hindret trafikk, måtte vente på feilretting.
28.05.2026;5811;Alnabru;Nei;00:04;82.0;;;;Meldt klar sent.
28.05.2026;81914;Alnabru;Nei;00:14;82.0;;;;
28.05.2026;85263;Alnabru;Nei;00:13;82.0;;;;Manglet vognopptak.
29.05.2026;4902;Alnabru;Nei;00:12;99.0;;;;Kø/Trafikk/Øvrig toggang. Klar i tide, men ble holdt igjen pga skifting i syd (kø)
29.05.2026;5301;Alnabru;Nei;01:35;82.0;;;;feil i vognopptak
29.05.2026;5801;Alnabru;Nei;01:20;1.0;;;;Feil på terminaler/hensettingsområde. feil med kran
29.05.2026;5811;Alnabru;Nei;00:05;82.0;;;;
30.05.2026;41915;Alnabru;Nei;00:05;91.0;;;;
31.05.2026;41951;Alnabru;Nei;00:30;82.0;;;;Meldte seg klar 14:30
01.06.2026;5507;Alnabru;Nei;00:46;81.0;;;;Feil på trekkraftkjøretøy
01.06.2026;5511;Alnabru;Nei;00:23;82.0;;;;
02.06.2026;5801;Alnabru;Nei;00:33;83.0;;;;Annet. Forsinkelse i lasting av toget.
04.06.2026;4911;Alnabru;Nei;00:32;82.0;;;;
04.06.2026;4912;Alnabru;Nei;00:04;86.0;BNHL044787;Vevelstad - Feil på kjøretøy - Tog med feil sperrer sporet Tog 2740 har tekniske problemer og sperrer hovedspor Ski- Oslo.;2740.0;
04.06.2026;5301;Alnabru;Nei;00:07;99.0;;;;Kø/Trafikk/Øvrig toggang. Måtte vente på forsinket lokaltog.
04.06.2026;85709;Alnabru;Nei;00:18;82.0;;;;
04.06.2026;85734;Alnabru;Nei;00:05;99.0;;;;Helhetsvurdering
05.06.2026;5506;Alnabru;Nei;00:06;999.0;;;;
05.06.2026;8253;Alnabru;Nei;00:36;82.0;;;;
06.06.2026;85737;Alnabru;Nei;00:29;82.0;;;;Meldt klar etter avgtid.
07.06.2026;5814;Alnabru;Nei;00:25;3.0;;;;Strømløst / Redusert kapasitet
07.06.2026;85717;Alnabru;Nei;01:01;81.0;;;;Feil på trekkraftkjøretøy
08.06.2026;41900;Alnabru;Nei;00:15;82.0;;;;Meldte seg klar etter avgangstid
08.06.2026;41910;Alnabru;Nei;00:19;1.0;BNHL045330;Aker stasjon - Teknisk feil - Bane - Feil på sporet Fører i Vy 2142 melder om dump i sporet i sporveksel 102B.;;Feil på sporet
08.06.2026;41960;Alnabru;Nei;00:47;1.0;BNHL045330;Aker stasjon - Teknisk feil - Bane - Feil på sporet Fører i Vy 2142 melder om dump i sporet i sporveksel 102B.;;Feil på sporet
08.06.2026;5301;Alnabru;Nei;00:15;99.0;;;;Kø/Trafikk/Øvrig toggang
08.06.2026;5302;Alnabru;Nei;00:06;99.0;;;5532.0;Kø/Trafikk/Øvrig toggang
08.06.2026;5506;Alnabru;Nei;00:07;94.0;;;;Annet. Feil på grensesnitt, måtte restarte systemet.
08.06.2026;5509;Alnabru;Nei;00:23;82.0;;;;Meldte seg klar etter avgangstid
08.06.2026;5511;Alnabru;Nei;00:17;82.0;;;;Meldte seg klar etter avgangstid
08.06.2026;5531;Alnabru;Nei;00:52;82.0;;;;
08.06.2026;5801;Alnabru;Nei;00:11;2.0;;;;Sporveksel/-sperre ikke i kontroll. Sporveksel 30 ute av kontroll samt at toget ble meldt klart etter avgangstid
08.06.2026;5805;Alnabru;Nei;02:04;81.0;;;;Annet. Måtte bytte rekkefølge på lok,
08.06.2026;85707;Alnabru;Nei;05:25;3.0;BNHL045300;Alnabru skiftestasjon (delstr.) stasjon - Grorud stasjon - Teknisk feil - KL - Nedrevet Meldt om nedfall av KL på godssporet på strekninga.;;Annet
08.06.2026;85709;Alnabru;Nei;00:50;3.0;BNHL045300;Alnabru skiftestasjon (delstr.) stasjon - Grorud stasjon - Teknisk feil - KL - Nedrevet Meldt om nedfall av KL på godssporet på strekninga.;;Annet. Meldte seg klar etter avgangstid
08.06.2026;85735;Alnabru;Nei;01:09;3.0;BNHL045300;Alnabru skiftestasjon (delstr.) stasjon - Grorud stasjon - Teknisk feil - KL - Nedrevet Meldt om nedfall av KL på godssporet på strekninga.;;Annet. Meldte seg klar etter avgangstid
09.06.2026;41900;Alnabru;Nei;00:14;7.0;;;;«Uregistrert» / Ikke registrert forrige vakt
09.06.2026;41900;Alnabru;Nei;00:14;7.0;;;;«Uregistrert» / Ikke registrert forrige vakt
09.06.2026;41910;Alnabru;Nei;00:17;86.0;;;39000.0;Skriftemaskin cargonet sperrer sporet pga. feil på skiftemaskin.
09.06.2026;5301;Alnabru;Nei;00:42;1.0;BNHL045404;Alnabru skiftestasjon (delstr.) stasjon - Feil på kjøretøy - Arbeidstog med feil sperrer sporet Arbeidstog Bane NOR 51643 sperrer sporet fra Alnabru syd.;51643.0;Arbeidstog som hindrer annen trafikk. 51643 havarerte på godstogstporet. Tok lit tid med berging
09.06.2026;5801;Alnabru;Nei;00:05;1.0;BNHL045404;Alnabru skiftestasjon (delstr.) stasjon - Feil på kjøretøy - Arbeidstog med feil sperrer sporet Arbeidstog Bane NOR 51643 sperrer sporet fra Alnabru syd.;;Arbeidstog som hindrer annen trafikk
09.06.2026;5806;Alnabru;Nei;00:04;2.0;;;;Sporveksel/-sperre ikke i kontroll. BNHL045530 Fikk etter mye trøbbel kontroll på spv 27b/d-21.
09.06.2026;85709;Alnabru;Nei;00:13;82.0;;;;
10.06.2026;5507;Alnabru;Nei;00:06;82.0;;;;Meldte seg klar etter avgangstid
10.06.2026;5801;Alnabru;Nei;00:07;7.0;;;;Annet. Ventet på signal fra togleder
10.06.2026;5801;Alnabru;Nei;00:07;7.0;;;;Annet. Ventet på signal fra togleder
11.06.2026;41971;Alnabru;Nei;00:28;82.0;;;;
11.06.2026;5506;Alnabru;Nei;00:06;7.0;;;;Annet. Kø i syd på Alnabru
11.06.2026;5506;Alnabru;Nei;00:06;7.0;;;;Annet. Kø i syd på Alnabru
11.06.2026;5509;Alnabru;Nei;00:30;82.0;;;;
11.06.2026;5805;Alnabru;Nei;00:15;99.0;;;;Kø/Trafikk/Øvrig toggang
11.06.2026;85735;Alnabru;Nei;00:08;81.0;;;;Feil på vogn
12.06.2026;41910;Alnabru;Nei;00:08;7.0;;;;«Uregistrert» / Ikke registrert forrige vakt
12.06.2026;41910;Alnabru;Nei;00:08;7.0;;;;«Uregistrert» / Ikke registrert forrige vakt
12.06.2026;5301;Alnabru;Nei;00:10;83.0;;;;Skiftepersonell
12.06.2026;5805;Alnabru;Nei;00:13;82.0;;;;
12.06.2026;5811;Alnabru;Nei;00:47;99.0;;;;Kø/Trafikk/Øvrig toggang
12.06.2026;85707;Alnabru;Nei;00:47;83.0;;;;Skiftepersonell
12.06.2026;85709;Alnabru;Nei;00:05;99.0;;;;Kø/Trafikk/Øvrig toggang
15.06.2026;41900;Alnabru;Nei;00:04;94.0;BNHL046265;Alnabru skiftestasjon (delstr.) stasjon - Uønsket hendelse - Person skadet i/ved spor (TH6);;Annet. Tog 5733 måtte vente på signal inn på Grorud
15.06.2026;41910;Alnabru;Nei;00:05;81.0;;;;Feil på vogn
15.06.2026;5507;Alnabru;Nei;00:24;82.0;;;;
15.06.2026;5515;Alnabru;Nei;00:07;94.0;BNHL046265;Alnabru skiftestasjon (delstr.) stasjon - Uønsket hendelse - Person skadet i/ved spor (TH6);;Annet. Ventet på vognopptak
15.06.2026;5702;Alnabru;Nei;00:10;2.0;BNHL046160;Sørli - Stange - Teknisk feil - Signal - Belegg;;Sporfeltbelegg inkl. saltbelegg. Måtte vente på sporplass Alnabru
15.06.2026;5707;Alnabru;Nei;00:07;82.0;;;;
15.06.2026;5709;Alnabru;Nei;00:23;94.0;BNHL046265;Alnabru skiftestasjon (delstr.) stasjon - Uønsket hendelse - Person skadet i/ved spor (TH6);;Annet
15.06.2026;5733;Alnabru;Nei;00:08;94.0;BNHL046265;Alnabru skiftestasjon (delstr.) stasjon - Uønsket hendelse - Person skadet i/ved spor (TH6);;Annet
15.06.2026;5801;Alnabru;Nei;00:19;82.0;;;;
16.06.2026;41900;Alnabru;Nei;00:08;99.0;;;;Kø/Trafikk/Øvrig toggang
16.06.2026;5511;Alnabru;Nei;00:11;99.0;;;;Kø/Trafikk/Øvrig toggang
16.06.2026;5515;Alnabru;Nei;00:17;82.0;;;;
16.06.2026;5734;Alnabru;Nei;00:11;99.0;;;;Kø/Trafikk/Øvrig toggang
16.06.2026;5811;Alnabru;Nei;01:09;82.0;;;;
17.06.2026;5302;Alnabru;Nei;00:04;999.0;;;;
17.06.2026;5507;Alnabru;Nei;00:09;999.0;;;;
17.06.2026;5531;Alnabru;Nei;00:16;7.0;;;;Annet
17.06.2026;5531;Alnabru;Nei;00:16;7.0;;;;Annet
17.06.2026;5532;Alnabru;Nei;00:17;99.0;;;;Annet. Lokparkering i syd CN
17.06.2026;5702;Alnabru;Nei;00:05;999.0;;;;
17.06.2026;5708;Alnabru;Nei;00:05;99.0;;;;Annet
17.06.2026;5709;Alnabru;Nei;00:11;83.0;;;;Annet
17.06.2026;5733;Alnabru;Nei;00:37;83.0;;;;Annet. Ventet i tillegg på tog 5734
17.06.2026;5804;Alnabru;Nei;00:05;7.0;;;;Annet. ventet på togvei inn på R 47
17.06.2026;5804;Alnabru;Nei;00:05;7.0;;;;Annet. ventet på togvei inn på R 47
17.06.2026;5811;Alnabru;Nei;00:04;999.0;;;;
18.06.2026;5507;Alnabru;Nei;00:23;82.0;;;;ventet på vognopptak samt problemer med lok
18.06.2026;5731;Alnabru;Nei;00:06;99.0;;;;Kø/Trafikk/Øvrig toggang
18.06.2026;5733;Alnabru;Nei;01:03;81.0;;;;Feil på trekkraftkjøretøy
18.06.2026;5801;Alnabru;Nei;00:08;999.0;;;;
18.06.2026;5811;Alnabru;Nei;00:14;82.0;;;;
19.06.2026;41913;Alnabru;Nei;00:06;91.0;;;;.
19.06.2026;5301;Alnabru;Nei;00:28;82.0;;;;Tavlelogg: R206 ikke klar i tide
19.06.2026;5507;Alnabru;Nei;00:09;99.0;;;;Kø/Trafikk/Øvrig toggang. .
19.06.2026;5731;Alnabru;Nei;00:45;83.0;;;;Annet. Tavlelogg: Mannskapsmangel i kran
21.06.2026;5811;Alnabru;Nei;00:25;2.0;BNHL046870;Alnabru skiftestasjon (delstr.) stasjon - Teknisk feil - Signal - Jordfeil Jordfeil i sydenden av området.;;Jordfeil. Meldte seg klar etter avgangstid
22.06.2026;41900;Alnabru;Nei;00:06;82.0;;;;Sent vognopptak
22.06.2026;5515;Alnabru;Nei;00:12;82.0;;;;Vognopptak.
22.06.2026;5709;Alnabru;Nei;00:26;82.0;;;;Vognopptak.
22.06.2026;5731;Alnabru;Nei;00:09;82.0;;;;
22.06.2026;5801;Alnabru;Nei;00:23;82.0;;;;
23.06.2026;41962;Alnabru;Nei;00:07;86.0;;;39001.0;
23.06.2026;5515;Alnabru;Nei;00:30;82.0;;;;
23.06.2026;5709;Alnabru;Nei;00:26;82.0;;;;ventet på vognopptsk pga endret toglemgde
23.06.2026;5801;Alnabru;Nei;00:04;7.0;;;;«Uregistrert» / Ikke registrert forrige vakt
23.06.2026;5801;Alnabru;Nei;00:04;7.0;;;;«Uregistrert» / Ikke registrert forrige vakt
24.06.2026;41971;Alnabru;Nei;00:20;81.0;;;;Feil på trekkraftkjøretøy
24.06.2026;5301;Alnabru;Nei;00:08;82.0;;;;vognopptak
24.06.2026;5531;Alnabru;Nei;00:16;82.0;;;;
24.06.2026;5801;Alnabru;Nei;00:08;7.0;;;;Annet. Måtte vente til 50106 kom inn.
24.06.2026;5801;Alnabru;Nei;00:08;7.0;;;;Annet. Måtte vente til 50106 kom inn.
24.06.2026;5811;Alnabru;Nei;01:09;82.0;;;;
24.06.2026;81900;Alnabru;Nei;00:37;5.0;;;;Kapasitetsbegrensninger
24.06.2026;81962;Alnabru;Nei;00:28;5.0;;;;Kapasitetsbegrensninger. venter på ank tog 28010
24.06.2026;85709;Alnabru;Nei;01:31;5.0;;;;Kapasitetsbegrensninger
24.06.2026;85735;Alnabru;Nei;01:52;5.0;;;;Kapasitetsbegrensninger
25.06.2026;5806;Alnabru;Nei;00:04;7.0;;;;«Uregistrert» / Ikke registrert forrige vakt
25.06.2026;5806;Alnabru;Nei;00:04;7.0;;;;«Uregistrert» / Ikke registrert forrige vakt
26.06.2026;4902;Alnabru;Nei;00:19;7.0;;;;Annet.
26.06.2026;4902;Alnabru;Nei;00:19;7.0;;;;Annet.
26.06.2026;5511;Alnabru;Nei;00:08;82.0;;;;Atc feil på lok
26.06.2026;5801;Alnabru;Nei;00:11;82.0;;;;Meldte seg klar etter avgangstid
26.06.2026;5805;Alnabru;Nei;01:35;3.0;;;;Strømløst / Redusert kapasitet
27.06.2026;31542;Alnabru;Nei;00:08;999.0;;;;
27.06.2026;8253;Alnabru;Nei;00:56;82.0;;;;
29.06.2026;41910;Alnabru;Nei;01:25;3.0;;;;Annet. Lok sent fra Loenga
29.06.2026;5811;Alnabru;Nei;00:28;81.0;;;;Feil på trekkraftkjøretøy
01.07.2026;5709;Alnabru;Nei;00:31;82.0;;;;
02.07.2026;41960;Alnabru;Nei;00:04;82.0;;;;Problemer med loket.
02.07.2026;4911;Alnabru;Nei;00:06;99.0;;;;Kø/Trafikk/Øvrig toggang
02.07.2026;5301;Alnabru;Nei;00:18;2.0;;;;Teknisk signalfall
02.07.2026;5805;Alnabru;Nei;00:05;82.0;;;;Meldt klar litt etter avgtid
03.07.2026;5301;Alnabru;Nei;00:28;82.0;;;;Meldt klar etter avgtid.
03.07.2026;5507;Alnabru;Nei;00:04;82.0;;;;Måtte vente på vognopptak.
04.07.2026;81971;Alnabru;Nei;00:08;7.0;;;;Annet. var klar 1930.men måtte holde igjen til rutetid, så ble stående å vente på at togleder tok ut toget
04.07.2026;81971;Alnabru;Nei;00:08;7.0;;;;Annet. var klar 1930.men måtte holde igjen til rutetid, så ble stående å vente på at togleder tok ut toget
06.07.2026;5511;Alnabru;Nei;00:05;7.0;;;;«Uregistrert» / Ikke registrert forrige vakt
06.07.2026;5511;Alnabru;Nei;00:05;7.0;;;;«Uregistrert» / Ikke registrert forrige vakt
06.07.2026;5730;Alnabru;Nei;00:05;99.0;;;;Kø/Trafikk/Øvrig toggang.
06.07.2026;81971;Alnabru;Nei;00:04;7.0;;;;«Uregistrert» / Ikke registrert forrige vakt
06.07.2026;81971;Alnabru;Nei;00:04;7.0;;;;«Uregistrert» / Ikke registrert forrige vakt
07.07.2026;5811;Alnabru;Nei;00:06;2.0;;;;Sporveksel/-sperre ikke i kontroll. 113 ute av kontroll , toget melste seg klar 20 min før tiden
07.07.2026;81971;Alnabru;Nei;00:28;2.0;BNHL049667;Skøyen stasjon - Teknisk feil - Signal - Annet Får ikke stilt 102 B i kjør.;;Annet
08.07.2026;5301;Alnabru;Nei;00:10;7.0;;;;Manglende trafikkstyringspersonell
08.07.2026;5301;Alnabru;Nei;00:10;7.0;;;;Manglende trafikkstyringspersonell
08.07.2026;5805;Alnabru;Nei;00:27;999.0;;;;
09.07.2026;41900;Alnabru;Nei;03:09;3.0;BNHL049943;Lørenskog stasjon - Teknisk feil - KL - Nedrevet Strømløst på strekningen i hovedspor Lillestrøm-Oslo, kjører halv sikt i nabosporet.;;Strømløst / Redusert kapasitet
09.07.2026;41910;Alnabru;Nei;05:41;3.0;BNHL049943;Lørenskog stasjon - Teknisk feil - KL - Nedrevet Strømløst på strekningen i hovedspor Lillestrøm-Oslo, kjører halv sikt i nabosporet.;;Annet
09.07.2026;5510;Alnabru;Nei;00:07;86.0;;;237.0;
09.07.2026;5702;Alnabru;Nei;00:05;3.0;BNHL049943;Grorud stasjon - Strømmen stasjon - Teknisk feil - KL - Strømløst Strømløst på strekningen i hovedspor Lillestrøm-Oslo, kjører halv sikt i nabosporet.;;Nedrevet/Skade på KL forårsaket av tog
09.07.2026;5709;Alnabru;Nei;02:29;3.0;BNHL049943;Lørenskog stasjon - Teknisk feil - KL - Nedrevet Strømløst på strekningen i hovedspor Lillestrøm-Oslo, kjører halv sikt i nabosporet.;;Annet
09.07.2026;5734;Alnabru;Nei;00:06;3.0;BNHL049943;Lørenskog stasjon - Teknisk feil - KL - Nedrevet Strømløst på strekningen i hovedspor Lillestrøm-Oslo, kjører halv sikt i nabosporet.;;Nedrevet/Skade på KL forårsaket av tog
09.07.2026;5735;Alnabru;Nei;01:55;3.0;BNHL049943;Lørenskog stasjon - Teknisk feil - KL - Nedrevet Strømløst på strekningen i hovedspor Lillestrøm-Oslo, kjører halv sikt i nabosporet.;;Annet
09.07.2026;5805;Alnabru;Nei;00:14;82.0;;;;
09.07.2026;84911;Alnabru;Nei;00:25;83.0;;;;Skiftepersonell. x
10.07.2026;5301;Alnabru;Nei;02:19;99.0;;;;Kø/Trafikk/Øvrig toggang
10.07.2026;5507;Alnabru;Nei;00:05;82.0;;;;meldte seg klar til avgang kl 1218
10.07.2026;5731;Alnabru;Nei;01:23;83.0;;;;Fører. manglet fører
10.07.2026;5805;Alnabru;Nei;00:07;7.0;;;;«Uregistrert» / Ikke registrert forrige vakt
10.07.2026;5805;Alnabru;Nei;00:07;7.0;;;;«Uregistrert» / Ikke registrert forrige vakt
13.07.2026;41960;Alnabru;Nei;00:11;4.0;;;;Feil på TOS/GOS
13.07.2026;5507;Alnabru;Nei;04:44;4.0;;;;Feil på TOS/GOS
13.07.2026;5515;Alnabru;Nei;00:45;1.0;;;;Feil på sporet
13.07.2026;5531;Alnabru;Nei;00:07;82.0;;;;manglet vognopptak
13.07.2026;5707;Alnabru;Nei;00:53;4.0;;;;Feil på TOS/GOS
13.07.2026;5709;Alnabru;Nei;00:07;99.0;;;;Helhetsvurdering
13.07.2026;5731;Alnabru;Nei;00:29;82.0;;;;Manglet vognopptak
13.07.2026;5805;Alnabru;Nei;00:14;4.0;;;;Feil på TOS/GOS
13.07.2026;81971;Alnabru;Nei;00:41;82.0;;;;
14.07.2026;41900;Alnabru;Nei;00:34;99.0;;;;Kø/Trafikk/Øvrig toggang. var klar før avgang men pga trafikkavvikling på Hovedbanen så måtte vi ta inn et lok og 5734 først
14.07.2026;5507;Alnabru;Nei;00:35;4.0;;;;Feil på TOS/GOS
14.07.2026;5731;Alnabru;Nei;00:18;4.0;;;;Feil på TOS/GOS
14.07.2026;5805;Alnabru;Nei;00:21;4.0;;;;Feil på TOS/GOS
14.07.2026;5811;Alnabru;Nei;00:19;81.0;;;;Feil på ATC-system i kjøretøyet
14.07.2026;84911;Alnabru;Nei;00:06;7.0;;;;Feil i trafikkavvikling. Togleder sendte 91972 før rute til Alnabru, som forsinket 84911.
14.07.2026;84911;Alnabru;Nei;00:06;7.0;;;;Feil i trafikkavvikling. Togleder sendte 91972 før rute til Alnabru, som forsinket 84911.
15.07.2026;41900;Alnabru;Nei;04:21;86.0;BNHL050759;Hanaborg - Uønsket hendelse - Brann (TH3) Det er meldt om at det brenner ved sporet ved Hanaborg. Det er stengt for trafikk mellom Lørenskog og Strømmen.;;
15.07.2026;41960;Alnabru;Nei;06:15;86.0;BNHL050759;Hanaborg - Uønsket hendelse - Brann (TH3) Det er meldt om at det brenner ved sporet ved Hanaborg. Det er stengt for trafikk mellom Lørenskog og Strømmen.;;
15.07.2026;5507;Alnabru;Nei;00:06;7.0;;;;«Uregistrert» / Ikke registrert forrige vakt
15.07.2026;5507;Alnabru;Nei;00:06;7.0;;;;«Uregistrert» / Ikke registrert forrige vakt
15.07.2026;5707;Alnabru;Nei;06:45;86.0;BNHL050759;Hanaborg - Uønsket hendelse - Brann (TH3) Det er meldt om at det brenner ved sporet ved Hanaborg. Det er stengt for trafikk mellom Lørenskog og Strømmen.;;
15.07.2026;5709;Alnabru;Nei;03:53;3.0;;;;Strømløst / Redusert kapasitet
15.07.2026;5731;Alnabru;Nei;00:39;82.0;;;;
15.07.2026;5806;Alnabru;Nei;00:06;5.0;BNHL048429;Hellerud - Lillestrøm - Ruteplanforutsetninger endret - Kapasitetsbegrensning som følge av arbeid Fellesregistrering av forsinkelser forårsaket av sommerbruddet i Romeriksporten med kunngjøringsnummer BN-K317311;;Kapasitetsbegrensninger
16.07.2026;5709;Alnabru;Nei;02:33;82.0;;;;
16.07.2026;5731;Alnabru;Nei;02:18;83.0;;;;Fører. Ventet på fører
16.07.2026;5805;Alnabru;Nei;00:14;999.0;;;;
17.07.2026;41900;Alnabru;Nei;09:24;3.0;BNHL051066;Lørenskog stasjon - Teknisk feil - KL - Annet Det er funnet en feil i KL på Lørenskog. Hovedbanen er stengt for trafikk.;;Annet
17.07.2026;41910;Alnabru;Nei;11:07;3.0;BNHL051066;Lørenskog stasjon - Teknisk feil - KL - Annet Det er funnet en feil i KL på Lørenskog. Hovedbanen er stengt for trafikk.;;Annet
17.07.2026;5512;Alnabru;Nei;00:19;3.0;BNHL051088;Bjørgeseter stasjon - Roa stasjon - Teknisk feil - KL - Annet Lodd fra KL henger i bakken.;;Annet
17.07.2026;5709;Alnabru;Nei;07:32;3.0;BNHL051066;Lørenskog stasjon - Teknisk feil - KL - Annet Det er funnet en feil i KL på Lørenskog. Hovedbanen er stengt for trafikk.;;Annet
17.07.2026;5735;Alnabru;Nei;07:13;3.0;BNHL051066;Lørenskog stasjon - Teknisk feil - KL - Annet Det er funnet en feil i KL på Lørenskog. Hovedbanen er stengt for trafikk.;;Annet
17.07.2026;5805;Alnabru;Nei;00:48;81.0;BNHL051066;Lørenskog stasjon - Teknisk feil - KL - Annet Det er funnet en feil i KL på Lørenskog. Hovedbanen er stengt for trafikk.;;Annet
17.07.2026;8265;Alnabru;Nei;00:45;82.0;;;;
18.07.2026;5736;Alnabru;Nei;00:07;999.0;;;;
18.07.2026;5737;Alnabru;Nei;01:24;3.0;BNHL051108;Alnabru skiftestasjon (delstr.) stasjon - Teknisk feil - KL - Strømløst Strømløst pga. lynnedslag. Stengt for godstrafikk som ikke er hybrid/diesel;;Strømløst / Redusert kapasitet. BNHL051108
19.07.2026;81971;Alnabru;Nei;00:05;2.0;BNHL051244;Alnabru skiftestasjon (delstr.) stasjon - Passering av signal i stopp - Teknisk feil som medfører signal i stopp Navn på involvert jernbaneforetak: CargoNet AS Togslag: Godstog Antatt årsak: Signal som faller i stopp (teknisk) Akustisk alarm ble ikke utløst Signal: Utkjørhovedsignal/-stoppskilt: 208M Strekning har ETCS Hvordan toget ble stoppet: Annet, vennligst spesifiser nederst på skjemaet Forklaringer, utfyllende kommentarer eller annet: Signalet falt før kjøretillatelsen ble gitt.;;Teknisk signalfall
20.07.2026;41910;Alnabru;Nei;00:15;1.0;BNHL051273;Grorud stasjon - Teknisk feil - Bane - Feil på sporveksel Slag i veksel 121B.;;Feil på sporet
20.07.2026;41960;Alnabru;Nei;00:22;2.0;BNHL051273;Grorud stasjon - Teknisk feil - Bane - Feil på sporveksel Slag i veksel 121B.;;Annet. Skinnebrudd på Grorud
20.07.2026;5709;Alnabru;Nei;00:05;5.0;BNHL048429;Hellerud - Lillestrøm - Ruteplanforutsetninger endret - Kapasitetsbegrensning som følge av arbeid Fellesregistrering av forsinkelser forårsaket av sommerbruddet i Romeriksporten med kunngjøringsnummer BN-K317311;;Kapasitetsbegrensninger
20.07.2026;5731;Alnabru;Nei;00:29;1.0;BNHL051273;Grorud stasjon - Teknisk feil - Bane - Feil på sporveksel Slag i veksel 121B.;;Feil på sporet
20.07.2026;5735;Alnabru;Nei;00:05;5.0;BNHL048429;Hellerud - Lillestrøm - Ruteplanforutsetninger endret - Kapasitetsbegrensning som følge av arbeid Fellesregistrering av forsinkelser forårsaket av sommerbruddet i Romeriksporten med kunngjøringsnummer BN-K317311;;Kapasitetsbegrensninger
20.07.2026;5806;Alnabru;Nei;00:09;99.0;;;;Ikke plass på terminal/hensetting
21.07.2026;5507;Alnabru;Nei;00:14;5.0;BNHL048429;Hellerud - Lillestrøm - Ruteplanforutsetninger endret - Kapasitetsbegrensning som følge av arbeid Fellesregistrering av forsinkelser forårsaket av sommerbruddet i Romeriksporten med kunngjøringsnummer BN-K317311;;Kapasitetsbegrensninger
21.07.2026;5515;Alnabru;Nei;00:05;7.0;;;;«Uregistrert» / Ikke registrert forrige vakt
21.07.2026;5515;Alnabru;Nei;00:05;7.0;;;;«Uregistrert» / Ikke registrert forrige vakt
21.07.2026;5709;Alnabru;Nei;00:06;2.0;;;;Sporveksel/-sperre ikke i kontroll. Tavlelog: Feil på sporveksel Grorud Nord
21.07.2026;81971;Alnabru;Nei;00:33;82.0;;;;
21.07.2026;84911;Alnabru;Nei;00:23;82.0;;;;
22.07.2026;41960;Alnabru;Nei;00:12;82.0;;;;
22.07.2026;5507;Alnabru;Nei;00:12;82.0;;;;Meldte seg klar etter avgangstid
22.07.2026;5531;Alnabru;Nei;00:07;1.0;BNHL051429;Grorud stasjon - Teknisk feil - Bane - Feil på sporveksel Signal melder at drivmaskina i veksel 121 flytter på seg når vekselen legges.;;Feil på sporet. utgjør mye skifting og logistikk kaos på Alnabru
22.07.2026;5805;Alnabru;Nei;00:15;82.0;;;;
22.07.2026;5811;Alnabru;Nei;00:07;7.0;;;;«Uregistrert» / Ikke registrert forrige vakt
22.07.2026;5811;Alnabru;Nei;00:07;7.0;;;;«Uregistrert» / Ikke registrert forrige vakt
22.07.2026;81971;Alnabru;Nei;00:24;81.0;;;;Feil på vogn. Tavlelog: Feil på vogn under bremseprøve
23.07.2026;5811;Alnabru;Nei;00:45;82.0;;;;
23.07.2026;81971;Alnabru;Nei;00:09;5.0;BNHL048429;Hellerud - Lillestrøm - Ruteplanforutsetninger endret - Kapasitetsbegrensning som følge av arbeid Fellesregistrering av forsinkelser forårsaket av sommerbruddet i Romeriksporten med kunngjøringsnummer BN-K317311;;Kapasitetsbegrensninger
23.07.2026;84911;Alnabru;Nei;00:09;82.0;;;;Meldt klar sent.
24.07.2026;5507;Alnabru;Nei;00:11;82.0;;;;
24.07.2026;5811;Alnabru;Nei;00:04;99.0;;;80332.0;Kø/Trafikk/Øvrig toggang. tog meldte seg klar før avgang
24.07.2026;85301;Alnabru;Nei;00:35;82.0;;;;
27.07.2026;5531;Alnabru;Nei;00:25;84.0;;;;Annet. bremseprøve
27.07.2026;5707;Alnabru;Nei;00:19;4.0;BNHL052078;Trafikk Oslo - Teknisk feil - FIDO (utstyr eller programvare) FIDO systemet er nede for alle tog og for Trafikkstyringssentralen. Reserveløsning tas i bruk.;;Feil på FIDO-kommunikasjon. reserveløsning fido
27.07.2026;5805;Alnabru;Nei;00:12;4.0;BNHL052078;Trafikk Oslo - Teknisk feil - FIDO (utstyr eller programvare) FIDO systemet er nede for alle tog og for Trafikkstyringssentralen. Reserveløsning tas i bruk.;;Feil på FIDO-kommunikasjon. reserveløsning fido
27.07.2026;81971;Alnabru;Nei;00:07;7.0;;;;Feil i trafikkavvikling. Toget fikk ikke signal ut fra Alnabru før kl 20.05
27.07.2026;81971;Alnabru;Nei;00:07;7.0;;;;Feil i trafikkavvikling. Toget fikk ikke signal ut fra Alnabru før kl 20.05
28.07.2026;41960;Alnabru;Nei;00:04;7.0;;;;Feil i trafikkavvikling
28.07.2026;41960;Alnabru;Nei;00:04;7.0;;;;Feil i trafikkavvikling
28.07.2026;5507;Alnabru;Nei;00:13;99.0;;;;Kø/Trafikk/Øvrig toggang
29.07.2026;5507;Alnabru;Nei;00:04;99.0;;;;Kø/Trafikk/Øvrig toggang
29.07.2026;5531;Alnabru;Nei;00:13;5.0;BNHL048429;Hellerud - Lillestrøm - Ruteplanforutsetninger endret - Kapasitetsbegrensning som følge av arbeid Fellesregistrering av forsinkelser forårsaket av sommerbruddet i Romeriksporten med kunngjøringsnummer BN-K317311;;Kapasitetsbegrensninger
29.07.2026;5731;Alnabru;Nei;00:35;99.0;;;;Kø/Trafikk/Øvrig toggang. Tavlelog: Tilgang til spor pga sene ARE tog.
29.07.2026;8265;Alnabru;Nei;00:40;82.0;;;;feil stamme, så måtte skifte endel før avgang
30.07.2026;5507;Alnabru;Nei;00:13;84.0;;;;Skifting. ventet på at skift 39010 ble ferdig
30.07.2026;5709;Alnabru;Nei;00:04;999.0;;;;
30.07.2026;84912;Alnabru;Nei;00:07;999.0;;;;
31.07.2026;5507;Alnabru;Nei;00:04;5.0;;;;Kapasitetsbegrensninger
31.07.2026;5805;Alnabru;Nei;00:10;94.0;;;;Annet
02.08.2026;81960;Alnabru;Nei;00:07;83.0;;;;Fører
03.08.2026;5702;Alnabru;Nei;00:05;81.0;BNHL052800;Trondheim stasjon - Alnabru skiftestasjon (delstr.) stasjon - Feil på kjøretøy - Annet Det er feil på lokomotivet til tog 5702 noe som medfører at maks hastighet er satt til 60 km/h.;5702.0;Feil på trekkraftkjøretøy
03.08.2026;85507;Alnabru;Nei;00:05;99.0;;;;Annet. Ventet på signal.
03.08.2026;85511;Alnabru;Nei;00:07;999.0;;;;
03.08.2026;85515;Alnabru;Nei;00:07;999.0;;;;
04.08.2026;5709;Alnabru;Nei;00:20;82.0;;;;Meldt klar etter avgtid.
04.08.2026;5811;Alnabru;Nei;01:05;94.0;BNHL052857;Drangedal - Neslandsvatn - Uønsket hendelse - Annen uønsket hendelse Fører meldte om at de kjørte mellom tett røyk etter første tunell etter Neslandsvatn ved km. 218,9. Brannvesenet rykker ut og er 25 min. unna. Strekningen Drangedal - Neslandsvatn er sperret inntil videre. Forsinkelse må påregnes.;;Brann i tilknytning linjen/stasjonen
04.08.2026;85515;Alnabru;Nei;00:08;5.0;BNHL048429;Hellerud - Lillestrøm - Ruteplanforutsetninger endret - Kapasitetsbegrensning som følge av arbeid Fellesregistrering av forsinkelser forårsaket av sommerbruddet i Romeriksporten med kunngjøringsnummer BN-K317311;;Kapasitetsbegrensninger
05.08.2026;5707;Alnabru;Nei;00:06;7.0;;;;Feil i trafikkavvikling. For tett avgangstid opp mot 41910
05.08.2026;5707;Alnabru;Nei;00:06;7.0;;;;Feil i trafikkavvikling. For tett avgangstid opp mot 41910
05.08.2026;5735;Alnabru;Nei;00:05;99.0;;;;Kø/Trafikk/Øvrig toggang
05.08.2026;5811;Alnabru;Nei;01:22;83.0;;;;Fører. Ventet på fører som hadde hviletid.
05.08.2026;85507;Alnabru;Nei;00:57;2.0;BNHL053085;Brobekk stasjon - Teknisk feil - Signal - Sporveksel Feil på veksel 113 A-B. Indikerer hvit.;;Sporveksel/-sperre ikke i kontroll
05.08.2026;85511;Alnabru;Nei;00:20;7.0;;;;Feil i trafikkavvikling. Opphopning i syd
05.08.2026;85511;Alnabru;Nei;00:20;7.0;;;;Feil i trafikkavvikling. Opphopning i syd
05.08.2026;85515;Alnabru;Nei;00:10;99.0;;;;Kø/Trafikk/Øvrig toggang
06.08.2026;5708;Alnabru;Nei;00:04;1.0;;;;Saktekjøring
06.08.2026;5734;Alnabru;Nei;00:04;7.0;;;;«Uregistrert» / Ikke registrert forrige vakt
06.08.2026;5734;Alnabru;Nei;00:04;7.0;;;;«Uregistrert» / Ikke registrert forrige vakt
06.08.2026;5811;Alnabru;Nei;00:21;1.0;;;;Feil på terminaler/hensettingsområde. Feil på kraner Alnabru
06.08.2026;85511;Alnabru;Nei;00:05;7.0;;;;«Uregistrert» / Ikke registrert forrige vakt
06.08.2026;85511;Alnabru;Nei;00:05;7.0;;;;«Uregistrert» / Ikke registrert forrige vakt
07.08.2026;5805;Alnabru;Nei;00:07;7.0;;;;Feil i ruteplan. Står med ruteavgang 17.31 fra ALB. Togleder kan ikke ta ut før 17.37 som er ank Brobekk
07.08.2026;5805;Alnabru;Nei;00:07;7.0;;;;Feil i ruteplan. Står med ruteavgang 17.31 fra ALB. Togleder kan ikke ta ut før 17.37 som er ank Brobekk
10.08.2026;42989;Alnabru;Nei;00:17;82.0;;;;
10.08.2026;5811;Alnabru;Nei;00:07;7.0;;;;Feil i ruteplan
10.08.2026;5811;Alnabru;Nei;00:07;7.0;;;;Feil i ruteplan
11.08.2026;5301;Alnabru;Nei;00:20;82.0;;;;meldte seg klar kl.0859- + Skift 39010 brukte 27 min på å komme seg innafor i syd
11.08.2026;5507;Alnabru;Nei;00:42;81.0;;;;Feil på trekkraftkjøretøy
11.08.2026;5709;Alnabru;Nei;00:27;93.0;BNHL053716;Moelv - Bergsvika kr.spor - Uønsket hendelse - Person skadet i/ved spor (TH6) Meldt om påkøyrsel av person;;Påkjørsel. Lok fra forsinket 5702
11.08.2026;5735;Alnabru;Nei;00:12;81.0;BNHL053671;Grong stasjon - Feil på kjøretøy - Annet Tog 5794 får en stans på Grong, fører har problemer med lokomotivet.;;Feil på trekkraftkjøretøy. Lok fra forsinket 5734
12.08.2026;42987;Alnabru;Nei;00:17;82.0;;;;
12.08.2026;5731;Alnabru;Nei;00:09;93.0;BNHL053716;Moelv - Bergsvika kr.spor - Uønsket hendelse - Person skadet i/ved spor (TH6) Meldt om påkøyrsel av person;;Påkjørsel
12.08.2026;5811;Alnabru;Nei;00:05;7.0;;;;Feil i ruteplan
12.08.2026;5811;Alnabru;Nei;00:05;7.0;;;;Feil i ruteplan
13.08.2026;5511;Alnabru;Nei;00:04;99.0;;;;Kø/Trafikk/Øvrig toggang
13.08.2026;5811;Alnabru;Nei;00:06;99.0;;;;Annet. Ventet på signal fra togleder
14.08.2026;42968;Alnabru;Nei;00:10;99.0;;;41972.0;Kø/Trafikk/Øvrig toggang
17.08.2026;41951;Alnabru;Nei;00:04;99.0;;;;Kø/Trafikk/Øvrig toggang
17.08.2026;5301;Alnabru;Nei;00:11;82.0;;;;
17.08.2026;5507;Alnabru;Nei;00:20;82.0;;;;
17.08.2026;5510;Alnabru;Nei;00:12;5.0;;;;Annet. TO-13387-2026 ikke hevet arbeid i avtalt tid
17.08.2026;5512;Alnabru;Nei;00:16;2.0;;;;Sporveksel/-sperre ikke i kontroll
17.08.2026;5801;Alnabru;Nei;00:06;99.0;;;;Kø/Trafikk/Øvrig toggang
18.08.2026;5512;Alnabru;Nei;00:08;999.0;;;;
18.08.2026;5708;Alnabru;Nei;00:07;1.0;;;50323.0;Arbeidstog som hindrer annen trafikk. 50323 deler Grorud
18.08.2026;5801;Alnabru;Nei;00:05;7.0;;;;«Uregistrert» / Ikke registrert forrige vakt
18.08.2026;5801;Alnabru;Nei;00:05;7.0;;;;«Uregistrert» / Ikke registrert forrige vakt
19.08.2026;5301;Alnabru;Nei;00:49;82.0;;;;Ventet på vognopptak
19.08.2026;5731;Alnabru;Nei;01:16;81.0;;;;Feil på trekkraftkjøretøy. Feil på lok
19.08.2026;5801;Alnabru;Nei;00:19;83.0;;;;Annet. Ventet på vognopptak
20.08.2026;41972;Alnabru;Nei;00:04;99.0;;;;Kø/Trafikk/Øvrig toggang. Følgeforsinkelser pga. feil med infrastruktur
20.08.2026;4911;Alnabru;Nei;00:40;82.0;;;;
20.08.2026;5801;Alnabru;Nei;00:34;4.0;;;;Feil på TOS/GOS
20.08.2026;5811;Alnabru;Nei;00:04;7.0;;;;«Uregistrert» / Ikke registrert forrige vakt
20.08.2026;5811;Alnabru;Nei;00:04;7.0;;;;«Uregistrert» / Ikke registrert forrige vakt
21.08.2026;5507;Alnabru;Nei;00:20;81.0;;;;Feil på trekkraftkjøretøy. meldte seg klar kl1238
21.08.2026;5709;Alnabru;Nei;00:33;82.0;;;;
21.08.2026;5731;Alnabru;Nei;00:04;7.0;;;;Annet.
21.08.2026;5731;Alnabru;Nei;00:04;7.0;;;;Annet.
21.08.2026;5801;Alnabru;Nei;00:09;99.0;;;;Kø/Trafikk/Øvrig toggang
21.08.2026;5805;Alnabru;Nei;00:20;81.0;;;;Feil på trekkraftkjøretøy
21.08.2026;5811;Alnabru;Nei;00:08;99.0;;;2267.0;Kø/Trafikk/Øvrig toggang
23.08.2026;5717;Alnabru;Nei;00:40;81.0;;;;Feil på vogn
24.08.2026;5506;Alnabru;Nei;00:04;99.0;;;;Kø/Trafikk/Øvrig toggang. .
24.08.2026;5709;Alnabru;Nei;00:22;82.0;;;;
24.08.2026;5735;Alnabru;Nei;00:23;82.0;;;;
24.08.2026;5811;Alnabru;Nei;00:05;99.0;;;;Kø/Trafikk/Øvrig toggang. .
25.08.2026;41910;Alnabru;Nei;00:41;99.0;;;;Kø/Trafikk/Øvrig toggang.
25.08.2026;5302;Alnabru;Nei;00:04;99.0;;;;Kø/Trafikk/Øvrig toggang.
25.08.2026;5510;Alnabru;Nei;00:06;99.0;;;;Kø/Trafikk/Øvrig toggang.
25.08.2026;5811;Alnabru;Nei;00:06;99.0;;;;Kø/Trafikk/Øvrig toggang.
25.08.2026;81971;Alnabru;Nei;03:50;91.0;;;;
26.08.2026;5733;Alnabru;Nei;00:04;99.0;;;;Kø/Trafikk/Øvrig toggang
26.08.2026;5811;Alnabru;Nei;03:03;91.0;;;;
26.08.2026;81971;Alnabru;Nei;00:50;82.0;;;;
27.08.2026;5301;Alnabru;Nei;00:14;82.0;;;;meldte seg klar kl 0855
27.08.2026;5509;Alnabru;Nei;00:05;1.0;;;;Annet. Blunkbelegg på Alnalinja
27.08.2026;5733;Alnabru;Nei;00:10;99.0;;;;Kø/Trafikk/Øvrig toggang
28.08.2026;4902;Alnabru;Nei;00:06;7.0;;;;«Uregistrert» / Ikke registrert forrige vakt
28.08.2026;4902;Alnabru;Nei;00:06;7.0;;;;«Uregistrert» / Ikke registrert forrige vakt
28.08.2026;5301;Alnabru;Nei;00:12;99.0;;;;Kø/Trafikk/Øvrig toggang
28.08.2026;5708;Alnabru;Nei;00:05;82.0;;;;
28.08.2026;5731;Alnabru;Nei;00:45;82.0;;;;
28.08.2026;5811;Alnabru;Nei;01:39;3.0;BNHL055796;Bryn - Godstogsporet st. - Alnabru skiftestasjon (delstr.) stasjon - Teknisk feil - KL - Strømløst Det er strømløst på godstogsporet mellom Bryn og Alnabru. Påvirker kun godstog.;;Strømløst / Redusert kapasitet. Strømløst på godstogsporet
28.08.2026;8265;Alnabru;Nei;00:12;82.0;;;;
31.08.2026;5302;Alnabru;Nei;00:04;82.0;;;;
31.08.2026;5733;Alnabru;Nei;00:05;99.0;;;;Kø/Trafikk/Øvrig toggang. .
31.08.2026;5811;Alnabru;Nei;00:05;99.0;;;;Kø/Trafikk/Øvrig toggang. .
31.08.2026;81971;Alnabru;Nei;00:04;82.0;;;;
31.08.2026;85509;Alnabru;Nei;00:06;7.0;;;;«Uregistrert» / Ikke registrert forrige vakt
31.08.2026;85509;Alnabru;Nei;00:06;7.0;;;;«Uregistrert» / Ikke registrert forrige vakt
31.08.2026;85531;Alnabru;Nei;00:07;99.0;;;50823.0;Kø/Trafikk/Øvrig toggang. Txp opptatt med å ta forårsakende tog på tillatelse inn på anlegsområde jernbane.
01.09.2026;4911;Alnabru;Nei;00:05;7.0;;;;«Uregistrert» / Ikke registrert forrige vakt. klar 09:10
01.09.2026;4911;Alnabru;Nei;00:05;7.0;;;;«Uregistrert» / Ikke registrert forrige vakt. klar 09:10
01.09.2026;4912;Alnabru;Nei;00:08;7.0;;;;«Uregistrert» / Ikke registrert forrige vakt
01.09.2026;4912;Alnabru;Nei;00:08;7.0;;;;«Uregistrert» / Ikke registrert forrige vakt
01.09.2026;85511;Alnabru;Nei;00:11;99.0;;;;Kø/Trafikk/Øvrig toggang
02.09.2026;5731;Alnabru;Nei;00:13;99.0;;;;Kø/Trafikk/Øvrig toggang
02.09.2026;85507;Alnabru;Nei;00:04;99.0;;;;Kø/Trafikk/Øvrig toggang. .
02.09.2026;85531;Alnabru;Nei;00:07;82.0;;;;
03.09.2026;5301;Alnabru;Nei;00:07;99.0;;;;Kø/Trafikk/Øvrig toggang. Skifting i syd, 39000
03.09.2026;5811;Alnabru;Nei;00:05;3.0;BNHL056485;Tangen stasjon - Hamar stasjon - Teknisk feil - KL - Strømløst Det er strømløst på strekningen Tangen-Hamar;;Strømløst / Redusert kapasitet
03.09.2026;5814;Alnabru;Nei;00:12;7.0;;;;Feil i TIOS
03.09.2026;5814;Alnabru;Nei;00:12;7.0;;;;Feil i TIOS
03.09.2026;81971;Alnabru;Nei;00:40;82.0;;;;
03.09.2026;85509;Alnabru;Nei;00:04;7.0;;;;Feil i ruteplan
03.09.2026;85509;Alnabru;Nei;00:04;7.0;;;;Feil i ruteplan
03.09.2026;85511;Alnabru;Nei;00:05;7.0;;;;Feil i ruteplan
03.09.2026;85511;Alnabru;Nei;00:05;7.0;;;;Feil i ruteplan
04.09.2026;4902;Alnabru;Nei;00:12;7.0;;;;«Uregistrert» / Ikke registrert forrige vakt
04.09.2026;4902;Alnabru;Nei;00:12;7.0;;;;«Uregistrert» / Ikke registrert forrige vakt
04.09.2026;5735;Alnabru;Nei;00:06;83.0;;;;Annet
04.09.2026;5801;Alnabru;Nei;00:05;7.0;;;;«Uregistrert» / Ikke registrert forrige vakt
04.09.2026;5801;Alnabru;Nei;00:05;7.0;;;;«Uregistrert» / Ikke registrert forrige vakt
04.09.2026;5805;Alnabru;Nei;01:00;7.0;;;;«Uregistrert» / Ikke registrert forrige vakt
04.09.2026;5805;Alnabru;Nei;01:00;7.0;;;;«Uregistrert» / Ikke registrert forrige vakt
04.09.2026;85507;Alnabru;Nei;00:04;7.0;;;;«Uregistrert» / Ikke registrert forrige vakt
04.09.2026;85507;Alnabru;Nei;00:04;7.0;;;;«Uregistrert» / Ikke registrert forrige vakt
04.09.2026;85511;Alnabru;Nei;00:14;7.0;;;;«Uregistrert» / Ikke registrert forrige vakt
04.09.2026;85511;Alnabru;Nei;00:14;7.0;;;;«Uregistrert» / Ikke registrert forrige vakt
07.09.2026;5735;Alnabru;Nei;00:34;82.0;;;;
07.09.2026;5801;Alnabru;Nei;00:05;82.0;;;;
07.09.2026;5811;Alnabru;Nei;00:07;81.0;;;;Feil på trekkraftkjøretøy
07.09.2026;85507;Alnabru;Nei;00:05;7.0;;;;Feil i ruteplan
07.09.2026;85507;Alnabru;Nei;00:05;7.0;;;;Feil i ruteplan
07.09.2026;85509;Alnabru;Nei;00:04;7.0;;;;«Uregistrert» / Ikke registrert forrige vakt
07.09.2026;85509;Alnabru;Nei;00:04;7.0;;;;«Uregistrert» / Ikke registrert forrige vakt
07.09.2026;85511;Alnabru;Nei;00:04;7.0;;;;«Uregistrert» / Ikke registrert forrige vakt
07.09.2026;85511;Alnabru;Nei;00:04;7.0;;;;«Uregistrert» / Ikke registrert forrige vakt
08.09.2026;41960;Alnabru;Nei;00:43;82.0;;;;
08.09.2026;41971;Alnabru;Nei;00:07;99.0;;;;Helhetsvurdering
08.09.2026;4911;Alnabru;Nei;00:21;83.0;;;;Fører
08.09.2026;85509;Alnabru;Nei;00:06;99.0;;;;Helhetsvurdering
08.09.2026;85511;Alnabru;Nei;00:15;7.0;;;;Feil i ruteplan
08.09.2026;85511;Alnabru;Nei;00:15;7.0;;;;Feil i ruteplan
09.09.2026;41910;Alnabru;Nei;00:55;1.0;;;;Feil på terminaler/hensettingsområde
09.09.2026;41971;Alnabru;Nei;00:36;1.0;;;;Feil på terminaler/hensettingsområde. Tavlelog: Kranstopp
09.09.2026;5301;Alnabru;Nei;00:13;7.0;;;;Annet
09.09.2026;5301;Alnabru;Nei;00:13;7.0;;;;Annet
09.09.2026;5709;Alnabru;Nei;00:29;1.0;;;;Feil på terminaler/hensettingsområde
09.09.2026;5733;Alnabru;Nei;00:55;1.0;;;;Feil på terminaler/hensettingsområde
09.09.2026;5805;Alnabru;Nei;00:47;1.0;;;;Feil på terminaler/hensettingsområde. Tavlelog: Kranstopp
09.09.2026;85509;Alnabru;Nei;00:05;99.0;;;;Kø/Trafikk/Øvrig toggang
09.09.2026;85515;Alnabru;Nei;00:14;1.0;;;;Feil på terminaler/hensettingsområde
09.09.2026;85531;Alnabru;Nei;00:27;99.0;;;;Kø/Trafikk/Øvrig toggang
10.09.2026;41913;Alnabru;Nei;02:16;91.0;;;;Kom sent til Alnabru.
10.09.2026;41960;Alnabru;Nei;00:29;1.0;;;;Feil på terminaler/hensettingsområde. Tavlelogg og klage
10.09.2026;41971;Alnabru;Nei;00:31;1.0;;;;Feil på terminaler/hensettingsområde. Tavlelog: Kranstopp
10.09.2026;5301;Alnabru;Nei;00:52;81.0;;;;Feil på trekkraftkjøretøy. Måtte bytte lok.
10.09.2026;5709;Alnabru;Nei;01:57;1.0;;;;Feil på terminaler/hensettingsområde. Tavlelogg
10.09.2026;5801;Alnabru;Nei;00:34;1.0;;;;Feil på terminaler/hensettingsområde. Tavlelog: Kranstopp
10.09.2026;85511;Alnabru;Nei;00:04;99.0;;;;Kø/Trafikk/Øvrig toggang
11.09.2026;5801;Alnabru;Nei;00:23;1.0;;;;Feil på terminaler/hensettingsområde. Tavlelog: Kranstopp
11.09.2026;5805;Alnabru;Nei;00:04;1.0;;;;Feil på terminaler/hensettingsområde. Tavlelog: Kranstopp
11.09.2026;5811;Alnabru;Nei;00:05;7.0;;;;Feil i ruteplan
11.09.2026;5811;Alnabru;Nei;00:05;7.0;;;;Feil i ruteplan
11.09.2026;85511;Alnabru;Nei;00:10;82.0;;;;
14.09.2026;5301;Alnabru;Nei;00:19;82.0;;;;Meldt klar etter avgtid.
14.09.2026;85509;Alnabru;Nei;00:50;82.0;;;;
14.09.2026;85511;Alnabru;Nei;01:04;82.0;;;;
14.09.2026;85515;Alnabru;Nei;01:00;82.0;;;;
15.09.2026;5708;Alnabru;Nei;00:06;2.0;;;;Teknisk signalfall. Signalfall Grorud
15.09.2026;5811;Alnabru;Nei;00:07;81.0;;;;Feil på trekkraftkjøretøy
15.09.2026;85507;Alnabru;Nei;00:23;81.0;;;;Feil på trekkraftkjøretøy
15.09.2026;85509;Alnabru;Nei;00:10;99.0;;;;Kø/Trafikk/Øvrig toggang
15.09.2026;85515;Alnabru;Nei;00:30;81.0;;;;Feil på ATC-system i kjøretøyet
17.09.2026;41900;Alnabru;Nei;00:47;94.0;BNHL057979;Alnabru skiftestasjon (delstr.) stasjon - Uønsket hendelse - Annen uønsket hendelse Verneombud fra CargoNet nekter skifting på Alnabru, før en myndighetsperson fra Banenor kan garantere at dette er trygt. Grunnet hyppige nedfall av kontaktledning.;;Annet
17.09.2026;41910;Alnabru;Nei;00:34;94.0;BNHL057979;Alnabru skiftestasjon (delstr.) stasjon - Uønsket hendelse - Annen uønsket hendelse Verneombud fra CargoNet nekter skifting på Alnabru, før en myndighetsperson fra Banenor kan garantere at dette er trygt. Grunnet hyppige nedfall av kontaktledning.;;Annet
17.09.2026;41960;Alnabru;Nei;00:09;94.0;BNHL057979;Alnabru skiftestasjon (delstr.) stasjon - Uønsket hendelse - Annen uønsket hendelse Verneombud fra CargoNet nekter skifting på Alnabru, før en myndighetsperson fra Banenor kan garantere at dette er trygt. Grunnet hyppige nedfall av kontaktledning.;;Annet
17.09.2026;41971;Alnabru;Nei;00:58;94.0;BNHL057979;Alnabru skiftestasjon (delstr.) stasjon - Uønsket hendelse - Annen uønsket hendelse Verneombud fra CargoNet nekter skifting på Alnabru, før en myndighetsperson fra Banenor kan garantere at dette er trygt. Grunnet hyppige nedfall av kontaktledning.;;Annet
17.09.2026;5301;Alnabru;Nei;00:14;82.0;;;;
17.09.2026;5731;Alnabru;Nei;00:21;82.0;;;;
17.09.2026;5733;Alnabru;Nei;00:41;94.0;BNHL057979;Alnabru skiftestasjon (delstr.) stasjon - Uønsket hendelse - Annen uønsket hendelse Verneombud fra CargoNet nekter skifting på Alnabru, før en myndighetsperson fra Banenor kan garantere at dette er trygt. Grunnet hyppige nedfall av kontaktledning.;;Annet
17.09.2026;5801;Alnabru;Nei;00:04;7.0;;;;Feil i ruteplan
17.09.2026;5801;Alnabru;Nei;00:04;7.0;;;;Feil i ruteplan
17.09.2026;5811;Alnabru;Nei;00:05;99.0;;;;Kø/Trafikk/Øvrig toggang.
17.09.2026;85507;Alnabru;Nei;00:14;82.0;;;;meldte seg seint ferdig + ett skift til Cargonet sto og sperret
17.09.2026;85509;Alnabru;Nei;01:41;94.0;BNHL057979;Alnabru skiftestasjon (delstr.) stasjon - Uønsket hendelse - Annen uønsket hendelse Verneombud fra CargoNet nekter skifting på Alnabru, før en myndighetsperson fra Banenor kan garantere at dette er trygt. Grunnet hyppige nedfall av kontaktledning.;;Annet
17.09.2026;85511;Alnabru;Nei;02:17;94.0;BNHL057979;Alnabru skiftestasjon (delstr.) stasjon - Uønsket hendelse - Annen uønsket hendelse Verneombud fra CargoNet nekter skifting på Alnabru, før en myndighetsperson fra Banenor kan garantere at dette er trygt. Grunnet hyppige nedfall av kontaktledning.;;Annet
17.09.2026;85515;Alnabru;Nei;01:23;94.0;BNHL057979;Alnabru skiftestasjon (delstr.) stasjon - Uønsket hendelse - Annen uønsket hendelse Verneombud fra CargoNet nekter skifting på Alnabru, før en myndighetsperson fra Banenor kan garantere at dette er trygt. Grunnet hyppige nedfall av kontaktledning.;;Annet
18.09.2026;41920;Alnabru;Nei;00:05;7.0;;;;Feil i ruteplan. ruten for loket 22920 ble innstilit noe som gjorde at loke ble forsinket ut og ned igjen på stammen.
18.09.2026;41920;Alnabru;Nei;00:05;7.0;;;;Feil i ruteplan. ruten for loket 22920 ble innstilit noe som gjorde at loke ble forsinket ut og ned igjen på stammen.
18.09.2026;5733;Alnabru;Nei;00:04;99.0;;;5734.0;Kø/Trafikk/Øvrig toggang
18.09.2026;5801;Alnabru;Nei;00:04;7.0;;;;Feil i ruteplan
18.09.2026;5801;Alnabru;Nei;00:04;7.0;;;;Feil i ruteplan
18.09.2026;85507;Alnabru;Nei;00:04;7.0;;;;Feil i ruteplan
18.09.2026;85507;Alnabru;Nei;00:04;7.0;;;;Feil i ruteplan
18.09.2026;85511;Alnabru;Nei;00:15;83.0;;;;Annet
18.09.2026;85811;Alnabru;Nei;01:11;81.0;;;;Feil på trekkraftkjøretøy
21.09.2026;5301;Alnabru;Nei;00:13;82.0;;;;
21.09.2026;5801;Alnabru;Nei;00:04;7.0;;;;Feil i ruteplan
21.09.2026;5801;Alnabru;Nei;00:04;7.0;;;;Feil i ruteplan
21.09.2026;5811;Alnabru;Nei;00:07;81.0;;;;Feil på trekkraftkjøretøy
21.09.2026;81910;Alnabru;Nei;00:15;82.0;;;;
21.09.2026;81960;Alnabru;Nei;00:31;82.0;;;;
22.09.2026;5301;Alnabru;Nei;00:35;2.0;BNHL058461;Oslo S (delstr.) stasjon - Teknisk feil - Signal - Annet Togleder får ikke stilt HS 125.;;Annet
22.09.2026;5507;Alnabru;Nei;00:24;81.0;;;;Feil på trekkraftkjøretøy. Meldte seg klar kl 1221. kl 1228: feil på lok
22.09.2026;5509;Alnabru;Nei;00:04;7.0;;;;Togleder/txp under opplæring. Mye trafikk i syd på Alnabru
22.09.2026;5509;Alnabru;Nei;00:04;7.0;;;;Togleder/txp under opplæring. Mye trafikk i syd på Alnabru
22.09.2026;5707;Alnabru;Nei;00:16;82.0;;;;
22.09.2026;5801;Alnabru;Nei;00:10;2.0;BNHL058461;Oslo S (delstr.) stasjon - Teknisk feil - Signal - Annet Togleder får ikke stilt HS 125.;;Annet
22.09.2026;5805;Alnabru;Nei;00:06;99.0;;;;Kø/Trafikk/Øvrig toggang. Mye trafikk som gikk litt tregt
22.09.2026;5811;Alnabru;Nei;00:37;82.0;;;;meldte seg klar etter avgangstid
22.09.2026;84911;Alnabru;Nei;00:08;82.0;;;;
23.09.2026;5301;Alnabru;Nei;01:14;82.0;;;;
23.09.2026;5507;Alnabru;Nei;00:09;82.0;;;;
23.09.2026;5531;Alnabru;Nei;00:18;82.0;;;;
23.09.2026;5733;Alnabru;Nei;00:10;82.0;;;;
23.09.2026;5801;Alnabru;Nei;00:34;82.0;;;;
23.09.2026;5811;Alnabru;Nei;00:04;7.0;;;;Feil i ruteplan
23.09.2026;5811;Alnabru;Nei;00:04;7.0;;;;Feil i ruteplan
23.09.2026;81960;Alnabru;Nei;00:31;82.0;;;;
24.09.2026;5507;Alnabru;Nei;00:16;82.0;;;;
24.09.2026;5511;Alnabru;Nei;00:19;82.0;;;;
24.09.2026;5733;Alnabru;Nei;00:17;82.0;;;;Vognopptak.
24.09.2026;5811;Alnabru;Nei;00:21;82.0;;;;
24.09.2026;81960;Alnabru;Nei;01:07;82.0;;;;ikke klar før 0844
25.09.2026;5301;Alnabru;Nei;00:45;82.0;;;;
25.09.2026;5507;Alnabru;Nei;00:27;82.0;;;;
25.09.2026;5801;Alnabru;Nei;00:37;82.0;;;;
